cid,character,route_kind,frame,x,y,z,cumulative_x,cumulative_y,cumulative_z,back_distance,source_channel,root_decode_confidence
001,Mitsurugi,trusted_basic,0,0.0020000000949949026,0.0,0.02300000109244138,0.0020000000949949026,0.0,0.02300000109244138,0.02300000109244138,0x14,high
001,Mitsurugi,trusted_basic,1,0.003000000142492354,0.0,0.034000001614913344,0.003000000142492354,0.0,0.034000001614913344,0.034000001614913344,0x14,high
001,Mitsurugi,trusted_basic,2,0.0050000002374872565,0.0,0.03800000180490315,0.0050000002374872565,0.0,0.03800000180490315,0.03800000180490315,0x14,high
001,Mitsurugi,trusted_basic,3,0.009000000427477062,0.0,0.03600000170990825,0.009000000427477062,0.0,0.03600000170990825,0.03600000170990825,0x14,high
001,Mitsurugi,trusted_basic,4,0.013000000617466867,0.0,0.027000001282431185,0.013000000617466867,0.0,0.027000001282431185,0.027000001282431185,0x14,high
001,Mitsurugi,trusted_basic,5,0.018000000854954123,0.0,0.013000000617466867,0.018000000854954123,0.0,0.013000000617466867,0.013000000617466867,0x14,high
001,Mitsurugi,trusted_basic,6,0.02300000109244138,0.0,-0.003000000142492354,0.02300000109244138,0.0,-0.003000000142492354,0.003000000142492354,0x14,high
001,Mitsurugi,trusted_basic,7,0.027000001282431185,0.0,-0.02400000113993883,0.027000001282431185,0.0,-0.02400000113993883,0.02400000113993883,0x14,high
001,Mitsurugi,trusted_basic,8,0.03100000147242099,0.0,-0.04800000227987766,0.03100000147242099,0.0,-0.04800000227987766,0.04800000227987766,0x14,high
001,Mitsurugi,trusted_basic,9,0.034000001614913344,0.0,-0.07000000332482159,0.034000001614913344,0.0,-0.07000000332482159,0.07000000332482159,0x14,high
001,Mitsurugi,trusted_basic,10,0.035000001662410796,0.0,-0.09300000441726297,0.035000001662410796,0.0,-0.09300000441726297,0.09300000441726297,0x14,high
001,Mitsurugi,trusted_basic,11,0.034000001614913344,0.0,-0.11200000531971455,0.034000001614913344,0.0,-0.11200000531971455,0.11200000531971455,0x14,high
001,Mitsurugi,trusted_basic,12,0.03200000151991844,0.0,-0.12700000603217632,0.03200000151991844,0.0,-0.12700000603217632,0.12700000603217632,0x14,high
001,Mitsurugi,trusted_basic,13,0.029000001377426088,0.0,-0.14000000664964318,0.029000001377426088,0.0,-0.14000000664964318,0.14000000664964318,0x14,high
001,Mitsurugi,trusted_basic,14,0.026000001234933734,0.0,-0.15100000717211515,0.026000001234933734,0.0,-0.15100000717211515,0.15100000717211515,0x14,high
001,Mitsurugi,trusted_basic,15,0.02400000113993883,0.0,-0.1600000075995922,0.02400000113993883,0.0,-0.1600000075995922,0.1600000075995922,0x14,high
001,Mitsurugi,trusted_basic,16,0.02200000104494393,0.0,-0.16700000793207437,0.02200000104494393,0.0,-0.16700000793207437,0.16700000793207437,0x14,high
001,Mitsurugi,trusted_basic,17,0.02200000104494393,0.0,-0.17200000816956162,0.02200000104494393,0.0,-0.17200000816956162,0.17200000816956162,0x14,high
001,Mitsurugi,trusted_basic,18,0.02200000104494393,0.0,-0.17600000835955143,0.02200000104494393,0.0,-0.17600000835955143,0.17600000835955143,0x14,high
001,Mitsurugi,trusted_basic,19,0.02300000109244138,0.0,-0.17900000850204378,0.02300000109244138,0.0,-0.17900000850204378,0.17900000850204378,0x14,high
001,Mitsurugi,trusted_basic,20,0.02400000113993883,0.0,-0.18000000854954123,0.02400000113993883,0.0,-0.18000000854954123,0.18000000854954123,0x14,high
001,Mitsurugi,trusted_basic,21,0.027000001282431185,0.0,-0.17900000850204378,0.027000001282431185,0.0,-0.17900000850204378,0.17900000850204378,0x14,high
001,Mitsurugi,trusted_basic,22,0.029000001377426088,0.0,-0.17900000850204378,0.029000001377426088,0.0,-0.17900000850204378,0.17900000850204378,0x14,high
001,Mitsurugi,trusted_basic,23,0.03100000147242099,0.0,-0.17700000840704888,0.03100000147242099,0.0,-0.17700000840704888,0.17700000840704888,0x14,high
001,Mitsurugi,trusted_basic,24,0.03300000156741589,0.0,-0.17500000831205398,0.03300000156741589,0.0,-0.17500000831205398,0.17500000831205398,0x14,high
001,Mitsurugi,trusted_basic,25,0.034000001614913344,0.0,-0.17300000821705908,0.034000001614913344,0.0,-0.17300000821705908,0.17300000821705908,0x14,high
001,Mitsurugi,trusted_basic,26,0.034000001614913344,0.0,-0.17000000807456672,0.034000001614913344,0.0,-0.17000000807456672,0.17000000807456672,0x14,high
001,Mitsurugi,trusted_basic,27,0.034000001614913344,0.0,-0.16700000793207437,0.034000001614913344,0.0,-0.16700000793207437,0.16700000793207437,0x14,high
001,Mitsurugi,trusted_basic,28,0.034000001614913344,0.0,-0.16400000778958201,0.034000001614913344,0.0,-0.16400000778958201,0.16400000778958201,0x14,high
001,Mitsurugi,trusted_basic,29,0.03300000156741589,0.0,-0.1600000075995922,0.03300000156741589,0.0,-0.1600000075995922,0.1600000075995922,0x14,high
001,Mitsurugi,trusted_basic,30,0.03300000156741589,0.0,-0.15700000745709985,0.03300000156741589,0.0,-0.15700000745709985,0.15700000745709985,0x14,high
001,Mitsurugi,trusted_basic,31,0.03200000151991844,0.0,-0.1540000073146075,0.03200000151991844,0.0,-0.1540000073146075,0.1540000073146075,0x14,high
001,Mitsurugi,trusted_basic,32,0.03200000151991844,0.0,-0.15100000717211515,0.03200000151991844,0.0,-0.15100000717211515,0.15100000717211515,0x14,high
001,Mitsurugi,trusted_basic,33,0.03100000147242099,0.0,-0.1480000070296228,0.03100000147242099,0.0,-0.1480000070296228,0.1480000070296228,0x14,high
001,Mitsurugi,trusted_basic,34,0.03100000147242099,0.0,-0.1460000069346279,0.03100000147242099,0.0,-0.1460000069346279,0.1460000069346279,0x14,high
001,Mitsurugi,trusted_basic,35,0.03000000142492354,0.0,-0.144000006839633,0.03000000142492354,0.0,-0.144000006839633,0.144000006839633,0x14,high
001,Mitsurugi,trusted_basic,36,0.03000000142492354,0.0,-0.14300000679213554,0.03000000142492354,0.0,-0.14300000679213554,0.14300000679213554,0x14,high
001,Mitsurugi,trusted_basic,37,0.029000001377426088,0.0,-0.14300000679213554,0.029000001377426088,0.0,-0.14300000679213554,0.14300000679213554,0x14,high
002,Seong Mi-na,unresolved,0,0.0,0.0,0.00800000037997961,0.0,0.0,0.00800000037997961,0.00800000037997961,0x14,high
002,Seong Mi-na,unresolved,1,0.0,0.0,0.03300000156741589,0.0,0.0,0.03300000156741589,0.03300000156741589,0x14,high
002,Seong Mi-na,unresolved,2,-0.0010000000474974513,0.0,0.07300000346731395,-0.0010000000474974513,0.0,0.07300000346731395,0.07300000346731395,0x14,high
002,Seong Mi-na,unresolved,3,-0.0010000000474974513,0.0,0.12400000588968396,-0.0010000000474974513,0.0,0.12400000588968396,0.12400000588968396,0x14,high
002,Seong Mi-na,unresolved,4,-0.0010000000474974513,0.0,0.18400000873953104,-0.0010000000474974513,0.0,0.18400000873953104,0.18400000873953104,0x14,high
002,Seong Mi-na,unresolved,5,-0.0010000000474974513,0.0,0.24900001182686538,-0.0010000000474974513,0.0,0.24900001182686538,0.24900001182686538,0x14,high
002,Seong Mi-na,unresolved,6,0.0,0.0,0.31700001505669206,0.0,0.0,0.31700001505669206,0.31700001505669206,0x14,high
002,Seong Mi-na,unresolved,7,0.0020000000949949026,0.0,0.3860000183340162,0.0020000000949949026,0.0,0.3860000183340162,0.3860000183340162,0x14,high
002,Seong Mi-na,unresolved,8,0.006000000284984708,0.0,0.452000021468848,0.006000000284984708,0.0,0.452000021468848,0.452000021468848,0x14,high
002,Seong Mi-na,unresolved,9,0.011000000522471964,0.0,0.5190000246511772,0.011000000522471964,0.0,0.5190000246511772,0.5190000246511772,0x14,high
002,Seong Mi-na,unresolved,10,0.018000000854954123,0.0,0.5870000278810039,0.018000000854954123,0.0,0.5870000278810039,0.5870000278810039,0x14,high
002,Seong Mi-na,unresolved,11,0.028000001329928637,0.0,0.6530000310158357,0.028000001329928637,0.0,0.6530000310158357,0.6530000310158357,0x14,high
002,Seong Mi-na,unresolved,12,0.03800000180490315,0.0,0.7130000338656828,0.03800000180490315,0.0,0.7130000338656828,0.7130000338656828,0x14,high
002,Seong Mi-na,unresolved,13,0.05100000242237002,0.0,0.7670000364305452,0.05100000242237002,0.0,0.7670000364305452,0.7670000364305452,0x14,high
002,Seong Mi-na,unresolved,14,0.06600000313483179,0.0,0.8150000387104228,0.06600000313483179,0.0,0.8150000387104228,0.8150000387104228,0x14,high
002,Seong Mi-na,unresolved,15,0.08400000398978591,0.0,0.8650000410852954,0.08400000398978591,0.0,0.8650000410852954,0.8650000410852954,0x14,high
002,Seong Mi-na,unresolved,16,0.10300000489223748,0.0,0.9180000436026603,0.10300000489223748,0.0,0.9180000436026603,0.9180000436026603,0x14,high
002,Seong Mi-na,unresolved,17,0.1250000059371814,0.0,0.9670000459300354,0.1250000059371814,0.0,0.9670000459300354,0.9670000459300354,0x14,high
002,Seong Mi-na,unresolved,18,0.14900000707712024,0.0,1.017000048304908,0.14900000707712024,0.0,1.017000048304908,1.017000048304908,0x14,high
002,Seong Mi-na,unresolved,19,0.17500000831205398,0.0,1.0650000505847856,0.17500000831205398,0.0,1.0650000505847856,1.0650000505847856,0x14,high
002,Seong Mi-na,unresolved,20,0.20400000968948007,0.0,1.1110000527696684,0.20400000968948007,0.0,1.1110000527696684,1.1110000527696684,0x14,high
002,Seong Mi-na,unresolved,21,0.23500001116190106,0.0,1.1540000548120588,0.23500001116190106,0.0,1.1540000548120588,1.1540000548120588,0x14,high
002,Seong Mi-na,unresolved,22,0.2670000126818195,0.0,1.201000057044439,0.2670000126818195,0.0,1.201000057044439,1.201000057044439,0x14,high
002,Seong Mi-na,unresolved,23,0.3020000143442303,0.0,1.254000059561804,0.3020000143442303,0.0,1.254000059561804,1.254000059561804,0x14,high
002,Seong Mi-na,unresolved,24,0.3410000161966309,0.0,1.3090000621741638,0.3410000161966309,0.0,1.3090000621741638,1.3090000621741638,0x14,high
002,Seong Mi-na,unresolved,25,0.38500001828651875,0.0,1.3480000640265644,0.38500001828651875,0.0,1.3480000640265644,1.3480000640265644,0x14,high
002,Seong Mi-na,unresolved,26,0.4350000206613913,0.0,1.378000065451488,0.4350000206613913,0.0,1.378000065451488,1.378000065451488,0x14,high
002,Seong Mi-na,unresolved,27,0.483000022941269,0.0,1.405000066733919,0.483000022941269,0.0,1.405000066733919,1.405000066733919,0x14,high
002,Seong Mi-na,unresolved,28,0.5180000246036798,0.0,1.4230000675888732,0.5180000246036798,0.0,1.4230000675888732,1.4230000675888732,0x14,high
002,Seong Mi-na,unresolved,29,0.5320000252686441,0.0,1.4440000685863197,0.5320000252686441,0.0,1.4440000685863197,1.4440000685863197,0x14,high
002,Seong Mi-na,unresolved,30,0.5190000246511772,0.0,1.4750000700587407,0.5190000246511772,0.0,1.4750000700587407,1.4750000700587407,0x14,high
002,Seong Mi-na,unresolved,31,0.4890000232262537,0.0,1.5250000724336132,0.4890000232262537,0.0,1.5250000724336132,1.5250000724336132,0x14,high
002,Seong Mi-na,unresolved,32,0.45700002170633525,0.0,1.5700000745709985,0.45700002170633525,0.0,1.5700000745709985,1.5700000745709985,0x14,high
002,Seong Mi-na,unresolved,33,0.4350000206613913,0.0,1.6250000771833584,0.4350000206613913,0.0,1.6250000771833584,1.6250000771833584,0x14,high
002,Seong Mi-na,unresolved,34,0.42400002013891935,0.0,1.655000078608282,0.42400002013891935,0.0,1.655000078608282,1.655000078608282,0x14,high
002,Seong Mi-na,unresolved,35,0.41400001966394484,0.0,1.6740000795107335,0.41400001966394484,0.0,1.6740000795107335,1.6740000795107335,0x14,high
002,Seong Mi-na,unresolved,36,0.4040000191889703,0.0,1.6810000798432156,0.4040000191889703,0.0,1.6810000798432156,1.6810000798432156,0x14,high
002,Seong Mi-na,unresolved,37,0.39500001876149327,0.0,1.6880000801756978,0.39500001876149327,0.0,1.6880000801756978,1.6880000801756978,0x14,high
002,Seong Mi-na,unresolved,38,0.3860000183340162,0.0,1.693000080413185,0.3860000183340162,0.0,1.693000080413185,1.693000080413185,0x14,high
002,Seong Mi-na,unresolved,39,0.3780000179540366,0.0,1.6970000806031749,0.3780000179540366,0.0,1.6970000806031749,1.6970000806031749,0x14,high
002,Seong Mi-na,unresolved,40,0.370000017574057,0.0,1.7000000807456672,0.370000017574057,0.0,1.7000000807456672,1.7000000807456672,0x14,high
002,Seong Mi-na,unresolved,41,0.3630000172415748,0.0,1.7010000807931647,0.3630000172415748,0.0,1.7010000807931647,1.7010000807931647,0x14,high
002,Seong Mi-na,unresolved,42,0.3570000169565901,0.0,1.7010000807931647,0.3570000169565901,0.0,1.7010000807931647,1.7010000807931647,0x14,high
002,Seong Mi-na,unresolved,43,0.35200001671910286,0.0,1.7020000808406621,0.35200001671910286,0.0,1.7020000808406621,1.7020000808406621,0x14,high
002,Seong Mi-na,unresolved,44,0.34800001652911305,0.0,1.7030000808881596,0.34800001652911305,0.0,1.7030000808881596,1.7030000808881596,0x14,high
002,Seong Mi-na,unresolved,45,0.3470000164816156,0.0,1.7020000808406621,0.3470000164816156,0.0,1.7020000808406621,1.7020000808406621,0x14,high
002,Seong Mi-na,unresolved,46,0.34800001652911305,0.0,1.6990000806981698,0.34800001652911305,0.0,1.6990000806981698,1.6990000806981698,0x14,high
002,Seong Mi-na,unresolved,47,0.35000001662410796,0.0,1.69500008050818,0.35000001662410796,0.0,1.69500008050818,1.69500008050818,0x14,high
002,Seong Mi-na,unresolved,48,0.35200001671910286,0.0,1.6880000801756978,0.35200001671910286,0.0,1.6880000801756978,1.6880000801756978,0x14,high
002,Seong Mi-na,unresolved,49,0.3550000168615952,0.0,1.6800000797957182,0.3550000168615952,0.0,1.6800000797957182,1.6800000797957182,0x14,high
002,Seong Mi-na,unresolved,50,0.35800001700408757,0.0,1.6710000793682411,0.35800001700408757,0.0,1.6710000793682411,1.6710000793682411,0x14,high
002,Seong Mi-na,unresolved,51,0.3620000171940774,0.0,1.6610000788932666,0.3620000171940774,0.0,1.6610000788932666,1.6610000788932666,0x14,high
002,Seong Mi-na,unresolved,52,0.36700001743156463,0.0,1.6500000783707947,0.36700001743156463,0.0,1.6500000783707947,1.6500000783707947,0x14,high
002,Seong Mi-na,unresolved,53,0.3720000176690519,0.0,1.6380000778008252,0.3720000176690519,0.0,1.6380000778008252,1.6380000778008252,0x14,high
002,Seong Mi-na,unresolved,54,0.37700001790653914,0.0,1.6250000771833584,0.37700001790653914,0.0,1.6250000771833584,1.6250000771833584,0x14,high
002,Seong Mi-na,unresolved,55,0.38300001819152385,0.0,1.6120000765658915,0.38300001819152385,0.0,1.6120000765658915,1.6120000765658915,0x14,high
002,Seong Mi-na,unresolved,56,0.3880000184290111,0.0,1.5970000758534297,0.3880000184290111,0.0,1.5970000758534297,1.5970000758534297,0x14,high
002,Seong Mi-na,unresolved,57,0.3940000187139958,0.0,1.582000075140968,0.3940000187139958,0.0,1.582000075140968,1.582000075140968,0x14,high
002,Seong Mi-na,unresolved,58,0.401000019046478,0.0,1.5670000744285062,0.401000019046478,0.0,1.5670000744285062,1.5670000744285062,0x14,high
002,Seong Mi-na,unresolved,59,0.4070000193314627,0.0,1.5520000737160444,0.4070000193314627,0.0,1.5520000737160444,1.5520000737160444,0x14,high
002,Seong Mi-na,unresolved,60,0.4130000196164474,0.0,1.5370000730035827,0.4130000196164474,0.0,1.5370000730035827,1.5370000730035827,0x14,high
002,Seong Mi-na,unresolved,61,0.4190000199014321,0.0,1.5220000722911209,0.4190000199014321,0.0,1.5220000722911209,1.5220000722911209,0x14,high
002,Seong Mi-na,unresolved,62,0.42600002023391426,0.0,1.5070000715786591,0.42600002023391426,0.0,1.5070000715786591,1.5070000715786591,0x14,high
002,Seong Mi-na,unresolved,63,0.43200002051889896,0.0,1.4930000709136948,0.43200002051889896,0.0,1.4930000709136948,1.4930000709136948,0x14,high
002,Seong Mi-na,unresolved,64,0.43800002080388367,0.0,1.4790000702487305,0.43800002080388367,0.0,1.4790000702487305,1.4790000702487305,0x14,high
002,Seong Mi-na,unresolved,65,0.44300002104137093,0.0,1.4650000695837662,0.44300002104137093,0.0,1.4650000695837662,1.4650000695837662,0x14,high
002,Seong Mi-na,unresolved,66,0.44900002132635564,0.0,1.4530000690137967,0.44900002132635564,0.0,1.4530000690137967,1.4530000690137967,0x14,high
002,Seong Mi-na,unresolved,67,0.4540000215638429,0.0,1.4410000684438273,0.4540000215638429,0.0,1.4410000684438273,1.4410000684438273,0x14,high
002,Seong Mi-na,unresolved,68,0.45900002180133015,0.0,1.4300000679213554,0.45900002180133015,0.0,1.4300000679213554,1.4300000679213554,0x14,high
002,Seong Mi-na,unresolved,69,0.46300002199131995,0.0,1.4190000673988834,0.46300002199131995,0.0,1.4190000673988834,1.4190000673988834,0x14,high
002,Seong Mi-na,unresolved,70,0.4660000221338123,0.0,1.4100000669714063,0.4660000221338123,0.0,1.4100000669714063,1.4100000669714063,0x14,high
002,Seong Mi-na,unresolved,71,0.4700000223238021,0.0,1.4030000666389242,0.4700000223238021,0.0,1.4030000666389242,1.4030000666389242,0x14,high
002,Seong Mi-na,unresolved,72,0.472000022418797,0.0,1.3970000663539395,0.472000022418797,0.0,1.3970000663539395,1.3970000663539395,0x14,high
002,Seong Mi-na,unresolved,73,0.4740000225137919,0.0,1.3930000661639497,0.4740000225137919,0.0,1.3930000661639497,1.3930000661639497,0x14,high
002,Seong Mi-na,unresolved,74,0.47500002256128937,0.0,1.3890000659739599,0.47500002256128937,0.0,1.3890000659739599,1.3890000659739599,0x14,high
002,Seong Mi-na,unresolved,75,0.4760000226087868,0.0,1.3890000659739599,0.4760000226087868,0.0,1.3890000659739599,1.3890000659739599,0x14,high
003,Taki,unresolved,0,0.0390000018524006,0.0,0.003000000142492354,0.0390000018524006,0.0,0.003000000142492354,0.003000000142492354,0x14,high
003,Taki,unresolved,1,0.0390000018524006,0.0,0.012000000569969416,0.0390000018524006,0.0,0.012000000569969416,0.012000000569969416,0x14,high
003,Taki,unresolved,2,0.0390000018524006,0.0,0.03600000170990825,0.0390000018524006,0.0,0.03600000170990825,0.03600000170990825,0x14,high
003,Taki,unresolved,3,0.0390000018524006,0.0,0.07000000332482159,0.0390000018524006,0.0,0.07000000332482159,0.07000000332482159,0x14,high
003,Taki,unresolved,4,0.0390000018524006,0.0,0.1110000052722171,0.0390000018524006,0.0,0.1110000052722171,0.1110000052722171,0x14,high
003,Taki,unresolved,5,0.0390000018524006,0.0,0.1520000072196126,0.0390000018524006,0.0,0.1520000072196126,0.1520000072196126,0x14,high
003,Taki,unresolved,6,0.0390000018524006,0.0,0.1910000090720132,0.0390000018524006,0.0,0.1910000090720132,0.1910000090720132,0x14,high
003,Taki,unresolved,7,0.0390000018524006,0.0,0.22500001068692654,0.0390000018524006,0.0,0.22500001068692654,0.22500001068692654,0x14,high
003,Taki,unresolved,8,0.0390000018524006,0.0,0.25800001225434244,0.0390000018524006,0.0,0.25800001225434244,0.25800001225434244,0x14,high
003,Taki,unresolved,9,0.04000000189989805,0.0,0.29300001391675323,0.04000000189989805,0.0,0.29300001391675323,0.29300001391675323,0x14,high
003,Taki,unresolved,10,0.041000001947395504,0.0,0.33000001567415893,0.041000001947395504,0.0,0.33000001567415893,0.33000001567415893,0x14,high
003,Taki,unresolved,11,0.042000001994892955,0.0,0.37100001762155443,0.042000001994892955,0.0,0.37100001762155443,0.37100001762155443,0x14,high
003,Taki,unresolved,12,0.04400000208988786,0.0,0.4150000197114423,0.04400000208988786,0.0,0.4150000197114423,0.4150000197114423,0x14,high
003,Taki,unresolved,13,0.04600000218488276,0.0,0.4620000219438225,0.04600000218488276,0.0,0.4620000219438225,0.4620000219438225,0x14,high
003,Taki,unresolved,14,0.049000002327375114,0.0,0.51400002441369,0.049000002327375114,0.0,0.51400002441369,0.51400002441369,0x14,high
003,Taki,unresolved,15,0.05200000246986747,0.0,0.5710000271210447,0.05200000246986747,0.0,0.5710000271210447,0.5710000271210447,0x14,high
003,Taki,unresolved,16,0.05600000265985727,0.0,0.6350000301608816,0.05600000265985727,0.0,0.6350000301608816,0.6350000301608816,0x14,high
003,Taki,unresolved,17,0.06000000284984708,0.0,0.7050000334857032,0.06000000284984708,0.0,0.7050000334857032,0.7050000334857032,0x14,high
003,Taki,unresolved,18,0.06600000313483179,0.0,0.7830000371905044,0.06600000313483179,0.0,0.7830000371905044,0.7830000371905044,0x14,high
003,Taki,unresolved,19,0.07100000337231904,0.0,0.8700000413227826,0.07100000337231904,0.0,0.8700000413227826,0.8700000413227826,0x14,high
003,Taki,unresolved,20,0.0760000036098063,0.0,0.9680000459775329,0.0760000036098063,0.0,0.9680000459775329,0.9680000459775329,0x14,high
003,Taki,unresolved,21,0.08200000389479101,0.0,1.110000052722171,0.08200000389479101,0.0,1.110000052722171,1.110000052722171,0x14,high
003,Taki,unresolved,22,0.08600000408478081,0.0,1.2930000614142045,0.08600000408478081,0.0,1.2930000614142045,1.2930000614142045,0x14,high
003,Taki,unresolved,23,0.08900000422727317,0.0,1.4710000698687509,0.08900000422727317,0.0,1.4710000698687509,1.4710000698687509,0x14,high
003,Taki,unresolved,24,0.09200000436976552,0.0,1.5950000757584348,0.09200000436976552,0.0,1.5950000757584348,1.5950000757584348,0x14,high
003,Taki,unresolved,25,0.09300000441726297,0.0,1.6720000794157386,0.09300000441726297,0.0,1.6720000794157386,1.6720000794157386,0x14,high
003,Taki,unresolved,26,0.08400000398978591,0.0,1.737000082503073,0.08400000398978591,0.0,1.737000082503073,1.737000082503073,0x14,high
003,Taki,unresolved,27,0.06500000308733433,0.0,1.7910000850679353,0.06500000308733433,0.0,1.7910000850679353,1.7910000850679353,0x14,high
003,Taki,unresolved,28,0.04500000213738531,0.0,1.8360000872053206,0.04500000213738531,0.0,1.8360000872053206,1.8360000872053206,0x14,high
003,Taki,unresolved,29,0.0370000017574057,0.0,1.9050000904826447,0.0370000017574057,0.0,1.9050000904826447,1.9050000904826447,0x14,high
003,Taki,unresolved,30,0.026000001234933734,0.0,1.932000091765076,0.026000001234933734,0.0,1.932000091765076,1.932000091765076,0x14,high
003,Taki,unresolved,31,0.00800000037997961,0.0,1.9760000938549638,0.00800000037997961,0.0,1.9760000938549638,1.9760000938549638,0x14,high
003,Taki,unresolved,32,0.0,0.0,1.9950000947574154,0.0,0.0,1.9950000947574154,1.9950000947574154,0x14,high
003,Taki,unresolved,33,-0.006000000284984708,0.0,2.012000095564872,-0.006000000284984708,0.0,2.012000095564872,2.012000095564872,0x14,high
003,Taki,unresolved,34,-0.014000000664964318,0.0,2.0280000963248312,-0.014000000664964318,0.0,2.0280000963248312,2.0280000963248312,0x14,high
003,Taki,unresolved,35,-0.020000000949949026,0.0,2.0420000969897956,-0.020000000949949026,0.0,2.0420000969897956,2.0420000969897956,0x14,high
003,Taki,unresolved,36,-0.026000001234933734,0.0,2.0550000976072624,-0.026000001234933734,0.0,2.0550000976072624,2.0550000976072624,0x14,high
003,Taki,unresolved,37,-0.03100000147242099,0.0,2.0660000981297344,-0.03100000147242099,0.0,2.0660000981297344,2.0660000981297344,0x14,high
003,Taki,unresolved,38,-0.03600000170990825,0.0,2.0750000985572115,-0.03600000170990825,0.0,2.0750000985572115,2.0750000985572115,0x14,high
003,Taki,unresolved,39,-0.04000000189989805,0.0,2.083000098937191,-0.04000000189989805,0.0,2.083000098937191,2.083000098937191,0x14,high
003,Taki,unresolved,40,-0.043000002042390406,0.0,2.0900000992696732,-0.043000002042390406,0.0,2.0900000992696732,2.0900000992696732,0x14,high
003,Taki,unresolved,41,-0.04600000218488276,0.0,2.0950000995071605,-0.04600000218488276,0.0,2.0950000995071605,2.0950000995071605,0x14,high
003,Taki,unresolved,42,-0.04800000227987766,0.0,2.0990000996971503,-0.04800000227987766,0.0,2.0990000996971503,2.0990000996971503,0x14,high
003,Taki,unresolved,43,-0.050000002374872565,0.0,2.101000099792145,-0.050000002374872565,0.0,2.101000099792145,2.101000099792145,0x14,high
003,Taki,unresolved,44,-0.050000002374872565,0.0,2.10300009988714,-0.050000002374872565,0.0,2.10300009988714,2.10300009988714,0x14,high
003,Taki,unresolved,45,-0.05100000242237002,0.0,2.1040000999346375,-0.05100000242237002,0.0,2.1040000999346375,2.1040000999346375,0x14,high
003,Taki,unresolved,46,-0.05100000242237002,0.0,2.1040000999346375,-0.05100000242237002,0.0,2.1040000999346375,2.1040000999346375,0x14,high
003,Taki,unresolved,47,-0.05200000246986747,0.0,2.1040000999346375,-0.05200000246986747,0.0,2.1040000999346375,2.1040000999346375,0x14,high
003,Taki,unresolved,48,-0.05300000251736492,0.0,2.105000099982135,-0.05300000251736492,0.0,2.105000099982135,2.105000099982135,0x14,high
003,Taki,unresolved,49,-0.05300000251736492,0.0,2.10700010007713,-0.05300000251736492,0.0,2.10700010007713,2.10700010007713,0x14,high
003,Taki,unresolved,50,-0.05400000256486237,0.0,2.109000100172125,-0.05400000256486237,0.0,2.109000100172125,2.109000100172125,0x14,high
003,Taki,unresolved,51,-0.05300000251736492,0.0,2.1110001002671197,-0.05300000251736492,0.0,2.1110001002671197,2.1110001002671197,0x14,high
003,Taki,unresolved,52,-0.05300000251736492,0.0,2.114000100409612,-0.05300000251736492,0.0,2.114000100409612,2.114000100409612,0x14,high
003,Taki,unresolved,53,-0.05200000246986747,0.0,2.118000100599602,-0.05200000246986747,0.0,2.118000100599602,2.118000100599602,0x14,high
003,Taki,unresolved,54,-0.05200000246986747,0.0,2.1220001007895917,-0.05200000246986747,0.0,2.1220001007895917,2.1220001007895917,0x14,high
003,Taki,unresolved,55,-0.050000002374872565,0.0,2.127000101027079,-0.050000002374872565,0.0,2.127000101027079,2.127000101027079,0x14,high
003,Taki,unresolved,56,-0.04800000227987766,0.0,2.132000101264566,-0.04800000227987766,0.0,2.132000101264566,2.132000101264566,0x14,high
003,Taki,unresolved,57,-0.04600000218488276,0.0,2.138000101549551,-0.04600000218488276,0.0,2.138000101549551,2.138000101549551,0x14,high
003,Taki,unresolved,58,-0.043000002042390406,0.0,2.145000101882033,-0.043000002042390406,0.0,2.145000101882033,2.145000101882033,0x14,high
003,Taki,unresolved,59,-0.04000000189989805,0.0,2.152000102214515,-0.04000000189989805,0.0,2.152000102214515,2.152000102214515,0x14,high
003,Taki,unresolved,60,-0.03600000170990825,0.0,2.160000102594495,-0.03600000170990825,0.0,2.160000102594495,2.160000102594495,0x14,high
003,Taki,unresolved,61,-0.03100000147242099,0.0,2.169000103021972,-0.03100000147242099,0.0,2.169000103021972,2.169000103021972,0x14,high
003,Taki,unresolved,62,-0.025000001187436283,0.0,2.1790001034969464,-0.025000001187436283,0.0,2.1790001034969464,2.1790001034969464,0x14,high
003,Taki,unresolved,63,-0.019000000902451575,0.0,2.1900001040194184,-0.019000000902451575,0.0,2.1900001040194184,2.1900001040194184,0x14,high
003,Taki,unresolved,64,-0.013000000617466867,0.0,2.200000104494393,-0.013000000617466867,0.0,2.200000104494393,2.200000104494393,0x14,high
003,Taki,unresolved,65,-0.007000000332482159,0.0,2.2100001049693674,-0.007000000332482159,0.0,2.2100001049693674,2.2100001049693674,0x14,high
003,Taki,unresolved,66,-0.0010000000474974513,0.0,2.2210001054918393,-0.0010000000474974513,0.0,2.2210001054918393,2.2210001054918393,0x14,high
003,Taki,unresolved,67,0.004000000189989805,0.0,2.2320001060143113,0.004000000189989805,0.0,2.2320001060143113,2.2320001060143113,0x14,high
003,Taki,unresolved,68,0.012000000569969416,0.0,2.2440001065842807,0.012000000569969416,0.0,2.2440001065842807,2.2440001065842807,0x14,high
003,Taki,unresolved,69,0.020000000949949026,0.0,2.25600010715425,0.020000000949949026,0.0,2.25600010715425,2.25600010715425,0x14,high
003,Taki,unresolved,70,0.029000001377426088,0.0,2.2700001078192145,0.029000001377426088,0.0,2.2700001078192145,2.2700001078192145,0x14,high
003,Taki,unresolved,71,0.0390000018524006,0.0,2.2850001085316762,0.0390000018524006,0.0,2.2850001085316762,2.2850001085316762,0x14,high
003,Taki,unresolved,72,0.05100000242237002,0.0,2.3010001092916355,0.05100000242237002,0.0,2.3010001092916355,2.3010001092916355,0x14,high
003,Taki,unresolved,73,0.06500000308733433,0.0,2.3190001101465896,0.06500000308733433,0.0,2.3190001101465896,2.3190001101465896,0x14,high
003,Taki,unresolved,74,0.08100000384729356,0.0,2.3370001110015437,0.08100000384729356,0.0,2.3370001110015437,2.3370001110015437,0x14,high
003,Taki,unresolved,75,0.09900000470224768,0.0,2.355000111856498,0.09900000470224768,0.0,2.355000111856498,2.355000111856498,0x14,high
003,Taki,unresolved,76,0.1190000056521967,0.0,2.371000112616457,0.1190000056521967,0.0,2.371000112616457,2.371000112616457,0x14,high
003,Taki,unresolved,77,0.13700000650715083,0.0,2.384000113233924,0.13700000650715083,0.0,2.384000113233924,2.384000113233924,0x14,high
003,Taki,unresolved,78,0.14900000707712024,0.0,2.3920001136139035,0.14900000707712024,0.0,2.3920001136139035,2.3920001136139035,0x14,high
003,Taki,unresolved,79,0.1540000073146075,0.0,2.3960001138038933,0.1540000073146075,0.0,2.3960001138038933,2.3960001138038933,0x14,high
003,Taki,unresolved,80,0.15300000726711005,0.0,2.393000113661401,0.15300000726711005,0.0,2.393000113661401,2.393000113661401,0x14,high
003,Taki,unresolved,81,0.1520000072196126,0.0,2.3850001132814214,0.1520000072196126,0.0,2.3850001132814214,2.3850001132814214,0x14,high
003,Taki,unresolved,82,0.1500000071246177,0.0,2.373000112711452,0.1500000071246177,0.0,2.373000112711452,2.373000112711452,0x14,high
003,Taki,unresolved,83,0.1460000069346279,0.0,2.3590001120464876,0.1460000069346279,0.0,2.3590001120464876,2.3590001120464876,0x14,high
003,Taki,unresolved,84,0.14300000679213554,0.0,2.3430001112865284,0.14300000679213554,0.0,2.3430001112865284,2.3430001112865284,0x14,high
003,Taki,unresolved,85,0.14100000669714063,0.0,2.3280001105740666,0.14100000669714063,0.0,2.3280001105740666,2.3280001105740666,0x14,high
003,Taki,unresolved,86,0.14000000664964318,0.0,2.313000109861605,0.14000000664964318,0.0,2.313000109861605,2.313000109861605,0x14,high
003,Taki,unresolved,87,0.13900000660214573,0.0,2.302000109339133,0.13900000660214573,0.0,2.302000109339133,2.302000109339133,0x14,high
003,Taki,unresolved,88,0.13800000655464828,0.0,2.2920001088641584,0.13800000655464828,0.0,2.2920001088641584,2.2920001088641584,0x14,high
003,Taki,unresolved,89,0.13600000645965338,0.0,2.284000108484179,0.13600000645965338,0.0,2.284000108484179,2.284000108484179,0x14,high
003,Taki,unresolved,90,0.13300000631716102,0.0,2.2770001081516966,0.13300000631716102,0.0,2.2770001081516966,2.2770001081516966,0x14,high
003,Taki,unresolved,91,0.13000000617466867,0.0,2.271000107866712,0.13000000617466867,0.0,2.271000107866712,2.271000107866712,0x14,high
003,Taki,unresolved,92,0.12700000603217632,0.0,2.2660001076292247,0.12700000603217632,0.0,2.2660001076292247,2.2660001076292247,0x14,high
003,Taki,unresolved,93,0.12400000588968396,0.0,2.262000107439235,0.12400000588968396,0.0,2.262000107439235,2.262000107439235,0x14,high
003,Taki,unresolved,94,0.12200000579468906,0.0,2.2590001072967425,0.12200000579468906,0.0,2.2590001072967425,2.2590001072967425,0x14,high
003,Taki,unresolved,95,0.12000000569969416,0.0,2.2570001072017476,0.12000000569969416,0.0,2.2570001072017476,2.2570001072017476,0x14,high
003,Taki,unresolved,96,0.11800000560469925,0.0,2.2550001071067527,0.11800000560469925,0.0,2.2550001071067527,2.2550001071067527,0x14,high
003,Taki,unresolved,97,0.11800000560469925,0.0,2.2540001070592552,0.11800000560469925,0.0,2.2540001070592552,2.2540001070592552,0x14,high
003,Taki,unresolved,98,0.11800000560469925,0.0,2.2540001070592552,0.11800000560469925,0.0,2.2540001070592552,2.2540001070592552,0x14,high
003,Taki,unresolved,99,0.11800000560469925,0.0,2.2540001070592552,0.11800000560469925,0.0,2.2540001070592552,2.2540001070592552,0x14,high
004,Maxi,trusted_basic,0,0.007000000332482159,0.0,0.004000000189989805,0.007000000332482159,0.0,0.004000000189989805,0.004000000189989805,0x14,high
004,Maxi,trusted_basic,1,0.01500000071246177,0.0,0.012000000569969416,0.01500000071246177,0.0,0.012000000569969416,0.012000000569969416,0x14,high
004,Maxi,trusted_basic,2,0.021000000997446477,0.0,0.02200000104494393,0.021000000997446477,0.0,0.02200000104494393,0.02200000104494393,0x14,high
004,Maxi,trusted_basic,3,0.029000001377426088,0.0,0.035000001662410796,0.029000001377426088,0.0,0.035000001662410796,0.035000001662410796,0x14,high
004,Maxi,trusted_basic,4,0.03600000170990825,0.0,0.04800000227987766,0.03600000170990825,0.0,0.04800000227987766,0.04800000227987766,0x14,high
004,Maxi,trusted_basic,5,0.04400000208988786,0.0,0.058000002754852176,0.04400000208988786,0.0,0.058000002754852176,0.058000002754852176,0x14,high
004,Maxi,trusted_basic,6,0.05300000251736492,0.0,0.06600000313483179,0.05300000251736492,0.0,0.06600000313483179,0.06600000313483179,0x14,high
004,Maxi,trusted_basic,7,0.06200000294484198,0.0,0.06900000327732414,0.06200000294484198,0.0,0.06900000327732414,0.06900000327732414,0x14,high
004,Maxi,trusted_basic,8,0.07100000337231904,0.0,0.06600000313483179,0.07100000337231904,0.0,0.06600000313483179,0.06600000313483179,0x14,high
004,Maxi,trusted_basic,9,0.0800000037997961,0.0,0.058000002754852176,0.0800000037997961,0.0,0.058000002754852176,0.058000002754852176,0x14,high
004,Maxi,trusted_basic,10,0.09000000427477062,0.0,0.04700000223238021,0.09000000427477062,0.0,0.04700000223238021,0.04700000223238021,0x14,high
004,Maxi,trusted_basic,11,0.09800000465475023,0.0,0.035000001662410796,0.09800000465475023,0.0,0.035000001662410796,0.035000001662410796,0x14,high
004,Maxi,trusted_basic,12,0.10700000508222729,0.0,0.025000001187436283,0.10700000508222729,0.0,0.025000001187436283,0.025000001187436283,0x14,high
004,Maxi,trusted_basic,13,0.11400000541470945,0.0,0.018000000854954123,0.11400000541470945,0.0,0.018000000854954123,0.018000000854954123,0x14,high
004,Maxi,trusted_basic,14,0.12100000574719161,0.0,0.014000000664964318,0.12100000574719161,0.0,0.014000000664964318,0.014000000664964318,0x14,high
004,Maxi,trusted_basic,15,0.12700000603217632,0.0,0.012000000569969416,0.12700000603217632,0.0,0.012000000569969416,0.012000000569969416,0x14,high
004,Maxi,trusted_basic,16,0.13200000626966357,0.0,0.011000000522471964,0.13200000626966357,0.0,0.011000000522471964,0.011000000522471964,0x14,high
004,Maxi,trusted_basic,17,0.13600000645965338,0.0,0.010000000474974513,0.13600000645965338,0.0,0.010000000474974513,0.010000000474974513,0x14,high
004,Maxi,trusted_basic,18,0.13800000655464828,0.0,0.010000000474974513,0.13800000655464828,0.0,0.010000000474974513,0.010000000474974513,0x14,high
004,Maxi,trusted_basic,19,0.13900000660214573,0.0,0.010000000474974513,0.13900000660214573,0.0,0.010000000474974513,0.010000000474974513,0x14,high
005,Voldo,unresolved,0,0.0,0.0,0.0010000000474974513,0.0,0.0,0.0010000000474974513,0.0010000000474974513,0x14,high
005,Voldo,unresolved,1,-0.0020000000949949026,0.0,0.010000000474974513,-0.0020000000949949026,0.0,0.010000000474974513,0.010000000474974513,0x14,high
005,Voldo,unresolved,2,-0.004000000189989805,0.0,0.025000001187436283,-0.004000000189989805,0.0,0.025000001187436283,0.025000001187436283,0x14,high
005,Voldo,unresolved,3,-0.00800000037997961,0.0,0.04600000218488276,-0.00800000037997961,0.0,0.04600000218488276,0.04600000218488276,0x14,high
005,Voldo,unresolved,4,-0.012000000569969416,0.0,0.07300000346731395,-0.012000000569969416,0.0,0.07300000346731395,0.07300000346731395,0x14,high
005,Voldo,unresolved,5,-0.017000000807456672,0.0,0.10700000508222729,-0.017000000807456672,0.0,0.10700000508222729,0.10700000508222729,0x14,high
005,Voldo,unresolved,6,-0.02200000104494393,0.0,0.14700000698212534,-0.02200000104494393,0.0,0.14700000698212534,0.14700000698212534,0x14,high
005,Voldo,unresolved,7,-0.028000001329928637,0.0,0.19400000921450555,-0.028000001329928637,0.0,0.19400000921450555,0.19400000921450555,0x14,high
005,Voldo,unresolved,8,-0.03300000156741589,0.0,0.24800001177936792,-0.03300000156741589,0.0,0.24800001177936792,0.24800001177936792,0x14,high
005,Voldo,unresolved,9,-0.0390000018524006,0.0,0.30900001467671245,-0.0390000018524006,0.0,0.30900001467671245,0.30900001467671245,0x14,high
005,Voldo,unresolved,10,-0.04600000218488276,0.0,0.38900001847650856,-0.04600000218488276,0.0,0.38900001847650856,0.38900001847650856,0x14,high
005,Voldo,unresolved,11,-0.05100000242237002,0.0,0.4930000234162435,-0.05100000242237002,0.0,0.4930000234162435,0.4930000234162435,0x14,high
005,Voldo,unresolved,12,-0.057000002707354724,0.0,0.6130000291159377,-0.057000002707354724,0.0,0.6130000291159377,0.6130000291159377,0x14,high
005,Voldo,unresolved,13,-0.06200000294484198,0.0,0.7430000352906063,-0.06200000294484198,0.0,0.7430000352906063,0.7430000352906063,0x14,high
005,Voldo,unresolved,14,-0.06700000318232924,0.0,0.8750000415602699,-0.06700000318232924,0.0,0.8750000415602699,0.8750000415602699,0x14,high
005,Voldo,unresolved,15,-0.07100000337231904,0.0,1.0000000474974513,-0.07100000337231904,0.0,1.0000000474974513,1.0000000474974513,0x14,high
005,Voldo,unresolved,16,-0.07500000356230885,0.0,1.110000052722171,-0.07500000356230885,0.0,1.110000052722171,1.110000052722171,0x14,high
005,Voldo,unresolved,17,-0.07700000365730375,0.0,1.1990000569494441,-0.07700000365730375,0.0,1.1990000569494441,1.1990000569494441,0x14,high
005,Voldo,unresolved,18,-0.07900000375229865,0.0,1.2580000597517937,-0.07900000375229865,0.0,1.2580000597517937,1.2580000597517937,0x14,high
005,Voldo,unresolved,19,-0.0800000037997961,0.0,1.2790000607492402,-0.0800000037997961,0.0,1.2790000607492402,1.2790000607492402,0x14,high
005,Voldo,unresolved,20,-0.07900000375229865,0.0,1.2770000606542453,-0.07900000375229865,0.0,1.2770000606542453,1.2770000606542453,0x14,high
005,Voldo,unresolved,21,-0.07900000375229865,0.0,1.2710000603692606,-0.07900000375229865,0.0,1.2710000603692606,1.2710000603692606,0x14,high
005,Voldo,unresolved,22,-0.07900000375229865,0.0,1.2620000599417835,-0.07900000375229865,0.0,1.2620000599417835,1.2620000599417835,0x14,high
005,Voldo,unresolved,23,-0.0780000037048012,0.0,1.2490000593243167,-0.0780000037048012,0.0,1.2490000593243167,1.2490000593243167,0x14,high
005,Voldo,unresolved,24,-0.07700000365730375,0.0,1.2330000585643575,-0.07700000365730375,0.0,1.2330000585643575,1.2330000585643575,0x14,high
005,Voldo,unresolved,25,-0.07500000356230885,0.0,1.2150000577094033,-0.07500000356230885,0.0,1.2150000577094033,1.2150000577094033,0x14,high
005,Voldo,unresolved,26,-0.0740000035148114,0.0,1.1940000567119569,-0.0740000035148114,0.0,1.1940000567119569,1.1940000567119569,0x14,high
005,Voldo,unresolved,27,-0.07300000346731395,0.0,1.170000055572018,-0.07300000346731395,0.0,1.170000055572018,1.170000055572018,0x14,high
005,Voldo,unresolved,28,-0.07100000337231904,0.0,1.1450000543845817,-0.07100000337231904,0.0,1.1450000543845817,1.1450000543845817,0x14,high
005,Voldo,unresolved,29,-0.06900000327732414,0.0,1.1180000531021506,-0.06900000327732414,0.0,1.1180000531021506,1.1180000531021506,0x14,high
005,Voldo,unresolved,30,-0.06700000318232924,0.0,1.0890000517247245,-0.06700000318232924,0.0,1.0890000517247245,1.0890000517247245,0x14,high
005,Voldo,unresolved,31,-0.06500000308733433,0.0,1.059000050299801,-0.06500000308733433,0.0,1.059000050299801,1.059000050299801,0x14,high
005,Voldo,unresolved,32,-0.06300000299233943,0.0,1.02800004882738,-0.06300000299233943,0.0,1.02800004882738,1.02800004882738,0x14,high
005,Voldo,unresolved,33,-0.06000000284984708,0.0,0.9960000473074615,-0.06000000284984708,0.0,0.9960000473074615,0.9960000473074615,0x14,high
005,Voldo,unresolved,34,-0.058000002754852176,0.0,0.9640000457875431,-0.058000002754852176,0.0,0.9640000457875431,0.9640000457875431,0x14,high
005,Voldo,unresolved,35,-0.05500000261235982,0.0,0.9310000442201272,-0.05500000261235982,0.0,0.9310000442201272,0.9310000442201272,0x14,high
005,Voldo,unresolved,36,-0.05300000251736492,0.0,0.8980000426527113,-0.05300000251736492,0.0,0.8980000426527113,0.8980000426527113,0x14,high
005,Voldo,unresolved,37,-0.050000002374872565,0.0,0.8650000410852954,-0.050000002374872565,0.0,0.8650000410852954,0.8650000410852954,0x14,high
005,Voldo,unresolved,38,-0.04800000227987766,0.0,0.8320000395178795,-0.04800000227987766,0.0,0.8320000395178795,0.8320000395178795,0x14,high
005,Voldo,unresolved,39,-0.04500000213738531,0.0,0.8010000380454585,-0.04500000213738531,0.0,0.8010000380454585,0.8010000380454585,0x14,high
005,Voldo,unresolved,40,-0.042000001994892955,0.0,0.7700000365730375,-0.042000001994892955,0.0,0.7700000365730375,0.7700000365730375,0x14,high
005,Voldo,unresolved,41,-0.0390000018524006,0.0,0.740000035148114,-0.0390000018524006,0.0,0.740000035148114,0.740000035148114,0x14,high
005,Voldo,unresolved,42,-0.0370000017574057,0.0,0.7130000338656828,-0.0370000017574057,0.0,0.7130000338656828,0.7130000338656828,0x14,high
005,Voldo,unresolved,43,-0.034000001614913344,0.0,0.687000032630749,-0.034000001614913344,0.0,0.687000032630749,0.687000032630749,0x14,high
005,Voldo,unresolved,44,-0.03100000147242099,0.0,0.6620000314433128,-0.03100000147242099,0.0,0.6620000314433128,0.6620000314433128,0x14,high
005,Voldo,unresolved,45,-0.029000001377426088,0.0,0.6400000303983688,-0.029000001377426088,0.0,0.6400000303983688,0.6400000303983688,0x14,high
005,Voldo,unresolved,46,-0.026000001234933734,0.0,0.6200000294484198,-0.026000001234933734,0.0,0.6200000294484198,0.6200000294484198,0x14,high
005,Voldo,unresolved,47,-0.02400000113993883,0.0,0.6030000286409631,-0.02400000113993883,0.0,0.6030000286409631,0.6030000286409631,0x14,high
005,Voldo,unresolved,48,-0.021000000997446477,0.0,0.5890000279759988,-0.021000000997446477,0.0,0.5890000279759988,0.5890000279759988,0x14,high
005,Voldo,unresolved,49,-0.019000000902451575,0.0,0.5780000274535269,-0.019000000902451575,0.0,0.5780000274535269,0.5780000274535269,0x14,high
005,Voldo,unresolved,50,-0.01600000075995922,0.0,0.5700000270735472,-0.01600000075995922,0.0,0.5700000270735472,0.5700000270735472,0x14,high
005,Voldo,unresolved,51,-0.014000000664964318,0.0,0.5660000268835574,-0.014000000664964318,0.0,0.5660000268835574,0.5660000268835574,0x14,high
005,Voldo,unresolved,52,-0.012000000569969416,0.0,0.5630000267410651,-0.012000000569969416,0.0,0.5630000267410651,0.5630000267410651,0x14,high
005,Voldo,unresolved,53,-0.010000000474974513,0.0,0.5630000267410651,-0.010000000474974513,0.0,0.5630000267410651,0.5630000267410651,0x14,high
005,Voldo,unresolved,54,-0.00800000037997961,0.0,0.56500002683606,-0.00800000037997961,0.0,0.56500002683606,0.56500002683606,0x14,high
005,Voldo,unresolved,55,-0.006000000284984708,0.0,0.5680000269785523,-0.006000000284984708,0.0,0.5680000269785523,0.5680000269785523,0x14,high
005,Voldo,unresolved,56,-0.0050000002374872565,0.0,0.5720000271685421,-0.0050000002374872565,0.0,0.5720000271685421,0.5720000271685421,0x14,high
005,Voldo,unresolved,57,-0.004000000189989805,0.0,0.5770000274060294,-0.004000000189989805,0.0,0.5770000274060294,0.5770000274060294,0x14,high
005,Voldo,unresolved,58,-0.0020000000949949026,0.0,0.5820000276435167,-0.0020000000949949026,0.0,0.5820000276435167,0.5820000276435167,0x14,high
005,Voldo,unresolved,59,-0.0010000000474974513,0.0,0.5870000278810039,-0.0010000000474974513,0.0,0.5870000278810039,0.5870000278810039,0x14,high
005,Voldo,unresolved,60,-0.0010000000474974513,0.0,0.5910000280709937,-0.0010000000474974513,0.0,0.5910000280709937,0.5910000280709937,0x14,high
005,Voldo,unresolved,61,0.0,0.0,0.5950000282609835,0.0,0.0,0.5950000282609835,0.5950000282609835,0x14,high
005,Voldo,unresolved,62,0.0,0.0,0.5980000284034759,0.0,0.0,0.5980000284034759,0.5980000284034759,0x14,high
005,Voldo,unresolved,63,0.0,0.0,0.6000000284984708,0.0,0.0,0.6000000284984708,0.6000000284984708,0x14,high
006,Sophitia,trusted_basic,0,0.034000001614913344,0.0,-0.00800000037997961,0.034000001614913344,0.0,-0.00800000037997961,0.00800000037997961,0x14,high
006,Sophitia,trusted_basic,1,0.06200000294484198,0.0,-0.025000001187436283,0.06200000294484198,0.0,-0.025000001187436283,0.025000001187436283,0x14,high
006,Sophitia,trusted_basic,2,0.08100000384729356,0.0,-0.03800000180490315,0.08100000384729356,0.0,-0.03800000180490315,0.03800000180490315,0x14,high
006,Sophitia,trusted_basic,3,0.08700000413227826,0.0,-0.034000001614913344,0.08700000413227826,0.0,-0.034000001614913344,0.034000001614913344,0x14,high
006,Sophitia,trusted_basic,4,0.08700000413227826,0.0,0.006000000284984708,0.08700000413227826,0.0,0.006000000284984708,0.006000000284984708,0x14,high
006,Sophitia,trusted_basic,5,0.08700000413227826,0.0,0.08900000422727317,0.08700000413227826,0.0,0.08900000422727317,0.08900000422727317,0x14,high
006,Sophitia,trusted_basic,6,0.08800000417977571,0.0,0.20700000983197242,0.08800000417977571,0.0,0.20700000983197242,0.20700000983197242,0x14,high
006,Sophitia,trusted_basic,7,0.08800000417977571,0.0,0.35200001671910286,0.08800000417977571,0.0,0.35200001671910286,0.35200001671910286,0x14,high
006,Sophitia,trusted_basic,8,0.08900000422727317,0.0,0.5020000238437206,0.08900000422727317,0.0,0.5020000238437206,0.5020000238437206,0x14,high
006,Sophitia,trusted_basic,9,0.08900000422727317,0.0,0.6390000303508714,0.08900000422727317,0.0,0.6390000303508714,0.6390000303508714,0x14,high
006,Sophitia,trusted_basic,10,0.08900000422727317,0.0,0.760000036098063,0.08900000422727317,0.0,0.760000036098063,0.760000036098063,0x14,high
006,Sophitia,trusted_basic,11,0.08900000422727317,0.0,0.8630000409903005,0.08900000422727317,0.0,0.8630000409903005,0.8630000409903005,0x14,high
006,Sophitia,trusted_basic,12,0.09000000427477062,0.0,0.9430000447900966,0.09000000427477062,0.0,0.9430000447900966,0.9430000447900966,0x14,high
006,Sophitia,trusted_basic,13,0.08900000422727317,0.0,1.0100000479724258,0.08900000422727317,0.0,1.0100000479724258,1.0100000479724258,0x14,high
006,Sophitia,trusted_basic,14,0.08600000408478081,0.0,1.0720000509172678,0.08600000408478081,0.0,1.0720000509172678,1.0720000509172678,0x14,high
006,Sophitia,trusted_basic,15,0.08200000389479101,0.0,1.13000005367212,0.08200000389479101,0.0,1.13000005367212,1.13000005367212,0x14,high
006,Sophitia,trusted_basic,16,0.07700000365730375,0.0,1.1850000562844798,0.07700000365730375,0.0,1.1850000562844798,1.1850000562844798,0x14,high
006,Sophitia,trusted_basic,17,0.07100000337231904,0.0,1.2350000586593524,0.07100000337231904,0.0,1.2350000586593524,1.2350000586593524,0x14,high
006,Sophitia,trusted_basic,18,0.06400000303983688,0.0,1.2820000608917326,0.06400000303983688,0.0,1.2820000608917326,1.2820000608917326,0x14,high
006,Sophitia,trusted_basic,19,0.05600000265985727,0.0,1.3240000628866255,0.05600000265985727,0.0,1.3240000628866255,1.3240000628866255,0x14,high
006,Sophitia,trusted_basic,20,0.049000002327375114,0.0,1.3630000647390261,0.049000002327375114,0.0,1.3630000647390261,1.3630000647390261,0x14,high
006,Sophitia,trusted_basic,21,0.041000001947395504,0.0,1.396000066306442,0.041000001947395504,0.0,1.396000066306442,1.396000066306442,0x14,high
006,Sophitia,trusted_basic,22,0.03300000156741589,0.0,1.4260000677313656,0.03300000156741589,0.0,1.4260000677313656,1.4260000677313656,0x14,high
006,Sophitia,trusted_basic,23,0.025000001187436283,0.0,1.4520000689662993,0.025000001187436283,0.0,1.4520000689662993,1.4520000689662993,0x14,high
006,Sophitia,trusted_basic,24,0.018000000854954123,0.0,1.4740000700112432,0.018000000854954123,0.0,1.4740000700112432,1.4740000700112432,0x14,high
006,Sophitia,trusted_basic,25,0.012000000569969416,0.0,1.4920000708661973,0.012000000569969416,0.0,1.4920000708661973,1.4920000708661973,0x14,high
006,Sophitia,trusted_basic,26,0.007000000332482159,0.0,1.5060000715311617,0.007000000332482159,0.0,1.5060000715311617,1.5060000715311617,0x14,high
006,Sophitia,trusted_basic,27,0.003000000142492354,0.0,1.5160000720061362,0.003000000142492354,0.0,1.5160000720061362,1.5160000720061362,0x14,high
006,Sophitia,trusted_basic,28,0.0010000000474974513,0.0,1.5220000722911209,0.0010000000474974513,0.0,1.5220000722911209,1.5220000722911209,0x14,high
006,Sophitia,trusted_basic,29,0.0,0.0,1.5260000724811107,0.0,0.0,1.5260000724811107,1.5260000724811107,0x14,high
007,Siegfried,trusted_basic,0,0.0,0.0,0.0,0.0,0.0,0.0,0.0,0x14,high
007,Siegfried,trusted_basic,1,0.0,0.0,0.0,0.0,0.0,0.0,0.0,0x14,high
007,Siegfried,trusted_basic,2,0.0,0.0,-0.0050000002374872565,0.0,0.0,-0.0050000002374872565,0.0050000002374872565,0x14,high
007,Siegfried,trusted_basic,3,0.0,0.0,-0.014000000664964318,0.0,0.0,-0.014000000664964318,0.014000000664964318,0x14,high
007,Siegfried,trusted_basic,4,0.0,0.0,-0.026000001234933734,0.0,0.0,-0.026000001234933734,0.026000001234933734,0x14,high
007,Siegfried,trusted_basic,5,-0.0010000000474974513,0.0,-0.041000001947395504,-0.0010000000474974513,0.0,-0.041000001947395504,0.041000001947395504,0x14,high
007,Siegfried,trusted_basic,6,-0.0020000000949949026,0.0,-0.05900000280234963,-0.0020000000949949026,0.0,-0.05900000280234963,0.05900000280234963,0x14,high
007,Siegfried,trusted_basic,7,-0.003000000142492354,0.0,-0.0800000037997961,-0.003000000142492354,0.0,-0.0800000037997961,0.0800000037997961,0x14,high
007,Siegfried,trusted_basic,8,-0.0050000002374872565,0.0,-0.10400000493973494,-0.0050000002374872565,0.0,-0.10400000493973494,0.10400000493973494,0x14,high
007,Siegfried,trusted_basic,9,-0.007000000332482159,0.0,-0.13200000626966357,-0.007000000332482159,0.0,-0.13200000626966357,0.13200000626966357,0x14,high
007,Siegfried,trusted_basic,10,-0.010000000474974513,0.0,-0.1620000076945871,-0.010000000474974513,0.0,-0.1620000076945871,0.1620000076945871,0x14,high
007,Siegfried,trusted_basic,11,-0.013000000617466867,0.0,-0.195000009262003,-0.013000000617466867,0.0,-0.195000009262003,0.195000009262003,0x14,high
007,Siegfried,trusted_basic,12,-0.017000000807456672,0.0,-0.23100001097191125,-0.017000000807456672,0.0,-0.23100001097191125,0.23100001097191125,0x14,high
007,Siegfried,trusted_basic,13,-0.02200000104494393,0.0,-0.2690000127768144,-0.02200000104494393,0.0,-0.2690000127768144,0.2690000127768144,0x14,high
007,Siegfried,trusted_basic,14,-0.027000001282431185,0.0,-0.30900001467671245,-0.027000001282431185,0.0,-0.30900001467671245,0.30900001467671245,0x14,high
007,Siegfried,trusted_basic,15,-0.03300000156741589,0.0,-0.3530000167666003,-0.03300000156741589,0.0,-0.3530000167666003,0.3530000167666003,0x14,high
007,Siegfried,trusted_basic,16,-0.04000000189989805,0.0,-0.39900001895148307,-0.04000000189989805,0.0,-0.39900001895148307,0.39900001895148307,0x14,high
007,Siegfried,trusted_basic,17,-0.04700000223238021,0.0,-0.44500002113636583,-0.04700000223238021,0.0,-0.44500002113636583,0.44500002113636583,0x14,high
007,Siegfried,trusted_basic,18,-0.05500000261235982,0.0,-0.49000002327375114,-0.05500000261235982,0.0,-0.49000002327375114,0.49000002327375114,0x14,high
007,Siegfried,trusted_basic,19,-0.06400000303983688,0.0,-0.534000025363639,-0.06400000303983688,0.0,-0.534000025363639,0.534000025363639,0x14,high
007,Siegfried,trusted_basic,20,-0.0740000035148114,0.0,-0.574000027263537,-0.0740000035148114,0.0,-0.574000027263537,0.574000027263537,0x14,high
007,Siegfried,trusted_basic,21,-0.08400000398978591,0.0,-0.6130000291159377,-0.08400000398978591,0.0,-0.6130000291159377,0.6130000291159377,0x14,high
007,Siegfried,trusted_basic,22,-0.09300000441726297,0.0,-0.6490000308258459,-0.09300000441726297,0.0,-0.6490000308258459,0.6490000308258459,0x14,high
007,Siegfried,trusted_basic,23,-0.10300000489223748,0.0,-0.6820000323932618,-0.10300000489223748,0.0,-0.6820000323932618,0.6820000323932618,0x14,high
007,Siegfried,trusted_basic,24,-0.11200000531971455,0.0,-0.7130000338656828,-0.11200000531971455,0.0,-0.7130000338656828,0.7130000338656828,0x14,high
007,Siegfried,trusted_basic,25,-0.12100000574719161,0.0,-0.7390000351006165,-0.12100000574719161,0.0,-0.7390000351006165,0.7390000351006165,0x14,high
007,Siegfried,trusted_basic,26,-0.12900000612717122,0.0,-0.7630000362405553,-0.12900000612717122,0.0,-0.7630000362405553,0.7630000362405553,0x14,high
007,Siegfried,trusted_basic,27,-0.13600000645965338,0.0,-0.7820000371430069,-0.13600000645965338,0.0,-0.7820000371430069,0.7820000371430069,0x14,high
007,Siegfried,trusted_basic,28,-0.14100000669714063,0.0,-0.7980000379029661,-0.14100000669714063,0.0,-0.7980000379029661,0.7980000379029661,0x14,high
007,Siegfried,trusted_basic,29,-0.1460000069346279,0.0,-0.8090000384254381,-0.1460000069346279,0.0,-0.8090000384254381,0.8090000384254381,0x14,high
007,Siegfried,trusted_basic,30,-0.14900000707712024,0.0,-0.8170000388054177,-0.14900000707712024,0.0,-0.8170000388054177,0.8170000388054177,0x14,high
007,Siegfried,trusted_basic,31,-0.14900000707712024,0.0,-0.8190000389004126,-0.14900000707712024,0.0,-0.8190000389004126,0.8190000389004126,0x14,high
009,Hwang,trusted_basic,0,0.0,0.0,-0.0010000000474974513,0.0,0.0,-0.0010000000474974513,0.0010000000474974513,0x14,high
009,Hwang,trusted_basic,1,0.0,0.0,-0.004000000189989805,0.0,0.0,-0.004000000189989805,0.004000000189989805,0x14,high
009,Hwang,trusted_basic,2,0.0020000000949949026,0.0,-0.009000000427477062,0.0020000000949949026,0.0,-0.009000000427477062,0.009000000427477062,0x14,high
009,Hwang,trusted_basic,3,0.009000000427477062,0.0,-0.017000000807456672,0.009000000427477062,0.0,-0.017000000807456672,0.017000000807456672,0x14,high
009,Hwang,trusted_basic,4,0.02400000113993883,0.0,-0.027000001282431185,0.02400000113993883,0.0,-0.027000001282431185,0.027000001282431185,0x14,high
009,Hwang,trusted_basic,5,0.04800000227987766,0.0,-0.0390000018524006,0.04800000227987766,0.0,-0.0390000018524006,0.0390000018524006,0x14,high
009,Hwang,trusted_basic,6,0.08100000384729356,0.0,-0.05400000256486237,0.08100000384729356,0.0,-0.05400000256486237,0.05400000256486237,0x14,high
009,Hwang,trusted_basic,7,0.09200000436976552,0.0,-0.07100000337231904,0.09200000436976552,0.0,-0.07100000337231904,0.07100000337231904,0x14,high
009,Hwang,trusted_basic,8,0.08900000422727317,0.0,-0.09000000427477062,0.08900000422727317,0.0,-0.09000000427477062,0.09000000427477062,0x14,high
009,Hwang,trusted_basic,9,0.07300000346731395,0.0,-0.11200000531971455,0.07300000346731395,0.0,-0.11200000531971455,0.11200000531971455,0x14,high
009,Hwang,trusted_basic,10,0.05400000256486237,0.0,-0.13500000641215593,0.05400000256486237,0.0,-0.13500000641215593,0.13500000641215593,0x14,high
009,Hwang,trusted_basic,11,0.041000001947395504,0.0,-0.16400000778958201,0.041000001947395504,0.0,-0.16400000778958201,0.16400000778958201,0x14,high
009,Hwang,trusted_basic,12,0.03300000156741589,0.0,-0.18800000892952085,0.03300000156741589,0.0,-0.18800000892952085,0.18800000892952085,0x14,high
009,Hwang,trusted_basic,13,0.027000001282431185,0.0,-0.21000000997446477,0.027000001282431185,0.0,-0.21000000997446477,0.21000000997446477,0x14,high
009,Hwang,trusted_basic,14,0.025000001187436283,0.0,-0.2320000110194087,0.025000001187436283,0.0,-0.2320000110194087,0.2320000110194087,0x14,high
009,Hwang,trusted_basic,15,0.02400000113993883,0.0,-0.25200001196935773,0.02400000113993883,0.0,-0.25200001196935773,0.25200001196935773,0x14,high
009,Hwang,trusted_basic,16,0.02400000113993883,0.0,-0.2670000126818195,0.02400000113993883,0.0,-0.2670000126818195,0.2670000126818195,0x14,high
009,Hwang,trusted_basic,17,0.02400000113993883,0.0,-0.27600001310929656,0.02400000113993883,0.0,-0.27600001310929656,0.27600001310929656,0x14,high
009,Hwang,trusted_basic,18,0.02300000109244138,0.0,-0.2790000132517889,0.02300000109244138,0.0,-0.2790000132517889,0.2790000132517889,0x14,high
009,Hwang,trusted_basic,19,0.02300000109244138,0.0,-0.2830000134417787,0.02300000109244138,0.0,-0.2830000134417787,0.2830000134417787,0x14,high
009,Hwang,trusted_basic,20,0.02200000104494393,0.0,-0.2860000135842711,0.02200000104494393,0.0,-0.2860000135842711,0.2860000135842711,0x14,high
009,Hwang,trusted_basic,21,0.02200000104494393,0.0,-0.2890000137267634,0.02200000104494393,0.0,-0.2890000137267634,0.2890000137267634,0x14,high
009,Hwang,trusted_basic,22,0.02200000104494393,0.0,-0.29100001382175833,0.02200000104494393,0.0,-0.29100001382175833,0.29100001382175833,0x14,high
009,Hwang,trusted_basic,23,0.021000000997446477,0.0,-0.29300001391675323,0.021000000997446477,0.0,-0.29300001391675323,0.29300001391675323,0x14,high
009,Hwang,trusted_basic,24,0.021000000997446477,0.0,-0.29500001401174814,0.021000000997446477,0.0,-0.29500001401174814,0.29500001401174814,0x14,high
009,Hwang,trusted_basic,25,0.021000000997446477,0.0,-0.2960000140592456,0.021000000997446477,0.0,-0.2960000140592456,0.2960000140592456,0x14,high
009,Hwang,trusted_basic,26,0.020000000949949026,0.0,-0.29700001410674304,0.020000000949949026,0.0,-0.29700001410674304,0.29700001410674304,0x14,high
009,Hwang,trusted_basic,27,0.020000000949949026,0.0,-0.29700001410674304,0.020000000949949026,0.0,-0.29700001410674304,0.29700001410674304,0x14,high
009,Hwang,trusted_basic,28,0.020000000949949026,0.0,-0.2960000140592456,0.020000000949949026,0.0,-0.2960000140592456,0.2960000140592456,0x14,high
009,Hwang,trusted_basic,29,0.020000000949949026,0.0,-0.2940000139642507,0.020000000949949026,0.0,-0.2940000139642507,0.2940000139642507,0x14,high
009,Hwang,trusted_basic,30,0.026000001234933734,0.0,-0.2890000137267634,0.026000001234933734,0.0,-0.2890000137267634,0.2890000137267634,0x14,high
009,Hwang,trusted_basic,31,0.04000000189989805,0.0,-0.2790000132517889,0.04000000189989805,0.0,-0.2790000132517889,0.2790000132517889,0x14,high
009,Hwang,trusted_basic,32,0.06000000284984708,0.0,-0.26400001253932714,0.06000000284984708,0.0,-0.26400001253932714,0.26400001253932714,0x14,high
009,Hwang,trusted_basic,33,0.0800000037997961,0.0,-0.24600001168437302,0.0800000037997961,0.0,-0.24600001168437302,0.24600001168437302,0x14,high
009,Hwang,trusted_basic,34,0.09800000465475023,0.0,-0.22500001068692654,0.09800000465475023,0.0,-0.22500001068692654,0.22500001068692654,0x14,high
009,Hwang,trusted_basic,35,0.11000000522471964,0.0,-0.20200000959448516,0.11000000522471964,0.0,-0.20200000959448516,0.20200000959448516,0x14,high
009,Hwang,trusted_basic,36,0.11800000560469925,0.0,-0.17800000845454633,0.11800000560469925,0.0,-0.17800000845454633,0.17800000845454633,0x14,high
009,Hwang,trusted_basic,37,0.12200000579468906,0.0,-0.15300000726711005,0.12200000579468906,0.0,-0.15300000726711005,0.15300000726711005,0x14,high
009,Hwang,trusted_basic,38,0.12600000598467886,0.0,-0.12800000607967377,0.12600000598467886,0.0,-0.12800000607967377,0.12800000607967377,0x14,high
009,Hwang,trusted_basic,39,0.12800000607967377,0.0,-0.10300000489223748,0.12800000607967377,0.0,-0.10300000489223748,0.10300000489223748,0x14,high
009,Hwang,trusted_basic,40,0.12600000598467886,0.0,-0.08100000384729356,0.12600000598467886,0.0,-0.08100000384729356,0.08100000384729356,0x14,high
009,Hwang,trusted_basic,41,0.12200000579468906,0.0,-0.06000000284984708,0.12200000579468906,0.0,-0.06000000284984708,0.06000000284984708,0x14,high
009,Hwang,trusted_basic,42,0.1150000054622069,0.0,-0.043000002042390406,0.1150000054622069,0.0,-0.043000002042390406,0.043000002042390406,0x14,high
009,Hwang,trusted_basic,43,0.10500000498723239,0.0,-0.029000001377426088,0.10500000498723239,0.0,-0.029000001377426088,0.029000001377426088,0x14,high
009,Hwang,trusted_basic,44,0.09500000451225787,0.0,-0.018000000854954123,0.09500000451225787,0.0,-0.018000000854954123,0.018000000854954123,0x14,high
009,Hwang,trusted_basic,45,0.08300000394228846,0.0,-0.010000000474974513,0.08300000394228846,0.0,-0.010000000474974513,0.010000000474974513,0x14,high
009,Hwang,trusted_basic,46,0.07000000332482159,0.0,-0.004000000189989805,0.07000000332482159,0.0,-0.004000000189989805,0.004000000189989805,0x14,high
009,Hwang,trusted_basic,47,0.057000002707354724,0.0,0.0,0.057000002707354724,0.0,0.0,0.0,0x14,high
009,Hwang,trusted_basic,48,0.04500000213738531,0.0,0.0010000000474974513,0.04500000213738531,0.0,0.0010000000474974513,0.0010000000474974513,0x14,high
009,Hwang,trusted_basic,49,0.03300000156741589,0.0,0.0020000000949949026,0.03300000156741589,0.0,0.0020000000949949026,0.0020000000949949026,0x14,high
009,Hwang,trusted_basic,50,0.02200000104494393,0.0,0.0020000000949949026,0.02200000104494393,0.0,0.0020000000949949026,0.0020000000949949026,0x14,high
009,Hwang,trusted_basic,51,0.013000000617466867,0.0,0.0010000000474974513,0.013000000617466867,0.0,0.0010000000474974513,0.0010000000474974513,0x14,high
009,Hwang,trusted_basic,52,0.006000000284984708,0.0,0.0010000000474974513,0.006000000284984708,0.0,0.0010000000474974513,0.0010000000474974513,0x14,high
009,Hwang,trusted_basic,53,0.0010000000474974513,0.0,0.0,0.0010000000474974513,0.0,0.0,0.0,0x14,high
009,Hwang,trusted_basic,54,0.0,0.0,0.0,0.0,0.0,0.0,0.0,0x14,high
00b,Ivy,unresolved,0,0.003000000142492354,0.0,0.011000000522471964,0.003000000142492354,0.0,0.011000000522471964,0.011000000522471964,0x14,high
00b,Ivy,unresolved,1,0.014000000664964318,0.0,0.04400000208988786,0.014000000664964318,0.0,0.04400000208988786,0.04400000208988786,0x14,high
00b,Ivy,unresolved,2,0.027000001282431185,0.0,0.09700000460725278,0.027000001282431185,0.0,0.09700000460725278,0.09700000460725278,0x14,high
00b,Ivy,unresolved,3,0.04000000189989805,0.0,0.16500000783707947,0.04000000189989805,0.0,0.16500000783707947,0.16500000783707947,0x14,high
00b,Ivy,unresolved,4,0.050000002374872565,0.0,0.24600001168437302,0.050000002374872565,0.0,0.24600001168437302,0.24600001168437302,0x14,high
00b,Ivy,unresolved,5,0.05400000256486237,0.0,0.33800001605413854,0.05400000256486237,0.0,0.33800001605413854,0.33800001605413854,0x14,high
00b,Ivy,unresolved,6,0.05400000256486237,0.0,0.43800002080388367,0.05400000256486237,0.0,0.43800002080388367,0.43800002080388367,0x14,high
00b,Ivy,unresolved,7,0.05400000256486237,0.0,0.5410000256961212,0.05400000256486237,0.0,0.5410000256961212,0.5410000256961212,0x14,high
00b,Ivy,unresolved,8,0.05300000251736492,0.0,0.6430000305408612,0.05300000251736492,0.0,0.6430000305408612,0.6430000305408612,0x14,high
00b,Ivy,unresolved,9,0.05100000242237002,0.0,0.7430000352906063,0.05100000242237002,0.0,0.7430000352906063,0.7430000352906063,0x14,high
00b,Ivy,unresolved,10,0.049000002327375114,0.0,0.8350000396603718,0.049000002327375114,0.0,0.8350000396603718,0.8350000396603718,0x14,high
00b,Ivy,unresolved,11,0.04700000223238021,0.0,0.9170000435551628,0.04700000223238021,0.0,0.9170000435551628,0.9170000435551628,0x14,high
00b,Ivy,unresolved,12,0.04500000213738531,0.0,0.9880000469274819,0.04500000213738531,0.0,0.9880000469274819,0.9880000469274819,0x14,high
00b,Ivy,unresolved,13,0.042000001994892955,0.0,1.046000049682334,0.042000001994892955,0.0,1.046000049682334,1.046000049682334,0x14,high
00b,Ivy,unresolved,14,0.04000000189989805,0.0,1.0940000519622117,0.04000000189989805,0.0,1.0940000519622117,1.0940000519622117,0x14,high
00b,Ivy,unresolved,15,0.0370000017574057,0.0,1.1310000537196174,0.0370000017574057,0.0,1.1310000537196174,1.1310000537196174,0x14,high
00b,Ivy,unresolved,16,0.034000001614913344,0.0,1.159000055049546,0.034000001614913344,0.0,1.159000055049546,1.159000055049546,0x14,high
00b,Ivy,unresolved,17,0.03100000147242099,0.0,1.1780000559519976,0.03100000147242099,0.0,1.1780000559519976,1.1780000559519976,0x14,high
00b,Ivy,unresolved,18,0.028000001329928637,0.0,1.1890000564744696,0.028000001329928637,0.0,1.1890000564744696,1.1890000564744696,0x14,high
00b,Ivy,unresolved,19,0.025000001187436283,0.0,1.1930000566644594,0.025000001187436283,0.0,1.1930000566644594,1.1930000566644594,0x14,high
00b,Ivy,unresolved,20,0.021000000997446477,0.0,1.1930000566644594,0.021000000997446477,0.0,1.1930000566644594,1.1930000566644594,0x14,high
00b,Ivy,unresolved,21,0.019000000902451575,0.0,1.1950000567594543,0.019000000902451575,0.0,1.1950000567594543,1.1950000567594543,0x14,high
00b,Ivy,unresolved,22,0.01600000075995922,0.0,1.1990000569494441,0.01600000075995922,0.0,1.1990000569494441,1.1990000569494441,0x14,high
00b,Ivy,unresolved,23,0.013000000617466867,0.0,1.2040000571869314,0.013000000617466867,0.0,1.2040000571869314,1.2040000571869314,0x14,high
00b,Ivy,unresolved,24,0.010000000474974513,0.0,1.210000057471916,0.010000000474974513,0.0,1.210000057471916,1.210000057471916,0x14,high
00b,Ivy,unresolved,25,0.00800000037997961,0.0,1.2180000578518957,0.00800000037997961,0.0,1.2180000578518957,1.2180000578518957,0x14,high
00b,Ivy,unresolved,26,0.006000000284984708,0.0,1.2280000583268702,0.006000000284984708,0.0,1.2280000583268702,1.2280000583268702,0x14,high
00b,Ivy,unresolved,27,0.004000000189989805,0.0,1.2380000588018447,0.004000000189989805,0.0,1.2380000588018447,1.2380000588018447,0x14,high
00b,Ivy,unresolved,28,0.003000000142492354,0.0,1.2510000594193116,0.003000000142492354,0.0,1.2510000594193116,1.2510000594193116,0x14,high
00b,Ivy,unresolved,29,0.0010000000474974513,0.0,1.265000060084276,0.0010000000474974513,0.0,1.265000060084276,1.265000060084276,0x14,high
00b,Ivy,unresolved,30,0.0010000000474974513,0.0,1.2810000608442351,0.0010000000474974513,0.0,1.2810000608442351,1.2810000608442351,0x14,high
00b,Ivy,unresolved,31,0.0,0.0,1.2980000616516918,0.0,0.0,1.2980000616516918,1.2980000616516918,0x14,high
00b,Ivy,unresolved,32,0.0,0.0,1.3180000626016408,0.0,0.0,1.3180000626016408,1.3180000626016408,0x14,high
00b,Ivy,unresolved,33,-0.003000000142492354,0.0,1.3370000635040924,-0.003000000142492354,0.0,1.3370000635040924,1.3370000635040924,0x14,high
00b,Ivy,unresolved,34,-0.00800000037997961,0.0,1.3590000645490363,-0.00800000037997961,0.0,1.3590000645490363,1.3590000645490363,0x14,high
00b,Ivy,unresolved,35,-0.014000000664964318,0.0,1.3830000656889752,-0.014000000664964318,0.0,1.3830000656889752,1.3830000656889752,0x14,high
00b,Ivy,unresolved,36,-0.02300000109244138,0.0,1.409000066923909,-0.02300000109244138,0.0,1.409000066923909,1.409000066923909,0x14,high
00b,Ivy,unresolved,37,-0.03200000151991844,0.0,1.43600006820634,-0.03200000151991844,0.0,1.43600006820634,1.43600006820634,0x14,high
00b,Ivy,unresolved,38,-0.043000002042390406,0.0,1.4660000696312636,-0.043000002042390406,0.0,1.4660000696312636,1.4660000696312636,0x14,high
00b,Ivy,unresolved,39,-0.05500000261235982,0.0,1.4960000710561872,-0.05500000261235982,0.0,1.4960000710561872,1.4960000710561872,0x14,high
00b,Ivy,unresolved,40,-0.06700000318232924,0.0,1.529000072623603,-0.06700000318232924,0.0,1.529000072623603,1.529000072623603,0x14,high
00b,Ivy,unresolved,41,-0.0800000037997961,0.0,1.5650000743335113,-0.0800000037997961,0.0,1.5650000743335113,1.5650000743335113,0x14,high
00b,Ivy,unresolved,42,-0.09300000441726297,0.0,1.6060000762809068,-0.09300000441726297,0.0,1.6060000762809068,1.6060000762809068,0x14,high
00b,Ivy,unresolved,43,-0.10500000498723239,0.0,1.6500000783707947,-0.10500000498723239,0.0,1.6500000783707947,1.6500000783707947,0x14,high
00b,Ivy,unresolved,44,-0.11800000560469925,0.0,1.6970000806031749,-0.11800000560469925,0.0,1.6970000806031749,1.6970000806031749,0x14,high
00b,Ivy,unresolved,45,-0.13000000617466867,0.0,1.7480000830255449,-0.13000000617466867,0.0,1.7480000830255449,1.7480000830255449,0x14,high
00b,Ivy,unresolved,46,-0.14100000669714063,0.0,1.8000000854954123,-0.14100000669714063,0.0,1.8000000854954123,1.8000000854954123,0x14,high
00b,Ivy,unresolved,47,-0.15100000717211515,0.0,1.8530000880127773,-0.15100000717211515,0.0,1.8530000880127773,1.8530000880127773,0x14,high
00b,Ivy,unresolved,48,-0.1600000075995922,0.0,1.908000090625137,-0.1600000075995922,0.0,1.908000090625137,1.908000090625137,0x14,high
00b,Ivy,unresolved,49,-0.16500000783707947,0.0,1.9620000931899995,-0.16500000783707947,0.0,1.9620000931899995,1.9620000931899995,0x14,high
00b,Ivy,unresolved,50,-0.16800000797957182,0.0,2.0150000957073644,-0.16800000797957182,0.0,2.0150000957073644,2.0150000957073644,0x14,high
00b,Ivy,unresolved,51,-0.17000000807456672,0.0,2.067000098177232,-0.17000000807456672,0.0,2.067000098177232,2.067000098177232,0x14,high
00b,Ivy,unresolved,52,-0.17000000807456672,0.0,2.1170001005521044,-0.17000000807456672,0.0,2.1170001005521044,2.1170001005521044,0x14,high
00b,Ivy,unresolved,53,-0.17000000807456672,0.0,2.1640001027844846,-0.17000000807456672,0.0,2.1640001027844846,2.1640001027844846,0x14,high
00b,Ivy,unresolved,54,-0.17000000807456672,0.0,2.2080001048743725,-0.17000000807456672,0.0,2.2080001048743725,2.2080001048743725,0x14,high
00b,Ivy,unresolved,55,-0.16800000797957182,0.0,2.247000106726773,-0.16800000797957182,0.0,2.247000106726773,2.247000106726773,0x14,high
00b,Ivy,unresolved,56,-0.16300000774208456,0.0,2.284000108484179,-0.16300000774208456,0.0,2.284000108484179,2.284000108484179,0x14,high
00b,Ivy,unresolved,57,-0.15700000745709985,0.0,2.3150001099565998,-0.15700000745709985,0.0,2.3150001099565998,2.3150001099565998,0x14,high
00b,Ivy,unresolved,58,-0.14900000707712024,0.0,2.342000111239031,-0.14900000707712024,0.0,2.342000111239031,2.342000111239031,0x14,high
00b,Ivy,unresolved,59,-0.14000000664964318,0.0,2.364000112283975,-0.14000000664964318,0.0,2.364000112283975,2.364000112283975,0x14,high
00b,Ivy,unresolved,60,-0.13200000626966357,0.0,2.3830001131864265,-0.13200000626966357,0.0,2.3830001131864265,2.3830001131864265,0x14,high
00b,Ivy,unresolved,61,-0.1250000059371814,0.0,2.395000113756396,-0.1250000059371814,0.0,2.395000113756396,2.395000113756396,0x14,high
00b,Ivy,unresolved,62,-0.1190000056521967,0.0,2.404000114183873,-0.1190000056521967,0.0,2.404000114183873,2.404000114183873,0x14,high
00b,Ivy,unresolved,63,-0.1150000054622069,0.0,2.406000114278868,-0.1150000054622069,0.0,2.406000114278868,2.406000114278868,0x14,high
00b,Ivy,unresolved,64,-0.1150000054622069,0.0,2.406000114278868,-0.1150000054622069,0.0,2.406000114278868,2.406000114278868,0x14,high
00b,Ivy,unresolved,65,-0.1150000054622069,0.0,2.406000114278868,-0.1150000054622069,0.0,2.406000114278868,2.406000114278868,0x14,high
00b,Ivy,unresolved,66,-0.1170000055572018,0.0,2.406000114278868,-0.1170000055572018,0.0,2.406000114278868,2.406000114278868,0x14,high
00b,Ivy,unresolved,67,-0.11800000560469925,0.0,2.406000114278868,-0.11800000560469925,0.0,2.406000114278868,2.406000114278868,0x14,high
00b,Ivy,unresolved,68,-0.12100000574719161,0.0,2.406000114278868,-0.12100000574719161,0.0,2.406000114278868,2.406000114278868,0x14,high
00b,Ivy,unresolved,69,-0.12300000584218651,0.0,2.406000114278868,-0.12300000584218651,0.0,2.406000114278868,2.406000114278868,0x14,high
00b,Ivy,unresolved,70,-0.12400000588968396,0.0,2.406000114278868,-0.12400000588968396,0.0,2.406000114278868,2.406000114278868,0x14,high
00b,Ivy,unresolved,71,-0.12600000598467886,0.0,2.406000114278868,-0.12600000598467886,0.0,2.406000114278868,2.406000114278868,0x14,high
00b,Ivy,unresolved,72,-0.12700000603217632,0.0,2.406000114278868,-0.12700000603217632,0.0,2.406000114278868,2.406000114278868,0x14,high
00b,Ivy,unresolved,73,-0.12800000607967377,0.0,2.406000114278868,-0.12800000607967377,0.0,2.406000114278868,2.406000114278868,0x14,high
00b,Ivy,unresolved,74,-0.12800000607967377,0.0,2.406000114278868,-0.12800000607967377,0.0,2.406000114278868,2.406000114278868,0x14,high
00b,Ivy,unresolved,75,-0.12900000612717122,0.0,2.406000114278868,-0.12900000612717122,0.0,2.406000114278868,2.406000114278868,0x14,high
00b,Ivy,unresolved,76,-0.13000000617466867,0.0,2.406000114278868,-0.13000000617466867,0.0,2.406000114278868,2.406000114278868,0x14,high
00b,Ivy,unresolved,77,-0.13100000622216612,0.0,2.406000114278868,-0.13100000622216612,0.0,2.406000114278868,2.406000114278868,0x14,high
00b,Ivy,unresolved,78,-0.13300000631716102,0.0,2.406000114278868,-0.13300000631716102,0.0,2.406000114278868,2.406000114278868,0x14,high
00b,Ivy,unresolved,79,-0.13600000645965338,0.0,2.406000114278868,-0.13600000645965338,0.0,2.406000114278868,2.406000114278868,0x14,high
00b,Ivy,unresolved,80,-0.13900000660214573,0.0,2.406000114278868,-0.13900000660214573,0.0,2.406000114278868,2.406000114278868,0x14,high
00b,Ivy,unresolved,81,-0.14200000674463809,0.0,2.406000114278868,-0.14200000674463809,0.0,2.406000114278868,2.406000114278868,0x14,high
00b,Ivy,unresolved,82,-0.14500000688713044,0.0,2.4070001143263653,-0.14500000688713044,0.0,2.4070001143263653,2.4070001143263653,0x14,high
00b,Ivy,unresolved,83,-0.1480000070296228,0.0,2.4080001143738627,-0.1480000070296228,0.0,2.4080001143738627,2.4080001143738627,0x14,high
00b,Ivy,unresolved,84,-0.1520000072196126,0.0,2.40900011442136,-0.1520000072196126,0.0,2.40900011442136,2.40900011442136,0x14,high
00b,Ivy,unresolved,85,-0.1560000074096024,0.0,2.4100001144688576,-0.1560000074096024,0.0,2.4100001144688576,2.4100001144688576,0x14,high
00b,Ivy,unresolved,86,-0.1600000075995922,0.0,2.41300011461135,-0.1600000075995922,0.0,2.41300011461135,2.41300011461135,0x14,high
00b,Ivy,unresolved,87,-0.16400000778958201,0.0,2.4160001147538424,-0.16400000778958201,0.0,2.4160001147538424,2.4160001147538424,0x14,high
00b,Ivy,unresolved,88,-0.16900000802706927,0.0,2.420000114943832,-0.16900000802706927,0.0,2.420000114943832,2.420000114943832,0x14,high
00b,Ivy,unresolved,89,-0.17300000821705908,0.0,2.4230001150863245,-0.17300000821705908,0.0,2.4230001150863245,2.4230001150863245,0x14,high
00b,Ivy,unresolved,90,-0.17800000845454633,0.0,2.429000115371309,-0.17800000845454633,0.0,2.429000115371309,2.429000115371309,0x14,high
00b,Ivy,unresolved,91,-0.1830000086920336,0.0,2.435000115656294,-0.1830000086920336,0.0,2.435000115656294,2.435000115656294,0x14,high
00b,Ivy,unresolved,92,-0.1870000088820234,0.0,2.4410001159412786,-0.1870000088820234,0.0,2.4410001159412786,2.4410001159412786,0x14,high
00b,Ivy,unresolved,93,-0.19200000911951065,0.0,2.4490001163212582,-0.19200000911951065,0.0,2.4490001163212582,2.4490001163212582,0x14,high
00b,Ivy,unresolved,94,-0.19600000930950046,0.0,2.4580001167487353,-0.19600000930950046,0.0,2.4580001167487353,2.4580001167487353,0x14,high
00b,Ivy,unresolved,95,-0.2010000095469877,0.0,2.4670001171762124,-0.2010000095469877,0.0,2.4670001171762124,2.4670001171762124,0x14,high
00b,Ivy,unresolved,96,-0.20500000973697752,0.0,2.477000117651187,-0.20500000973697752,0.0,2.477000117651187,2.477000117651187,0x14,high
00b,Ivy,unresolved,97,-0.20900000992696732,0.0,2.488000118173659,-0.20900000992696732,0.0,2.488000118173659,2.488000118173659,0x14,high
00b,Ivy,unresolved,98,-0.21300001011695713,0.0,2.4980001186486334,-0.21300001011695713,0.0,2.4980001186486334,2.4980001186486334,0x14,high
00b,Ivy,unresolved,99,-0.21700001030694693,0.0,2.5100001192186028,-0.21700001030694693,0.0,2.5100001192186028,2.5100001192186028,0x14,high
00b,Ivy,unresolved,100,-0.22100001049693674,0.0,2.5210001197410747,-0.22100001049693674,0.0,2.5210001197410747,2.5210001197410747,0x14,high
00b,Ivy,unresolved,101,-0.2240000106394291,0.0,2.5320001202635467,-0.2240000106394291,0.0,2.5320001202635467,2.5320001202635467,0x14,high
00b,Ivy,unresolved,102,-0.22700001078192145,0.0,2.5410001206910238,-0.22700001078192145,0.0,2.5410001206910238,2.5410001206910238,0x14,high
00b,Ivy,unresolved,103,-0.2300000109244138,0.0,2.5510001211659983,-0.2300000109244138,0.0,2.5510001211659983,2.5510001211659983,0x14,high
00b,Ivy,unresolved,104,-0.2320000110194087,0.0,2.559000121545978,-0.2320000110194087,0.0,2.559000121545978,2.559000121545978,0x14,high
00b,Ivy,unresolved,105,-0.2340000111144036,0.0,2.5670001219259575,-0.2340000111144036,0.0,2.5670001219259575,2.5670001219259575,0x14,high
00b,Ivy,unresolved,106,-0.2360000112093985,0.0,2.573000122210942,-0.2360000112093985,0.0,2.573000122210942,2.573000122210942,0x14,high
00b,Ivy,unresolved,107,-0.23700001125689596,0.0,2.577000122400932,-0.23700001125689596,0.0,2.577000122400932,2.577000122400932,0x14,high
00b,Ivy,unresolved,108,-0.23700001125689596,0.0,2.5800001225434244,-0.23700001125689596,0.0,2.5800001225434244,2.5800001225434244,0x14,high
00b,Ivy,unresolved,109,-0.23700001125689596,0.0,2.581000122590922,-0.23700001125689596,0.0,2.581000122590922,2.581000122590922,0x14,high
00c,Kilik,unresolved,0,0.0,0.0,0.0,0.0,0.0,0.0,0.0,0x14,high
00c,Kilik,unresolved,1,0.0,0.0,0.006000000284984708,0.0,0.0,0.006000000284984708,0.006000000284984708,0x14,high
00c,Kilik,unresolved,2,0.0,0.0,0.028000001329928637,0.0,0.0,0.028000001329928637,0.028000001329928637,0x14,high
00c,Kilik,unresolved,3,-0.0010000000474974513,0.0,0.06200000294484198,-0.0010000000474974513,0.0,0.06200000294484198,0.06200000294484198,0x14,high
00c,Kilik,unresolved,4,-0.0010000000474974513,0.0,0.10500000498723239,-0.0010000000474974513,0.0,0.10500000498723239,0.10500000498723239,0x14,high
00c,Kilik,unresolved,5,0.009000000427477062,0.0,0.1560000074096024,0.009000000427477062,0.0,0.1560000074096024,0.1560000074096024,0x14,high
00c,Kilik,unresolved,6,0.029000001377426088,0.0,0.21100001002196223,0.029000001377426088,0.0,0.21100001002196223,0.21100001002196223,0x14,high
00c,Kilik,unresolved,7,0.04400000208988786,0.0,0.26400001253932714,0.04400000208988786,0.0,0.26400001253932714,0.26400001253932714,0x14,high
00c,Kilik,unresolved,8,0.05500000261235982,0.0,0.308000014629215,0.05500000261235982,0.0,0.308000014629215,0.308000014629215,0x14,high
00c,Kilik,unresolved,9,0.06200000294484198,0.0,0.3450000163866207,0.06200000294484198,0.0,0.3450000163866207,0.3450000163866207,0x14,high
00c,Kilik,unresolved,10,0.06500000308733433,0.0,0.37500001781154424,0.06500000308733433,0.0,0.37500001781154424,0.37500001781154424,0x14,high
00c,Kilik,unresolved,11,0.06600000313483179,0.0,0.39900001895148307,0.06600000313483179,0.0,0.39900001895148307,0.39900001895148307,0x14,high
00c,Kilik,unresolved,12,0.06500000308733433,0.0,0.4190000199014321,0.06500000308733433,0.0,0.4190000199014321,0.4190000199014321,0x14,high
00c,Kilik,unresolved,13,0.06400000303983688,0.0,0.4370000207563862,0.06400000303983688,0.0,0.4370000207563862,0.4370000207563862,0x14,high
00c,Kilik,unresolved,14,0.06200000294484198,0.0,0.4500000213738531,0.06200000294484198,0.0,0.4500000213738531,0.4500000213738531,0x14,high
00c,Kilik,unresolved,15,0.06000000284984708,0.0,0.4640000220388174,0.06000000284984708,0.0,0.4640000220388174,0.4640000220388174,0x14,high
00c,Kilik,unresolved,16,0.057000002707354724,0.0,0.4760000226087868,0.057000002707354724,0.0,0.4760000226087868,0.4760000226087868,0x14,high
00c,Kilik,unresolved,17,0.05300000251736492,0.0,0.4890000232262537,0.05300000251736492,0.0,0.4890000232262537,0.4890000232262537,0x14,high
00c,Kilik,unresolved,18,0.049000002327375114,0.0,0.5020000238437206,0.049000002327375114,0.0,0.5020000238437206,0.5020000238437206,0x14,high
00c,Kilik,unresolved,19,0.04400000208988786,0.0,0.5190000246511772,0.04400000208988786,0.0,0.5190000246511772,0.5190000246511772,0x14,high
00c,Kilik,unresolved,20,0.04000000189989805,0.0,0.5420000257436186,0.04000000189989805,0.0,0.5420000257436186,0.5420000257436186,0x14,high
00c,Kilik,unresolved,21,0.035000001662410796,0.0,0.576000027358532,0.035000001662410796,0.0,0.576000027358532,0.576000027358532,0x14,high
00c,Kilik,unresolved,22,0.03100000147242099,0.0,0.6390000303508714,0.03100000147242099,0.0,0.6390000303508714,0.6390000303508714,0x14,high
00c,Kilik,unresolved,23,0.029000001377426088,0.0,0.7300000346731395,0.029000001377426088,0.0,0.7300000346731395,0.7300000346731395,0x14,high
00c,Kilik,unresolved,24,0.027000001282431185,0.0,0.8370000397553667,0.027000001282431185,0.0,0.8370000397553667,0.8370000397553667,0x14,high
00c,Kilik,unresolved,25,0.027000001282431185,0.0,0.9470000449800864,0.027000001282431185,0.0,0.9470000449800864,0.9470000449800864,0x14,high
00c,Kilik,unresolved,26,0.028000001329928637,0.0,1.0010000475449488,0.028000001329928637,0.0,1.0010000475449488,1.0010000475449488,0x14,high
00c,Kilik,unresolved,27,0.03200000151991844,0.0,1.0000000474974513,0.03200000151991844,0.0,1.0000000474974513,1.0000000474974513,0x14,high
00c,Kilik,unresolved,28,0.03600000170990825,0.0,0.9980000474024564,0.03600000170990825,0.0,0.9980000474024564,0.9980000474024564,0x14,high
00c,Kilik,unresolved,29,0.04000000189989805,0.0,0.995000047259964,0.04000000189989805,0.0,0.995000047259964,0.995000047259964,0x14,high
00c,Kilik,unresolved,30,0.04400000208988786,0.0,0.9920000471174717,0.04400000208988786,0.0,0.9920000471174717,0.9920000471174717,0x14,high
00c,Kilik,unresolved,31,0.04700000223238021,0.0,0.9870000468799844,0.04700000223238021,0.0,0.9870000468799844,0.9870000468799844,0x14,high
00c,Kilik,unresolved,32,0.049000002327375114,0.0,0.9830000466899946,0.049000002327375114,0.0,0.9830000466899946,0.9830000466899946,0x14,high
00c,Kilik,unresolved,33,0.05100000242237002,0.0,0.9780000464525074,0.05100000242237002,0.0,0.9780000464525074,0.9780000464525074,0x14,high
00c,Kilik,unresolved,34,0.05200000246986747,0.0,0.9730000462150201,0.05200000246986747,0.0,0.9730000462150201,0.9730000462150201,0x14,high
00c,Kilik,unresolved,35,0.05200000246986747,0.0,0.9670000459300354,0.05200000246986747,0.0,0.9670000459300354,0.9670000459300354,0x14,high
00c,Kilik,unresolved,36,0.05300000251736492,0.0,0.9620000456925482,0.05300000251736492,0.0,0.9620000456925482,0.9620000456925482,0x14,high
00c,Kilik,unresolved,37,0.05200000246986747,0.0,0.955000045360066,0.05200000246986747,0.0,0.955000045360066,0.955000045360066,0x14,high
00c,Kilik,unresolved,38,0.05200000246986747,0.0,0.9490000450750813,0.05200000246986747,0.0,0.9490000450750813,0.9490000450750813,0x14,high
00c,Kilik,unresolved,39,0.05100000242237002,0.0,0.9430000447900966,0.05100000242237002,0.0,0.9430000447900966,0.9430000447900966,0x14,high
00c,Kilik,unresolved,40,0.050000002374872565,0.0,0.9360000444576144,0.050000002374872565,0.0,0.9360000444576144,0.9360000444576144,0x14,high
00c,Kilik,unresolved,41,0.04800000227987766,0.0,0.9290000441251323,0.04800000227987766,0.0,0.9290000441251323,0.9290000441251323,0x14,high
00c,Kilik,unresolved,42,0.04600000218488276,0.0,0.9220000437926501,0.04600000218488276,0.0,0.9220000437926501,0.9220000437926501,0x14,high
00c,Kilik,unresolved,43,0.04400000208988786,0.0,0.9150000434601679,0.04400000208988786,0.0,0.9150000434601679,0.9150000434601679,0x14,high
00c,Kilik,unresolved,44,0.042000001994892955,0.0,0.9090000431751832,0.042000001994892955,0.0,0.9090000431751832,0.9090000431751832,0x14,high
00c,Kilik,unresolved,45,0.0390000018524006,0.0,0.9020000428427011,0.0390000018524006,0.0,0.9020000428427011,0.9020000428427011,0x14,high
00c,Kilik,unresolved,46,0.0370000017574057,0.0,0.8950000425102189,0.0370000017574057,0.0,0.8950000425102189,0.8950000425102189,0x14,high
00c,Kilik,unresolved,47,0.034000001614913344,0.0,0.8880000421777368,0.034000001614913344,0.0,0.8880000421777368,0.8880000421777368,0x14,high
00c,Kilik,unresolved,48,0.03100000147242099,0.0,0.8810000418452546,0.03100000147242099,0.0,0.8810000418452546,0.8810000418452546,0x14,high
00c,Kilik,unresolved,49,0.028000001329928637,0.0,0.8740000415127724,0.028000001329928637,0.0,0.8740000415127724,0.8740000415127724,0x14,high
00c,Kilik,unresolved,50,0.026000001234933734,0.0,0.8680000412277877,0.026000001234933734,0.0,0.8680000412277877,0.8680000412277877,0x14,high
00c,Kilik,unresolved,51,0.02300000109244138,0.0,0.8610000408953056,0.02300000109244138,0.0,0.8610000408953056,0.8610000408953056,0x14,high
00c,Kilik,unresolved,52,0.020000000949949026,0.0,0.8550000406103209,0.020000000949949026,0.0,0.8550000406103209,0.8550000406103209,0x14,high
00c,Kilik,unresolved,53,0.017000000807456672,0.0,0.8500000403728336,0.017000000807456672,0.0,0.8500000403728336,0.8500000403728336,0x14,high
00c,Kilik,unresolved,54,0.014000000664964318,0.0,0.8440000400878489,0.014000000664964318,0.0,0.8440000400878489,0.8440000400878489,0x14,high
00c,Kilik,unresolved,55,0.012000000569969416,0.0,0.8390000398503616,0.012000000569969416,0.0,0.8390000398503616,0.8390000398503616,0x14,high
00c,Kilik,unresolved,56,0.009000000427477062,0.0,0.8350000396603718,0.009000000427477062,0.0,0.8350000396603718,0.8350000396603718,0x14,high
00c,Kilik,unresolved,57,0.007000000332482159,0.0,0.831000039470382,0.007000000332482159,0.0,0.831000039470382,0.831000039470382,0x14,high
00c,Kilik,unresolved,58,0.0050000002374872565,0.0,0.8270000392803922,0.0050000002374872565,0.0,0.8270000392803922,0.8270000392803922,0x14,high
00c,Kilik,unresolved,59,0.004000000189989805,0.0,0.8240000391378999,0.004000000189989805,0.0,0.8240000391378999,0.8240000391378999,0x14,high
00c,Kilik,unresolved,60,0.0020000000949949026,0.0,0.822000039042905,0.0020000000949949026,0.0,0.822000039042905,0.822000039042905,0x14,high
00c,Kilik,unresolved,61,0.0010000000474974513,0.0,0.8200000389479101,0.0010000000474974513,0.0,0.8200000389479101,0.8200000389479101,0x14,high
00c,Kilik,unresolved,62,0.0,0.0,0.8180000388529152,0.0,0.0,0.8180000388529152,0.8180000388529152,0x14,high
00c,Kilik,unresolved,63,0.0,0.0,0.8180000388529152,0.0,0.0,0.8180000388529152,0.8180000388529152,0x14,high
00c,Kilik,unresolved,64,0.0,0.0,0.8180000388529152,0.0,0.0,0.8180000388529152,0.8180000388529152,0x14,high
00d,Xianghua,trusted_basic,0,0.029000001377426088,0.0,0.058000002754852176,0.029000001377426088,0.0,0.058000002754852176,0.058000002754852176,0x14,high
00d,Xianghua,trusted_basic,1,0.05100000242237002,0.0,0.11800000560469925,0.05100000242237002,0.0,0.11800000560469925,0.11800000560469925,0x14,high
00d,Xianghua,trusted_basic,2,0.06600000313483179,0.0,0.17900000850204378,0.06600000313483179,0.0,0.17900000850204378,0.17900000850204378,0x14,high
00d,Xianghua,trusted_basic,3,0.0740000035148114,0.0,0.24200001149438322,0.0740000035148114,0.0,0.24200001149438322,0.24200001149438322,0x14,high
00d,Xianghua,trusted_basic,4,0.07700000365730375,0.0,0.3060000145342201,0.07700000365730375,0.0,0.3060000145342201,0.3060000145342201,0x14,high
00d,Xianghua,trusted_basic,5,0.07500000356230885,0.0,0.3720000176690519,0.07500000356230885,0.0,0.3720000176690519,0.3720000176690519,0x14,high
00d,Xianghua,trusted_basic,6,0.07100000337231904,0.0,0.4370000207563862,0.07100000337231904,0.0,0.4370000207563862,0.4370000207563862,0x14,high
00d,Xianghua,trusted_basic,7,0.06600000313483179,0.0,0.5000000237487257,0.06600000313483179,0.0,0.5000000237487257,0.5000000237487257,0x14,high
00d,Xianghua,trusted_basic,8,0.057000002707354724,0.0,0.5620000266935676,0.057000002707354724,0.0,0.5620000266935676,0.5620000266935676,0x14,high
00d,Xianghua,trusted_basic,9,0.04700000223238021,0.0,0.5950000282609835,0.04700000223238021,0.0,0.5950000282609835,0.5950000282609835,0x14,high
00d,Xianghua,trusted_basic,10,0.03600000170990825,0.0,0.6170000293059275,0.03600000170990825,0.0,0.6170000293059275,0.6170000293059275,0x14,high
00d,Xianghua,trusted_basic,11,0.02300000109244138,0.0,0.6370000302558765,0.02300000109244138,0.0,0.6370000302558765,0.6370000302558765,0x14,high
00d,Xianghua,trusted_basic,12,0.011000000522471964,0.0,0.6550000311108306,0.011000000522471964,0.0,0.6550000311108306,0.6550000311108306,0x14,high
00d,Xianghua,trusted_basic,13,0.0,0.0,0.6700000318232924,0.0,0.0,0.6700000318232924,0.6700000318232924,0x14,high
00d,Xianghua,trusted_basic,14,-0.009000000427477062,0.0,0.6820000323932618,-0.009000000427477062,0.0,0.6820000323932618,0.6820000323932618,0x14,high
00d,Xianghua,trusted_basic,15,-0.018000000854954123,0.0,0.6930000329157338,-0.018000000854954123,0.0,0.6930000329157338,0.6930000329157338,0x14,high
00d,Xianghua,trusted_basic,16,-0.028000001329928637,0.0,0.7050000334857032,-0.028000001329928637,0.0,0.7050000334857032,0.7050000334857032,0x14,high
00d,Xianghua,trusted_basic,17,-0.0390000018524006,0.0,0.7160000340081751,-0.0390000018524006,0.0,0.7160000340081751,0.7160000340081751,0x14,high
00d,Xianghua,trusted_basic,18,-0.049000002327375114,0.0,0.7270000345306471,-0.049000002327375114,0.0,0.7270000345306471,0.7270000345306471,0x14,high
00d,Xianghua,trusted_basic,19,-0.05900000280234963,0.0,0.7380000350531191,-0.05900000280234963,0.0,0.7380000350531191,0.7380000350531191,0x14,high
00d,Xianghua,trusted_basic,20,-0.06800000322982669,0.0,0.7480000355280936,-0.06800000322982669,0.0,0.7480000355280936,0.7480000355280936,0x14,high
00d,Xianghua,trusted_basic,21,-0.07500000356230885,0.0,0.7570000359555706,-0.07500000356230885,0.0,0.7570000359555706,0.7570000359555706,0x14,high
00d,Xianghua,trusted_basic,22,-0.08100000384729356,0.0,0.7660000363830477,-0.08100000384729356,0.0,0.7660000363830477,0.7660000363830477,0x14,high
00d,Xianghua,trusted_basic,23,-0.08500000403728336,0.0,0.7750000368105248,-0.08500000403728336,0.0,0.7750000368105248,0.7750000368105248,0x14,high
00d,Xianghua,trusted_basic,24,-0.08700000413227826,0.0,0.7830000371905044,-0.08700000413227826,0.0,0.7830000371905044,0.7830000371905044,0x14,high
00d,Xianghua,trusted_basic,25,-0.08900000422727317,0.0,0.7900000375229865,-0.08900000422727317,0.0,0.7900000375229865,0.7900000375229865,0x14,high
00d,Xianghua,trusted_basic,26,-0.09000000427477062,0.0,0.7960000378079712,-0.09000000427477062,0.0,0.7960000378079712,0.7960000378079712,0x14,high
00d,Xianghua,trusted_basic,27,-0.09100000432226807,0.0,0.802000038092956,-0.09100000432226807,0.0,0.802000038092956,0.802000038092956,0x14,high
00d,Xianghua,trusted_basic,28,-0.09200000436976552,0.0,0.8080000383779407,-0.09200000436976552,0.0,0.8080000383779407,0.8080000383779407,0x14,high
00d,Xianghua,trusted_basic,29,-0.09200000436976552,0.0,0.8130000386154279,-0.09200000436976552,0.0,0.8130000386154279,0.8130000386154279,0x14,high
00d,Xianghua,trusted_basic,30,-0.09300000441726297,0.0,0.8170000388054177,-0.09300000441726297,0.0,0.8170000388054177,0.8170000388054177,0x14,high
00d,Xianghua,trusted_basic,31,-0.09300000441726297,0.0,0.8200000389479101,-0.09300000441726297,0.0,0.8200000389479101,0.8200000389479101,0x14,high
00d,Xianghua,trusted_basic,32,-0.09200000436976552,0.0,0.822000039042905,-0.09200000436976552,0.0,0.822000039042905,0.822000039042905,0x14,high
00d,Xianghua,trusted_basic,33,-0.09200000436976552,0.0,0.822000039042905,-0.09200000436976552,0.0,0.822000039042905,0.822000039042905,0x14,high
00d,Xianghua,trusted_basic,34,-0.09200000436976552,0.0,0.8230000390904024,-0.09200000436976552,0.0,0.8230000390904024,0.8230000390904024,0x14,high
00d,Xianghua,trusted_basic,35,-0.09100000432226807,0.0,0.8230000390904024,-0.09100000432226807,0.0,0.8230000390904024,0.8230000390904024,0x14,high
00d,Xianghua,trusted_basic,36,-0.09100000432226807,0.0,0.8240000391378999,-0.09100000432226807,0.0,0.8240000391378999,0.8240000391378999,0x14,high
00d,Xianghua,trusted_basic,37,-0.09000000427477062,0.0,0.8240000391378999,-0.09000000427477062,0.0,0.8240000391378999,0.8240000391378999,0x14,high
00d,Xianghua,trusted_basic,38,-0.08900000422727317,0.0,0.8250000391853973,-0.08900000422727317,0.0,0.8250000391853973,0.8250000391853973,0x14,high
00d,Xianghua,trusted_basic,39,-0.08700000413227826,0.0,0.8250000391853973,-0.08700000413227826,0.0,0.8250000391853973,0.8250000391853973,0x14,high
00d,Xianghua,trusted_basic,40,-0.08600000408478081,0.0,0.8260000392328948,-0.08600000408478081,0.0,0.8260000392328948,0.8260000392328948,0x14,high
00d,Xianghua,trusted_basic,41,-0.08400000398978591,0.0,0.8260000392328948,-0.08400000398978591,0.0,0.8260000392328948,0.8260000392328948,0x14,high
00d,Xianghua,trusted_basic,42,-0.08200000389479101,0.0,0.8260000392328948,-0.08200000389479101,0.0,0.8260000392328948,0.8260000392328948,0x14,high
00d,Xianghua,trusted_basic,43,-0.08100000384729356,0.0,0.8250000391853973,-0.08100000384729356,0.0,0.8250000391853973,0.8250000391853973,0x14,high
00d,Xianghua,trusted_basic,44,-0.07900000375229865,0.0,0.8210000389954075,-0.07900000375229865,0.0,0.8210000389954075,0.8210000389954075,0x14,high
00d,Xianghua,trusted_basic,45,-0.07700000365730375,0.0,0.8160000387579203,-0.07700000365730375,0.0,0.8160000387579203,0.8160000387579203,0x14,high
00d,Xianghua,trusted_basic,46,-0.0740000035148114,0.0,0.8100000384729356,-0.0740000035148114,0.0,0.8100000384729356,0.8100000384729356,0x14,high
00d,Xianghua,trusted_basic,47,-0.07000000332482159,0.0,0.8030000381404534,-0.07000000332482159,0.0,0.8030000381404534,0.8030000381404534,0x14,high
00d,Xianghua,trusted_basic,48,-0.06600000313483179,0.0,0.7960000378079712,-0.06600000313483179,0.0,0.7960000378079712,0.7960000378079712,0x14,high
00d,Xianghua,trusted_basic,49,-0.06200000294484198,0.0,0.7880000374279916,-0.06200000294484198,0.0,0.7880000374279916,0.7880000374279916,0x14,high
00d,Xianghua,trusted_basic,50,-0.058000002754852176,0.0,0.780000037048012,-0.058000002754852176,0.0,0.780000037048012,0.780000037048012,0x14,high
00d,Xianghua,trusted_basic,51,-0.05400000256486237,0.0,0.7730000367155299,-0.05400000256486237,0.0,0.7730000367155299,0.7730000367155299,0x14,high
00d,Xianghua,trusted_basic,52,-0.050000002374872565,0.0,0.7670000364305452,-0.050000002374872565,0.0,0.7670000364305452,0.7670000364305452,0x14,high
00d,Xianghua,trusted_basic,53,-0.04600000218488276,0.0,0.7610000361455604,-0.04600000218488276,0.0,0.7610000361455604,0.7610000361455604,0x14,high
00d,Xianghua,trusted_basic,54,-0.042000001994892955,0.0,0.7570000359555706,-0.042000001994892955,0.0,0.7570000359555706,0.7570000359555706,0x14,high
00d,Xianghua,trusted_basic,55,-0.0390000018524006,0.0,0.7540000358130783,-0.0390000018524006,0.0,0.7540000358130783,0.7540000358130783,0x14,high
00d,Xianghua,trusted_basic,56,-0.035000001662410796,0.0,0.7540000358130783,-0.035000001662410796,0.0,0.7540000358130783,0.7540000358130783,0x14,high
00d,Xianghua,trusted_basic,57,-0.03300000156741589,0.0,0.7560000359080732,-0.03300000156741589,0.0,0.7560000359080732,0.7560000359080732,0x14,high
00d,Xianghua,trusted_basic,58,-0.03100000147242099,0.0,0.760000036098063,-0.03100000147242099,0.0,0.760000036098063,0.760000036098063,0x14,high
00d,Xianghua,trusted_basic,59,-0.03000000142492354,0.0,0.7630000362405553,-0.03000000142492354,0.0,0.7630000362405553,0.7630000362405553,0x14,high
00d,Xianghua,trusted_basic,60,-0.03000000142492354,0.0,0.7630000362405553,-0.03000000142492354,0.0,0.7630000362405553,0.7630000362405553,0x14,high
00f,Yoshimitsu,unresolved,0,0.0,0.0,0.014000000664964318,0.0,0.0,0.014000000664964318,0.014000000664964318,0x14,high
00f,Yoshimitsu,unresolved,1,0.0,0.0,0.03000000142492354,0.0,0.0,0.03000000142492354,0.03000000142492354,0x14,high
00f,Yoshimitsu,unresolved,2,0.0,0.0,0.034000001614913344,0.0,0.0,0.034000001614913344,0.034000001614913344,0x14,high
00f,Yoshimitsu,unresolved,3,-0.0020000000949949026,0.0,0.04700000223238021,-0.0020000000949949026,0.0,0.04700000223238021,0.04700000223238021,0x14,high
00f,Yoshimitsu,unresolved,4,-0.010000000474974513,0.0,0.06800000322982669,-0.010000000474974513,0.0,0.06800000322982669,0.06800000322982669,0x14,high
00f,Yoshimitsu,unresolved,5,-0.019000000902451575,0.0,0.09400000446476042,-0.019000000902451575,0.0,0.09400000446476042,0.09400000446476042,0x14,high
00f,Yoshimitsu,unresolved,6,-0.029000001377426088,0.0,0.12700000603217632,-0.029000001377426088,0.0,0.12700000603217632,0.12700000603217632,0x14,high
00f,Yoshimitsu,unresolved,7,-0.03800000180490315,0.0,0.16500000783707947,-0.03800000180490315,0.0,0.16500000783707947,0.16500000783707947,0x14,high
00f,Yoshimitsu,unresolved,8,-0.04600000218488276,0.0,0.20800000987946987,-0.04600000218488276,0.0,0.20800000987946987,0.20800000987946987,0x14,high
00f,Yoshimitsu,unresolved,9,-0.05300000251736492,0.0,0.2550000121118501,-0.05300000251736492,0.0,0.2550000121118501,0.2550000121118501,0x14,high
00f,Yoshimitsu,unresolved,10,-0.06000000284984708,0.0,0.30500001448672265,-0.06000000284984708,0.0,0.30500001448672265,0.30500001448672265,0x14,high
00f,Yoshimitsu,unresolved,11,-0.06800000322982669,0.0,0.3570000169565901,-0.06800000322982669,0.0,0.3570000169565901,0.3570000169565901,0x14,high
00f,Yoshimitsu,unresolved,12,-0.0760000036098063,0.0,0.4130000196164474,-0.0760000036098063,0.0,0.4130000196164474,0.4130000196164474,0x14,high
00f,Yoshimitsu,unresolved,13,-0.0780000037048012,0.0,0.46900002227630466,-0.0780000037048012,0.0,0.46900002227630466,0.46900002227630466,0x14,high
00f,Yoshimitsu,unresolved,14,-0.07700000365730375,0.0,0.5090000241762027,-0.07700000365730375,0.0,0.5090000241762027,0.5090000241762027,0x14,high
00f,Yoshimitsu,unresolved,15,-0.0740000035148114,0.0,0.5260000249836594,-0.0740000035148114,0.0,0.5260000249836594,0.5260000249836594,0x14,high
00f,Yoshimitsu,unresolved,16,-0.07100000337231904,0.0,0.5410000256961212,-0.07100000337231904,0.0,0.5410000256961212,0.5410000256961212,0x14,high
00f,Yoshimitsu,unresolved,17,-0.06800000322982669,0.0,0.5520000262185931,-0.06800000322982669,0.0,0.5520000262185931,0.5520000262185931,0x14,high
00f,Yoshimitsu,unresolved,18,-0.06700000318232924,0.0,0.5590000265510753,-0.06700000318232924,0.0,0.5590000265510753,0.5590000265510753,0x14,high
00f,Yoshimitsu,unresolved,19,-0.06500000308733433,0.0,0.5630000267410651,-0.06500000308733433,0.0,0.5630000267410651,0.5630000267410651,0x14,high
00f,Yoshimitsu,unresolved,20,-0.06300000299233943,0.0,0.56500002683606,-0.06300000299233943,0.0,0.56500002683606,0.56500002683606,0x14,high
00f,Yoshimitsu,unresolved,21,-0.06000000284984708,0.0,0.5630000267410651,-0.06000000284984708,0.0,0.5630000267410651,0.5630000267410651,0x14,high
00f,Yoshimitsu,unresolved,22,-0.058000002754852176,0.0,0.5590000265510753,-0.058000002754852176,0.0,0.5590000265510753,0.5590000265510753,0x14,high
00f,Yoshimitsu,unresolved,23,-0.05600000265985727,0.0,0.5510000261710957,-0.05600000265985727,0.0,0.5510000261710957,0.5510000261710957,0x14,high
00f,Yoshimitsu,unresolved,24,-0.05400000256486237,0.0,0.5390000256011263,-0.05400000256486237,0.0,0.5390000256011263,0.5390000256011263,0x14,high
00f,Yoshimitsu,unresolved,25,-0.05200000246986747,0.0,0.5250000249361619,-0.05200000246986747,0.0,0.5250000249361619,0.5250000249361619,0x14,high
00f,Yoshimitsu,unresolved,26,-0.049000002327375114,0.0,0.5090000241762027,-0.049000002327375114,0.0,0.5090000241762027,0.5090000241762027,0x14,high
00f,Yoshimitsu,unresolved,27,-0.04700000223238021,0.0,0.49200002336874604,-0.04700000223238021,0.0,0.49200002336874604,0.49200002336874604,0x14,high
00f,Yoshimitsu,unresolved,28,-0.04400000208988786,0.0,0.47300002246629447,-0.04400000208988786,0.0,0.47300002246629447,0.47300002246629447,0x14,high
00f,Yoshimitsu,unresolved,29,-0.041000001947395504,0.0,0.45500002161134034,-0.041000001947395504,0.0,0.45500002161134034,0.45500002161134034,0x14,high
00f,Yoshimitsu,unresolved,30,-0.0390000018524006,0.0,0.4350000206613913,-0.0390000018524006,0.0,0.4350000206613913,0.4350000206613913,0x14,high
00f,Yoshimitsu,unresolved,31,-0.03600000170990825,0.0,0.41600001975893974,-0.03600000170990825,0.0,0.41600001975893974,0.41600001975893974,0x14,high
00f,Yoshimitsu,unresolved,32,-0.03300000156741589,0.0,0.3980000189039856,-0.03300000156741589,0.0,0.3980000189039856,0.3980000189039856,0x14,high
00f,Yoshimitsu,unresolved,33,-0.03100000147242099,0.0,0.3820000181440264,-0.03100000147242099,0.0,0.3820000181440264,0.3820000181440264,0x14,high
00f,Yoshimitsu,unresolved,34,-0.028000001329928637,0.0,0.36700001743156463,-0.028000001329928637,0.0,0.36700001743156463,0.36700001743156463,0x14,high
00f,Yoshimitsu,unresolved,35,-0.025000001187436283,0.0,0.3550000168615952,-0.025000001187436283,0.0,0.3550000168615952,0.3550000168615952,0x14,high
00f,Yoshimitsu,unresolved,36,-0.02300000109244138,0.0,0.34600001643411815,-0.02300000109244138,0.0,0.34600001643411815,0.34600001643411815,0x14,high
00f,Yoshimitsu,unresolved,37,-0.020000000949949026,0.0,0.339000016101636,-0.020000000949949026,0.0,0.339000016101636,0.339000016101636,0x14,high
00f,Yoshimitsu,unresolved,38,-0.018000000854954123,0.0,0.3350000159116462,-0.018000000854954123,0.0,0.3350000159116462,0.3350000159116462,0x14,high
00f,Yoshimitsu,unresolved,39,-0.01500000071246177,0.0,0.3310000157216564,-0.01500000071246177,0.0,0.3310000157216564,0.3310000157216564,0x14,high
00f,Yoshimitsu,unresolved,40,-0.013000000617466867,0.0,0.32800001557916403,-0.013000000617466867,0.0,0.32800001557916403,0.32800001557916403,0x14,high
00f,Yoshimitsu,unresolved,41,-0.011000000522471964,0.0,0.3260000154841691,-0.011000000522471964,0.0,0.3260000154841691,0.3260000154841691,0x14,high
00f,Yoshimitsu,unresolved,42,-0.009000000427477062,0.0,0.3240000153891742,-0.009000000427477062,0.0,0.3240000153891742,0.3240000153891742,0x14,high
00f,Yoshimitsu,unresolved,43,-0.007000000332482159,0.0,0.3220000152941793,-0.007000000332482159,0.0,0.3220000152941793,0.3220000152941793,0x14,high
00f,Yoshimitsu,unresolved,44,-0.0050000002374872565,0.0,0.32100001524668187,-0.0050000002374872565,0.0,0.32100001524668187,0.32100001524668187,0x14,high
00f,Yoshimitsu,unresolved,45,-0.004000000189989805,0.0,0.3200000151991844,-0.004000000189989805,0.0,0.3200000151991844,0.3200000151991844,0x14,high
00f,Yoshimitsu,unresolved,46,-0.003000000142492354,0.0,0.3200000151991844,-0.003000000142492354,0.0,0.3200000151991844,0.3200000151991844,0x14,high
00f,Yoshimitsu,unresolved,47,-0.0020000000949949026,0.0,0.31900001515168697,-0.0020000000949949026,0.0,0.31900001515168697,0.31900001515168697,0x14,high
00f,Yoshimitsu,unresolved,48,-0.0010000000474974513,0.0,0.31900001515168697,-0.0010000000474974513,0.0,0.31900001515168697,0.31900001515168697,0x14,high
00f,Yoshimitsu,unresolved,49,0.0,0.0,0.31900001515168697,0.0,0.0,0.31900001515168697,0.31900001515168697,0x14,high
00f,Yoshimitsu,unresolved,50,0.0,0.0,0.31900001515168697,0.0,0.0,0.31900001515168697,0.31900001515168697,0x14,high
00f,Yoshimitsu,unresolved,51,0.0,0.0,0.3200000151991844,0.0,0.0,0.3200000151991844,0.3200000151991844,0x14,high
011,Nightmare,trusted_basic,0,0.0,0.0,0.0,0.0,0.0,0.0,0.0,0x14,high
011,Nightmare,trusted_basic,1,0.0,0.0,0.0,0.0,0.0,0.0,0.0,0x14,high
011,Nightmare,trusted_basic,2,0.0,0.0,-0.0050000002374872565,0.0,0.0,-0.0050000002374872565,0.0050000002374872565,0x14,high
011,Nightmare,trusted_basic,3,0.0,0.0,-0.014000000664964318,0.0,0.0,-0.014000000664964318,0.014000000664964318,0x14,high
011,Nightmare,trusted_basic,4,0.0,0.0,-0.026000001234933734,0.0,0.0,-0.026000001234933734,0.026000001234933734,0x14,high
011,Nightmare,trusted_basic,5,-0.0010000000474974513,0.0,-0.041000001947395504,-0.0010000000474974513,0.0,-0.041000001947395504,0.041000001947395504,0x14,high
011,Nightmare,trusted_basic,6,-0.0020000000949949026,0.0,-0.05900000280234963,-0.0020000000949949026,0.0,-0.05900000280234963,0.05900000280234963,0x14,high
011,Nightmare,trusted_basic,7,-0.003000000142492354,0.0,-0.0800000037997961,-0.003000000142492354,0.0,-0.0800000037997961,0.0800000037997961,0x14,high
011,Nightmare,trusted_basic,8,-0.0050000002374872565,0.0,-0.10400000493973494,-0.0050000002374872565,0.0,-0.10400000493973494,0.10400000493973494,0x14,high
011,Nightmare,trusted_basic,9,-0.007000000332482159,0.0,-0.13200000626966357,-0.007000000332482159,0.0,-0.13200000626966357,0.13200000626966357,0x14,high
011,Nightmare,trusted_basic,10,-0.010000000474974513,0.0,-0.1620000076945871,-0.010000000474974513,0.0,-0.1620000076945871,0.1620000076945871,0x14,high
011,Nightmare,trusted_basic,11,-0.013000000617466867,0.0,-0.195000009262003,-0.013000000617466867,0.0,-0.195000009262003,0.195000009262003,0x14,high
011,Nightmare,trusted_basic,12,-0.017000000807456672,0.0,-0.23100001097191125,-0.017000000807456672,0.0,-0.23100001097191125,0.23100001097191125,0x14,high
011,Nightmare,trusted_basic,13,-0.02200000104494393,0.0,-0.2690000127768144,-0.02200000104494393,0.0,-0.2690000127768144,0.2690000127768144,0x14,high
011,Nightmare,trusted_basic,14,-0.027000001282431185,0.0,-0.30900001467671245,-0.027000001282431185,0.0,-0.30900001467671245,0.30900001467671245,0x14,high
011,Nightmare,trusted_basic,15,-0.03300000156741589,0.0,-0.3530000167666003,-0.03300000156741589,0.0,-0.3530000167666003,0.3530000167666003,0x14,high
011,Nightmare,trusted_basic,16,-0.04000000189989805,0.0,-0.39900001895148307,-0.04000000189989805,0.0,-0.39900001895148307,0.39900001895148307,0x14,high
011,Nightmare,trusted_basic,17,-0.04700000223238021,0.0,-0.44500002113636583,-0.04700000223238021,0.0,-0.44500002113636583,0.44500002113636583,0x14,high
011,Nightmare,trusted_basic,18,-0.05500000261235982,0.0,-0.49000002327375114,-0.05500000261235982,0.0,-0.49000002327375114,0.49000002327375114,0x14,high
011,Nightmare,trusted_basic,19,-0.06400000303983688,0.0,-0.534000025363639,-0.06400000303983688,0.0,-0.534000025363639,0.534000025363639,0x14,high
011,Nightmare,trusted_basic,20,-0.0740000035148114,0.0,-0.574000027263537,-0.0740000035148114,0.0,-0.574000027263537,0.574000027263537,0x14,high
011,Nightmare,trusted_basic,21,-0.08400000398978591,0.0,-0.6130000291159377,-0.08400000398978591,0.0,-0.6130000291159377,0.6130000291159377,0x14,high
011,Nightmare,trusted_basic,22,-0.09300000441726297,0.0,-0.6490000308258459,-0.09300000441726297,0.0,-0.6490000308258459,0.6490000308258459,0x14,high
011,Nightmare,trusted_basic,23,-0.10300000489223748,0.0,-0.6820000323932618,-0.10300000489223748,0.0,-0.6820000323932618,0.6820000323932618,0x14,high
011,Nightmare,trusted_basic,24,-0.11200000531971455,0.0,-0.7130000338656828,-0.11200000531971455,0.0,-0.7130000338656828,0.7130000338656828,0x14,high
011,Nightmare,trusted_basic,25,-0.12100000574719161,0.0,-0.7390000351006165,-0.12100000574719161,0.0,-0.7390000351006165,0.7390000351006165,0x14,high
011,Nightmare,trusted_basic,26,-0.12900000612717122,0.0,-0.7630000362405553,-0.12900000612717122,0.0,-0.7630000362405553,0.7630000362405553,0x14,high
011,Nightmare,trusted_basic,27,-0.13600000645965338,0.0,-0.7820000371430069,-0.13600000645965338,0.0,-0.7820000371430069,0.7820000371430069,0x14,high
011,Nightmare,trusted_basic,28,-0.14100000669714063,0.0,-0.7980000379029661,-0.14100000669714063,0.0,-0.7980000379029661,0.7980000379029661,0x14,high
011,Nightmare,trusted_basic,29,-0.1460000069346279,0.0,-0.8090000384254381,-0.1460000069346279,0.0,-0.8090000384254381,0.8090000384254381,0x14,high
011,Nightmare,trusted_basic,30,-0.14900000707712024,0.0,-0.8170000388054177,-0.14900000707712024,0.0,-0.8170000388054177,0.8170000388054177,0x14,high
011,Nightmare,trusted_basic,31,-0.14900000707712024,0.0,-0.8190000389004126,-0.14900000707712024,0.0,-0.8190000389004126,0.8190000389004126,0x14,high
012,Astaroth,unresolved,0,-0.0050000002374872565,0.0,0.0,-0.0050000002374872565,0.0,0.0,0.0,0x14,high
012,Astaroth,unresolved,1,-0.02200000104494393,0.0,0.0,-0.02200000104494393,0.0,0.0,0.0,0x14,high
012,Astaroth,unresolved,2,-0.04700000223238021,0.0,-0.0010000000474974513,-0.04700000223238021,0.0,-0.0010000000474974513,0.0010000000474974513,0x14,high
012,Astaroth,unresolved,3,-0.0780000037048012,0.0,-0.0010000000474974513,-0.0780000037048012,0.0,-0.0010000000474974513,0.0010000000474974513,0x14,high
012,Astaroth,unresolved,4,-0.113000005367212,0.0,-0.0010000000474974513,-0.113000005367212,0.0,-0.0010000000474974513,0.0010000000474974513,0x14,high
012,Astaroth,unresolved,5,-0.15100000717211515,0.0,0.0,-0.15100000717211515,0.0,0.0,0.0,0x14,high
012,Astaroth,unresolved,6,-0.18800000892952085,0.0,0.0,-0.18800000892952085,0.0,0.0,0.0,0x14,high
012,Astaroth,unresolved,7,-0.22300001059193164,0.0,0.003000000142492354,-0.22300001059193164,0.0,0.003000000142492354,0.003000000142492354,0x14,high
012,Astaroth,unresolved,8,-0.25400001206435263,0.0,0.007000000332482159,-0.25400001206435263,0.0,0.007000000332482159,0.007000000332482159,0x14,high
012,Astaroth,unresolved,9,-0.2790000132517889,0.0,0.012000000569969416,-0.2790000132517889,0.0,0.012000000569969416,0.012000000569969416,0x14,high
012,Astaroth,unresolved,10,-0.2960000140592456,0.0,0.019000000902451575,-0.2960000140592456,0.0,0.019000000902451575,0.019000000902451575,0x14,high
012,Astaroth,unresolved,11,-0.3020000143442303,0.0,0.027000001282431185,-0.3020000143442303,0.0,0.027000001282431185,0.027000001282431185,0x14,high
012,Astaroth,unresolved,12,-0.3020000143442303,0.0,0.03800000180490315,-0.3020000143442303,0.0,0.03800000180490315,0.03800000180490315,0x14,high
012,Astaroth,unresolved,13,-0.3040000144392252,0.0,0.05100000242237002,-0.3040000144392252,0.0,0.05100000242237002,0.05100000242237002,0x14,high
012,Astaroth,unresolved,14,-0.30500001448672265,0.0,0.06700000318232924,-0.30500001448672265,0.0,0.06700000318232924,0.06700000318232924,0x14,high
012,Astaroth,unresolved,15,-0.30700001458171755,0.0,0.08600000408478081,-0.30700001458171755,0.0,0.08600000408478081,0.08600000408478081,0x14,high
012,Astaroth,unresolved,16,-0.308000014629215,0.0,0.10700000508222729,-0.308000014629215,0.0,0.10700000508222729,0.10700000508222729,0x14,high
012,Astaroth,unresolved,17,-0.308000014629215,0.0,0.13200000626966357,-0.308000014629215,0.0,0.13200000626966357,0.13200000626966357,0x14,high
012,Astaroth,unresolved,18,-0.30700001458171755,0.0,0.15900000755209476,-0.30700001458171755,0.0,0.15900000755209476,0.15900000755209476,0x14,high
012,Astaroth,unresolved,19,-0.30300001439172775,0.0,0.1910000090720132,-0.30300001439172775,0.0,0.1910000090720132,0.1910000090720132,0x14,high
012,Astaroth,unresolved,20,-0.2960000140592456,0.0,0.226000010734424,-0.2960000140592456,0.0,0.226000010734424,0.226000010734424,0x14,high
012,Astaroth,unresolved,21,-0.2860000135842711,0.0,0.26600001263432205,-0.2860000135842711,0.0,0.26600001263432205,0.26600001263432205,0x14,high
012,Astaroth,unresolved,22,-0.2730000129668042,0.0,0.30900001467671245,-0.2730000129668042,0.0,0.30900001467671245,0.30900001467671245,0x14,high
012,Astaroth,unresolved,23,-0.2550000121118501,0.0,0.35800001700408757,-0.2550000121118501,0.0,0.35800001700408757,0.35800001700408757,0x14,high
012,Astaroth,unresolved,24,-0.2320000110194087,0.0,0.4070000193314627,-0.2320000110194087,0.0,0.4070000193314627,0.4070000193314627,0x14,high
012,Astaroth,unresolved,25,-0.20500000973697752,0.0,0.45300002151634544,-0.20500000973697752,0.0,0.45300002151634544,0.45300002151634544,0x14,high
012,Astaroth,unresolved,26,-0.17300000821705908,0.0,0.49600002355873585,-0.17300000821705908,0.0,0.49600002355873585,0.49600002355873585,0x14,high
012,Astaroth,unresolved,27,-0.14100000669714063,0.0,0.5360000254586339,-0.14100000669714063,0.0,0.5360000254586339,0.5360000254586339,0x14,high
012,Astaroth,unresolved,28,-0.10800000512972474,0.0,0.5720000271685421,-0.10800000512972474,0.0,0.5720000271685421,0.5720000271685421,0x14,high
012,Astaroth,unresolved,29,-0.0760000036098063,0.0,0.6030000286409631,-0.0760000036098063,0.0,0.6030000286409631,0.6030000286409631,0x14,high
012,Astaroth,unresolved,30,-0.04500000213738531,0.0,0.6290000298758969,-0.04500000213738531,0.0,0.6290000298758969,0.6290000298758969,0x14,high
012,Astaroth,unresolved,31,-0.017000000807456672,0.0,0.6510000309208408,-0.017000000807456672,0.0,0.6510000309208408,0.6510000309208408,0x14,high
012,Astaroth,unresolved,32,0.007000000332482159,0.0,0.6660000316333026,0.007000000332482159,0.0,0.6660000316333026,0.6660000316333026,0x14,high
012,Astaroth,unresolved,33,0.029000001377426088,0.0,0.6760000321082771,0.029000001377426088,0.0,0.6760000321082771,0.6760000321082771,0x14,high
012,Astaroth,unresolved,34,0.04500000213738531,0.0,0.6800000322982669,0.04500000213738531,0.0,0.6800000322982669,0.6800000322982669,0x14,high
012,Astaroth,unresolved,35,0.05500000261235982,0.0,0.6690000317757949,0.05500000261235982,0.0,0.6690000317757949,0.6690000317757949,0x14,high
012,Astaroth,unresolved,36,0.058000002754852176,0.0,0.6390000303508714,0.058000002754852176,0.0,0.6390000303508714,0.6390000303508714,0x14,high
012,Astaroth,unresolved,37,0.058000002754852176,0.0,0.5920000281184912,0.058000002754852176,0.0,0.5920000281184912,0.5920000281184912,0x14,high
012,Astaroth,unresolved,38,0.058000002754852176,0.0,0.5330000253161415,0.058000002754852176,0.0,0.5330000253161415,0.5330000253161415,0x14,high
012,Astaroth,unresolved,39,0.058000002754852176,0.0,0.46300002199131995,0.058000002754852176,0.0,0.46300002199131995,0.46300002199131995,0x14,high
012,Astaroth,unresolved,40,0.058000002754852176,0.0,0.38700001838151366,0.058000002754852176,0.0,0.38700001838151366,0.38700001838151366,0x14,high
012,Astaroth,unresolved,41,0.058000002754852176,0.0,0.30700001458171755,0.058000002754852176,0.0,0.30700001458171755,0.30700001458171755,0x14,high
012,Astaroth,unresolved,42,0.058000002754852176,0.0,0.22700001078192145,0.058000002754852176,0.0,0.22700001078192145,0.22700001078192145,0x14,high
012,Astaroth,unresolved,43,0.058000002754852176,0.0,0.14900000707712024,0.058000002754852176,0.0,0.14900000707712024,0.14900000707712024,0x14,high
012,Astaroth,unresolved,44,0.058000002754852176,0.0,0.0780000037048012,0.058000002754852176,0.0,0.0780000037048012,0.0780000037048012,0x14,high
012,Astaroth,unresolved,45,0.05900000280234963,0.0,0.01500000071246177,0.05900000280234963,0.0,0.01500000071246177,0.01500000071246177,0x14,high
012,Astaroth,unresolved,46,0.05900000280234963,0.0,-0.035000001662410796,0.05900000280234963,0.0,-0.035000001662410796,0.035000001662410796,0x14,high
012,Astaroth,unresolved,47,0.05900000280234963,0.0,-0.07000000332482159,0.05900000280234963,0.0,-0.07000000332482159,0.07000000332482159,0x14,high
012,Astaroth,unresolved,48,0.06000000284984708,0.0,-0.09600000455975533,0.06000000284984708,0.0,-0.09600000455975533,0.09600000455975533,0x14,high
012,Astaroth,unresolved,49,0.06100000289734453,0.0,-0.1190000056521967,0.06100000289734453,0.0,-0.1190000056521967,0.1190000056521967,0x14,high
012,Astaroth,unresolved,50,0.06200000294484198,0.0,-0.14000000664964318,0.06200000294484198,0.0,-0.14000000664964318,0.14000000664964318,0x14,high
012,Astaroth,unresolved,51,0.06300000299233943,0.0,-0.1580000075045973,0.06300000299233943,0.0,-0.1580000075045973,0.1580000075045973,0x14,high
012,Astaroth,unresolved,52,0.06500000308733433,0.0,-0.17500000831205398,0.06500000308733433,0.0,-0.17500000831205398,0.17500000831205398,0x14,high
012,Astaroth,unresolved,53,0.06600000313483179,0.0,-0.1890000089770183,0.06600000313483179,0.0,-0.1890000089770183,0.1890000089770183,0x14,high
012,Astaroth,unresolved,54,0.06800000322982669,0.0,-0.20200000959448516,0.06800000322982669,0.0,-0.20200000959448516,0.20200000959448516,0x14,high
012,Astaroth,unresolved,55,0.07000000332482159,0.0,-0.21300001011695713,0.07000000332482159,0.0,-0.21300001011695713,0.21300001011695713,0x14,high
012,Astaroth,unresolved,56,0.0720000034198165,0.0,-0.2220000105444342,0.0720000034198165,0.0,-0.2220000105444342,0.2220000105444342,0x14,high
012,Astaroth,unresolved,57,0.0740000035148114,0.0,-0.2300000109244138,0.0740000035148114,0.0,-0.2300000109244138,0.2300000109244138,0x14,high
012,Astaroth,unresolved,58,0.0760000036098063,0.0,-0.2360000112093985,0.0760000036098063,0.0,-0.2360000112093985,0.2360000112093985,0x14,high
012,Astaroth,unresolved,59,0.0780000037048012,0.0,-0.24200001149438322,0.0780000037048012,0.0,-0.24200001149438322,0.24200001149438322,0x14,high
012,Astaroth,unresolved,60,0.0800000037997961,0.0,-0.24500001163687557,0.0800000037997961,0.0,-0.24500001163687557,0.24500001163687557,0x14,high
012,Astaroth,unresolved,61,0.08300000394228846,0.0,-0.24800001177936792,0.08300000394228846,0.0,-0.24800001177936792,0.24800001177936792,0x14,high
012,Astaroth,unresolved,62,0.08600000408478081,0.0,-0.2500000118743628,0.08600000408478081,0.0,-0.2500000118743628,0.2500000118743628,0x14,high
012,Astaroth,unresolved,63,0.08800000417977571,0.0,-0.2510000119218603,0.08800000417977571,0.0,-0.2510000119218603,0.2510000119218603,0x14,high
012,Astaroth,unresolved,64,0.09100000432226807,0.0,-0.25200001196935773,0.09100000432226807,0.0,-0.25200001196935773,0.25200001196935773,0x14,high
012,Astaroth,unresolved,65,0.09400000446476042,0.0,-0.2510000119218603,0.09400000446476042,0.0,-0.2510000119218603,0.2510000119218603,0x14,high
012,Astaroth,unresolved,66,0.09700000460725278,0.0,-0.2510000119218603,0.09700000460725278,0.0,-0.2510000119218603,0.2510000119218603,0x14,high
012,Astaroth,unresolved,67,0.10000000474974513,0.0,-0.2510000119218603,0.10000000474974513,0.0,-0.2510000119218603,0.2510000119218603,0x14,high
012,Astaroth,unresolved,68,0.10300000489223748,0.0,-0.2510000119218603,0.10300000489223748,0.0,-0.2510000119218603,0.2510000119218603,0x14,high
012,Astaroth,unresolved,69,0.10600000503472984,0.0,-0.2510000119218603,0.10600000503472984,0.0,-0.2510000119218603,0.2510000119218603,0x14,high
012,Astaroth,unresolved,70,0.10900000517722219,0.0,-0.2500000118743628,0.10900000517722219,0.0,-0.2500000118743628,0.2500000118743628,0x14,high
012,Astaroth,unresolved,71,0.11200000531971455,0.0,-0.2500000118743628,0.11200000531971455,0.0,-0.2500000118743628,0.2500000118743628,0x14,high
012,Astaroth,unresolved,72,0.1150000054622069,0.0,-0.24900001182686538,0.1150000054622069,0.0,-0.24900001182686538,0.24900001182686538,0x14,high
012,Astaroth,unresolved,73,0.11800000560469925,0.0,-0.24900001182686538,0.11800000560469925,0.0,-0.24900001182686538,0.24900001182686538,0x14,high
012,Astaroth,unresolved,74,0.12100000574719161,0.0,-0.24800001177936792,0.12100000574719161,0.0,-0.24800001177936792,0.24800001177936792,0x14,high
012,Astaroth,unresolved,75,0.1250000059371814,0.0,-0.24800001177936792,0.1250000059371814,0.0,-0.24800001177936792,0.24800001177936792,0x14,high
012,Astaroth,unresolved,76,0.12800000607967377,0.0,-0.24700001173187047,0.12800000607967377,0.0,-0.24700001173187047,0.24700001173187047,0x14,high
012,Astaroth,unresolved,77,0.13100000622216612,0.0,-0.24700001173187047,0.13100000622216612,0.0,-0.24700001173187047,0.24700001173187047,0x14,high
012,Astaroth,unresolved,78,0.13400000636465847,0.0,-0.24600001168437302,0.13400000636465847,0.0,-0.24600001168437302,0.24600001168437302,0x14,high
012,Astaroth,unresolved,79,0.13700000650715083,0.0,-0.24500001163687557,0.13700000650715083,0.0,-0.24500001163687557,0.24500001163687557,0x14,high
012,Astaroth,unresolved,80,0.14000000664964318,0.0,-0.24400001158937812,0.14000000664964318,0.0,-0.24400001158937812,0.24400001158937812,0x14,high
012,Astaroth,unresolved,81,0.14300000679213554,0.0,-0.24400001158937812,0.14300000679213554,0.0,-0.24400001158937812,0.24400001158937812,0x14,high
012,Astaroth,unresolved,82,0.1460000069346279,0.0,-0.24300001154188067,0.1460000069346279,0.0,-0.24300001154188067,0.24300001154188067,0x14,high
012,Astaroth,unresolved,83,0.14900000707712024,0.0,-0.24200001149438322,0.14900000707712024,0.0,-0.24200001149438322,0.24200001149438322,0x14,high
012,Astaroth,unresolved,84,0.1520000072196126,0.0,-0.24100001144688576,0.1520000072196126,0.0,-0.24100001144688576,0.24100001144688576,0x14,high
012,Astaroth,unresolved,85,0.15500000736210495,0.0,-0.24100001144688576,0.15500000736210495,0.0,-0.24100001144688576,0.24100001144688576,0x14,high
012,Astaroth,unresolved,86,0.1580000075045973,0.0,-0.2400000113993883,0.1580000075045973,0.0,-0.2400000113993883,0.2400000113993883,0x14,high
012,Astaroth,unresolved,87,0.1600000075995922,0.0,-0.23900001135189086,0.1600000075995922,0.0,-0.23900001135189086,0.23900001135189086,0x14,high
012,Astaroth,unresolved,88,0.16300000774208456,0.0,-0.2380000113043934,0.16300000774208456,0.0,-0.2380000113043934,0.2380000113043934,0x14,high
012,Astaroth,unresolved,89,0.16600000788457692,0.0,-0.2380000113043934,0.16600000788457692,0.0,-0.2380000113043934,0.2380000113043934,0x14,high
012,Astaroth,unresolved,90,0.16800000797957182,0.0,-0.23700001125689596,0.16800000797957182,0.0,-0.23700001125689596,0.23700001125689596,0x14,high
012,Astaroth,unresolved,91,0.17000000807456672,0.0,-0.2360000112093985,0.17000000807456672,0.0,-0.2360000112093985,0.2360000112093985,0x14,high
012,Astaroth,unresolved,92,0.17200000816956162,0.0,-0.23500001116190106,0.17200000816956162,0.0,-0.23500001116190106,0.23500001116190106,0x14,high
012,Astaroth,unresolved,93,0.17400000826455653,0.0,-0.23500001116190106,0.17400000826455653,0.0,-0.23500001116190106,0.23500001116190106,0x14,high
012,Astaroth,unresolved,94,0.17600000835955143,0.0,-0.2340000111144036,0.17600000835955143,0.0,-0.2340000111144036,0.2340000111144036,0x14,high
012,Astaroth,unresolved,95,0.17800000845454633,0.0,-0.2340000111144036,0.17800000845454633,0.0,-0.2340000111144036,0.2340000111144036,0x14,high
012,Astaroth,unresolved,96,0.18000000854954123,0.0,-0.23300001106690615,0.18000000854954123,0.0,-0.23300001106690615,0.23300001106690615,0x14,high
012,Astaroth,unresolved,97,0.1810000085970387,0.0,-0.23300001106690615,0.1810000085970387,0.0,-0.23300001106690615,0.23300001106690615,0x14,high
012,Astaroth,unresolved,98,0.1830000086920336,0.0,-0.2320000110194087,0.1830000086920336,0.0,-0.2320000110194087,0.2320000110194087,0x14,high
012,Astaroth,unresolved,99,0.18400000873953104,0.0,-0.2320000110194087,0.18400000873953104,0.0,-0.2320000110194087,0.2320000110194087,0x14,high
012,Astaroth,unresolved,100,0.1850000087870285,0.0,-0.23100001097191125,0.1850000087870285,0.0,-0.23100001097191125,0.23100001097191125,0x14,high
012,Astaroth,unresolved,101,0.18600000883452594,0.0,-0.23100001097191125,0.18600000883452594,0.0,-0.23100001097191125,0.23100001097191125,0x14,high
012,Astaroth,unresolved,102,0.1870000088820234,0.0,-0.23100001097191125,0.1870000088820234,0.0,-0.23100001097191125,0.23100001097191125,0x14,high
012,Astaroth,unresolved,103,0.1870000088820234,0.0,-0.23100001097191125,0.1870000088820234,0.0,-0.23100001097191125,0.23100001097191125,0x14,high
012,Astaroth,unresolved,104,0.1870000088820234,0.0,-0.23100001097191125,0.1870000088820234,0.0,-0.23100001097191125,0.23100001097191125,0x14,high
012,Astaroth,unresolved,105,0.18800000892952085,0.0,-0.2300000109244138,0.18800000892952085,0.0,-0.2300000109244138,0.2300000109244138,0x14,high
014,Cervantes,trusted_basic,0,0.0,0.0,0.0,0.0,0.0,0.0,0.0,0x14,high
014,Cervantes,trusted_basic,1,0.0,0.0,0.0020000000949949026,0.0,0.0,0.0020000000949949026,0.0020000000949949026,0x14,high
014,Cervantes,trusted_basic,2,0.0010000000474974513,0.0,0.006000000284984708,0.0010000000474974513,0.0,0.006000000284984708,0.006000000284984708,0x14,high
014,Cervantes,trusted_basic,3,0.003000000142492354,0.0,0.012000000569969416,0.003000000142492354,0.0,0.012000000569969416,0.012000000569969416,0x14,high
014,Cervantes,trusted_basic,4,0.0050000002374872565,0.0,0.018000000854954123,0.0050000002374872565,0.0,0.018000000854954123,0.018000000854954123,0x14,high
014,Cervantes,trusted_basic,5,0.00800000037997961,0.0,0.02300000109244138,0.00800000037997961,0.0,0.02300000109244138,0.02300000109244138,0x14,high
014,Cervantes,trusted_basic,6,0.011000000522471964,0.0,0.029000001377426088,0.011000000522471964,0.0,0.029000001377426088,0.029000001377426088,0x14,high
014,Cervantes,trusted_basic,7,0.014000000664964318,0.0,0.035000001662410796,0.014000000664964318,0.0,0.035000001662410796,0.035000001662410796,0x14,high
014,Cervantes,trusted_basic,8,0.017000000807456672,0.0,0.04000000189989805,0.017000000807456672,0.0,0.04000000189989805,0.04000000189989805,0x14,high
014,Cervantes,trusted_basic,9,0.021000000997446477,0.0,0.043000002042390406,0.021000000997446477,0.0,0.043000002042390406,0.043000002042390406,0x14,high
014,Cervantes,trusted_basic,10,0.025000001187436283,0.0,0.04600000218488276,0.025000001187436283,0.0,0.04600000218488276,0.04600000218488276,0x14,high
014,Cervantes,trusted_basic,11,0.029000001377426088,0.0,0.04700000223238021,0.029000001377426088,0.0,0.04700000223238021,0.04700000223238021,0x14,high
014,Cervantes,trusted_basic,12,0.034000001614913344,0.0,0.04800000227987766,0.034000001614913344,0.0,0.04800000227987766,0.04800000227987766,0x14,high
014,Cervantes,trusted_basic,13,0.0390000018524006,0.0,0.04800000227987766,0.0390000018524006,0.0,0.04800000227987766,0.04800000227987766,0x14,high
014,Cervantes,trusted_basic,14,0.043000002042390406,0.0,0.04600000218488276,0.043000002042390406,0.0,0.04600000218488276,0.04600000218488276,0x14,high
014,Cervantes,trusted_basic,15,0.049000002327375114,0.0,0.04500000213738531,0.049000002327375114,0.0,0.04500000213738531,0.04500000213738531,0x14,high
014,Cervantes,trusted_basic,16,0.05400000256486237,0.0,0.042000001994892955,0.05400000256486237,0.0,0.042000001994892955,0.042000001994892955,0x14,high
014,Cervantes,trusted_basic,17,0.06000000284984708,0.0,0.0390000018524006,0.06000000284984708,0.0,0.0390000018524006,0.0390000018524006,0x14,high
014,Cervantes,trusted_basic,18,0.06400000303983688,0.0,0.035000001662410796,0.06400000303983688,0.0,0.035000001662410796,0.035000001662410796,0x14,high
014,Cervantes,trusted_basic,19,0.07000000332482159,0.0,0.03100000147242099,0.07000000332482159,0.0,0.03100000147242099,0.03100000147242099,0x14,high
014,Cervantes,trusted_basic,20,0.0760000036098063,0.0,0.026000001234933734,0.0760000036098063,0.0,0.026000001234933734,0.026000001234933734,0x14,high
014,Cervantes,trusted_basic,21,0.08200000389479101,0.0,0.021000000997446477,0.08200000389479101,0.0,0.021000000997446477,0.021000000997446477,0x14,high
014,Cervantes,trusted_basic,22,0.08700000413227826,0.0,0.01500000071246177,0.08700000413227826,0.0,0.01500000071246177,0.01500000071246177,0x14,high
014,Cervantes,trusted_basic,23,0.09200000436976552,0.0,0.009000000427477062,0.09200000436976552,0.0,0.009000000427477062,0.009000000427477062,0x14,high
014,Cervantes,trusted_basic,24,0.09700000460725278,0.0,0.003000000142492354,0.09700000460725278,0.0,0.003000000142492354,0.003000000142492354,0x14,high
014,Cervantes,trusted_basic,25,0.10300000489223748,0.0,-0.0020000000949949026,0.10300000489223748,0.0,-0.0020000000949949026,0.0020000000949949026,0x14,high
014,Cervantes,trusted_basic,26,0.10900000517722219,0.0,-0.009000000427477062,0.10900000517722219,0.0,-0.009000000427477062,0.009000000427477062,0x14,high
014,Cervantes,trusted_basic,27,0.11400000541470945,0.0,-0.01600000075995922,0.11400000541470945,0.0,-0.01600000075995922,0.01600000075995922,0x14,high
014,Cervantes,trusted_basic,28,0.1190000056521967,0.0,-0.02200000104494393,0.1190000056521967,0.0,-0.02200000104494393,0.02200000104494393,0x14,high
014,Cervantes,trusted_basic,29,0.12400000588968396,0.0,-0.029000001377426088,0.12400000588968396,0.0,-0.029000001377426088,0.029000001377426088,0x14,high
014,Cervantes,trusted_basic,30,0.12800000607967377,0.0,-0.03600000170990825,0.12800000607967377,0.0,-0.03600000170990825,0.03600000170990825,0x14,high
014,Cervantes,trusted_basic,31,0.13200000626966357,0.0,-0.042000001994892955,0.13200000626966357,0.0,-0.042000001994892955,0.042000001994892955,0x14,high
014,Cervantes,trusted_basic,32,0.13500000641215593,0.0,-0.04800000227987766,0.13500000641215593,0.0,-0.04800000227987766,0.04800000227987766,0x14,high
014,Cervantes,trusted_basic,33,0.13800000655464828,0.0,-0.05400000256486237,0.13800000655464828,0.0,-0.05400000256486237,0.05400000256486237,0x14,high
014,Cervantes,trusted_basic,34,0.14100000669714063,0.0,-0.06000000284984708,0.14100000669714063,0.0,-0.06000000284984708,0.06000000284984708,0x14,high
014,Cervantes,trusted_basic,35,0.144000006839633,0.0,-0.06400000303983688,0.144000006839633,0.0,-0.06400000303983688,0.06400000303983688,0x14,high
014,Cervantes,trusted_basic,36,0.14500000688713044,0.0,-0.06800000322982669,0.14500000688713044,0.0,-0.06800000322982669,0.06800000322982669,0x14,high
014,Cervantes,trusted_basic,37,0.14700000698212534,0.0,-0.0720000034198165,0.14700000698212534,0.0,-0.0720000034198165,0.0720000034198165,0x14,high
014,Cervantes,trusted_basic,38,0.14900000707712024,0.0,-0.07500000356230885,0.14900000707712024,0.0,-0.07500000356230885,0.07500000356230885,0x14,high
014,Cervantes,trusted_basic,39,0.14900000707712024,0.0,-0.0780000037048012,0.14900000707712024,0.0,-0.0780000037048012,0.0780000037048012,0x14,high
014,Cervantes,trusted_basic,40,0.1500000071246177,0.0,-0.0800000037997961,0.1500000071246177,0.0,-0.0800000037997961,0.0800000037997961,0x14,high
014,Cervantes,trusted_basic,41,0.15100000717211515,0.0,-0.08200000389479101,0.15100000717211515,0.0,-0.08200000389479101,0.08200000389479101,0x14,high
014,Cervantes,trusted_basic,42,0.15100000717211515,0.0,-0.08300000394228846,0.15100000717211515,0.0,-0.08300000394228846,0.08300000394228846,0x14,high
014,Cervantes,trusted_basic,43,0.15100000717211515,0.0,-0.08500000403728336,0.15100000717211515,0.0,-0.08500000403728336,0.08500000403728336,0x14,high
014,Cervantes,trusted_basic,44,0.15100000717211515,0.0,-0.08600000408478081,0.15100000717211515,0.0,-0.08600000408478081,0.08600000408478081,0x14,high
014,Cervantes,trusted_basic,45,0.15100000717211515,0.0,-0.08700000413227826,0.15100000717211515,0.0,-0.08700000413227826,0.08700000413227826,0x14,high
014,Cervantes,trusted_basic,46,0.15100000717211515,0.0,-0.08800000417977571,0.15100000717211515,0.0,-0.08800000417977571,0.08800000417977571,0x14,high
014,Cervantes,trusted_basic,47,0.1500000071246177,0.0,-0.08800000417977571,0.1500000071246177,0.0,-0.08800000417977571,0.08800000417977571,0x14,high
014,Cervantes,trusted_basic,48,0.1500000071246177,0.0,-0.08900000422727317,0.1500000071246177,0.0,-0.08900000422727317,0.08900000422727317,0x14,high
014,Cervantes,trusted_basic,49,0.14900000707712024,0.0,-0.08900000422727317,0.14900000707712024,0.0,-0.08900000422727317,0.08900000422727317,0x14,high
014,Cervantes,trusted_basic,50,0.1480000070296228,0.0,-0.08900000422727317,0.1480000070296228,0.0,-0.08900000422727317,0.08900000422727317,0x14,high
014,Cervantes,trusted_basic,51,0.144000006839633,0.0,-0.08700000413227826,0.144000006839633,0.0,-0.08700000413227826,0.08700000413227826,0x14,high
014,Cervantes,trusted_basic,52,0.13900000660214573,0.0,-0.08400000398978591,0.13900000660214573,0.0,-0.08400000398978591,0.08400000398978591,0x14,high
014,Cervantes,trusted_basic,53,0.13200000626966357,0.0,-0.08100000384729356,0.13200000626966357,0.0,-0.08100000384729356,0.08100000384729356,0x14,high
014,Cervantes,trusted_basic,54,0.12400000588968396,0.0,-0.0760000036098063,0.12400000588968396,0.0,-0.0760000036098063,0.0760000036098063,0x14,high
014,Cervantes,trusted_basic,55,0.1150000054622069,0.0,-0.07100000337231904,0.1150000054622069,0.0,-0.07100000337231904,0.07100000337231904,0x14,high
014,Cervantes,trusted_basic,56,0.10500000498723239,0.0,-0.06500000308733433,0.10500000498723239,0.0,-0.06500000308733433,0.06500000308733433,0x14,high
014,Cervantes,trusted_basic,57,0.09500000451225787,0.0,-0.05900000280234963,0.09500000451225787,0.0,-0.05900000280234963,0.05900000280234963,0x14,high
014,Cervantes,trusted_basic,58,0.08400000398978591,0.0,-0.05200000246986747,0.08400000398978591,0.0,-0.05200000246986747,0.05200000246986747,0x14,high
014,Cervantes,trusted_basic,59,0.0720000034198165,0.0,-0.04500000213738531,0.0720000034198165,0.0,-0.04500000213738531,0.04500000213738531,0x14,high
014,Cervantes,trusted_basic,60,0.06100000289734453,0.0,-0.03800000180490315,0.06100000289734453,0.0,-0.03800000180490315,0.03800000180490315,0x14,high
014,Cervantes,trusted_basic,61,0.050000002374872565,0.0,-0.03100000147242099,0.050000002374872565,0.0,-0.03100000147242099,0.03100000147242099,0x14,high
014,Cervantes,trusted_basic,62,0.04000000189989805,0.0,-0.025000001187436283,0.04000000189989805,0.0,-0.025000001187436283,0.025000001187436283,0x14,high
014,Cervantes,trusted_basic,63,0.03100000147242099,0.0,-0.019000000902451575,0.03100000147242099,0.0,-0.019000000902451575,0.019000000902451575,0x14,high
014,Cervantes,trusted_basic,64,0.02200000104494393,0.0,-0.013000000617466867,0.02200000104494393,0.0,-0.013000000617466867,0.013000000617466867,0x14,high
014,Cervantes,trusted_basic,65,0.014000000664964318,0.0,-0.009000000427477062,0.014000000664964318,0.0,-0.009000000427477062,0.009000000427477062,0x14,high
014,Cervantes,trusted_basic,66,0.00800000037997961,0.0,-0.0050000002374872565,0.00800000037997961,0.0,-0.0050000002374872565,0.0050000002374872565,0x14,high
014,Cervantes,trusted_basic,67,0.003000000142492354,0.0,-0.0020000000949949026,0.003000000142492354,0.0,-0.0020000000949949026,0.0020000000949949026,0x14,high
014,Cervantes,trusted_basic,68,0.0,0.0,0.0,0.0,0.0,0.0,0.0,0x14,high
014,Cervantes,trusted_basic,69,0.0,0.0,0.0,0.0,0.0,0.0,0.0,0x14,high
015,Raphael,unresolved,0,0.0,0.0,0.0050000002374872565,0.0,0.0,0.0050000002374872565,0.0050000002374872565,0x14,high
015,Raphael,unresolved,1,0.0,0.0,0.017000000807456672,0.0,0.0,0.017000000807456672,0.017000000807456672,0x14,high
015,Raphael,unresolved,2,0.0,0.0,0.03300000156741589,0.0,0.0,0.03300000156741589,0.03300000156741589,0x14,high
015,Raphael,unresolved,3,0.0,0.0,0.05600000265985727,0.0,0.0,0.05600000265985727,0.05600000265985727,0x14,high
015,Raphael,unresolved,4,0.0,0.0,0.08300000394228846,0.0,0.0,0.08300000394228846,0.08300000394228846,0x14,high
015,Raphael,unresolved,5,0.0010000000474974513,0.0,0.11600000550970435,0.0010000000474974513,0.0,0.11600000550970435,0.11600000550970435,0x14,high
015,Raphael,unresolved,6,0.003000000142492354,0.0,0.1540000073146075,0.003000000142492354,0.0,0.1540000073146075,0.1540000073146075,0x14,high
015,Raphael,unresolved,7,0.004000000189989805,0.0,0.1910000090720132,0.004000000189989805,0.0,0.1910000090720132,0.1910000090720132,0x14,high
015,Raphael,unresolved,8,0.007000000332482159,0.0,0.22500001068692654,0.007000000332482159,0.0,0.22500001068692654,0.22500001068692654,0x14,high
015,Raphael,unresolved,9,0.009000000427477062,0.0,0.2550000121118501,0.009000000427477062,0.0,0.2550000121118501,0.2550000121118501,0x14,high
015,Raphael,unresolved,10,0.012000000569969416,0.0,0.28200001339428127,0.012000000569969416,0.0,0.28200001339428127,0.28200001339428127,0x14,high
015,Raphael,unresolved,11,0.01600000075995922,0.0,0.3060000145342201,0.01600000075995922,0.0,0.3060000145342201,0.3060000145342201,0x14,high
015,Raphael,unresolved,12,0.020000000949949026,0.0,0.3290000156266615,0.020000000949949026,0.0,0.3290000156266615,0.3290000156266615,0x14,high
015,Raphael,unresolved,13,0.02400000113993883,0.0,0.34800001652911305,0.02400000113993883,0.0,0.34800001652911305,0.34800001652911305,0x14,high
015,Raphael,unresolved,14,0.029000001377426088,0.0,0.3660000173840672,0.029000001377426088,0.0,0.3660000173840672,0.3660000173840672,0x14,high
015,Raphael,unresolved,15,0.035000001662410796,0.0,0.38100001809652895,0.035000001662410796,0.0,0.38100001809652895,0.38100001809652895,0x14,high
015,Raphael,unresolved,16,0.041000001947395504,0.0,0.39300001866649836,0.041000001947395504,0.0,0.39300001866649836,0.39300001866649836,0x14,high
015,Raphael,unresolved,17,0.04700000223238021,0.0,0.4020000190939754,0.04700000223238021,0.0,0.4020000190939754,0.4020000190939754,0x14,high
015,Raphael,unresolved,18,0.05500000261235982,0.0,0.4090000194264576,0.05500000261235982,0.0,0.4090000194264576,0.4090000194264576,0x14,high
015,Raphael,unresolved,19,0.06100000289734453,0.0,0.4130000196164474,0.06100000289734453,0.0,0.4130000196164474,0.4130000196164474,0x14,high
015,Raphael,unresolved,20,0.06700000318232924,0.0,0.41600001975893974,0.06700000318232924,0.0,0.41600001975893974,0.41600001975893974,0x14,high
015,Raphael,unresolved,21,0.07100000337231904,0.0,0.4190000199014321,0.07100000337231904,0.0,0.4190000199014321,0.4190000199014321,0x14,high
015,Raphael,unresolved,22,0.0740000035148114,0.0,0.421000019996427,0.0740000035148114,0.0,0.421000019996427,0.421000019996427,0x14,high
015,Raphael,unresolved,23,0.07700000365730375,0.0,0.42200002004392445,0.07700000365730375,0.0,0.42200002004392445,0.42200002004392445,0x14,high
015,Raphael,unresolved,24,0.07900000375229865,0.0,0.42200002004392445,0.07900000375229865,0.0,0.42200002004392445,0.42200002004392445,0x14,high
015,Raphael,unresolved,25,0.0800000037997961,0.0,0.4230000200914219,0.0800000037997961,0.0,0.4230000200914219,0.4230000200914219,0x14,high
015,Raphael,unresolved,26,0.0800000037997961,0.0,0.42400002013891935,0.0800000037997961,0.0,0.42400002013891935,0.42400002013891935,0x14,high
015,Raphael,unresolved,27,0.0800000037997961,0.0,0.4250000201864168,0.0800000037997961,0.0,0.4250000201864168,0.4250000201864168,0x14,high
015,Raphael,unresolved,28,0.07900000375229865,0.0,0.4250000201864168,0.07900000375229865,0.0,0.4250000201864168,0.4250000201864168,0x14,high
015,Raphael,unresolved,29,0.07700000365730375,0.0,0.42600002023391426,0.07700000365730375,0.0,0.42600002023391426,0.42600002023391426,0x14,high
015,Raphael,unresolved,30,0.07500000356230885,0.0,0.4270000202814117,0.07500000356230885,0.0,0.4270000202814117,0.4270000202814117,0x14,high
015,Raphael,unresolved,31,0.07300000346731395,0.0,0.42800002032890916,0.07300000346731395,0.0,0.42800002032890916,0.42800002032890916,0x14,high
015,Raphael,unresolved,32,0.07000000332482159,0.0,0.4290000203764066,0.07000000332482159,0.0,0.4290000203764066,0.4290000203764066,0x14,high
015,Raphael,unresolved,33,0.06700000318232924,0.0,0.4310000204714015,0.06700000318232924,0.0,0.4310000204714015,0.4310000204714015,0x14,high
015,Raphael,unresolved,34,0.06400000303983688,0.0,0.4330000205663964,0.06400000303983688,0.0,0.4330000205663964,0.4330000205663964,0x14,high
015,Raphael,unresolved,35,0.06000000284984708,0.0,0.4350000206613913,0.06000000284984708,0.0,0.4350000206613913,0.4350000206613913,0x14,high
015,Raphael,unresolved,36,0.05600000265985727,0.0,0.4370000207563862,0.05600000265985727,0.0,0.4370000207563862,0.4370000207563862,0x14,high
015,Raphael,unresolved,37,0.05200000246986747,0.0,0.4400000208988786,0.05200000246986747,0.0,0.4400000208988786,0.4400000208988786,0x14,high
015,Raphael,unresolved,38,0.04800000227987766,0.0,0.4440000210888684,0.04800000227987766,0.0,0.4440000210888684,0.4440000210888684,0x14,high
015,Raphael,unresolved,39,0.04400000208988786,0.0,0.4480000212788582,0.04400000208988786,0.0,0.4480000212788582,0.4480000212788582,0x14,high
015,Raphael,unresolved,40,0.04000000189989805,0.0,0.45100002142135054,0.04000000189989805,0.0,0.45100002142135054,0.45100002142135054,0x14,high
015,Raphael,unresolved,41,0.035000001662410796,0.0,0.4540000215638429,0.035000001662410796,0.0,0.4540000215638429,0.4540000215638429,0x14,high
015,Raphael,unresolved,42,0.03100000147242099,0.0,0.45700002170633525,0.03100000147242099,0.0,0.45700002170633525,0.45700002170633525,0x14,high
015,Raphael,unresolved,43,0.027000001282431185,0.0,0.45900002180133015,0.027000001282431185,0.0,0.45900002180133015,0.45900002180133015,0x14,high
015,Raphael,unresolved,44,0.02300000109244138,0.0,0.46100002189632505,0.02300000109244138,0.0,0.46100002189632505,0.46100002189632505,0x14,high
015,Raphael,unresolved,45,0.019000000902451575,0.0,0.4620000219438225,0.019000000902451575,0.0,0.4620000219438225,0.4620000219438225,0x14,high
015,Raphael,unresolved,46,0.01500000071246177,0.0,0.4620000219438225,0.01500000071246177,0.0,0.4620000219438225,0.4620000219438225,0x14,high
015,Raphael,unresolved,47,0.012000000569969416,0.0,0.46300002199131995,0.012000000569969416,0.0,0.46300002199131995,0.46300002199131995,0x14,high
015,Raphael,unresolved,48,0.009000000427477062,0.0,0.46300002199131995,0.009000000427477062,0.0,0.46300002199131995,0.46300002199131995,0x14,high
015,Raphael,unresolved,49,0.006000000284984708,0.0,0.46300002199131995,0.006000000284984708,0.0,0.46300002199131995,0.46300002199131995,0x14,high
015,Raphael,unresolved,50,0.004000000189989805,0.0,0.46300002199131995,0.004000000189989805,0.0,0.46300002199131995,0.46300002199131995,0x14,high
015,Raphael,unresolved,51,0.0020000000949949026,0.0,0.46300002199131995,0.0020000000949949026,0.0,0.46300002199131995,0.46300002199131995,0x14,high
015,Raphael,unresolved,52,0.0010000000474974513,0.0,0.46300002199131995,0.0010000000474974513,0.0,0.46300002199131995,0.46300002199131995,0x14,high
015,Raphael,unresolved,53,0.0,0.0,0.46300002199131995,0.0,0.0,0.46300002199131995,0.46300002199131995,0x14,high
015,Raphael,unresolved,54,0.0,0.0,0.46300002199131995,0.0,0.0,0.46300002199131995,0.46300002199131995,0x14,high
016,Talim,unresolved,0,-0.004000000189989805,0.0,0.013000000617466867,-0.004000000189989805,0.0,0.013000000617466867,0.013000000617466867,0x14,high
016,Talim,unresolved,1,-0.00800000037997961,0.0,0.02300000109244138,-0.00800000037997961,0.0,0.02300000109244138,0.02300000109244138,0x14,high
016,Talim,unresolved,2,-0.010000000474974513,0.0,0.03200000151991844,-0.010000000474974513,0.0,0.03200000151991844,0.03200000151991844,0x14,high
016,Talim,unresolved,3,-0.012000000569969416,0.0,0.042000001994892955,-0.012000000569969416,0.0,0.042000001994892955,0.042000001994892955,0x14,high
016,Talim,unresolved,4,-0.013000000617466867,0.0,0.05200000246986747,-0.013000000617466867,0.0,0.05200000246986747,0.05200000246986747,0x14,high
016,Talim,unresolved,5,-0.013000000617466867,0.0,0.06400000303983688,-0.013000000617466867,0.0,0.06400000303983688,0.06400000303983688,0x14,high
016,Talim,unresolved,6,-0.011000000522471964,0.0,0.0800000037997961,-0.011000000522471964,0.0,0.0800000037997961,0.0800000037997961,0x14,high
016,Talim,unresolved,7,-0.010000000474974513,0.0,0.10100000479724258,-0.010000000474974513,0.0,0.10100000479724258,0.10100000479724258,0x14,high
016,Talim,unresolved,8,-0.010000000474974513,0.0,0.12700000603217632,-0.010000000474974513,0.0,0.12700000603217632,0.12700000603217632,0x14,high
016,Talim,unresolved,9,-0.010000000474974513,0.0,0.16400000778958201,-0.010000000474974513,0.0,0.16400000778958201,0.16400000778958201,0x14,high
016,Talim,unresolved,10,-0.010000000474974513,0.0,0.21500001021195203,-0.010000000474974513,0.0,0.21500001021195203,0.21500001021195203,0x14,high
016,Talim,unresolved,11,-0.010000000474974513,0.0,0.28000001329928637,-0.010000000474974513,0.0,0.28000001329928637,0.28000001329928637,0x14,high
016,Talim,unresolved,12,-0.009000000427477062,0.0,0.3570000169565901,-0.009000000427477062,0.0,0.3570000169565901,0.3570000169565901,0x14,high
016,Talim,unresolved,13,-0.007000000332482159,0.0,0.4440000210888684,-0.007000000332482159,0.0,0.4440000210888684,0.4440000210888684,0x14,high
016,Talim,unresolved,14,-0.004000000189989805,0.0,0.5400000256486237,-0.004000000189989805,0.0,0.5400000256486237,0.5400000256486237,0x14,high
016,Talim,unresolved,15,0.0,0.0,0.6440000305883586,0.0,0.0,0.6440000305883586,0.6440000305883586,0x14,high
016,Talim,unresolved,16,0.004000000189989805,0.0,0.740000035148114,0.004000000189989805,0.0,0.740000035148114,0.740000035148114,0x14,high
016,Talim,unresolved,17,0.011000000522471964,0.0,0.8070000383304432,0.011000000522471964,0.0,0.8070000383304432,0.8070000383304432,0x14,high
016,Talim,unresolved,18,0.017000000807456672,0.0,0.8380000398028642,0.017000000807456672,0.0,0.8380000398028642,0.8380000398028642,0x14,high
016,Talim,unresolved,19,0.02200000104494393,0.0,0.8540000405628234,0.02200000104494393,0.0,0.8540000405628234,0.8540000405628234,0x14,high
016,Talim,unresolved,20,0.026000001234933734,0.0,0.8680000412277877,0.026000001234933734,0.0,0.8680000412277877,0.8680000412277877,0x14,high
016,Talim,unresolved,21,0.03000000142492354,0.0,0.8800000417977571,0.03000000142492354,0.0,0.8800000417977571,0.8800000417977571,0x14,high
016,Talim,unresolved,22,0.03300000156741589,0.0,0.8900000422727317,0.03300000156741589,0.0,0.8900000422727317,0.8900000422727317,0x14,high
016,Talim,unresolved,23,0.035000001662410796,0.0,0.8990000427002087,0.035000001662410796,0.0,0.8990000427002087,0.8990000427002087,0x14,high
016,Talim,unresolved,24,0.0370000017574057,0.0,0.9050000429851934,0.0370000017574057,0.0,0.9050000429851934,0.9050000429851934,0x14,high
016,Talim,unresolved,25,0.03800000180490315,0.0,0.9110000432701781,0.03800000180490315,0.0,0.9110000432701781,0.9110000432701781,0x14,high
016,Talim,unresolved,26,0.03800000180490315,0.0,0.9140000434126705,0.03800000180490315,0.0,0.9140000434126705,0.9140000434126705,0x14,high
016,Talim,unresolved,27,0.0390000018524006,0.0,0.9160000435076654,0.0390000018524006,0.0,0.9160000435076654,0.9160000435076654,0x14,high
016,Talim,unresolved,28,0.0390000018524006,0.0,0.9160000435076654,0.0390000018524006,0.0,0.9160000435076654,0.9160000435076654,0x14,high
016,Talim,unresolved,29,0.0390000018524006,0.0,0.9140000434126705,0.0390000018524006,0.0,0.9140000434126705,0.9140000434126705,0x14,high
016,Talim,unresolved,30,0.04000000189989805,0.0,0.9090000431751832,0.04000000189989805,0.0,0.9090000431751832,0.9090000431751832,0x14,high
016,Talim,unresolved,31,0.04000000189989805,0.0,0.9010000427952036,0.04000000189989805,0.0,0.9010000427952036,0.9010000427952036,0x14,high
016,Talim,unresolved,32,0.041000001947395504,0.0,0.8910000423202291,0.041000001947395504,0.0,0.8910000423202291,0.8910000423202291,0x14,high
016,Talim,unresolved,33,0.042000001994892955,0.0,0.8780000417027622,0.042000001994892955,0.0,0.8780000417027622,0.8780000417027622,0x14,high
016,Talim,unresolved,34,0.04400000208988786,0.0,0.8630000409903005,0.04400000208988786,0.0,0.8630000409903005,0.8630000409903005,0x14,high
016,Talim,unresolved,35,0.04500000213738531,0.0,0.8470000402303413,0.04500000213738531,0.0,0.8470000402303413,0.8470000402303413,0x14,high
016,Talim,unresolved,36,0.04600000218488276,0.0,0.8300000394228846,0.04600000218488276,0.0,0.8300000394228846,0.8300000394228846,0x14,high
016,Talim,unresolved,37,0.04800000227987766,0.0,0.8130000386154279,0.04800000227987766,0.0,0.8130000386154279,0.8130000386154279,0x14,high
016,Talim,unresolved,38,0.050000002374872565,0.0,0.7940000377129763,0.050000002374872565,0.0,0.7940000377129763,0.7940000377129763,0x14,high
016,Talim,unresolved,39,0.05100000242237002,0.0,0.7760000368580222,0.05100000242237002,0.0,0.7760000368580222,0.7760000368580222,0x14,high
016,Talim,unresolved,40,0.05300000251736492,0.0,0.7580000360030681,0.05300000251736492,0.0,0.7580000360030681,0.7580000360030681,0x14,high
016,Talim,unresolved,41,0.05400000256486237,0.0,0.7410000351956114,0.05400000256486237,0.0,0.7410000351956114,0.7410000351956114,0x14,high
016,Talim,unresolved,42,0.05600000265985727,0.0,0.7260000344831496,0.05600000265985727,0.0,0.7260000344831496,0.7260000344831496,0x14,high
016,Talim,unresolved,43,0.058000002754852176,0.0,0.7110000337706879,0.058000002754852176,0.0,0.7110000337706879,0.7110000337706879,0x14,high
016,Talim,unresolved,44,0.05900000280234963,0.0,0.698000033153221,0.05900000280234963,0.0,0.698000033153221,0.698000033153221,0x14,high
016,Talim,unresolved,45,0.06100000289734453,0.0,0.687000032630749,0.06100000289734453,0.0,0.687000032630749,0.687000032630749,0x14,high
016,Talim,unresolved,46,0.06200000294484198,0.0,0.6770000321557745,0.06200000294484198,0.0,0.6770000321557745,0.6770000321557745,0x14,high
016,Talim,unresolved,47,0.06400000303983688,0.0,0.6680000317282975,0.06400000303983688,0.0,0.6680000317282975,0.6680000317282975,0x14,high
016,Talim,unresolved,48,0.06500000308733433,0.0,0.6610000313958153,0.06500000308733433,0.0,0.6610000313958153,0.6610000313958153,0x14,high
016,Talim,unresolved,49,0.06600000313483179,0.0,0.6550000311108306,0.06600000313483179,0.0,0.6550000311108306,0.6550000311108306,0x14,high
016,Talim,unresolved,50,0.06700000318232924,0.0,0.6500000308733433,0.06700000318232924,0.0,0.6500000308733433,0.6500000308733433,0x14,high
016,Talim,unresolved,51,0.06800000322982669,0.0,0.6460000306833535,0.06800000322982669,0.0,0.6460000306833535,0.6460000306833535,0x14,high
016,Talim,unresolved,52,0.06800000322982669,0.0,0.6430000305408612,0.06800000322982669,0.0,0.6430000305408612,0.6430000305408612,0x14,high
016,Talim,unresolved,53,0.06900000327732414,0.0,0.6420000304933637,0.06900000327732414,0.0,0.6420000304933637,0.6420000304933637,0x14,high
016,Talim,unresolved,54,0.06900000327732414,0.0,0.6410000304458663,0.06900000327732414,0.0,0.6410000304458663,0.6410000304458663,0x14,high
017,Cassandra,unresolved,0,0.0010000000474974513,0.0,0.017000000807456672,0.0010000000474974513,0.0,0.017000000807456672,0.017000000807456672,0x14,high
017,Cassandra,unresolved,1,0.0010000000474974513,0.0,0.05900000280234963,0.0010000000474974513,0.0,0.05900000280234963,0.05900000280234963,0x14,high
017,Cassandra,unresolved,2,0.0020000000949949026,0.0,0.10100000479724258,0.0020000000949949026,0.0,0.10100000479724258,0.10100000479724258,0x14,high
017,Cassandra,unresolved,3,0.0020000000949949026,0.0,0.14200000674463809,0.0020000000949949026,0.0,0.14200000674463809,0.14200000674463809,0x14,high
017,Cassandra,unresolved,4,0.0010000000474974513,0.0,0.1830000086920336,0.0010000000474974513,0.0,0.1830000086920336,0.1830000086920336,0x14,high
017,Cassandra,unresolved,5,-0.0020000000949949026,0.0,0.22500001068692654,-0.0020000000949949026,0.0,0.22500001068692654,0.22500001068692654,0x14,high
017,Cassandra,unresolved,6,-0.007000000332482159,0.0,0.2670000126818195,-0.007000000332482159,0.0,0.2670000126818195,0.2670000126818195,0x14,high
017,Cassandra,unresolved,7,-0.013000000617466867,0.0,0.3100000147242099,-0.013000000617466867,0.0,0.3100000147242099,0.3100000147242099,0x14,high
017,Cassandra,unresolved,8,-0.020000000949949026,0.0,0.35400001681409776,-0.020000000949949026,0.0,0.35400001681409776,0.35400001681409776,0x14,high
017,Cassandra,unresolved,9,-0.028000001329928637,0.0,0.4000000189989805,-0.028000001329928637,0.0,0.4000000189989805,0.4000000189989805,0x14,high
017,Cassandra,unresolved,10,-0.03600000170990825,0.0,0.4480000212788582,-0.03600000170990825,0.0,0.4480000212788582,0.4480000212788582,0x14,high
017,Cassandra,unresolved,11,-0.042000001994892955,0.0,0.4970000236062333,-0.042000001994892955,0.0,0.4970000236062333,0.4970000236062333,0x14,high
017,Cassandra,unresolved,12,-0.04600000218488276,0.0,0.5480000260286033,-0.04600000218488276,0.0,0.5480000260286033,0.5480000260286033,0x14,high
017,Cassandra,unresolved,13,-0.04800000227987766,0.0,0.6000000284984708,-0.04800000227987766,0.0,0.6000000284984708,0.6000000284984708,0x14,high
017,Cassandra,unresolved,14,-0.02400000113993883,0.0,0.6640000315383077,-0.02400000113993883,0.0,0.6640000315383077,0.6640000315383077,0x14,high
017,Cassandra,unresolved,15,0.029000001377426088,0.0,0.749000035575591,0.029000001377426088,0.0,0.749000035575591,0.749000035575591,0x14,high
017,Cassandra,unresolved,16,0.08200000389479101,0.0,0.8450000401353464,0.08200000389479101,0.0,0.8450000401353464,0.8450000401353464,0x14,high
017,Cassandra,unresolved,17,0.10700000508222729,0.0,0.9450000448850915,0.10700000508222729,0.0,0.9450000448850915,0.9450000448850915,0x14,high
017,Cassandra,unresolved,18,0.10400000493973494,0.0,1.0400000493973494,0.10400000493973494,0.0,1.0400000493973494,1.0400000493973494,0x14,high
017,Cassandra,unresolved,19,0.09600000455975533,0.0,1.1230000533396378,0.09600000455975533,0.0,1.1230000533396378,1.1230000533396378,0x14,high
017,Cassandra,unresolved,20,0.08600000408478081,0.0,1.1970000568544492,0.08600000408478081,0.0,1.1970000568544492,1.1970000568544492,0x14,high
017,Cassandra,unresolved,21,0.0760000036098063,0.0,1.2700000603217632,0.0760000036098063,0.0,1.2700000603217632,1.2700000603217632,0x14,high
017,Cassandra,unresolved,22,0.06900000327732414,0.0,1.3400000636465847,0.06900000327732414,0.0,1.3400000636465847,1.3400000636465847,0x14,high
017,Cassandra,unresolved,23,0.06600000313483179,0.0,1.4030000666389242,0.06600000313483179,0.0,1.4030000666389242,1.4030000666389242,0x14,high
017,Cassandra,unresolved,24,0.06800000322982669,0.0,1.4590000692987815,0.06800000322982669,0.0,1.4590000692987815,1.4590000692987815,0x14,high
017,Cassandra,unresolved,25,0.07300000346731395,0.0,1.5040000714361668,0.07300000346731395,0.0,1.5040000714361668,1.5040000714361668,0x14,high
017,Cassandra,unresolved,26,0.0800000037997961,0.0,1.5370000730035827,0.0800000037997961,0.0,1.5370000730035827,1.5370000730035827,0x14,high
017,Cassandra,unresolved,27,0.08900000422727317,0.0,1.562000074191019,0.08900000422727317,0.0,1.562000074191019,1.562000074191019,0x14,high
017,Cassandra,unresolved,28,0.09900000470224768,0.0,1.5850000752834603,0.09900000470224768,0.0,1.5850000752834603,1.5850000752834603,0x14,high
017,Cassandra,unresolved,29,0.10800000512972474,0.0,1.6060000762809068,0.10800000512972474,0.0,1.6060000762809068,1.6060000762809068,0x14,high
017,Cassandra,unresolved,30,0.1170000055572018,0.0,1.6250000771833584,0.1170000055572018,0.0,1.6250000771833584,1.6250000771833584,0x14,high
017,Cassandra,unresolved,31,0.1250000059371814,0.0,1.642000077990815,0.1250000059371814,0.0,1.642000077990815,1.642000077990815,0x14,high
017,Cassandra,unresolved,32,0.13000000617466867,0.0,1.6560000786557794,0.13000000617466867,0.0,1.6560000786557794,1.6560000786557794,0x14,high
017,Cassandra,unresolved,33,0.13100000622216612,0.0,1.6690000792732462,0.13100000622216612,0.0,1.6690000792732462,1.6690000792732462,0x14,high
017,Cassandra,unresolved,34,0.13000000617466867,0.0,1.6800000797957182,0.13000000617466867,0.0,1.6800000797957182,1.6800000797957182,0x14,high
017,Cassandra,unresolved,35,0.12700000603217632,0.0,1.6890000802231953,0.12700000603217632,0.0,1.6890000802231953,1.6890000802231953,0x14,high
017,Cassandra,unresolved,36,0.12300000584218651,0.0,1.6960000805556774,0.12300000584218651,0.0,1.6960000805556774,1.6960000805556774,0x14,high
017,Cassandra,unresolved,37,0.1170000055572018,0.0,1.7010000807931647,0.1170000055572018,0.0,1.7010000807931647,1.7010000807931647,0x14,high
017,Cassandra,unresolved,38,0.10900000517722219,0.0,1.7050000809831545,0.10900000517722219,0.0,1.7050000809831545,1.7050000809831545,0x14,high
017,Cassandra,unresolved,39,0.10100000479724258,0.0,1.706000081030652,0.10100000479724258,0.0,1.706000081030652,1.706000081030652,0x14,high
017,Cassandra,unresolved,40,0.09100000432226807,0.0,1.706000081030652,0.09100000432226807,0.0,1.706000081030652,1.706000081030652,0x14,high
017,Cassandra,unresolved,41,0.08100000384729356,0.0,1.7050000809831545,0.08100000384729356,0.0,1.7050000809831545,1.7050000809831545,0x14,high
017,Cassandra,unresolved,42,0.07000000332482159,0.0,1.7020000808406621,0.07000000332482159,0.0,1.7020000808406621,1.7020000808406621,0x14,high
017,Cassandra,unresolved,43,0.058000002754852176,0.0,1.69500008050818,0.058000002754852176,0.0,1.69500008050818,1.69500008050818,0x14,high
017,Cassandra,unresolved,44,0.04700000223238021,0.0,1.6850000800332054,0.04700000223238021,0.0,1.6850000800332054,1.6850000800332054,0x14,high
017,Cassandra,unresolved,45,0.035000001662410796,0.0,1.6710000793682411,0.035000001662410796,0.0,1.6710000793682411,1.6710000793682411,0x14,high
017,Cassandra,unresolved,46,0.02400000113993883,0.0,1.655000078608282,0.02400000113993883,0.0,1.655000078608282,1.655000078608282,0x14,high
017,Cassandra,unresolved,47,0.013000000617466867,0.0,1.6370000777533278,0.013000000617466867,0.0,1.6370000777533278,1.6370000777533278,0x14,high
017,Cassandra,unresolved,48,0.003000000142492354,0.0,1.6180000768508762,0.003000000142492354,0.0,1.6180000768508762,1.6180000768508762,0x14,high
017,Cassandra,unresolved,49,-0.006000000284984708,0.0,1.5990000759484246,-0.006000000284984708,0.0,1.5990000759484246,1.5990000759484246,0x14,high
017,Cassandra,unresolved,50,-0.01500000071246177,0.0,1.5810000750934705,-0.01500000071246177,0.0,1.5810000750934705,1.5810000750934705,0x14,high
017,Cassandra,unresolved,51,-0.02200000104494393,0.0,1.5640000742860138,-0.02200000104494393,0.0,1.5640000742860138,1.5640000742860138,0x14,high
017,Cassandra,unresolved,52,-0.028000001329928637,0.0,1.549000073573552,-0.028000001329928637,0.0,1.549000073573552,1.549000073573552,0x14,high
017,Cassandra,unresolved,53,-0.03300000156741589,0.0,1.53800007305108,-0.03300000156741589,0.0,1.53800007305108,1.53800007305108,0x14,high
017,Cassandra,unresolved,54,-0.03600000170990825,0.0,1.5300000726711005,-0.03600000170990825,0.0,1.5300000726711005,1.5300000726711005,0x14,high
017,Cassandra,unresolved,55,-0.0370000017574057,0.0,1.5280000725761056,-0.0370000017574057,0.0,1.5280000725761056,1.5280000725761056,0x14,high
022,Setsuka,unresolved,0,-0.003000000142492354,0.0,0.018000000854954123,-0.003000000142492354,0.0,0.018000000854954123,0.018000000854954123,0x14,high
022,Setsuka,unresolved,1,-0.013000000617466867,0.0,0.03800000180490315,-0.013000000617466867,0.0,0.03800000180490315,0.03800000180490315,0x14,high
022,Setsuka,unresolved,2,-0.027000001282431185,0.0,0.057000002707354724,-0.027000001282431185,0.0,0.057000002707354724,0.057000002707354724,0x14,high
022,Setsuka,unresolved,3,-0.043000002042390406,0.0,0.07700000365730375,-0.043000002042390406,0.0,0.07700000365730375,0.07700000365730375,0x14,high
022,Setsuka,unresolved,4,-0.06100000289734453,0.0,0.09600000455975533,-0.06100000289734453,0.0,0.09600000455975533,0.09600000455975533,0x14,high
022,Setsuka,unresolved,5,-0.07700000365730375,0.0,0.11600000550970435,-0.07700000365730375,0.0,0.11600000550970435,0.11600000550970435,0x14,high
022,Setsuka,unresolved,6,-0.09100000432226807,0.0,0.13500000641215593,-0.09100000432226807,0.0,0.13500000641215593,0.13500000641215593,0x14,high
022,Setsuka,unresolved,7,-0.10100000479724258,0.0,0.1540000073146075,-0.10100000479724258,0.0,0.1540000073146075,0.1540000073146075,0x14,high
022,Setsuka,unresolved,8,-0.10400000493973494,0.0,0.17300000821705908,-0.10400000493973494,0.0,0.17300000821705908,0.17300000821705908,0x14,high
022,Setsuka,unresolved,9,-0.09900000470224768,0.0,0.19000000902451575,-0.09900000470224768,0.0,0.19000000902451575,0.19000000902451575,0x14,high
022,Setsuka,unresolved,10,-0.09500000451225787,0.0,0.2670000126818195,-0.09500000451225787,0.0,0.2670000126818195,0.2670000126818195,0x14,high
022,Setsuka,unresolved,11,-0.10500000498723239,0.0,0.35400001681409776,-0.10500000498723239,0.0,0.35400001681409776,0.35400001681409776,0x14,high
022,Setsuka,unresolved,12,-0.12400000588968396,0.0,0.45900002180133015,-0.12400000588968396,0.0,0.45900002180133015,0.45900002180133015,0x14,high
022,Setsuka,unresolved,13,-0.13500000641215593,0.0,0.5630000267410651,-0.13500000641215593,0.0,0.5630000267410651,0.5630000267410651,0x14,high
022,Setsuka,unresolved,14,-0.21700001030694693,0.0,0.6790000322507694,-0.21700001030694693,0.0,0.6790000322507694,0.6790000322507694,0x14,high
022,Setsuka,unresolved,15,-0.3000000142492354,0.0,0.800000037997961,-0.3000000142492354,0.0,0.800000037997961,0.800000037997961,0x14,high
022,Setsuka,unresolved,16,-0.339000016101636,0.0,0.9210000437451527,-0.339000016101636,0.0,0.9210000437451527,0.9210000437451527,0x14,high
022,Setsuka,unresolved,17,-0.3450000163866207,0.0,1.0130000481149182,-0.3450000163866207,0.0,1.0130000481149182,1.0130000481149182,0x14,high
022,Setsuka,unresolved,18,-0.3410000161966309,0.0,1.0960000520572066,-0.3410000161966309,0.0,1.0960000520572066,1.0960000520572066,0x14,high
022,Setsuka,unresolved,19,-0.3310000157216564,0.0,1.1680000554770231,-0.3310000157216564,0.0,1.1680000554770231,1.1680000554770231,0x14,high
022,Setsuka,unresolved,20,-0.31700001505669206,0.0,1.2280000583268702,-0.31700001505669206,0.0,1.2280000583268702,1.2280000583268702,0x14,high
022,Setsuka,unresolved,21,-0.29900001420173794,0.0,1.2750000605592504,-0.29900001420173794,0.0,1.2750000605592504,1.2750000605592504,0x14,high
022,Setsuka,unresolved,22,-0.28200001339428127,0.0,1.3150000624591485,-0.28200001339428127,0.0,1.3150000624591485,1.3150000624591485,0x14,high
022,Setsuka,unresolved,23,-0.2670000126818195,0.0,1.343000063789077,-0.2670000126818195,0.0,1.343000063789077,1.343000063789077,0x14,high
022,Setsuka,unresolved,24,-0.25800001225434244,0.0,1.3630000647390261,-0.25800001225434244,0.0,1.3630000647390261,1.3630000647390261,0x14,high
022,Setsuka,unresolved,25,-0.25600001215934753,0.0,1.3750000653089955,-0.25600001215934753,0.0,1.3750000653089955,1.3750000653089955,0x14,high
022,Setsuka,unresolved,26,-0.257000012206845,0.0,1.3810000655939803,-0.257000012206845,0.0,1.3810000655939803,1.3810000655939803,0x14,high
022,Setsuka,unresolved,27,-0.25800001225434244,0.0,1.38500006578397,-0.25800001225434244,0.0,1.38500006578397,1.38500006578397,0x14,high
022,Setsuka,unresolved,28,-0.2590000123018399,0.0,1.3890000659739599,-0.2590000123018399,0.0,1.3890000659739599,1.3890000659739599,0x14,high
022,Setsuka,unresolved,29,-0.26000001234933734,0.0,1.3920000661164522,-0.26000001234933734,0.0,1.3920000661164522,1.3920000661164522,0x14,high
022,Setsuka,unresolved,30,-0.26200001244433224,0.0,1.3940000662114471,-0.26200001244433224,0.0,1.3940000662114471,1.3940000662114471,0x14,high
022,Setsuka,unresolved,31,-0.26400001253932714,0.0,1.3970000663539395,-0.26400001253932714,0.0,1.3970000663539395,1.3970000663539395,0x14,high
022,Setsuka,unresolved,32,-0.26600001263432205,0.0,1.398000066401437,-0.26600001263432205,0.0,1.398000066401437,1.398000066401437,0x14,high
022,Setsuka,unresolved,33,-0.2670000126818195,0.0,1.4000000664964318,-0.2670000126818195,0.0,1.4000000664964318,1.4000000664964318,0x14,high
022,Setsuka,unresolved,34,-0.2690000127768144,0.0,1.4010000665439293,-0.2690000127768144,0.0,1.4010000665439293,1.4010000665439293,0x14,high
022,Setsuka,unresolved,35,-0.27000001282431185,0.0,1.4020000665914267,-0.27000001282431185,0.0,1.4020000665914267,1.4020000665914267,0x14,high
022,Setsuka,unresolved,36,-0.2710000128718093,0.0,1.4020000665914267,-0.2710000128718093,0.0,1.4020000665914267,1.4020000665914267,0x14,high
022,Setsuka,unresolved,37,-0.27200001291930676,0.0,1.4030000666389242,-0.27200001291930676,0.0,1.4030000666389242,1.4030000666389242,0x14,high
022,Setsuka,unresolved,38,-0.27200001291930676,0.0,1.4030000666389242,-0.27200001291930676,0.0,1.4030000666389242,1.4030000666389242,0x14,high
022,Setsuka,unresolved,39,-0.27200001291930676,0.0,1.4030000666389242,-0.27200001291930676,0.0,1.4030000666389242,1.4030000666389242,0x14,high
022,Setsuka,unresolved,40,-0.2710000128718093,0.0,1.405000066733919,-0.2710000128718093,0.0,1.405000066733919,1.405000066733919,0x14,high
022,Setsuka,unresolved,41,-0.27000001282431185,0.0,1.4110000670189038,-0.27000001282431185,0.0,1.4110000670189038,1.4110000670189038,0x14,high
022,Setsuka,unresolved,42,-0.26800001272931695,0.0,1.4200000674463809,-0.26800001272931695,0.0,1.4200000674463809,1.4200000674463809,0x14,high
022,Setsuka,unresolved,43,-0.2650000125868246,0.0,1.4310000679688528,-0.2650000125868246,0.0,1.4310000679688528,1.4310000679688528,0x14,high
022,Setsuka,unresolved,44,-0.2610000123968348,0.0,1.4440000685863197,-0.2610000123968348,0.0,1.4440000685863197,1.4440000685863197,0x14,high
022,Setsuka,unresolved,45,-0.2510000119218603,0.0,1.4430000685388222,-0.2510000119218603,0.0,1.4430000685388222,1.4430000685388222,0x14,high
022,Setsuka,unresolved,46,-0.2360000112093985,0.0,1.4410000684438273,-0.2360000112093985,0.0,1.4410000684438273,1.4410000684438273,0x14,high
022,Setsuka,unresolved,47,-0.21800001035444438,0.0,1.4390000683488324,-0.21800001035444438,0.0,1.4390000683488324,1.4390000683488324,0x14,high
022,Setsuka,unresolved,48,-0.2010000095469877,0.0,1.43600006820634,-0.2010000095469877,0.0,1.43600006820634,1.43600006820634,0x14,high
022,Setsuka,unresolved,49,-0.1870000088820234,0.0,1.4340000681113452,-0.1870000088820234,0.0,1.4340000681113452,1.4340000681113452,0x14,high
022,Setsuka,unresolved,50,-0.17700000840704888,0.0,1.4320000680163503,-0.17700000840704888,0.0,1.4320000680163503,1.4320000680163503,0x14,high
022,Setsuka,unresolved,51,-0.17100000812206417,0.0,1.4310000679688528,-0.17100000812206417,0.0,1.4310000679688528,1.4310000679688528,0x14,high
022,Setsuka,unresolved,52,-0.16500000783707947,0.0,1.4340000681113452,-0.16500000783707947,0.0,1.4340000681113452,1.4340000681113452,0x14,high
022,Setsuka,unresolved,53,-0.16100000764708966,0.0,1.4420000684913248,-0.16100000764708966,0.0,1.4420000684913248,1.4420000684913248,0x14,high
022,Setsuka,unresolved,54,-0.1580000075045973,0.0,1.4520000689662993,-0.1580000075045973,0.0,1.4520000689662993,1.4520000689662993,0x14,high
022,Setsuka,unresolved,55,-0.1560000074096024,0.0,1.4620000694412738,-0.1560000074096024,0.0,1.4620000694412738,1.4620000694412738,0x14,high
022,Setsuka,unresolved,56,-0.15100000717211515,0.0,1.469000069773756,-0.15100000717211515,0.0,1.469000069773756,1.469000069773756,0x14,high
022,Setsuka,unresolved,57,-0.14200000674463809,0.0,1.4730000699637458,-0.14200000674463809,0.0,1.4730000699637458,1.4730000699637458,0x14,high
022,Setsuka,unresolved,58,-0.12800000607967377,0.0,1.4750000700587407,-0.12800000607967377,0.0,1.4750000700587407,1.4750000700587407,0x14,high
022,Setsuka,unresolved,59,-0.113000005367212,0.0,1.4750000700587407,-0.113000005367212,0.0,1.4750000700587407,1.4750000700587407,0x14,high
022,Setsuka,unresolved,60,-0.09700000460725278,0.0,1.4740000700112432,-0.09700000460725278,0.0,1.4740000700112432,1.4740000700112432,0x14,high
022,Setsuka,unresolved,61,-0.08300000394228846,0.0,1.4720000699162483,-0.08300000394228846,0.0,1.4720000699162483,1.4720000699162483,0x14,high
022,Setsuka,unresolved,62,-0.0720000034198165,0.0,1.4700000698212534,-0.0720000034198165,0.0,1.4700000698212534,1.4700000698212534,0x14,high
022,Setsuka,unresolved,63,-0.06500000308733433,0.0,1.4660000696312636,-0.06500000308733433,0.0,1.4660000696312636,1.4660000696312636,0x14,high
022,Setsuka,unresolved,64,-0.06300000299233943,0.0,1.4630000694887713,-0.06300000299233943,0.0,1.4630000694887713,1.4630000694887713,0x14,high
022,Setsuka,unresolved,65,-0.06500000308733433,0.0,1.4590000692987815,-0.06500000308733433,0.0,1.4590000692987815,1.4590000692987815,0x14,high
022,Setsuka,unresolved,66,-0.06900000327732414,0.0,1.4530000690137967,-0.06900000327732414,0.0,1.4530000690137967,1.4530000690137967,0x14,high
022,Setsuka,unresolved,67,-0.0760000036098063,0.0,1.4480000687763095,-0.0760000036098063,0.0,1.4480000687763095,1.4480000687763095,0x14,high
022,Setsuka,unresolved,68,-0.08400000398978591,0.0,1.4430000685388222,-0.08400000398978591,0.0,1.4430000685388222,1.4430000685388222,0x14,high
022,Setsuka,unresolved,69,-0.09200000436976552,0.0,1.4420000684913248,-0.09200000436976552,0.0,1.4420000684913248,1.4420000684913248,0x14,high
022,Setsuka,unresolved,70,-0.10100000479724258,0.0,1.4460000686813146,-0.10100000479724258,0.0,1.4460000686813146,1.4460000686813146,0x14,high
022,Setsuka,unresolved,71,-0.10900000517722219,0.0,1.4550000691087916,-0.10900000517722219,0.0,1.4550000691087916,1.4550000691087916,0x14,high
022,Setsuka,unresolved,72,-0.11600000550970435,0.0,1.467000069678761,-0.11600000550970435,0.0,1.467000069678761,1.467000069678761,0x14,high
022,Setsuka,unresolved,73,-0.12000000569969416,0.0,1.4790000702487305,-0.12000000569969416,0.0,1.4790000702487305,1.4790000702487305,0x14,high
022,Setsuka,unresolved,74,-0.12200000579468906,0.0,1.489000070723705,-0.12200000579468906,0.0,1.489000070723705,1.489000070723705,0x14,high
023,Tira,unresolved,0,0.0020000000949949026,0.0,0.0020000000949949026,0.0020000000949949026,0.0,0.0020000000949949026,0.0020000000949949026,0x14,high
023,Tira,unresolved,1,0.004000000189989805,0.0,0.00800000037997961,0.004000000189989805,0.0,0.00800000037997961,0.00800000037997961,0x14,high
023,Tira,unresolved,2,0.007000000332482159,0.0,0.01600000075995922,0.007000000332482159,0.0,0.01600000075995922,0.01600000075995922,0x14,high
023,Tira,unresolved,3,0.009000000427477062,0.0,0.026000001234933734,0.009000000427477062,0.0,0.026000001234933734,0.026000001234933734,0x14,high
023,Tira,unresolved,4,0.012000000569969416,0.0,0.04000000189989805,0.012000000569969416,0.0,0.04000000189989805,0.04000000189989805,0x14,high
023,Tira,unresolved,5,0.01500000071246177,0.0,0.05600000265985727,0.01500000071246177,0.0,0.05600000265985727,0.05600000265985727,0x14,high
023,Tira,unresolved,6,0.017000000807456672,0.0,0.07500000356230885,0.017000000807456672,0.0,0.07500000356230885,0.07500000356230885,0x14,high
023,Tira,unresolved,7,0.019000000902451575,0.0,0.09800000465475023,0.019000000902451575,0.0,0.09800000465475023,0.09800000465475023,0x14,high
023,Tira,unresolved,8,0.021000000997446477,0.0,0.12300000584218651,0.021000000997446477,0.0,0.12300000584218651,0.12300000584218651,0x14,high
023,Tira,unresolved,9,0.02300000109244138,0.0,0.1520000072196126,0.02300000109244138,0.0,0.1520000072196126,0.1520000072196126,0x14,high
023,Tira,unresolved,10,0.02300000109244138,0.0,0.18400000873953104,0.02300000109244138,0.0,0.18400000873953104,0.18400000873953104,0x14,high
023,Tira,unresolved,11,0.02400000113993883,0.0,0.2200000104494393,0.02400000113993883,0.0,0.2200000104494393,0.2200000104494393,0x14,high
023,Tira,unresolved,12,0.02200000104494393,0.0,0.25800001225434244,0.02200000104494393,0.0,0.25800001225434244,0.25800001225434244,0x14,high
023,Tira,unresolved,13,0.018000000854954123,0.0,0.2980000141542405,0.018000000854954123,0.0,0.2980000141542405,0.2980000141542405,0x14,high
023,Tira,unresolved,14,0.012000000569969416,0.0,0.34000001614913344,0.012000000569969416,0.0,0.34000001614913344,0.34000001614913344,0x14,high
023,Tira,unresolved,15,0.0020000000949949026,0.0,0.38500001828651875,0.0020000000949949026,0.0,0.38500001828651875,0.38500001828651875,0x14,high
023,Tira,unresolved,16,-0.00800000037997961,0.0,0.43200002051889896,-0.00800000037997961,0.0,0.43200002051889896,0.43200002051889896,0x14,high
023,Tira,unresolved,17,-0.02300000109244138,0.0,0.4800000227987766,-0.02300000109244138,0.0,0.4800000227987766,0.4800000227987766,0x14,high
023,Tira,unresolved,18,-0.03800000180490315,0.0,0.5190000246511772,-0.03800000180490315,0.0,0.5190000246511772,0.5190000246511772,0x14,high
023,Tira,unresolved,19,-0.05200000246986747,0.0,0.5460000259336084,-0.05200000246986747,0.0,0.5460000259336084,0.5460000259336084,0x14,high
023,Tira,unresolved,20,-0.06500000308733433,0.0,0.5710000271210447,-0.06500000308733433,0.0,0.5710000271210447,0.5710000271210447,0x14,high
023,Tira,unresolved,21,-0.0760000036098063,0.0,0.5930000281659886,-0.0760000036098063,0.0,0.5930000281659886,0.5930000281659886,0x14,high
023,Tira,unresolved,22,-0.08600000408478081,0.0,0.6100000289734453,-0.08600000408478081,0.0,0.6100000289734453,0.6100000289734453,0x14,high
023,Tira,unresolved,23,-0.09500000451225787,0.0,0.6240000296384096,-0.09500000451225787,0.0,0.6240000296384096,0.6240000296384096,0x14,high
023,Tira,unresolved,24,-0.10200000484474003,0.0,0.6340000301133841,-0.10200000484474003,0.0,0.6340000301133841,0.6340000301133841,0x14,high
023,Tira,unresolved,25,-0.10800000512972474,0.0,0.6400000303983688,-0.10800000512972474,0.0,0.6400000303983688,0.6400000303983688,0x14,high
023,Tira,unresolved,26,-0.11200000531971455,0.0,0.6420000304933637,-0.11200000531971455,0.0,0.6420000304933637,0.6420000304933637,0x14,high
023,Tira,unresolved,27,-0.1150000054622069,0.0,0.6420000304933637,-0.1150000054622069,0.0,0.6420000304933637,0.6420000304933637,0x14,high
023,Tira,unresolved,28,-0.1170000055572018,0.0,0.6390000303508714,-0.1170000055572018,0.0,0.6390000303508714,0.6390000303508714,0x14,high
023,Tira,unresolved,29,-0.1170000055572018,0.0,0.6350000301608816,-0.1170000055572018,0.0,0.6350000301608816,0.6350000301608816,0x14,high
023,Tira,unresolved,30,-0.11600000550970435,0.0,0.6290000298758969,-0.11600000550970435,0.0,0.6290000298758969,0.6290000298758969,0x14,high
023,Tira,unresolved,31,-0.11400000541470945,0.0,0.6220000295434147,-0.11400000541470945,0.0,0.6220000295434147,0.6220000295434147,0x14,high
023,Tira,unresolved,32,-0.11200000531971455,0.0,0.6130000291159377,-0.11200000531971455,0.0,0.6130000291159377,0.6130000291159377,0x14,high
023,Tira,unresolved,33,-0.10900000517722219,0.0,0.6030000286409631,-0.10900000517722219,0.0,0.6030000286409631,0.6030000286409631,0x14,high
023,Tira,unresolved,34,-0.10500000498723239,0.0,0.5910000280709937,-0.10500000498723239,0.0,0.5910000280709937,0.5910000280709937,0x14,high
023,Tira,unresolved,35,-0.10100000479724258,0.0,0.5790000275010243,-0.10100000479724258,0.0,0.5790000275010243,0.5790000275010243,0x14,high
023,Tira,unresolved,36,-0.09800000465475023,0.0,0.56500002683606,-0.09800000465475023,0.0,0.56500002683606,0.56500002683606,0x14,high
023,Tira,unresolved,37,-0.09400000446476042,0.0,0.5500000261235982,-0.09400000446476042,0.0,0.5500000261235982,0.5500000261235982,0x14,high
023,Tira,unresolved,38,-0.09200000436976552,0.0,0.534000025363639,-0.09200000436976552,0.0,0.534000025363639,0.534000025363639,0x14,high
023,Tira,unresolved,39,-0.09000000427477062,0.0,0.5160000245086849,-0.09000000427477062,0.0,0.5160000245086849,0.5160000245086849,0x14,high
023,Tira,unresolved,40,-0.08800000417977571,0.0,0.4990000237012282,-0.08800000417977571,0.0,0.4990000237012282,0.4990000237012282,0x14,high
023,Tira,unresolved,41,-0.08800000417977571,0.0,0.483000022941269,-0.08800000417977571,0.0,0.483000022941269,0.483000022941269,0x14,high
023,Tira,unresolved,42,-0.08900000422727317,0.0,0.4680000222288072,-0.08900000422727317,0.0,0.4680000222288072,0.4680000222288072,0x14,high
023,Tira,unresolved,43,-0.09100000432226807,0.0,0.4540000215638429,-0.09100000432226807,0.0,0.4540000215638429,0.4540000215638429,0x14,high
023,Tira,unresolved,44,-0.09400000446476042,0.0,0.44300002104137093,-0.09400000446476042,0.0,0.44300002104137093,0.44300002104137093,0x14,high
023,Tira,unresolved,45,-0.09700000460725278,0.0,0.4350000206613913,-0.09700000460725278,0.0,0.4350000206613913,0.4350000206613913,0x14,high
023,Tira,unresolved,46,-0.10100000479724258,0.0,0.43000002042390406,-0.10100000479724258,0.0,0.43000002042390406,0.43000002042390406,0x14,high
023,Tira,unresolved,47,-0.10400000493973494,0.0,0.42800002032890916,-0.10400000493973494,0.0,0.42800002032890916,0.42800002032890916,0x14,high
023,Tira,unresolved,48,-0.10800000512972474,0.0,0.4290000203764066,-0.10800000512972474,0.0,0.4290000203764066,0.4290000203764066,0x14,high
023,Tira,unresolved,49,-0.1110000052722171,0.0,0.4330000205663964,-0.1110000052722171,0.0,0.4330000205663964,0.4330000205663964,0x14,high
023,Tira,unresolved,50,-0.11400000541470945,0.0,0.4390000208513811,-0.11400000541470945,0.0,0.4390000208513811,0.4390000208513811,0x14,high
023,Tira,unresolved,51,-0.1170000055572018,0.0,0.4440000210888684,-0.1170000055572018,0.0,0.4440000210888684,0.4440000210888684,0x14,high
023,Tira,unresolved,52,-0.11800000560469925,0.0,0.4480000212788582,-0.11800000560469925,0.0,0.4480000212788582,0.4480000212788582,0x14,high
023,Tira,unresolved,53,-0.1190000056521967,0.0,0.44900002132635564,-0.1190000056521967,0.0,0.44900002132635564,0.44900002132635564,0x14,high
028,Hilde,unresolved,0,-0.004000000189989805,0.0,0.018000000854954123,-0.004000000189989805,0.0,0.018000000854954123,0.018000000854954123,0x14,high
028,Hilde,unresolved,1,-0.01500000071246177,0.0,0.06700000318232924,-0.01500000071246177,0.0,0.06700000318232924,0.06700000318232924,0x14,high
028,Hilde,unresolved,2,-0.03100000147242099,0.0,0.14000000664964318,-0.03100000147242099,0.0,0.14000000664964318,0.14000000664964318,0x14,high
028,Hilde,unresolved,3,-0.04800000227987766,0.0,0.226000010734424,-0.04800000227987766,0.0,0.226000010734424,0.226000010734424,0x14,high
028,Hilde,unresolved,4,-0.06300000299233943,0.0,0.31900001515168697,-0.06300000299233943,0.0,0.31900001515168697,0.31900001515168697,0x14,high
028,Hilde,unresolved,5,-0.07500000356230885,0.0,0.41000001947395504,-0.07500000356230885,0.0,0.41000001947395504,0.41000001947395504,0x14,high
028,Hilde,unresolved,6,-0.07900000375229865,0.0,0.49000002327375114,-0.07900000375229865,0.0,0.49000002327375114,0.49000002327375114,0x14,high
028,Hilde,unresolved,7,-0.07000000332482159,0.0,0.5680000269785523,-0.07000000332482159,0.0,0.5680000269785523,0.5680000269785523,0x14,high
028,Hilde,unresolved,8,-0.049000002327375114,0.0,0.6500000308733433,-0.049000002327375114,0.0,0.6500000308733433,0.6500000308733433,0x14,high
028,Hilde,unresolved,9,-0.029000001377426088,0.0,0.7190000341506675,-0.029000001377426088,0.0,0.7190000341506675,0.7190000341506675,0x14,high
028,Hilde,unresolved,10,-0.019000000902451575,0.0,0.7380000350531191,-0.019000000902451575,0.0,0.7380000350531191,0.7380000350531191,0x14,high
028,Hilde,unresolved,11,-0.00800000037997961,0.0,0.7520000357180834,-0.00800000037997961,0.0,0.7520000357180834,0.7520000357180834,0x14,high
028,Hilde,unresolved,12,0.0,0.0,0.7620000361930579,0.0,0.0,0.7620000361930579,0.7620000361930579,0x14,high
028,Hilde,unresolved,13,0.0,0.0,0.7560000359080732,0.0,0.0,0.7560000359080732,0.7560000359080732,0x14,high
028,Hilde,unresolved,14,0.0,0.0,0.7410000351956114,0.0,0.0,0.7410000351956114,0.7410000351956114,0x14,high
028,Hilde,unresolved,15,0.0,0.0,0.7210000342456624,0.0,0.0,0.7210000342456624,0.7210000342456624,0x14,high
028,Hilde,unresolved,16,0.0,0.0,0.7010000332957134,0.0,0.0,0.7010000332957134,0.7010000332957134,0x14,high
028,Hilde,unresolved,17,-0.0020000000949949026,0.0,0.6850000325357541,-0.0020000000949949026,0.0,0.6850000325357541,0.6850000325357541,0x14,high
028,Hilde,unresolved,18,-0.004000000189989805,0.0,0.6790000322507694,-0.004000000189989805,0.0,0.6790000322507694,0.6790000322507694,0x14,high
028,Hilde,unresolved,19,-0.009000000427477062,0.0,0.6970000331057236,-0.009000000427477062,0.0,0.6970000331057236,0.6970000331057236,0x14,high
028,Hilde,unresolved,20,-0.02200000104494393,0.0,0.7200000341981649,-0.02200000104494393,0.0,0.7200000341981649,0.7200000341981649,0x14,high
028,Hilde,unresolved,21,-0.03800000180490315,0.0,0.7570000359555706,-0.03800000180490315,0.0,0.7570000359555706,0.7570000359555706,0x14,high
028,Hilde,unresolved,22,-0.05500000261235982,0.0,0.8080000383779407,-0.05500000261235982,0.0,0.8080000383779407,0.8080000383779407,0x14,high
028,Hilde,unresolved,23,-0.07300000346731395,0.0,0.8660000411327928,-0.07300000346731395,0.0,0.8660000411327928,0.8660000411327928,0x14,high
028,Hilde,unresolved,24,-0.09400000446476042,0.0,0.9220000437926501,-0.09400000446476042,0.0,0.9220000437926501,0.9220000437926501,0x14,high
028,Hilde,unresolved,25,-0.1190000056521967,0.0,0.9820000466424972,-0.1190000056521967,0.0,0.9820000466424972,0.9820000466424972,0x14,high
028,Hilde,unresolved,26,-0.14700000698212534,0.0,1.0400000493973494,-0.14700000698212534,0.0,1.0400000493973494,1.0400000493973494,0x14,high
028,Hilde,unresolved,27,-0.17600000835955143,0.0,1.1050000524846837,-0.17600000835955143,0.0,1.1050000524846837,1.1050000524846837,0x14,high
028,Hilde,unresolved,28,-0.20400000968948007,0.0,1.1850000562844798,-0.20400000968948007,0.0,1.1850000562844798,1.1850000562844798,0x14,high
028,Hilde,unresolved,29,-0.2320000110194087,0.0,1.2990000616991892,-0.2320000110194087,0.0,1.2990000616991892,1.2990000616991892,0x14,high
028,Hilde,unresolved,30,-0.25800001225434244,0.0,1.4430000685388222,-0.25800001225434244,0.0,1.4430000685388222,1.4430000685388222,0x14,high
028,Hilde,unresolved,31,-0.24300001154188067,0.0,1.5980000759009272,-0.24300001154188067,0.0,1.5980000759009272,1.5980000759009272,0x14,high
028,Hilde,unresolved,32,-0.17400000826455653,0.0,1.7320000822655857,-0.17400000826455653,0.0,1.7320000822655857,1.7320000822655857,0x14,high
028,Hilde,unresolved,33,-0.049000002327375114,0.0,1.859000088297762,-0.049000002327375114,0.0,1.859000088297762,1.859000088297762,0x14,high
028,Hilde,unresolved,34,0.10400000493973494,0.0,1.959000093047507,0.10400000493973494,0.0,1.959000093047507,1.959000093047507,0x14,high
028,Hilde,unresolved,35,0.27200001291930676,0.0,1.9840000942349434,0.27200001291930676,0.0,1.9840000942349434,1.9840000942349434,0x14,high
028,Hilde,unresolved,36,0.3880000184290111,0.0,1.952000092715025,0.3880000184290111,0.0,1.952000092715025,1.952000092715025,0x14,high
028,Hilde,unresolved,37,0.45500002161134034,0.0,1.8330000870628282,0.45500002161134034,0.0,1.8330000870628282,1.8330000870628282,0x14,high
028,Hilde,unresolved,38,0.4800000227987766,0.0,1.6650000790832564,0.4800000227987766,0.0,1.6650000790832564,1.6650000790832564,0x14,high
028,Hilde,unresolved,39,0.4890000232262537,0.0,1.4630000694887713,0.4890000232262537,0.0,1.4630000694887713,1.4630000694887713,0x14,high
028,Hilde,unresolved,40,0.4810000228462741,0.0,1.261000059894286,0.4810000228462741,0.0,1.261000059894286,1.261000059894286,0x14,high
028,Hilde,unresolved,41,0.4400000208988786,0.0,1.0740000510122627,0.4400000208988786,0.0,1.0740000510122627,1.0740000510122627,0x14,high
028,Hilde,unresolved,42,0.359000017051585,0.0,0.9250000439351425,0.359000017051585,0.0,0.9250000439351425,0.9250000439351425,0x14,high
028,Hilde,unresolved,43,0.2590000123018399,0.0,0.8170000388054177,0.2590000123018399,0.0,0.8170000388054177,0.8170000388054177,0x14,high
028,Hilde,unresolved,44,0.1520000072196126,0.0,0.7480000355280936,0.1520000072196126,0.0,0.7480000355280936,0.7480000355280936,0x14,high
028,Hilde,unresolved,45,0.028000001329928637,0.0,0.7230000343406573,0.028000001329928637,0.0,0.7230000343406573,0.7230000343406573,0x14,high
028,Hilde,unresolved,46,-0.09400000446476042,0.0,0.7670000364305452,-0.09400000446476042,0.0,0.7670000364305452,0.7670000364305452,0x14,high
028,Hilde,unresolved,47,-0.1540000073146075,0.0,0.8580000407528132,-0.1540000073146075,0.0,0.8580000407528132,0.8580000407528132,0x14,high
028,Hilde,unresolved,48,-0.21000000997446477,0.0,0.9590000455500558,-0.21000000997446477,0.0,0.9590000455500558,0.9590000455500558,0x14,high
028,Hilde,unresolved,49,-0.2550000121118501,0.0,1.070000050822273,-0.2550000121118501,0.0,1.070000050822273,1.070000050822273,0x14,high
028,Hilde,unresolved,50,-0.2810000133467838,0.0,1.183000056189485,-0.2810000133467838,0.0,1.183000056189485,1.183000056189485,0x14,high
028,Hilde,unresolved,51,-0.29900001420173794,0.0,1.3020000618416816,-0.29900001420173794,0.0,1.3020000618416816,1.3020000618416816,0x14,high
028,Hilde,unresolved,52,-0.30500001448672265,0.0,1.4190000673988834,-0.30500001448672265,0.0,1.4190000673988834,1.4190000673988834,0x14,high
028,Hilde,unresolved,53,-0.3000000142492354,0.0,1.5320000727660954,-0.3000000142492354,0.0,1.5320000727660954,1.5320000727660954,0x14,high
028,Hilde,unresolved,54,-0.2860000135842711,0.0,1.673000079463236,-0.2860000135842711,0.0,1.673000079463236,1.673000079463236,0x14,high
028,Hilde,unresolved,55,-0.26400001253932714,0.0,1.8100000859703869,-0.26400001253932714,0.0,1.8100000859703869,1.8100000859703869,0x14,high
028,Hilde,unresolved,56,-0.22500001068692654,0.0,1.952000092715025,-0.22500001068692654,0.0,1.952000092715025,1.952000092715025,0x14,high
028,Hilde,unresolved,57,-0.17500000831205398,0.0,2.098000099649653,-0.17500000831205398,0.0,2.098000099649653,2.098000099649653,0x14,high
028,Hilde,unresolved,58,-0.1190000056521967,0.0,2.2410001064417884,-0.1190000056521967,0.0,2.2410001064417884,2.2410001064417884,0x14,high
028,Hilde,unresolved,59,-0.08500000403728336,0.0,2.3790001129964367,-0.08500000403728336,0.0,2.3790001129964367,2.3790001129964367,0x14,high
028,Hilde,unresolved,60,-0.050000002374872565,0.0,2.5090001191711053,-0.050000002374872565,0.0,2.5090001191711053,2.5090001191711053,0x14,high
028,Hilde,unresolved,61,-0.013000000617466867,0.0,2.626000124728307,-0.013000000617466867,0.0,2.626000124728307,2.626000124728307,0x14,high
028,Hilde,unresolved,62,0.02400000113993883,0.0,2.7260001294780523,0.02400000113993883,0.0,2.7260001294780523,2.7260001294780523,0x14,high
028,Hilde,unresolved,63,0.06400000303983688,0.0,2.812000133562833,0.06400000303983688,0.0,2.812000133562833,2.812000133562833,0x14,high
028,Hilde,unresolved,64,0.10500000498723239,0.0,2.889000137220137,0.10500000498723239,0.0,2.889000137220137,2.889000137220137,0x14,high
028,Hilde,unresolved,65,0.1480000070296228,0.0,2.958000140497461,0.1480000070296228,0.0,2.958000140497461,2.958000140497461,0x14,high
028,Hilde,unresolved,66,0.19000000902451575,0.0,3.020000143442303,0.19000000902451575,0.0,3.020000143442303,3.020000143442303,0x14,high
028,Hilde,unresolved,67,0.22900001087691635,0.0,3.07600014610216,0.22900001087691635,0.0,3.07600014610216,3.07600014610216,0x14,high
028,Hilde,unresolved,68,0.2630000124918297,0.0,3.1280001485720277,0.2630000124918297,0.0,3.1280001485720277,3.1280001485720277,0x14,high
028,Hilde,unresolved,69,0.27600001310929656,0.0,3.1760001508519053,0.27600001310929656,0.0,3.1760001508519053,3.1760001508519053,0x14,high
028,Hilde,unresolved,70,0.27800001320429146,0.0,3.2210001529892907,0.27800001320429146,0.0,3.2210001529892907,3.2210001529892907,0x14,high
028,Hilde,unresolved,71,0.2730000129668042,0.0,3.2650001550791785,0.2730000129668042,0.0,3.2650001550791785,3.2650001550791785,0x14,high
028,Hilde,unresolved,72,0.26000001234933734,0.0,3.308000157121569,0.26000001234933734,0.0,3.308000157121569,3.308000157121569,0x14,high
028,Hilde,unresolved,73,0.24600001168437302,0.0,3.348000159021467,0.24600001168437302,0.0,3.348000159021467,3.348000159021467,0x14,high
028,Hilde,unresolved,74,0.2300000109244138,0.0,3.3820001606363803,0.2300000109244138,0.0,3.3820001606363803,3.3820001606363803,0x14,high
028,Hilde,unresolved,75,0.21500001021195203,0.0,3.4110001620138064,0.21500001021195203,0.0,3.4110001620138064,3.4110001620138064,0x14,high
028,Hilde,unresolved,76,0.2010000095469877,0.0,3.43700016324874,0.2010000095469877,0.0,3.43700016324874,3.43700016324874,0x14,high
028,Hilde,unresolved,77,0.1910000090720132,0.0,3.4600001643411815,0.1910000090720132,0.0,3.4600001643411815,3.4600001643411815,0x14,high
028,Hilde,unresolved,78,0.1910000090720132,0.0,3.4820001653861254,0.1910000090720132,0.0,3.4820001653861254,3.4820001653861254,0x14,high
028,Hilde,unresolved,79,0.19800000940449536,0.0,3.503000166383572,0.19800000940449536,0.0,3.503000166383572,3.503000166383572,0x14,high
028,Hilde,unresolved,80,0.2240000106394291,0.0,3.5260001674760133,0.2240000106394291,0.0,3.5260001674760133,3.5260001674760133,0x14,high
028,Hilde,unresolved,81,0.24500001163687557,0.0,3.552000168710947,0.24500001163687557,0.0,3.552000168710947,3.552000168710947,0x14,high
028,Hilde,unresolved,82,0.26600001263432205,0.0,3.579000169993378,0.26600001263432205,0.0,3.579000169993378,3.579000169993378,0x14,high
028,Hilde,unresolved,83,0.288000013679266,0.0,3.603000171133317,0.288000013679266,0.0,3.603000171133317,3.603000171133317,0x14,high
028,Hilde,unresolved,84,0.30100001429673284,0.0,3.618000171845779,0.30100001429673284,0.0,3.618000171845779,3.618000171845779,0x14,high
028,Hilde,unresolved,85,0.3040000144392252,0.0,3.6310001724632457,0.3040000144392252,0.0,3.6310001724632457,3.6310001724632457,0x14,high
028,Hilde,unresolved,86,0.3000000142492354,0.0,3.64500017312821,0.3000000142492354,0.0,3.64500017312821,3.64500017312821,0x14,high
028,Hilde,unresolved,87,0.29300001391675323,0.0,3.6590001737931743,0.29300001391675323,0.0,3.6590001737931743,3.6590001737931743,0x14,high
028,Hilde,unresolved,88,0.2850000135367736,0.0,3.674000174505636,0.2850000135367736,0.0,3.674000174505636,3.674000174505636,0x14,high
028,Hilde,unresolved,89,0.277000013156794,0.0,3.689000175218098,0.277000013156794,0.0,3.689000175218098,3.689000175218098,0x14,high
028,Hilde,unresolved,90,0.2690000127768144,0.0,3.703000175883062,0.2690000127768144,0.0,3.703000175883062,3.703000175883062,0x14,high
028,Hilde,unresolved,91,0.26400001253932714,0.0,3.7170001765480265,0.26400001253932714,0.0,3.7170001765480265,3.7170001765480265,0x14,high
028,Hilde,unresolved,92,0.2630000124918297,0.0,3.7300001771654934,0.2630000124918297,0.0,3.7300001771654934,3.7300001771654934,0x14,high
028,Hilde,unresolved,93,0.2610000123968348,0.0,3.740000177640468,0.2610000123968348,0.0,3.740000177640468,3.740000177640468,0x14,high
028,Hilde,unresolved,94,0.2590000123018399,0.0,3.7500001781154424,0.2590000123018399,0.0,3.7500001781154424,3.7500001781154424,0x14,high
028,Hilde,unresolved,95,0.257000012206845,0.0,3.758000178495422,0.257000012206845,0.0,3.758000178495422,3.758000178495422,0x14,high
028,Hilde,unresolved,96,0.25600001215934753,0.0,3.765000178827904,0.25600001215934753,0.0,3.765000178827904,3.765000178827904,0x14,high
028,Hilde,unresolved,97,0.25600001215934753,0.0,3.7720001791603863,0.25600001215934753,0.0,3.7720001791603863,3.7720001791603863,0x14,high
028,Hilde,unresolved,98,0.25600001215934753,0.0,3.780000179540366,0.25600001215934753,0.0,3.780000179540366,3.780000179540366,0x14,high
028,Hilde,unresolved,99,0.25600001215934753,0.0,3.7900001800153404,0.25600001215934753,0.0,3.7900001800153404,3.7900001800153404,0x14,high
028,Hilde,unresolved,100,0.257000012206845,0.0,3.8040001806803048,0.257000012206845,0.0,3.8040001806803048,3.8040001806803048,0x14,high
028,Hilde,unresolved,101,0.25800001225434244,0.0,3.8190001813927665,0.25800001225434244,0.0,3.8190001813927665,3.8190001813927665,0x14,high
028,Hilde,unresolved,102,0.2590000123018399,0.0,3.836000182200223,0.2590000123018399,0.0,3.836000182200223,3.836000182200223,0x14,high
028,Hilde,unresolved,103,0.26000001234933734,0.0,3.858000183245167,0.26000001234933734,0.0,3.858000183245167,3.858000183245167,0x14,high
028,Hilde,unresolved,104,0.2610000123968348,0.0,3.8830001844326034,0.2610000123968348,0.0,3.8830001844326034,3.8830001844326034,0x14,high
028,Hilde,unresolved,105,0.26200001244433224,0.0,3.911000185762532,0.26200001244433224,0.0,3.911000185762532,3.911000185762532,0x14,high
028,Hilde,unresolved,106,0.2630000124918297,0.0,3.9410001871874556,0.2630000124918297,0.0,3.9410001871874556,3.9410001871874556,0x14,high
028,Hilde,unresolved,107,0.26400001253932714,0.0,3.973000188707374,0.26400001253932714,0.0,3.973000188707374,3.973000188707374,0x14,high
028,Hilde,unresolved,108,0.2650000125868246,0.0,4.008000190369785,0.2650000125868246,0.0,4.008000190369785,4.008000190369785,0x14,high
028,Hilde,unresolved,109,0.26600001263432205,0.0,4.046000192174688,0.26600001263432205,0.0,4.046000192174688,4.046000192174688,0x14,high
028,Hilde,unresolved,110,0.26800001272931695,0.0,4.086000194074586,0.26800001272931695,0.0,4.086000194074586,4.086000194074586,0x14,high
028,Hilde,unresolved,111,0.2690000127768144,0.0,4.121000195736997,0.2690000127768144,0.0,4.121000195736997,4.121000195736997,0x14,high
028,Hilde,unresolved,112,0.2710000128718093,0.0,4.150000197114423,0.2710000128718093,0.0,4.150000197114423,4.150000197114423,0x14,high
028,Hilde,unresolved,113,0.27200001291930676,0.0,4.173000198206864,0.27200001291930676,0.0,4.173000198206864,4.173000198206864,0x14,high
028,Hilde,unresolved,114,0.27400001301430166,0.0,4.191000199061818,0.27400001301430166,0.0,4.191000199061818,4.191000199061818,0x14,high
028,Hilde,unresolved,115,0.2750000130617991,0.0,4.205000199726783,0.2750000130617991,0.0,4.205000199726783,4.205000199726783,0x14,high
028,Hilde,unresolved,116,0.27600001310929656,0.0,4.212000200059265,0.27600001310929656,0.0,4.212000200059265,4.212000200059265,0x14,high
028,Hilde,unresolved,117,0.277000013156794,0.0,4.219000200391747,0.277000013156794,0.0,4.219000200391747,4.219000200391747,0x14,high
028,Hilde,unresolved,118,0.27800001320429146,0.0,4.223000200581737,0.27800001320429146,0.0,4.223000200581737,4.223000200581737,0x14,high
028,Hilde,unresolved,119,0.27800001320429146,0.0,4.225000200676732,0.27800001320429146,0.0,4.225000200676732,4.225000200676732,0x14,high
030,Amy,trusted_basic,0,0.0,0.0,0.0,0.0,0.0,0.0,0.0,0x14,high
030,Amy,trusted_basic,1,0.0,0.0,0.0,0.0,0.0,0.0,0.0,0x14,high
030,Amy,trusted_basic,2,0.0,0.0,0.0,0.0,0.0,0.0,0.0,0x14,high
030,Amy,trusted_basic,3,0.0,0.0,0.0,0.0,0.0,0.0,0.0,0x14,high
030,Amy,trusted_basic,4,0.0,0.0,0.0,0.0,0.0,0.0,0.0,0x14,high
030,Amy,trusted_basic,5,0.0,0.0,0.0,0.0,0.0,0.0,0.0,0x14,high
030,Amy,trusted_basic,6,0.0,0.0,0.0,0.0,0.0,0.0,0.0,0x14,high
030,Amy,trusted_basic,7,0.0,0.0,0.0,0.0,0.0,0.0,0.0,0x14,high
030,Amy,trusted_basic,8,0.0,0.0,0.0,0.0,0.0,0.0,0.0,0x14,high
030,Amy,trusted_basic,9,0.0,0.0,0.0,0.0,0.0,0.0,0.0,0x14,high
030,Amy,trusted_basic,10,0.0,0.0,0.0,0.0,0.0,0.0,0.0,0x14,high
030,Amy,trusted_basic,11,0.0,0.0,0.0,0.0,0.0,0.0,0.0,0x14,high
030,Amy,trusted_basic,12,0.0,0.0,0.0,0.0,0.0,0.0,0.0,0x14,high
030,Amy,trusted_basic,13,0.0,0.0,0.0,0.0,0.0,0.0,0.0,0x14,high
030,Amy,trusted_basic,14,0.0,0.0,0.0,0.0,0.0,0.0,0.0,0x14,high
030,Amy,trusted_basic,15,0.0,0.0,0.0,0.0,0.0,0.0,0.0,0x14,high
030,Amy,trusted_basic,16,0.0,0.0,0.0,0.0,0.0,0.0,0.0,0x14,high
030,Amy,trusted_basic,17,0.0,0.0,0.0,0.0,0.0,0.0,0.0,0x14,high
030,Amy,trusted_basic,18,0.0,0.0,0.0,0.0,0.0,0.0,0.0,0x14,high
030,Amy,trusted_basic,19,0.0,0.0,0.0,0.0,0.0,0.0,0.0,0x14,high
030,Amy,trusted_basic,20,0.0,0.0,0.0,0.0,0.0,0.0,0.0,0x14,high
030,Amy,trusted_basic,21,0.0,0.0,0.0,0.0,0.0,0.0,0.0,0x14,high
030,Amy,trusted_basic,22,0.0,0.0,0.0,0.0,0.0,0.0,0.0,0x14,high
030,Amy,trusted_basic,23,0.0,0.0,0.0,0.0,0.0,0.0,0.0,0x14,high
030,Amy,trusted_basic,24,0.0,0.0,0.0,0.0,0.0,0.0,0.0,0x14,high
030,Amy,trusted_basic,25,0.0,0.0,0.0,0.0,0.0,0.0,0.0,0x14,high
030,Amy,trusted_basic,26,0.0,0.0,0.0,0.0,0.0,0.0,0.0,0x14,high
030,Amy,trusted_basic,27,0.0,0.0,0.0,0.0,0.0,0.0,0.0,0x14,high
030,Amy,trusted_basic,28,0.0,0.0,0.0,0.0,0.0,0.0,0.0,0x14,high
030,Amy,trusted_basic,29,0.0,0.0,0.0,0.0,0.0,0.0,0.0,0x14,high
030,Amy,trusted_basic,30,0.0,0.0,0.0,0.0,0.0,0.0,0.0,0x14,high
030,Amy,trusted_basic,31,0.0,0.0,0.0,0.0,0.0,0.0,0.0,0x14,high
030,Amy,trusted_basic,32,0.0,0.0,0.0,0.0,0.0,0.0,0.0,0x14,high
030,Amy,trusted_basic,33,0.0,0.0,0.0,0.0,0.0,0.0,0.0,0x14,high
030,Amy,trusted_basic,34,0.0,0.0,0.0,0.0,0.0,0.0,0.0,0x14,high
030,Amy,trusted_basic,35,0.0,0.0,0.0,0.0,0.0,0.0,0.0,0x14,high
030,Amy,trusted_basic,36,0.0,0.0,0.0,0.0,0.0,0.0,0.0,0x14,high
030,Amy,trusted_basic,37,0.0,0.0,0.0,0.0,0.0,0.0,0.0,0x14,high
030,Amy,trusted_basic,38,0.0,0.0,0.0,0.0,0.0,0.0,0.0,0x14,high
030,Amy,trusted_basic,39,0.0,0.0,0.0,0.0,0.0,0.0,0.0,0x14,high
030,Amy,trusted_basic,40,0.0,0.0,0.0,0.0,0.0,0.0,0.0,0x14,high
030,Amy,trusted_basic,41,0.0,0.0,0.0,0.0,0.0,0.0,0.0,0x14,high
030,Amy,trusted_basic,42,0.0,0.0,0.0,0.0,0.0,0.0,0.0,0x14,high
030,Amy,trusted_basic,43,0.0,0.0,0.0,0.0,0.0,0.0,0.0,0x14,high
030,Amy,trusted_basic,44,0.0,0.0,0.0,0.0,0.0,0.0,0.0,0x14,high
030,Amy,trusted_basic,45,0.0,0.0,0.0,0.0,0.0,0.0,0.0,0x14,high
030,Amy,trusted_basic,46,0.0,0.0,0.0,0.0,0.0,0.0,0.0,0x14,high
030,Amy,trusted_basic,47,0.0,0.0,0.0,0.0,0.0,0.0,0.0,0x14,high
030,Amy,trusted_basic,48,0.0,0.0,0.0,0.0,0.0,0.0,0.0,0x14,high
030,Amy,trusted_basic,49,0.0,0.0,0.0,0.0,0.0,0.0,0.0,0x14,high
030,Amy,trusted_basic,50,0.0,0.0,0.0,0.0,0.0,0.0,0.0,0x14,high
030,Amy,trusted_basic,51,0.0,0.0,0.0,0.0,0.0,0.0,0.0,0x14,high
030,Amy,trusted_basic,52,0.0,0.0,0.0,0.0,0.0,0.0,0.0,0x14,high
030,Amy,trusted_basic,53,0.0,0.0,0.0,0.0,0.0,0.0,0.0,0x14,high
030,Amy,trusted_basic,54,0.0,0.0,0.0,0.0,0.0,0.0,0.0,0x14,high
030,Amy,trusted_basic,55,0.0,0.0,0.0,0.0,0.0,0.0,0.0,0x14,high
030,Amy,trusted_basic,56,0.0,0.0,0.0,0.0,0.0,0.0,0.0,0x14,high
030,Amy,trusted_basic,57,0.0,0.0,0.0,0.0,0.0,0.0,0.0,0x14,high
030,Amy,trusted_basic,58,0.0,0.0,0.0,0.0,0.0,0.0,0.0,0x14,high
030,Amy,trusted_basic,59,0.0,0.0,0.0,0.0,0.0,0.0,0.0,0x14,high
060,2B,unresolved,0,0.0,0.0,0.0,0.0,0.0,0.0,0.0,0x14,high
060,2B,unresolved,1,-0.0010000000474974513,0.0,0.003000000142492354,-0.0010000000474974513,0.0,0.003000000142492354,0.003000000142492354,0x14,high
060,2B,unresolved,2,0.0,0.0,0.01500000071246177,0.0,0.0,0.01500000071246177,0.01500000071246177,0x14,high
060,2B,unresolved,3,0.0010000000474974513,0.0,0.03600000170990825,0.0010000000474974513,0.0,0.03600000170990825,0.03600000170990825,0x14,high
060,2B,unresolved,4,0.0050000002374872565,0.0,0.06600000313483179,0.0050000002374872565,0.0,0.06600000313483179,0.06600000313483179,0x14,high
060,2B,unresolved,5,0.01500000071246177,0.0,0.10600000503472984,0.01500000071246177,0.0,0.10600000503472984,0.10600000503472984,0x14,high
060,2B,unresolved,6,0.027000001282431185,0.0,0.144000006839633,0.027000001282431185,0.0,0.144000006839633,0.144000006839633,0x14,high
060,2B,unresolved,7,0.0370000017574057,0.0,0.18000000854954123,0.0370000017574057,0.0,0.18000000854954123,0.18000000854954123,0x14,high
060,2B,unresolved,8,0.04500000213738531,0.0,0.22500001068692654,0.04500000213738531,0.0,0.22500001068692654,0.22500001068692654,0x14,high
060,2B,unresolved,9,0.050000002374872565,0.0,0.277000013156794,0.050000002374872565,0.0,0.277000013156794,0.277000013156794,0x14,high
060,2B,unresolved,10,0.05200000246986747,0.0,0.32800001557916403,0.05200000246986747,0.0,0.32800001557916403,0.32800001557916403,0x14,high
060,2B,unresolved,11,0.04800000227987766,0.0,0.38300001819152385,0.04800000227987766,0.0,0.38300001819152385,0.38300001819152385,0x14,high
060,2B,unresolved,12,0.0370000017574057,0.0,0.421000019996427,0.0370000017574057,0.0,0.421000019996427,0.421000019996427,0x14,high
060,2B,unresolved,13,0.02400000113993883,0.0,0.42600002023391426,0.02400000113993883,0.0,0.42600002023391426,0.42600002023391426,0x14,high
060,2B,unresolved,14,0.009000000427477062,0.0,0.42200002004392445,0.009000000427477062,0.0,0.42200002004392445,0.42200002004392445,0x14,high
060,2B,unresolved,15,-0.0020000000949949026,0.0,0.41600001975893974,-0.0020000000949949026,0.0,0.41600001975893974,0.41600001975893974,0x14,high
060,2B,unresolved,16,-0.009000000427477062,0.0,0.4130000196164474,-0.009000000427477062,0.0,0.4130000196164474,0.4130000196164474,0x14,high
060,2B,unresolved,17,-0.013000000617466867,0.0,0.41000001947395504,-0.013000000617466867,0.0,0.41000001947395504,0.41000001947395504,0x14,high
060,2B,unresolved,18,-0.01500000071246177,0.0,0.40800001937896013,-0.01500000071246177,0.0,0.40800001937896013,0.40800001937896013,0x14,high
060,2B,unresolved,19,-0.01600000075995922,0.0,0.4070000193314627,-0.01600000075995922,0.0,0.4070000193314627,0.4070000193314627,0x14,high
060,2B,unresolved,20,-0.017000000807456672,0.0,0.40600001928396523,-0.017000000807456672,0.0,0.40600001928396523,0.40600001928396523,0x14,high
060,2B,unresolved,21,-0.017000000807456672,0.0,0.40600001928396523,-0.017000000807456672,0.0,0.40600001928396523,0.40600001928396523,0x14,high
060,2B,unresolved,22,-0.017000000807456672,0.0,0.40600001928396523,-0.017000000807456672,0.0,0.40600001928396523,0.40600001928396523,0x14,high
060,2B,unresolved,23,-0.01600000075995922,0.0,0.40600001928396523,-0.01600000075995922,0.0,0.40600001928396523,0.40600001928396523,0x14,high
060,2B,unresolved,24,-0.014000000664964318,0.0,0.4050000192364678,-0.014000000664964318,0.0,0.4050000192364678,0.4050000192364678,0x14,high
060,2B,unresolved,25,-0.010000000474974513,0.0,0.4030000191414729,-0.010000000474974513,0.0,0.4030000191414729,0.4030000191414729,0x14,high
060,2B,unresolved,26,-0.006000000284984708,0.0,0.401000019046478,-0.006000000284984708,0.0,0.401000019046478,0.401000019046478,0x14,high
060,2B,unresolved,27,-0.0020000000949949026,0.0,0.3980000189039856,-0.0020000000949949026,0.0,0.3980000189039856,0.3980000189039856,0x14,high
060,2B,unresolved,28,0.0020000000949949026,0.0,0.39500001876149327,0.0020000000949949026,0.0,0.39500001876149327,0.39500001876149327,0x14,high
060,2B,unresolved,29,0.007000000332482159,0.0,0.39100001857150346,0.007000000332482159,0.0,0.39100001857150346,0.39100001857150346,0x14,high
060,2B,unresolved,30,0.012000000569969416,0.0,0.3880000184290111,0.012000000569969416,0.0,0.3880000184290111,0.3880000184290111,0x14,high
060,2B,unresolved,31,0.017000000807456672,0.0,0.3840000182390213,0.017000000807456672,0.0,0.3840000182390213,0.3840000182390213,0x14,high
060,2B,unresolved,32,0.02200000104494393,0.0,0.3800000180490315,0.02200000104494393,0.0,0.3800000180490315,0.3800000180490315,0x14,high
060,2B,unresolved,33,0.025000001187436283,0.0,0.3760000178590417,0.025000001187436283,0.0,0.3760000178590417,0.3760000178590417,0x14,high
060,2B,unresolved,34,0.027000001282431185,0.0,0.3720000176690519,0.027000001282431185,0.0,0.3720000176690519,0.3720000176690519,0x14,high
060,2B,unresolved,35,0.027000001282431185,0.0,0.3680000174790621,0.027000001282431185,0.0,0.3680000174790621,0.3680000174790621,0x14,high
060,2B,unresolved,36,0.027000001282431185,0.0,0.3640000172890723,0.027000001282431185,0.0,0.3640000172890723,0.3640000172890723,0x14,high
060,2B,unresolved,37,0.026000001234933734,0.0,0.36000001709908247,0.026000001234933734,0.0,0.36000001709908247,0.36000001709908247,0x14,high
060,2B,unresolved,38,0.02400000113993883,0.0,0.35600001690909266,0.02400000113993883,0.0,0.35600001690909266,0.35600001690909266,0x14,high
060,2B,unresolved,39,0.02200000104494393,0.0,0.3530000167666003,0.02200000104494393,0.0,0.3530000167666003,0.3530000167666003,0x14,high
060,2B,unresolved,40,0.019000000902451575,0.0,0.3490000165766105,0.019000000902451575,0.0,0.3490000165766105,0.3490000165766105,0x14,high
060,2B,unresolved,41,0.017000000807456672,0.0,0.34600001643411815,0.017000000807456672,0.0,0.34600001643411815,0.34600001643411815,0x14,high
060,2B,unresolved,42,0.014000000664964318,0.0,0.3430000162916258,0.014000000664964318,0.0,0.3430000162916258,0.3430000162916258,0x14,high
060,2B,unresolved,43,0.011000000522471964,0.0,0.34000001614913344,0.011000000522471964,0.0,0.34000001614913344,0.34000001614913344,0x14,high
060,2B,unresolved,44,0.00800000037997961,0.0,0.3370000160066411,0.00800000037997961,0.0,0.3370000160066411,0.3370000160066411,0x14,high
060,2B,unresolved,45,0.0050000002374872565,0.0,0.3350000159116462,0.0050000002374872565,0.0,0.3350000159116462,0.3350000159116462,0x14,high
060,2B,unresolved,46,0.003000000142492354,0.0,0.3330000158166513,0.003000000142492354,0.0,0.3330000158166513,0.3330000158166513,0x14,high
060,2B,unresolved,47,0.0010000000474974513,0.0,0.33200001576915383,0.0010000000474974513,0.0,0.33200001576915383,0.33200001576915383,0x14,high
060,2B,unresolved,48,0.0,0.0,0.3310000157216564,0.0,0.0,0.3310000157216564,0.3310000157216564,0x14,high
060,2B,unresolved,49,0.0,0.0,0.3310000157216564,0.0,0.0,0.3310000157216564,0.3310000157216564,0x14,high
061,Haohmaru,trusted_basic,0,0.0,0.0,0.0,0.0,0.0,0.0,0.0,0x14,high
061,Haohmaru,trusted_basic,1,0.0,0.0,0.0,0.0,0.0,0.0,0.0,0x14,high
061,Haohmaru,trusted_basic,2,0.0,0.0,0.0,0.0,0.0,0.0,0.0,0x14,high
061,Haohmaru,trusted_basic,3,0.0,0.0,0.0,0.0,0.0,0.0,0.0,0x14,high
061,Haohmaru,trusted_basic,4,0.0,0.0,0.0,0.0,0.0,0.0,0.0,0x14,high
061,Haohmaru,trusted_basic,5,0.0,0.0,0.0,0.0,0.0,0.0,0.0,0x14,high
061,Haohmaru,trusted_basic,6,0.0,0.0,0.0,0.0,0.0,0.0,0.0,0x14,high
061,Haohmaru,trusted_basic,7,0.0,0.0,0.0,0.0,0.0,0.0,0.0,0x14,high
061,Haohmaru,trusted_basic,8,0.0,0.0,0.0,0.0,0.0,0.0,0.0,0x14,high
061,Haohmaru,trusted_basic,9,0.0,0.0,0.0,0.0,0.0,0.0,0.0,0x14,high
061,Haohmaru,trusted_basic,10,0.0,0.0,0.0,0.0,0.0,0.0,0.0,0x14,high
061,Haohmaru,trusted_basic,11,0.0,0.0,0.0,0.0,0.0,0.0,0.0,0x14,high
061,Haohmaru,trusted_basic,12,0.0,0.0,0.0,0.0,0.0,0.0,0.0,0x14,high
061,Haohmaru,trusted_basic,13,0.0,0.0,0.0,0.0,0.0,0.0,0.0,0x14,high
061,Haohmaru,trusted_basic,14,0.0,0.0,0.0,0.0,0.0,0.0,0.0,0x14,high
061,Haohmaru,trusted_basic,15,0.0,0.0,0.0,0.0,0.0,0.0,0.0,0x14,high
061,Haohmaru,trusted_basic,16,0.0,0.0,0.0,0.0,0.0,0.0,0.0,0x14,high
061,Haohmaru,trusted_basic,17,0.0,0.0,0.0,0.0,0.0,0.0,0.0,0x14,high
061,Haohmaru,trusted_basic,18,0.0,0.0,0.0,0.0,0.0,0.0,0.0,0x14,high
061,Haohmaru,trusted_basic,19,0.0,0.0,0.0,0.0,0.0,0.0,0.0,0x14,high
061,Haohmaru,trusted_basic,20,0.0,0.0,0.0,0.0,0.0,0.0,0.0,0x14,high
061,Haohmaru,trusted_basic,21,0.0,0.0,0.0,0.0,0.0,0.0,0.0,0x14,high
061,Haohmaru,trusted_basic,22,0.0,0.0,0.0,0.0,0.0,0.0,0.0,0x14,high
061,Haohmaru,trusted_basic,23,0.0,0.0,0.0,0.0,0.0,0.0,0.0,0x14,high
061,Haohmaru,trusted_basic,24,0.0,0.0,0.0,0.0,0.0,0.0,0.0,0x14,high
061,Haohmaru,trusted_basic,25,0.0,0.0,0.0,0.0,0.0,0.0,0.0,0x14,high
061,Haohmaru,trusted_basic,26,0.0,0.0,0.0,0.0,0.0,0.0,0.0,0x14,high
061,Haohmaru,trusted_basic,27,0.0,0.0,0.0,0.0,0.0,0.0,0.0,0x14,high
061,Haohmaru,trusted_basic,28,0.0,0.0,0.0,0.0,0.0,0.0,0.0,0x14,high
061,Haohmaru,trusted_basic,29,0.0,0.0,0.0,0.0,0.0,0.0,0.0,0x14,high
061,Haohmaru,trusted_basic,30,0.0,0.0,0.0,0.0,0.0,0.0,0.0,0x14,high
061,Haohmaru,trusted_basic,31,0.0,0.0,0.0,0.0,0.0,0.0,0.0,0x14,high
061,Haohmaru,trusted_basic,32,0.0,0.0,0.0,0.0,0.0,0.0,0.0,0x14,high
061,Haohmaru,trusted_basic,33,0.0,0.0,0.0,0.0,0.0,0.0,0.0,0x14,high
061,Haohmaru,trusted_basic,34,0.0,0.0,0.0,0.0,0.0,0.0,0.0,0x14,high
061,Haohmaru,trusted_basic,35,0.0,0.0,0.0,0.0,0.0,0.0,0.0,0x14,high
061,Haohmaru,trusted_basic,36,0.0,0.0,0.0,0.0,0.0,0.0,0.0,0x14,high
061,Haohmaru,trusted_basic,37,0.0,0.0,0.0,0.0,0.0,0.0,0.0,0x14,high
061,Haohmaru,trusted_basic,38,0.0,0.0,0.0,0.0,0.0,0.0,0.0,0x14,high
061,Haohmaru,trusted_basic,39,0.0,0.0,0.0,0.0,0.0,0.0,0.0,0x14,high
061,Haohmaru,trusted_basic,40,0.0,0.0,0.0,0.0,0.0,0.0,0.0,0x14,high
061,Haohmaru,trusted_basic,41,0.0,0.0,0.0,0.0,0.0,0.0,0.0,0x14,high
061,Haohmaru,trusted_basic,42,0.0,0.0,0.0,0.0,0.0,0.0,0.0,0x14,high
061,Haohmaru,trusted_basic,43,0.0,0.0,0.0,0.0,0.0,0.0,0.0,0x14,high
061,Haohmaru,trusted_basic,44,0.0,0.0,0.0,0.0,0.0,0.0,0.0,0x14,high
061,Haohmaru,trusted_basic,45,0.0,0.0,0.0,0.0,0.0,0.0,0.0,0x14,high
061,Haohmaru,trusted_basic,46,0.0,0.0,0.0,0.0,0.0,0.0,0.0,0x14,high
061,Haohmaru,trusted_basic,47,0.0,0.0,0.0,0.0,0.0,0.0,0.0,0x14,high
061,Haohmaru,trusted_basic,48,0.0,0.0,0.0,0.0,0.0,0.0,0.0,0x14,high
061,Haohmaru,trusted_basic,49,0.0,0.0,0.0,0.0,0.0,0.0,0.0,0x14,high
061,Haohmaru,trusted_basic,50,0.0,0.0,0.0,0.0,0.0,0.0,0.0,0x14,high
061,Haohmaru,trusted_basic,51,0.0,0.0,0.0,0.0,0.0,0.0,0.0,0x14,high
061,Haohmaru,trusted_basic,52,0.0,0.0,0.0,0.0,0.0,0.0,0.0,0x14,high
061,Haohmaru,trusted_basic,53,0.0,0.0,0.0,0.0,0.0,0.0,0.0,0x14,high
061,Haohmaru,trusted_basic,54,0.0,0.0,0.0,0.0,0.0,0.0,0.0,0x14,high
061,Haohmaru,trusted_basic,55,0.0,0.0,0.0,0.0,0.0,0.0,0.0,0x14,high
061,Haohmaru,trusted_basic,56,0.0,0.0,0.0,0.0,0.0,0.0,0.0,0x14,high
061,Haohmaru,trusted_basic,57,0.0,0.0,0.0,0.0,0.0,0.0,0.0,0x14,high
061,Haohmaru,trusted_basic,58,0.0,0.0,0.0,0.0,0.0,0.0,0.0,0x14,high
061,Haohmaru,trusted_basic,59,0.0,0.0,0.0,0.0,0.0,0.0,0.0,0x14,high
061,Haohmaru,trusted_basic,60,0.0,0.0,0.0,0.0,0.0,0.0,0.0,0x14,high
061,Haohmaru,trusted_basic,61,0.0,0.0,0.0,0.0,0.0,0.0,0.0,0x14,high
061,Haohmaru,trusted_basic,62,0.0,0.0,0.0,0.0,0.0,0.0,0.0,0x14,high
061,Haohmaru,trusted_basic,63,0.0,0.0,0.0,0.0,0.0,0.0,0.0,0x14,high
061,Haohmaru,trusted_basic,64,0.0,0.0,0.0,0.0,0.0,0.0,0.0,0x14,high
061,Haohmaru,trusted_basic,65,0.0,0.0,0.0,0.0,0.0,0.0,0.0,0x14,high
061,Haohmaru,trusted_basic,66,0.0,0.0,0.0,0.0,0.0,0.0,0.0,0x14,high
061,Haohmaru,trusted_basic,67,0.0,0.0,0.0,0.0,0.0,0.0,0.0,0x14,high
061,Haohmaru,trusted_basic,68,0.0,0.0,0.0,0.0,0.0,0.0,0.0,0x14,high
061,Haohmaru,trusted_basic,69,0.0,0.0,0.0,0.0,0.0,0.0,0.0,0x14,high
061,Haohmaru,trusted_basic,70,0.0,0.0,0.0,0.0,0.0,0.0,0.0,0x14,high
061,Haohmaru,trusted_basic,71,0.0,0.0,0.0,0.0,0.0,0.0,0.0,0x14,high
061,Haohmaru,trusted_basic,72,0.0,0.0,0.0,0.0,0.0,0.0,0.0,0x14,high
061,Haohmaru,trusted_basic,73,0.0,0.0,0.0,0.0,0.0,0.0,0.0,0x14,high
061,Haohmaru,trusted_basic,74,0.0,0.0,0.0,0.0,0.0,0.0,0.0,0x14,high
061,Haohmaru,trusted_basic,75,0.0,0.0,0.0,0.0,0.0,0.0,0.0,0x14,high
061,Haohmaru,trusted_basic,76,0.0,0.0,0.0,0.0,0.0,0.0,0.0,0x14,high
061,Haohmaru,trusted_basic,77,0.0,0.0,0.0,0.0,0.0,0.0,0.0,0x14,high
061,Haohmaru,trusted_basic,78,0.0,0.0,0.0,0.0,0.0,0.0,0.0,0x14,high
061,Haohmaru,trusted_basic,79,0.0,0.0,0.0,0.0,0.0,0.0,0.0,0x14,high
062,Groh,unresolved,0,0.0,0.0,0.0,0.0,0.0,0.0,0.0,0x14,high
062,Groh,unresolved,1,0.0,0.0,0.0,0.0,0.0,0.0,0.0,0x14,high
062,Groh,unresolved,2,0.0,0.0,0.0,0.0,0.0,0.0,0.0,0x14,high
062,Groh,unresolved,3,0.0,0.0,0.0,0.0,0.0,0.0,0.0,0x14,high
062,Groh,unresolved,4,0.0,0.0,0.0,0.0,0.0,0.0,0.0,0x14,high
062,Groh,unresolved,5,0.0,0.0,0.0,0.0,0.0,0.0,0.0,0x14,high
062,Groh,unresolved,6,0.0,0.0,0.0,0.0,0.0,0.0,0.0,0x14,high
062,Groh,unresolved,7,0.0,0.0,0.0,0.0,0.0,0.0,0.0,0x14,high
062,Groh,unresolved,8,0.0,0.0,0.0,0.0,0.0,0.0,0.0,0x14,high
062,Groh,unresolved,9,0.0,0.0,0.0,0.0,0.0,0.0,0.0,0x14,high
062,Groh,unresolved,10,0.0,0.0,0.0,0.0,0.0,0.0,0.0,0x14,high
062,Groh,unresolved,11,0.0,0.0,0.0,0.0,0.0,0.0,0.0,0x14,high
062,Groh,unresolved,12,0.0,0.0,0.0,0.0,0.0,0.0,0.0,0x14,high
062,Groh,unresolved,13,0.0,0.0,0.0,0.0,0.0,0.0,0.0,0x14,high
062,Groh,unresolved,14,0.0,0.0,0.0,0.0,0.0,0.0,0.0,0x14,high
062,Groh,unresolved,15,0.0,0.0,0.0,0.0,0.0,0.0,0.0,0x14,high
062,Groh,unresolved,16,0.0,0.0,0.0,0.0,0.0,0.0,0.0,0x14,high
062,Groh,unresolved,17,0.0,0.0,0.0,0.0,0.0,0.0,0.0,0x14,high
062,Groh,unresolved,18,0.0,0.0,0.0,0.0,0.0,0.0,0.0,0x14,high
062,Groh,unresolved,19,0.0,0.0,0.0,0.0,0.0,0.0,0.0,0x14,high
062,Groh,unresolved,20,0.0,0.0,0.0,0.0,0.0,0.0,0.0,0x14,high
062,Groh,unresolved,21,0.0,0.0,0.0,0.0,0.0,0.0,0.0,0x14,high
062,Groh,unresolved,22,0.0,0.0,0.0,0.0,0.0,0.0,0.0,0x14,high
062,Groh,unresolved,23,0.0,0.0,0.0,0.0,0.0,0.0,0.0,0x14,high
062,Groh,unresolved,24,0.0,0.0,0.0,0.0,0.0,0.0,0.0,0x14,high
062,Groh,unresolved,25,0.0,0.0,0.0,0.0,0.0,0.0,0.0,0x14,high
062,Groh,unresolved,26,0.0,0.0,0.0,0.0,0.0,0.0,0.0,0x14,high
062,Groh,unresolved,27,0.0,0.0,0.0,0.0,0.0,0.0,0.0,0x14,high
062,Groh,unresolved,28,0.0,0.0,0.0,0.0,0.0,0.0,0.0,0x14,high
062,Groh,unresolved,29,0.0,0.0,0.0,0.0,0.0,0.0,0.0,0x14,high
062,Groh,unresolved,30,0.0,0.0,0.0,0.0,0.0,0.0,0.0,0x14,high
062,Groh,unresolved,31,0.0,0.0,0.0,0.0,0.0,0.0,0.0,0x14,high
062,Groh,unresolved,32,0.0,0.0,0.0,0.0,0.0,0.0,0.0,0x14,high
062,Groh,unresolved,33,0.0,0.0,0.0,0.0,0.0,0.0,0.0,0x14,high
062,Groh,unresolved,34,0.0,0.0,0.0,0.0,0.0,0.0,0.0,0x14,high
062,Groh,unresolved,35,0.0,0.0,0.0,0.0,0.0,0.0,0.0,0x14,high
062,Groh,unresolved,36,0.0,0.0,0.0,0.0,0.0,0.0,0.0,0x14,high
062,Groh,unresolved,37,0.0,0.0,0.0,0.0,0.0,0.0,0.0,0x14,high
062,Groh,unresolved,38,0.0,0.0,0.0,0.0,0.0,0.0,0.0,0x14,high
062,Groh,unresolved,39,0.0,0.0,0.0,0.0,0.0,0.0,0.0,0x14,high
062,Groh,unresolved,40,0.0,0.0,0.0,0.0,0.0,0.0,0.0,0x14,high
062,Groh,unresolved,41,0.0,0.0,0.0,0.0,0.0,0.0,0.0,0x14,high
062,Groh,unresolved,42,0.0,0.0,0.0,0.0,0.0,0.0,0.0,0x14,high
062,Groh,unresolved,43,0.0,0.0,0.0,0.0,0.0,0.0,0.0,0x14,high
062,Groh,unresolved,44,0.0,0.0,0.0,0.0,0.0,0.0,0.0,0x14,high
062,Groh,unresolved,45,0.0,0.0,0.0,0.0,0.0,0.0,0.0,0x14,high
062,Groh,unresolved,46,0.0,0.0,0.0,0.0,0.0,0.0,0.0,0x14,high
062,Groh,unresolved,47,0.0,0.0,0.0,0.0,0.0,0.0,0.0,0x14,high
062,Groh,unresolved,48,0.0,0.0,0.0,0.0,0.0,0.0,0.0,0x14,high
062,Groh,unresolved,49,0.0,0.0,0.0,0.0,0.0,0.0,0.0,0x14,high
062,Groh,unresolved,50,0.0,0.0,0.0,0.0,0.0,0.0,0.0,0x14,high
062,Groh,unresolved,51,0.0,0.0,0.0,0.0,0.0,0.0,0.0,0x14,high
062,Groh,unresolved,52,0.0,0.0,0.0,0.0,0.0,0.0,0.0,0x14,high
062,Groh,unresolved,53,0.0,0.0,0.0,0.0,0.0,0.0,0.0,0x14,high
062,Groh,unresolved,54,0.0,0.0,0.0,0.0,0.0,0.0,0.0,0x14,high
062,Groh,unresolved,55,0.0,0.0,0.0,0.0,0.0,0.0,0.0,0x14,high
062,Groh,unresolved,56,0.0,0.0,0.0,0.0,0.0,0.0,0.0,0x14,high
062,Groh,unresolved,57,0.0,0.0,0.0,0.0,0.0,0.0,0.0,0x14,high
062,Groh,unresolved,58,0.0,0.0,0.0,0.0,0.0,0.0,0.0,0x14,high
062,Groh,unresolved,59,0.0,0.0,0.0,0.0,0.0,0.0,0.0,0x14,high
062,Groh,unresolved,60,0.0,0.0,0.0,0.0,0.0,0.0,0.0,0x14,high
062,Groh,unresolved,61,0.0,0.0,0.0,0.0,0.0,0.0,0.0,0x14,high
062,Groh,unresolved,62,0.0,0.0,0.0,0.0,0.0,0.0,0.0,0x14,high
062,Groh,unresolved,63,0.0,0.0,0.0,0.0,0.0,0.0,0.0,0x14,high
062,Groh,unresolved,64,0.0,0.0,0.0,0.0,0.0,0.0,0.0,0x14,high
062,Groh,unresolved,65,0.0,0.0,0.0,0.0,0.0,0.0,0.0,0x14,high
062,Groh,unresolved,66,0.0,0.0,0.0,0.0,0.0,0.0,0.0,0x14,high
062,Groh,unresolved,67,0.0,0.0,0.0,0.0,0.0,0.0,0.0,0x14,high
062,Groh,unresolved,68,0.0,0.0,0.0,0.0,0.0,0.0,0.0,0x14,high
062,Groh,unresolved,69,0.0,0.0,0.0,0.0,0.0,0.0,0.0,0x14,high
062,Groh,unresolved,70,0.0,0.0,0.0,0.0,0.0,0.0,0.0,0x14,high
062,Groh,unresolved,71,0.0,0.0,0.0,0.0,0.0,0.0,0.0,0x14,high
062,Groh,unresolved,72,0.0,0.0,0.0,0.0,0.0,0.0,0.0,0x14,high
062,Groh,unresolved,73,0.0,0.0,0.0,0.0,0.0,0.0,0.0,0x14,high
062,Groh,unresolved,74,0.0,0.0,0.0,0.0,0.0,0.0,0.0,0x14,high
062,Groh,unresolved,75,0.0,0.0,0.0,0.0,0.0,0.0,0.0,0x14,high
062,Groh,unresolved,76,0.0,0.0,0.0,0.0,0.0,0.0,0.0,0x14,high
062,Groh,unresolved,77,0.0,0.0,0.0,0.0,0.0,0.0,0.0,0x14,high
062,Groh,unresolved,78,0.0,0.0,0.0,0.0,0.0,0.0,0.0,0x14,high
062,Groh,unresolved,79,0.0,0.0,0.0,0.0,0.0,0.0,0.0,0x14,high
064,Azwel,unresolved,0,0.0,0.0,0.0,0.0,0.0,0.0,0.0,0x14,high
064,Azwel,unresolved,1,0.0,0.0,0.0,0.0,0.0,0.0,0.0,0x14,high
064,Azwel,unresolved,2,0.0,0.0,0.0,0.0,0.0,0.0,0.0,0x14,high
064,Azwel,unresolved,3,0.0,0.0,0.0,0.0,0.0,0.0,0.0,0x14,high
064,Azwel,unresolved,4,0.0,0.0,0.0,0.0,0.0,0.0,0.0,0x14,high
064,Azwel,unresolved,5,0.0,0.0,0.0,0.0,0.0,0.0,0.0,0x14,high
064,Azwel,unresolved,6,0.0,0.0,0.0,0.0,0.0,0.0,0.0,0x14,high
064,Azwel,unresolved,7,0.0,0.0,0.0,0.0,0.0,0.0,0.0,0x14,high
064,Azwel,unresolved,8,0.0,0.0,0.0,0.0,0.0,0.0,0.0,0x14,high
064,Azwel,unresolved,9,0.0,0.0,0.0,0.0,0.0,0.0,0.0,0x14,high
064,Azwel,unresolved,10,0.0,0.0,0.0,0.0,0.0,0.0,0.0,0x14,high
064,Azwel,unresolved,11,0.0,0.0,0.0,0.0,0.0,0.0,0.0,0x14,high
064,Azwel,unresolved,12,0.0,0.0,0.0,0.0,0.0,0.0,0.0,0x14,high
064,Azwel,unresolved,13,0.0,0.0,0.0,0.0,0.0,0.0,0.0,0x14,high
064,Azwel,unresolved,14,0.0,0.0,0.0,0.0,0.0,0.0,0.0,0x14,high
064,Azwel,unresolved,15,0.0,0.0,0.0,0.0,0.0,0.0,0.0,0x14,high
064,Azwel,unresolved,16,0.0,0.0,0.0,0.0,0.0,0.0,0.0,0x14,high
064,Azwel,unresolved,17,0.0,0.0,0.0,0.0,0.0,0.0,0.0,0x14,high
064,Azwel,unresolved,18,0.0,0.0,0.0,0.0,0.0,0.0,0.0,0x14,high
064,Azwel,unresolved,19,0.0,0.0,0.0,0.0,0.0,0.0,0.0,0x14,high
064,Azwel,unresolved,20,0.0,0.0,0.0,0.0,0.0,0.0,0.0,0x14,high
064,Azwel,unresolved,21,0.0,0.0,0.0,0.0,0.0,0.0,0.0,0x14,high
064,Azwel,unresolved,22,0.0,0.0,0.0,0.0,0.0,0.0,0.0,0x14,high
064,Azwel,unresolved,23,0.0,0.0,0.0,0.0,0.0,0.0,0.0,0x14,high
064,Azwel,unresolved,24,0.0,0.0,0.0,0.0,0.0,0.0,0.0,0x14,high
064,Azwel,unresolved,25,0.0,0.0,0.0,0.0,0.0,0.0,0.0,0x14,high
064,Azwel,unresolved,26,0.0,0.0,0.0,0.0,0.0,0.0,0.0,0x14,high
064,Azwel,unresolved,27,0.0,0.0,0.0,0.0,0.0,0.0,0.0,0x14,high
064,Azwel,unresolved,28,0.0,0.0,0.0,0.0,0.0,0.0,0.0,0x14,high
064,Azwel,unresolved,29,0.0,0.0,0.0,0.0,0.0,0.0,0.0,0x14,high
064,Azwel,unresolved,30,0.0,0.0,0.0,0.0,0.0,0.0,0.0,0x14,high
064,Azwel,unresolved,31,0.0,0.0,0.0,0.0,0.0,0.0,0.0,0x14,high
064,Azwel,unresolved,32,0.0,0.0,0.0,0.0,0.0,0.0,0.0,0x14,high
064,Azwel,unresolved,33,0.0,0.0,0.0,0.0,0.0,0.0,0.0,0x14,high
064,Azwel,unresolved,34,0.0,0.0,0.0,0.0,0.0,0.0,0.0,0x14,high
064,Azwel,unresolved,35,0.0,0.0,0.0,0.0,0.0,0.0,0.0,0x14,high
064,Azwel,unresolved,36,0.0,0.0,0.0,0.0,0.0,0.0,0.0,0x14,high
064,Azwel,unresolved,37,0.0,0.0,0.0,0.0,0.0,0.0,0.0,0x14,high
064,Azwel,unresolved,38,0.0,0.0,0.0,0.0,0.0,0.0,0.0,0x14,high
064,Azwel,unresolved,39,0.0,0.0,0.0,0.0,0.0,0.0,0.0,0x14,high
064,Azwel,unresolved,40,0.0,0.0,0.0,0.0,0.0,0.0,0.0,0x14,high
064,Azwel,unresolved,41,0.0,0.0,0.0,0.0,0.0,0.0,0.0,0x14,high
064,Azwel,unresolved,42,0.0,0.0,0.0,0.0,0.0,0.0,0.0,0x14,high
064,Azwel,unresolved,43,0.0,0.0,0.0,0.0,0.0,0.0,0.0,0x14,high
064,Azwel,unresolved,44,0.0,0.0,0.0,0.0,0.0,0.0,0.0,0x14,high
064,Azwel,unresolved,45,0.0,0.0,0.0,0.0,0.0,0.0,0.0,0x14,high
064,Azwel,unresolved,46,0.0,0.0,0.0,0.0,0.0,0.0,0.0,0x14,high
064,Azwel,unresolved,47,0.0,0.0,0.0,0.0,0.0,0.0,0.0,0x14,high
064,Azwel,unresolved,48,0.0,0.0,0.0,0.0,0.0,0.0,0.0,0x14,high
064,Azwel,unresolved,49,0.0,0.0,0.0,0.0,0.0,0.0,0.0,0x14,high
064,Azwel,unresolved,50,0.0,0.0,0.0,0.0,0.0,0.0,0.0,0x14,high
064,Azwel,unresolved,51,0.0,0.0,0.0,0.0,0.0,0.0,0.0,0x14,high
064,Azwel,unresolved,52,0.0,0.0,0.0,0.0,0.0,0.0,0.0,0x14,high
064,Azwel,unresolved,53,0.0,0.0,0.0,0.0,0.0,0.0,0.0,0x14,high
065,Geralt,unresolved,0,0.00800000037997961,0.0,0.027000001282431185,0.00800000037997961,0.0,0.027000001282431185,0.027000001282431185,0x14,high
065,Geralt,unresolved,1,0.017000000807456672,0.0,0.10800000512972474,0.017000000807456672,0.0,0.10800000512972474,0.10800000512972474,0x14,high
065,Geralt,unresolved,2,0.025000001187436283,0.0,0.18400000873953104,0.025000001187436283,0.0,0.18400000873953104,0.18400000873953104,0x14,high
065,Geralt,unresolved,3,0.03100000147242099,0.0,0.26000001234933734,0.03100000147242099,0.0,0.26000001234933734,0.26000001234933734,0x14,high
065,Geralt,unresolved,4,0.03300000156741589,0.0,0.33400001586414874,0.03300000156741589,0.0,0.33400001586414874,0.33400001586414874,0x14,high
065,Geralt,unresolved,5,0.03100000147242099,0.0,0.40800001937896013,0.03100000147242099,0.0,0.40800001937896013,0.40800001937896013,0x14,high
065,Geralt,unresolved,6,0.02300000109244138,0.0,0.48200002289377153,0.02300000109244138,0.0,0.48200002289377153,0.48200002289377153,0x14,high
065,Geralt,unresolved,7,0.009000000427477062,0.0,0.5510000261710957,0.009000000427477062,0.0,0.5510000261710957,0.5510000261710957,0x14,high
065,Geralt,unresolved,8,-0.00800000037997961,0.0,0.61600002925843,-0.00800000037997961,0.0,0.61600002925843,0.61600002925843,0x14,high
065,Geralt,unresolved,9,-0.03000000142492354,0.0,0.678000032203272,-0.03000000142492354,0.0,0.678000032203272,0.678000032203272,0x14,high
065,Geralt,unresolved,10,-0.057000002707354724,0.0,0.740000035148114,-0.057000002707354724,0.0,0.740000035148114,0.740000035148114,0x14,high
065,Geralt,unresolved,11,-0.08300000394228846,0.0,0.8030000381404534,-0.08300000394228846,0.0,0.8030000381404534,0.8030000381404534,0x14,high
065,Geralt,unresolved,12,-0.10700000508222729,0.0,0.8670000411802903,-0.10700000508222729,0.0,0.8670000411802903,0.8670000411802903,0x14,high
065,Geralt,unresolved,13,-0.12600000598467886,0.0,0.9320000442676246,-0.12600000598467886,0.0,0.9320000442676246,0.9320000442676246,0x14,high
065,Geralt,unresolved,14,-0.144000006839633,0.0,0.9980000474024564,-0.144000006839633,0.0,0.9980000474024564,0.9980000474024564,0x14,high
065,Geralt,unresolved,15,-0.1580000075045973,0.0,1.0630000504897907,-0.1580000075045973,0.0,1.0630000504897907,1.0630000504897907,0x14,high
065,Geralt,unresolved,16,-0.17000000807456672,0.0,1.1290000536246225,-0.17000000807456672,0.0,1.1290000536246225,1.1290000536246225,0x14,high
065,Geralt,unresolved,17,-0.18000000854954123,0.0,1.1940000567119569,-0.18000000854954123,0.0,1.1940000567119569,1.1940000567119569,0x14,high
065,Geralt,unresolved,18,-0.18800000892952085,0.0,1.2590000597992912,-0.18800000892952085,0.0,1.2590000597992912,1.2590000597992912,0x14,high
065,Geralt,unresolved,19,-0.19400000921450555,0.0,1.3220000627916306,-0.19400000921450555,0.0,1.3220000627916306,1.3220000627916306,0x14,high
065,Geralt,unresolved,20,-0.1990000094519928,0.0,1.3840000657364726,-0.1990000094519928,0.0,1.3840000657364726,1.3840000657364726,0x14,high
065,Geralt,unresolved,21,-0.20000000949949026,0.0,1.4460000686813146,-0.20000000949949026,0.0,1.4460000686813146,1.4460000686813146,0x14,high
065,Geralt,unresolved,22,-0.20000000949949026,0.0,1.5070000715786591,-0.20000000949949026,0.0,1.5070000715786591,1.5070000715786591,0x14,high
065,Geralt,unresolved,23,-0.19800000940449536,0.0,1.5660000743810087,-0.19800000940449536,0.0,1.5660000743810087,1.5660000743810087,0x14,high
065,Geralt,unresolved,24,-0.195000009262003,0.0,1.6230000770883635,-0.195000009262003,0.0,1.6230000770883635,1.6230000770883635,0x14,high
065,Geralt,unresolved,25,-0.1890000089770183,0.0,1.6760000796057284,-0.1890000089770183,0.0,1.6760000796057284,1.6760000796057284,0x14,high
065,Geralt,unresolved,26,-0.17900000850204378,0.0,1.726000081980601,-0.17900000850204378,0.0,1.726000081980601,1.726000081980601,0x14,high
065,Geralt,unresolved,27,-0.16600000788457692,0.0,1.7710000841179863,-0.16600000788457692,0.0,1.7710000841179863,1.7710000841179863,0x14,high
065,Geralt,unresolved,28,-0.1540000073146075,0.0,1.8000000854954123,-0.1540000073146075,0.0,1.8000000854954123,1.8000000854954123,0x14,high
065,Geralt,unresolved,29,-0.14500000688713044,0.0,1.819000086397864,-0.14500000688713044,0.0,1.819000086397864,1.819000086397864,0x14,high
065,Geralt,unresolved,30,-0.13800000655464828,0.0,1.8320000870153308,-0.13800000655464828,0.0,1.8320000870153308,1.8320000870153308,0x14,high
065,Geralt,unresolved,31,-0.13300000631716102,0.0,1.8430000875378028,-0.13300000631716102,0.0,1.8430000875378028,1.8430000875378028,0x14,high
065,Geralt,unresolved,32,-0.13000000617466867,0.0,1.8540000880602747,-0.13000000617466867,0.0,1.8540000880602747,1.8540000880602747,0x14,high
065,Geralt,unresolved,33,-0.12800000607967377,0.0,1.8640000885352492,-0.12800000607967377,0.0,1.8640000885352492,1.8640000885352492,0x14,high
065,Geralt,unresolved,34,-0.12600000598467886,0.0,1.8740000890102237,-0.12600000598467886,0.0,1.8740000890102237,1.8740000890102237,0x14,high
065,Geralt,unresolved,35,-0.1250000059371814,0.0,1.8840000894851983,-0.1250000059371814,0.0,1.8840000894851983,1.8840000894851983,0x14,high
065,Geralt,unresolved,36,-0.1250000059371814,0.0,1.8930000899126753,-0.1250000059371814,0.0,1.8930000899126753,1.8930000899126753,0x14,high
065,Geralt,unresolved,37,-0.1250000059371814,0.0,1.901000090292655,-0.1250000059371814,0.0,1.901000090292655,1.901000090292655,0x14,high
065,Geralt,unresolved,38,-0.12600000598467886,0.0,1.9090000906726345,-0.12600000598467886,0.0,1.9090000906726345,1.9090000906726345,0x14,high
065,Geralt,unresolved,39,-0.12600000598467886,0.0,1.9180000911001116,-0.12600000598467886,0.0,1.9180000911001116,1.9180000911001116,0x14,high
065,Geralt,unresolved,40,-0.12700000603217632,0.0,1.9280000915750861,-0.12700000603217632,0.0,1.9280000915750861,1.9280000915750861,0x14,high
065,Geralt,unresolved,41,-0.12800000607967377,0.0,1.9380000920500606,-0.12800000607967377,0.0,1.9380000920500606,1.9380000920500606,0x14,high
065,Geralt,unresolved,42,-0.12900000612717122,0.0,1.9470000924775377,-0.12900000612717122,0.0,1.9470000924775377,1.9470000924775377,0x14,high
065,Geralt,unresolved,43,-0.12900000612717122,0.0,1.9570000929525122,-0.12900000612717122,0.0,1.9570000929525122,1.9570000929525122,0x14,high
065,Geralt,unresolved,44,-0.12900000612717122,0.0,1.9680000934749842,-0.12900000612717122,0.0,1.9680000934749842,1.9680000934749842,0x14,high
065,Geralt,unresolved,45,-0.1250000059371814,0.0,1.9790000939974561,-0.1250000059371814,0.0,1.9790000939974561,1.9790000939974561,0x14,high
065,Geralt,unresolved,46,-0.11800000560469925,0.0,1.9890000944724306,-0.11800000560469925,0.0,1.9890000944724306,1.9890000944724306,0x14,high
065,Geralt,unresolved,47,-0.10800000512972474,0.0,1.9980000948999077,-0.10800000512972474,0.0,1.9980000948999077,1.9980000948999077,0x14,high
065,Geralt,unresolved,48,-0.09600000455975533,0.0,2.0040000951848924,-0.09600000455975533,0.0,2.0040000951848924,2.0040000951848924,0x14,high
065,Geralt,unresolved,49,-0.08200000389479101,0.0,2.008000095374882,-0.08200000389479101,0.0,2.008000095374882,2.008000095374882,0x14,high
065,Geralt,unresolved,50,-0.06700000318232924,0.0,2.0090000954223797,-0.06700000318232924,0.0,2.0090000954223797,2.0090000954223797,0x14,high
065,Geralt,unresolved,51,-0.05200000246986747,0.0,2.0090000954223797,-0.05200000246986747,0.0,2.0090000954223797,2.0090000954223797,0x14,high
065,Geralt,unresolved,52,-0.03800000180490315,0.0,2.0070000953273848,-0.03800000180490315,0.0,2.0070000953273848,2.0070000953273848,0x14,high
065,Geralt,unresolved,53,-0.026000001234933734,0.0,2.0040000951848924,-0.026000001234933734,0.0,2.0040000951848924,2.0040000951848924,0x14,high
065,Geralt,unresolved,54,-0.01600000075995922,0.0,2.0000000949949026,-0.01600000075995922,0.0,2.0000000949949026,2.0000000949949026,0x14,high
065,Geralt,unresolved,55,-0.00800000037997961,0.0,1.9950000947574154,-0.00800000037997961,0.0,1.9950000947574154,1.9950000947574154,0x14,high
065,Geralt,unresolved,56,-0.0050000002374872565,0.0,1.9880000944249332,-0.0050000002374872565,0.0,1.9880000944249332,1.9880000944249332,0x14,high
065,Geralt,unresolved,57,-0.004000000189989805,0.0,1.981000094092451,-0.004000000189989805,0.0,1.981000094092451,1.981000094092451,0x14,high
065,Geralt,unresolved,58,-0.0050000002374872565,0.0,1.9730000937124714,-0.0050000002374872565,0.0,1.9730000937124714,1.9730000937124714,0x14,high
065,Geralt,unresolved,59,-0.006000000284984708,0.0,1.963000093237497,-0.006000000284984708,0.0,1.963000093237497,1.963000093237497,0x14,high
065,Geralt,unresolved,60,-0.00800000037997961,0.0,1.952000092715025,-0.00800000037997961,0.0,1.952000092715025,1.952000092715025,0x14,high
065,Geralt,unresolved,61,-0.011000000522471964,0.0,1.941000092192553,-0.011000000522471964,0.0,1.941000092192553,1.941000092192553,0x14,high
065,Geralt,unresolved,62,-0.013000000617466867,0.0,1.9290000916225836,-0.013000000617466867,0.0,1.9290000916225836,1.9290000916225836,0x14,high
065,Geralt,unresolved,63,-0.01600000075995922,0.0,1.9170000910526142,-0.01600000075995922,0.0,1.9170000910526142,1.9170000910526142,0x14,high
065,Geralt,unresolved,64,-0.019000000902451575,0.0,1.9060000905301422,-0.019000000902451575,0.0,1.9060000905301422,1.9060000905301422,0x14,high
065,Geralt,unresolved,65,-0.02200000104494393,0.0,1.8960000900551677,-0.02200000104494393,0.0,1.8960000900551677,1.8960000900551677,0x14,high
065,Geralt,unresolved,66,-0.02400000113993883,0.0,1.8890000897226855,-0.02400000113993883,0.0,1.8890000897226855,1.8890000897226855,0x14,high
065,Geralt,unresolved,67,-0.026000001234933734,0.0,1.8830000894377008,-0.026000001234933734,0.0,1.8830000894377008,1.8830000894377008,0x14,high
065,Geralt,unresolved,68,-0.028000001329928637,0.0,1.8780000892002136,-0.028000001329928637,0.0,1.8780000892002136,1.8780000892002136,0x14,high
065,Geralt,unresolved,69,-0.028000001329928637,0.0,1.8760000891052186,-0.028000001329928637,0.0,1.8760000891052186,1.8760000891052186,0x14,high
066,Unknown (cid 066),unresolved,0,0.0010000000474974513,0.0,0.02300000109244138,0.0010000000474974513,0.0,0.02300000109244138,0.02300000109244138,0x14,high
066,Unknown (cid 066),unresolved,1,0.0050000002374872565,0.0,0.029000001377426088,0.0050000002374872565,0.0,0.029000001377426088,0.029000001377426088,0x14,high
066,Unknown (cid 066),unresolved,2,0.011000000522471964,0.0,0.0370000017574057,0.011000000522471964,0.0,0.0370000017574057,0.0370000017574057,0x14,high
066,Unknown (cid 066),unresolved,3,0.018000000854954123,0.0,0.04800000227987766,0.018000000854954123,0.0,0.04800000227987766,0.04800000227987766,0x14,high
066,Unknown (cid 066),unresolved,4,0.026000001234933734,0.0,0.06300000299233943,0.026000001234933734,0.0,0.06300000299233943,0.06300000299233943,0x14,high
066,Unknown (cid 066),unresolved,5,0.034000001614913344,0.0,0.08100000384729356,0.034000001614913344,0.0,0.08100000384729356,0.08100000384729356,0x14,high
066,Unknown (cid 066),unresolved,6,0.042000001994892955,0.0,0.10300000489223748,0.042000001994892955,0.0,0.10300000489223748,0.10300000489223748,0x14,high
066,Unknown (cid 066),unresolved,7,0.049000002327375114,0.0,0.12600000598467886,0.049000002327375114,0.0,0.12600000598467886,0.12600000598467886,0x14,high
066,Unknown (cid 066),unresolved,8,0.057000002707354724,0.0,0.15100000717211515,0.057000002707354724,0.0,0.15100000717211515,0.15100000717211515,0x14,high
066,Unknown (cid 066),unresolved,9,0.06500000308733433,0.0,0.17800000845454633,0.06500000308733433,0.0,0.17800000845454633,0.17800000845454633,0x14,high
066,Unknown (cid 066),unresolved,10,0.0740000035148114,0.0,0.20500000973697752,0.0740000035148114,0.0,0.20500000973697752,0.20500000973697752,0x14,high
066,Unknown (cid 066),unresolved,11,0.08100000384729356,0.0,0.2320000110194087,0.08100000384729356,0.0,0.2320000110194087,0.2320000110194087,0x14,high
066,Unknown (cid 066),unresolved,12,0.08700000413227826,0.0,0.26000001234933734,0.08700000413227826,0.0,0.26000001234933734,0.26000001234933734,0x14,high
066,Unknown (cid 066),unresolved,13,0.08900000422727317,0.0,0.288000013679266,0.08900000422727317,0.0,0.288000013679266,0.288000013679266,0x14,high
066,Unknown (cid 066),unresolved,14,0.08300000394228846,0.0,0.3140000149141997,0.08300000394228846,0.0,0.3140000149141997,0.3140000149141997,0x14,high
066,Unknown (cid 066),unresolved,15,0.06500000308733433,0.0,0.339000016101636,0.06500000308733433,0.0,0.339000016101636,0.339000016101636,0x14,high
066,Unknown (cid 066),unresolved,16,0.042000001994892955,0.0,0.3570000169565901,0.042000001994892955,0.0,0.3570000169565901,0.3570000169565901,0x14,high
066,Unknown (cid 066),unresolved,17,0.019000000902451575,0.0,0.3630000172415748,0.019000000902451575,0.0,0.3630000172415748,0.3630000172415748,0x14,high
066,Unknown (cid 066),unresolved,18,0.0,0.0,0.36000001709908247,0.0,0.0,0.36000001709908247,0.36000001709908247,0x14,high
066,Unknown (cid 066),unresolved,19,-0.013000000617466867,0.0,0.3490000165766105,-0.013000000617466867,0.0,0.3490000165766105,0.3490000165766105,0x14,high
066,Unknown (cid 066),unresolved,20,-0.019000000902451575,0.0,0.33400001586414874,-0.019000000902451575,0.0,0.33400001586414874,0.33400001586414874,0x14,high
066,Unknown (cid 066),unresolved,21,-0.019000000902451575,0.0,0.3160000150091946,-0.019000000902451575,0.0,0.3160000150091946,0.3160000150091946,0x14,high
066,Unknown (cid 066),unresolved,22,-0.019000000902451575,0.0,0.2980000141542405,-0.019000000902451575,0.0,0.2980000141542405,0.2980000141542405,0x14,high
066,Unknown (cid 066),unresolved,23,-0.019000000902451575,0.0,0.28200001339428127,-0.019000000902451575,0.0,0.28200001339428127,0.28200001339428127,0x14,high
066,Unknown (cid 066),unresolved,24,-0.019000000902451575,0.0,0.2690000127768144,-0.019000000902451575,0.0,0.2690000127768144,0.2690000127768144,0x14,high
066,Unknown (cid 066),unresolved,25,-0.018000000854954123,0.0,0.26000001234933734,-0.018000000854954123,0.0,0.26000001234933734,0.26000001234933734,0x14,high
066,Unknown (cid 066),unresolved,26,-0.018000000854954123,0.0,0.2530000120168552,-0.018000000854954123,0.0,0.2530000120168552,0.2530000120168552,0x14,high
066,Unknown (cid 066),unresolved,27,-0.017000000807456672,0.0,0.24700001173187047,-0.017000000807456672,0.0,0.24700001173187047,0.24700001173187047,0x14,high
066,Unknown (cid 066),unresolved,28,-0.017000000807456672,0.0,0.24200001149438322,-0.017000000807456672,0.0,0.24200001149438322,0.24200001149438322,0x14,high
066,Unknown (cid 066),unresolved,29,-0.01600000075995922,0.0,0.23900001135189086,-0.01600000075995922,0.0,0.23900001135189086,0.23900001135189086,0x14,high
066,Unknown (cid 066),unresolved,30,-0.01500000071246177,0.0,0.23700001125689596,-0.01500000071246177,0.0,0.23700001125689596,0.23700001125689596,0x14,high
066,Unknown (cid 066),unresolved,31,-0.01500000071246177,0.0,0.2360000112093985,-0.01500000071246177,0.0,0.2360000112093985,0.2360000112093985,0x14,high
066,Unknown (cid 066),unresolved,32,-0.014000000664964318,0.0,0.2360000112093985,-0.014000000664964318,0.0,0.2360000112093985,0.2360000112093985,0x14,high
066,Unknown (cid 066),unresolved,33,-0.013000000617466867,0.0,0.23700001125689596,-0.013000000617466867,0.0,0.23700001125689596,0.23700001125689596,0x14,high
066,Unknown (cid 066),unresolved,34,-0.012000000569969416,0.0,0.2380000113043934,-0.012000000569969416,0.0,0.2380000113043934,0.2380000113043934,0x14,high
066,Unknown (cid 066),unresolved,35,-0.011000000522471964,0.0,0.24100001144688576,-0.011000000522471964,0.0,0.24100001144688576,0.24100001144688576,0x14,high
066,Unknown (cid 066),unresolved,36,-0.010000000474974513,0.0,0.24400001158937812,-0.010000000474974513,0.0,0.24400001158937812,0.24400001158937812,0x14,high
066,Unknown (cid 066),unresolved,37,-0.009000000427477062,0.0,0.24800001177936792,-0.009000000427477062,0.0,0.24800001177936792,0.24800001177936792,0x14,high
066,Unknown (cid 066),unresolved,38,-0.009000000427477062,0.0,0.2530000120168552,-0.009000000427477062,0.0,0.2530000120168552,0.2530000120168552,0x14,high
066,Unknown (cid 066),unresolved,39,-0.00800000037997961,0.0,0.257000012206845,-0.00800000037997961,0.0,0.257000012206845,0.257000012206845,0x14,high
066,Unknown (cid 066),unresolved,40,-0.007000000332482159,0.0,0.2630000124918297,-0.007000000332482159,0.0,0.2630000124918297,0.2630000124918297,0x14,high
066,Unknown (cid 066),unresolved,41,-0.006000000284984708,0.0,0.26800001272931695,-0.006000000284984708,0.0,0.26800001272931695,0.26800001272931695,0x14,high
066,Unknown (cid 066),unresolved,42,-0.0050000002374872565,0.0,0.2730000129668042,-0.0050000002374872565,0.0,0.2730000129668042,0.2730000129668042,0x14,high
066,Unknown (cid 066),unresolved,43,-0.004000000189989805,0.0,0.2790000132517889,-0.004000000189989805,0.0,0.2790000132517889,0.2790000132517889,0x14,high
066,Unknown (cid 066),unresolved,44,-0.004000000189989805,0.0,0.2850000135367736,-0.004000000189989805,0.0,0.2850000135367736,0.2850000135367736,0x14,high
066,Unknown (cid 066),unresolved,45,-0.003000000142492354,0.0,0.2900000137742609,-0.003000000142492354,0.0,0.2900000137742609,0.2900000137742609,0x14,high
066,Unknown (cid 066),unresolved,46,-0.0020000000949949026,0.0,0.29500001401174814,-0.0020000000949949026,0.0,0.29500001401174814,0.29500001401174814,0x14,high
066,Unknown (cid 066),unresolved,47,-0.0020000000949949026,0.0,0.3000000142492354,-0.0020000000949949026,0.0,0.3000000142492354,0.3000000142492354,0x14,high
066,Unknown (cid 066),unresolved,48,-0.0010000000474974513,0.0,0.30500001448672265,-0.0010000000474974513,0.0,0.30500001448672265,0.30500001448672265,0x14,high
066,Unknown (cid 066),unresolved,49,-0.0010000000474974513,0.0,0.30900001467671245,-0.0010000000474974513,0.0,0.30900001467671245,0.30900001467671245,0x14,high
066,Unknown (cid 066),unresolved,50,0.0,0.0,0.3120000148192048,0.0,0.0,0.3120000148192048,0.3120000148192048,0x14,high
066,Unknown (cid 066),unresolved,51,0.0,0.0,0.31500001496169716,0.0,0.0,0.31500001496169716,0.31500001496169716,0x14,high
066,Unknown (cid 066),unresolved,52,0.0,0.0,0.31700001505669206,0.0,0.0,0.31700001505669206,0.31700001505669206,0x14,high
066,Unknown (cid 066),unresolved,53,0.0,0.0,0.31900001515168697,0.0,0.0,0.31900001515168697,0.31900001515168697,0x14,high
066,Unknown (cid 066),unresolved,54,0.0,0.0,0.3200000151991844,0.0,0.0,0.3200000151991844,0.3200000151991844,0x14,high
