cid,character,movement_type,route_kind,quality_status,quality_score,quality_grade,distance_f4,distance_f8,distance_f12,distance_f16,total_distance,peak_distance,first_movement_frame,first_frame_8_units,first_frame_16_units,first_frame_30_units,earliest_guard_or_neutral_frame,earliest_attack_cancel_frame,recovery_trust_status,recovery_trust_confidence,plain_movement,has_attack_cell,root_decode_confidence,selection_reason,reason
001,Mitsurugi,back_diagonal,unresolved,unknown_no_static_route,,Unranked,,,,,,,,,,,,,unknown_from_static_bytecode,unknown,False,False,unknown,no direction-gated route found for this movement type,no direction-gated route found for this movement type
001,Mitsurugi,backstep_candidate,trusted_basic,rankable_static_distance,53.397,B,0.027000001282431185,0.04800000227987766,0.12700000603217632,0.16700000793207437,0.18000000854954123,0.18000000854954123,0,,,,,,unknown_from_static_bytecode,unknown,True,False,high,MoveVM transition is gated by decoded direction predicate; packed move id resolves through this character's FLuxMoveBank buckets; predicate maps to one primary direction; cell references are classified later by route trust; destination has a concrete motion id; local MOT section is non-empty,MoveVM transition is gated by decoded direction predicate; packed move id resolves through this character's FLuxMoveBank buckets; predicate maps to one primary direction; cell references are classified later by route trust; destination has a concrete motion id; local MOT section is non-empty; decoded with confirmed channel stream DAT_143e83c00; direct movement predicate; same-bank route; root motion decoded; source is neutral-like; no active offensive cells on destination slot
001,Mitsurugi,eight_way_or_ambiguous,trusted_basic,rankable_static_distance,62.38,B,0.47376156589745266,0.6400351856844965,0.7965651638603003,0.920091886943767,0.9720185645105169,0.9720185645105169,0,,,,,,unknown_from_static_bytecode,unknown,True,False,high,MoveVM transition is gated by decoded direction predicate; packed move id resolves through this character's FLuxMoveBank buckets; predicate is directional but ambiguous; cell references are classified later by route trust; destination has a concrete motion id; local MOT section is non-empty,MoveVM transition is gated by decoded direction predicate; packed move id resolves through this character's FLuxMoveBank buckets; predicate is directional but ambiguous; cell references are classified later by route trust; destination has a concrete motion id; local MOT section is non-empty; decoded with confirmed channel stream DAT_143e83c00; direct movement predicate; same-bank route; root motion decoded; source is neutral-like; no active offensive cells on destination slot
001,Mitsurugi,forward_diagonal,trusted_basic,rankable_static_distance,23.556,D,0.04767599202872887,0.15867262647251643,0.35707703946379743,0.6430560156645672,0.7501800140368194,0.7501800140368194,2,,,,,,unknown_from_static_bytecode,unknown,True,False,high,MoveVM transition is gated by decoded direction predicate; packed move id resolves through this character's FLuxMoveBank buckets; predicate maps to diagonal movement; cell references are classified later by route trust; destination has a concrete motion id; local MOT section is non-empty,MoveVM transition is gated by decoded direction predicate; packed move id resolves through this character's FLuxMoveBank buckets; predicate maps to diagonal movement; cell references are classified later by route trust; destination has a concrete motion id; local MOT section is non-empty; decoded with confirmed channel stream DAT_143e83c00; direct movement predicate; same-bank route; root motion decoded; source is neutral-like; no active offensive cells on destination slot
001,Mitsurugi,forward_step_candidate,trusted_basic,rankable_static_distance,40.167,C,0.04600000218488276,0.06000000284984708,0.042000001994892955,0.028000001329928637,0.27800001320429146,0.27800001320429146,1,,,,,,unknown_from_static_bytecode,unknown,True,False,high,MoveVM transition is gated by decoded direction predicate; packed move id resolves through this character's FLuxMoveBank buckets; predicate maps to one primary direction; cell references are classified later by route trust; destination has a concrete motion id; local MOT section is non-empty,MoveVM transition is gated by decoded direction predicate; packed move id resolves through this character's FLuxMoveBank buckets; predicate maps to one primary direction; cell references are classified later by route trust; destination has a concrete motion id; local MOT section is non-empty; decoded with confirmed channel stream DAT_143e83c00; direct movement predicate; same-bank route; root motion decoded; source is neutral-like; no active offensive cells on destination slot
001,Mitsurugi,sidestep_down_candidate,trusted_basic,rankable_static_distance,86.474,S,0.17200000816956162,0.1910000090720132,0.1970000093569979,0.19000000902451575,0.1970000093569979,0.1970000093569979,0,,,,,,unknown_from_static_bytecode,unknown,True,False,high,MoveVM transition is gated by decoded direction predicate; packed move id resolves through this character's FLuxMoveBank buckets; predicate maps to one primary direction; cell references are classified later by route trust; destination has a concrete motion id; local MOT section is non-empty,MoveVM transition is gated by decoded direction predicate; packed move id resolves through this character's FLuxMoveBank buckets; predicate maps to one primary direction; cell references are classified later by route trust; destination has a concrete motion id; local MOT section is non-empty; decoded with confirmed channel stream DAT_143e83c00; direct movement predicate; same-bank route; root motion decoded; source is neutral-like; no active offensive cells on destination slot
001,Mitsurugi,sidestep_up_candidate,unresolved,unranked,,Unranked,0.041000001947395504,0.013000000617466867,0.0370000017574057,0.05400000256486237,,,1,,,,,,unknown_from_static_bytecode,unknown,False,True,high,MoveVM transition is gated by decoded direction predicate; packed move id resolves through this character's FLuxMoveBank buckets; predicate maps to one primary direction; cell references are classified later by route trust; destination has a concrete motion id; local MOT section is non-empty,MoveVM transition is gated by decoded direction predicate; packed move id resolves through this character's FLuxMoveBank buckets; predicate maps to one primary direction; cell references are classified later by route trust; destination has a concrete motion id; local MOT section is non-empty; decoded with confirmed channel stream DAT_143e83c00; offensive cells exist and no static return/recovery frame is known; unranked unless route is trusted basic movement and root motion is decoded with high confidence
002,Seong Mi-na,back_diagonal,unresolved,unknown_no_static_route,,Unranked,,,,,,,,,,,,,unknown_from_static_bytecode,unknown,False,False,unknown,no direction-gated route found for this movement type,no direction-gated route found for this movement type
002,Seong Mi-na,backstep_candidate,unresolved,unranked,,Unranked,0.18400000873953104,0.452000021468848,0.7130000338656828,0.9180000436026603,,,1,,,,,,unknown_from_static_bytecode,unknown,False,True,high,MoveVM transition is gated by decoded direction predicate; packed move id resolves through this character's FLuxMoveBank buckets; predicate maps to one primary direction; cell references are classified later by route trust; destination has a concrete motion id; local MOT section is non-empty,MoveVM transition is gated by decoded direction predicate; packed move id resolves through this character's FLuxMoveBank buckets; predicate maps to one primary direction; cell references are classified later by route trust; destination has a concrete motion id; local MOT section is non-empty; decoded with confirmed channel stream DAT_143e83c00; offensive cells exist and no static return/recovery frame is known; unranked unless route is trusted basic movement and root motion is decoded with high confidence
002,Seong Mi-na,eight_way_or_ambiguous,trusted_basic,rankable_static_distance,54.14,B,0.33400001586414874,0.5590000265510753,0.740000035148114,0.8720000414177775,0.9730000462150201,0.9730000462150201,0,,,,,,unknown_from_static_bytecode,unknown,True,False,high,MoveVM transition is gated by decoded direction predicate; packed move id resolves through this character's FLuxMoveBank buckets; predicate is directional but ambiguous; cell references are classified later by route trust; destination has a concrete motion id; local MOT section is non-empty,MoveVM transition is gated by decoded direction predicate; packed move id resolves through this character's FLuxMoveBank buckets; predicate is directional but ambiguous; cell references are classified later by route trust; destination has a concrete motion id; local MOT section is non-empty; decoded with confirmed channel stream DAT_143e83c00; direct movement predicate; same-bank route; root motion decoded; source is neutral-like; no active offensive cells on destination slot
002,Seong Mi-na,forward_diagonal,unresolved,unranked,,Unranked,0.06113100976587872,0.11992081289801919,0.1621141650089871,0.33811981731376306,,,1,,,,,,unknown_from_static_bytecode,unknown,False,True,high,MoveVM transition is gated by decoded direction predicate; packed move id resolves through this character's FLuxMoveBank buckets; predicate maps to diagonal movement; cell references are classified later by route trust; destination has a concrete motion id; local MOT section is non-empty,MoveVM transition is gated by decoded direction predicate; packed move id resolves through this character's FLuxMoveBank buckets; predicate maps to diagonal movement; cell references are classified later by route trust; destination has a concrete motion id; local MOT section is non-empty; decoded with confirmed channel stream DAT_143e83c00; offensive cells exist and no static return/recovery frame is known; unranked unless route is trusted basic movement and root motion is decoded with high confidence
002,Seong Mi-na,forward_step_candidate,unresolved,unranked,,Unranked,0.08800000417977571,0.12400000588968396,0.1560000074096024,0.22500001068692654,,,0,,,,,,unknown_from_static_bytecode,unknown,False,True,high,MoveVM transition is gated by decoded direction predicate; packed move id resolves through this character's FLuxMoveBank buckets; predicate maps to one primary direction; cell references are classified later by route trust; destination has a concrete motion id; local MOT section is non-empty,MoveVM transition is gated by decoded direction predicate; packed move id resolves through this character's FLuxMoveBank buckets; predicate maps to one primary direction; cell references are classified later by route trust; destination has a concrete motion id; local MOT section is non-empty; decoded with confirmed channel stream DAT_143e83c00; offensive cells exist and no static return/recovery frame is known; unranked unless route is trusted basic movement and root motion is decoded with high confidence
002,Seong Mi-na,sidestep_down_candidate,trusted_basic,rankable_static_distance,59.291,B,0.0020000000949949026,0.007000000332482159,0.03600000170990825,0.07300000346731395,0.4420000209938735,0.4420000209938735,9,,,,,,unknown_from_static_bytecode,unknown,True,False,high,MoveVM transition is gated by decoded direction predicate; packed move id resolves through this character's FLuxMoveBank buckets; predicate maps to one primary direction; cell references are classified later by route trust; destination has a concrete motion id; local MOT section is non-empty,MoveVM transition is gated by decoded direction predicate; packed move id resolves through this character's FLuxMoveBank buckets; predicate maps to one primary direction; cell references are classified later by route trust; destination has a concrete motion id; local MOT section is non-empty; decoded with confirmed channel stream DAT_143e83c00; direct movement predicate; same-bank route; root motion decoded; source is neutral-like; no active offensive cells on destination slot
002,Seong Mi-na,sidestep_up_candidate,unresolved,unranked,,Unranked,0.0,0.0,0.0,0.0,,,,,,,,,unknown_from_static_bytecode,unknown,False,True,high,MoveVM transition is gated by decoded direction predicate; packed move id resolves through this character's FLuxMoveBank buckets; predicate maps to one primary direction; cell references are classified later by route trust; destination has a concrete motion id; local MOT section is non-empty,MoveVM transition is gated by decoded direction predicate; packed move id resolves through this character's FLuxMoveBank buckets; predicate maps to one primary direction; cell references are classified later by route trust; destination has a concrete motion id; local MOT section is non-empty; decoded with confirmed channel stream DAT_143e83c00; offensive cells exist and no static return/recovery frame is known; unranked unless route is trusted basic movement and root motion is decoded with high confidence
003,Taki,back_diagonal,trusted_basic,rankable_static_distance,59.667,B,0.144000006839633,0.3180000151041895,0.44500002113636583,0.4870000231312588,0.49200002336874604,0.49200002336874604,1,,,,,,unknown_from_static_bytecode,unknown,True,True,high,MoveVM transition is gated by decoded direction predicate; packed move id resolves through this character's FLuxMoveBank buckets; predicate maps to diagonal movement; cell references are classified later by route trust; destination has a concrete motion id; local MOT section is non-empty,MoveVM transition is gated by decoded direction predicate; packed move id resolves through this character's FLuxMoveBank buckets; predicate maps to diagonal movement; cell references are classified later by route trust; destination has a concrete motion id; local MOT section is non-empty; decoded with confirmed channel stream DAT_143e83c00; direct movement predicate; same-bank route; root motion decoded; source is neutral-like; no active offensive cells on destination slot
003,Taki,backstep_candidate,unresolved,unranked,,Unranked,0.1110000052722171,0.25800001225434244,0.4150000197114423,0.6350000301608816,,,1,,,,,,unknown_from_static_bytecode,unknown,False,True,high,MoveVM transition is gated by decoded direction predicate; packed move id resolves through this character's FLuxMoveBank buckets; predicate maps to one primary direction; cell references are classified later by route trust; destination has a concrete motion id; local MOT section is non-empty,MoveVM transition is gated by decoded direction predicate; packed move id resolves through this character's FLuxMoveBank buckets; predicate maps to one primary direction; cell references are classified later by route trust; destination has a concrete motion id; local MOT section is non-empty; decoded with confirmed channel stream DAT_143e83c00; offensive cells exist and no static return/recovery frame is known; unranked unless route is trusted basic movement and root motion is decoded with high confidence
003,Taki,eight_way_or_ambiguous,measured_but_not_basic,unranked,,Unranked,0.3650000173365697,0.6580007911313397,0.9150137045610214,1.1000655048484678,,,0,,,,,,unknown_from_static_bytecode,unknown,False,False,high,MoveVM transition is gated by decoded direction predicate; packed move id resolves through this character's FLuxMoveBank buckets; predicate is directional but ambiguous; cell references are classified later by route trust; destination has a concrete motion id; local MOT section is non-empty,MoveVM transition is gated by decoded direction predicate; packed move id resolves through this character's FLuxMoveBank buckets; predicate is directional but ambiguous; cell references are classified later by route trust; destination has a concrete motion id; local MOT section is non-empty; decoded with confirmed channel stream DAT_143e83c00; source is not proven neutral or stance-root basic movement; unranked unless route is trusted basic movement and root motion is decoded with high confidence
003,Taki,forward_diagonal,trusted_basic,rankable_static_distance,75.037,A,0.26600001263432205,0.6260000297334045,1.02800004882738,1.4110000670189038,2.632000125013292,2.632000125013292,0,,,,,,unknown_from_static_bytecode,unknown,True,False,high,MoveVM transition is gated by decoded direction predicate; packed move id resolves through this character's FLuxMoveBank buckets; predicate maps to diagonal movement; cell references are classified later by route trust; destination has a concrete motion id; local MOT section is non-empty,MoveVM transition is gated by decoded direction predicate; packed move id resolves through this character's FLuxMoveBank buckets; predicate maps to diagonal movement; cell references are classified later by route trust; destination has a concrete motion id; local MOT section is non-empty; decoded with confirmed channel stream DAT_143e83c00; direct movement predicate; same-bank route; root motion decoded; source is neutral-like; no active offensive cells on destination slot
003,Taki,forward_step_candidate,unresolved,unranked,,Unranked,0.03300000156741589,0.10300000489223748,0.25800001225434244,0.44700002123136073,,,2,,,,,,unknown_from_static_bytecode,unknown,False,True,high,MoveVM transition is gated by decoded direction predicate; packed move id resolves through this character's FLuxMoveBank buckets; predicate maps to one primary direction; cell references are classified later by route trust; destination has a concrete motion id; local MOT section is non-empty,MoveVM transition is gated by decoded direction predicate; packed move id resolves through this character's FLuxMoveBank buckets; predicate maps to one primary direction; cell references are classified later by route trust; destination has a concrete motion id; local MOT section is non-empty; decoded with confirmed channel stream DAT_143e83c00; offensive cells exist and no static return/recovery frame is known; unranked unless route is trusted basic movement and root motion is decoded with high confidence
003,Taki,sidestep_down_candidate,trusted_basic,rankable_static_distance,65.912,A,0.007000000332482159,0.021000000997446477,0.0390000018524006,0.05600000265985727,0.0800000037997961,0.0800000037997961,5,,,,,,unknown_from_static_bytecode,unknown,True,False,high,MoveVM transition is gated by decoded direction predicate; packed move id resolves through this character's FLuxMoveBank buckets; predicate maps to one primary direction; cell references are classified later by route trust; destination has a concrete motion id; local MOT section is non-empty,MoveVM transition is gated by decoded direction predicate; packed move id resolves through this character's FLuxMoveBank buckets; predicate maps to one primary direction; cell references are classified later by route trust; destination has a concrete motion id; local MOT section is non-empty; decoded with confirmed channel stream DAT_143e83c00; direct movement predicate; same-bank route; root motion decoded; source is neutral-like; no active offensive cells on destination slot
003,Taki,sidestep_up_candidate,unresolved,unranked,,Unranked,0.0720000034198165,0.007000000332482159,0.09800000465475023,0.16300000774208456,,,1,,,,,,unknown_from_static_bytecode,unknown,False,True,high,MoveVM transition is gated by decoded direction predicate; packed move id resolves through this character's FLuxMoveBank buckets; predicate maps to one primary direction; cell references are classified later by route trust; destination has a concrete motion id; local MOT section is non-empty,MoveVM transition is gated by decoded direction predicate; packed move id resolves through this character's FLuxMoveBank buckets; predicate maps to one primary direction; cell references are classified later by route trust; destination has a concrete motion id; local MOT section is non-empty; decoded with confirmed channel stream DAT_143e83c00; offensive cells exist and no static return/recovery frame is known; unranked unless route is trusted basic movement and root motion is decoded with high confidence
004,Maxi,back_diagonal,unresolved,unranked,,Unranked,0.1540000073146075,0.2810000133467838,0.3990012720824068,0.5090039534343077,,,1,,,,,,unknown_from_static_bytecode,unknown,False,True,high,MoveVM transition is gated by decoded direction predicate; packed move id resolves through this character's FLuxMoveBank buckets; predicate maps to diagonal movement; cell references are classified later by route trust; destination has a concrete motion id; local MOT section is non-empty,MoveVM transition is gated by decoded direction predicate; packed move id resolves through this character's FLuxMoveBank buckets; predicate maps to diagonal movement; cell references are classified later by route trust; destination has a concrete motion id; local MOT section is non-empty; decoded with confirmed channel stream DAT_143e83c00; offensive cells exist and no static return/recovery frame is known; unranked unless route is trusted basic movement and root motion is decoded with high confidence
004,Maxi,backstep_candidate,trusted_basic,rankable_static_distance,45.725,B,0.04800000227987766,0.06600000313483179,0.025000001187436283,0.011000000522471964,0.06900000327732414,0.06900000327732414,1,,,,,,unknown_from_static_bytecode,unknown,True,False,high,MoveVM transition is gated by decoded direction predicate; packed move id resolves through this character's FLuxMoveBank buckets; predicate maps to one primary direction; cell references are classified later by route trust; destination has a concrete motion id; local MOT section is non-empty,MoveVM transition is gated by decoded direction predicate; packed move id resolves through this character's FLuxMoveBank buckets; predicate maps to one primary direction; cell references are classified later by route trust; destination has a concrete motion id; local MOT section is non-empty; decoded with confirmed channel stream DAT_143e83c00; direct movement predicate; same-bank route; root motion decoded; source is neutral-like; no active offensive cells on destination slot
004,Maxi,eight_way_or_ambiguous,trusted_basic,rankable_static_distance,32.689,C,0.12264176054190662,0.2546625338770989,0.40478761785064543,0.5321353464105887,0.6690000317757949,0.6690000317757949,0,,,,,,unknown_from_static_bytecode,unknown,True,False,high,MoveVM transition is gated by decoded direction predicate; packed move id resolves through this character's FLuxMoveBank buckets; predicate is directional but ambiguous; cell references are classified later by route trust; destination has a concrete motion id; local MOT section is non-empty,MoveVM transition is gated by decoded direction predicate; packed move id resolves through this character's FLuxMoveBank buckets; predicate is directional but ambiguous; cell references are classified later by route trust; destination has a concrete motion id; local MOT section is non-empty; decoded with confirmed channel stream DAT_143e83c00; direct movement predicate; same-bank route; root motion decoded; source is neutral-like; no active offensive cells on destination slot
004,Maxi,forward_diagonal,unresolved,unranked,,Unranked,0.11400000541470945,0.1170000055572018,0.06400000303983688,0.10500000498723239,,,0,,,,,,unknown_from_static_bytecode,unknown,False,True,high,MoveVM transition is gated by decoded direction predicate; packed move id resolves through this character's FLuxMoveBank buckets; predicate maps to diagonal movement; cell references are classified later by route trust; destination has a concrete motion id; local MOT section is non-empty,MoveVM transition is gated by decoded direction predicate; packed move id resolves through this character's FLuxMoveBank buckets; predicate maps to diagonal movement; cell references are classified later by route trust; destination has a concrete motion id; local MOT section is non-empty; decoded with confirmed channel stream DAT_143e83c00; offensive cells exist and no static return/recovery frame is known; unranked unless route is trusted basic movement and root motion is decoded with high confidence
004,Maxi,forward_step_candidate,unresolved,unranked,,Unranked,0.0,0.0,0.0,0.0,,,33,,,,,,unknown_from_static_bytecode,unknown,False,True,high,MoveVM transition is gated by decoded direction predicate; packed move id resolves through this character's FLuxMoveBank buckets; predicate maps to one primary direction; cell references are classified later by route trust; destination has a concrete motion id; local MOT section is non-empty,MoveVM transition is gated by decoded direction predicate; packed move id resolves through this character's FLuxMoveBank buckets; predicate maps to one primary direction; cell references are classified later by route trust; destination has a concrete motion id; local MOT section is non-empty; decoded with confirmed channel stream DAT_143e83c00; offensive cells exist and no static return/recovery frame is known; unranked unless route is trusted basic movement and root motion is decoded with high confidence
004,Maxi,sidestep_down_candidate,trusted_basic,rankable_static_distance,40.958,B,0.0020000000949949026,0.00800000037997961,0.01500000071246177,0.02300000109244138,0.04000000189989805,0.04000000189989805,9,,,,,,unknown_from_static_bytecode,unknown,True,False,high,MoveVM transition is gated by decoded direction predicate; packed move id resolves through this character's FLuxMoveBank buckets; predicate maps to one primary direction; cell references are classified later by route trust; destination has a concrete motion id; local MOT section is non-empty,MoveVM transition is gated by decoded direction predicate; packed move id resolves through this character's FLuxMoveBank buckets; predicate maps to one primary direction; cell references are classified later by route trust; destination has a concrete motion id; local MOT section is non-empty; decoded with confirmed channel stream DAT_143e83c00; direct movement predicate; same-bank route; root motion decoded; source is neutral-like; no active offensive cells on destination slot
004,Maxi,sidestep_up_candidate,unresolved,unranked,,Unranked,0.00800000037997961,0.020000000949949026,0.08500000403728336,0.1870000088820234,,,2,,,,,,unknown_from_static_bytecode,unknown,False,True,high,MoveVM transition is gated by decoded direction predicate; packed move id resolves through this character's FLuxMoveBank buckets; predicate maps to one primary direction; cell references are classified later by route trust; destination has a concrete motion id; local MOT section is non-empty,MoveVM transition is gated by decoded direction predicate; packed move id resolves through this character's FLuxMoveBank buckets; predicate maps to one primary direction; cell references are classified later by route trust; destination has a concrete motion id; local MOT section is non-empty; decoded with confirmed channel stream DAT_143e83c00; offensive cells exist and no static return/recovery frame is known; unranked unless route is trusted basic movement and root motion is decoded with high confidence
005,Voldo,back_diagonal,measured_but_not_basic,unranked,,Unranked,0.0,0.0,0.0,0.0,,,,,,,,,unknown_from_static_bytecode,unknown,False,True,high,MoveVM transition is gated by decoded direction predicate; packed move id resolves through this character's FLuxMoveBank buckets; predicate maps to diagonal movement; cell references are classified later by route trust; destination has a concrete motion id; local MOT section is non-empty,MoveVM transition is gated by decoded direction predicate; packed move id resolves through this character's FLuxMoveBank buckets; predicate maps to diagonal movement; cell references are classified later by route trust; destination has a concrete motion id; local MOT section is non-empty; decoded with confirmed channel stream DAT_143e83c00; source is not proven neutral or stance-root basic movement; unranked unless route is trusted basic movement and root motion is decoded with high confidence
005,Voldo,backstep_candidate,unresolved,unranked,,Unranked,0.07300000346731395,0.24800001177936792,0.6130000291159377,1.110000052722171,,,1,,,,,,unknown_from_static_bytecode,unknown,False,True,high,MoveVM transition is gated by decoded direction predicate; packed move id resolves through this character's FLuxMoveBank buckets; predicate maps to one primary direction; cell references are classified later by route trust; destination has a concrete motion id; local MOT section is non-empty,MoveVM transition is gated by decoded direction predicate; packed move id resolves through this character's FLuxMoveBank buckets; predicate maps to one primary direction; cell references are classified later by route trust; destination has a concrete motion id; local MOT section is non-empty; decoded with confirmed channel stream DAT_143e83c00; offensive cells exist and no static return/recovery frame is known; unranked unless route is trusted basic movement and root motion is decoded with high confidence
005,Voldo,eight_way_or_ambiguous,trusted_basic,rankable_static_distance,27.442,C,0.07100000337231904,0.11600000550970435,0.16800000797957182,0.2220000105444342,0.43200002051889896,0.43200002051889896,0,,,,,,unknown_from_static_bytecode,unknown,True,False,high,MoveVM transition is gated by decoded direction predicate; packed move id resolves through this character's FLuxMoveBank buckets; predicate is directional but ambiguous; cell references are classified later by route trust; destination has a concrete motion id; local MOT section is non-empty,MoveVM transition is gated by decoded direction predicate; packed move id resolves through this character's FLuxMoveBank buckets; predicate is directional but ambiguous; cell references are classified later by route trust; destination has a concrete motion id; local MOT section is non-empty; decoded with confirmed channel stream DAT_143e83c00; direct movement predicate; same-bank route; root motion decoded; source is neutral-like; no active offensive cells on destination slot
005,Voldo,forward_diagonal,trusted_basic,rankable_static_distance,55.037,B,0.2149814047548753,0.4362316105893066,0.6112094857640149,0.7164586860120544,1.1070000525796786,1.1070000525796786,0,,,,,,unknown_from_static_bytecode,unknown,True,False,high,MoveVM transition is gated by decoded direction predicate; packed move id resolves through this character's FLuxMoveBank buckets; predicate maps to diagonal movement; cell references are classified later by route trust; destination has a concrete motion id; local MOT section is non-empty,MoveVM transition is gated by decoded direction predicate; packed move id resolves through this character's FLuxMoveBank buckets; predicate maps to diagonal movement; cell references are classified later by route trust; destination has a concrete motion id; local MOT section is non-empty; decoded with confirmed channel stream DAT_143e83c00; direct movement predicate; same-bank route; root motion decoded; source is neutral-like; no active offensive cells on destination slot
005,Voldo,forward_step_candidate,trusted_basic,rankable_static_distance,56.389,B,0.019000000902451575,0.06600000313483179,0.17400000826455653,0.35200001671910286,1.74600008293055,1.74600008293055,3,,,,,,unknown_from_static_bytecode,unknown,True,False,high,MoveVM transition is gated by decoded direction predicate; packed move id resolves through this character's FLuxMoveBank buckets; predicate maps to one primary direction; cell references are classified later by route trust; destination has a concrete motion id; local MOT section is non-empty,MoveVM transition is gated by decoded direction predicate; packed move id resolves through this character's FLuxMoveBank buckets; predicate maps to one primary direction; cell references are classified later by route trust; destination has a concrete motion id; local MOT section is non-empty; decoded with confirmed channel stream DAT_143e83c00; direct movement predicate; same-bank route; root motion decoded; source is neutral-like; no active offensive cells on destination slot
005,Voldo,sidestep_down_candidate,trusted_basic,rankable_static_distance,57.593,B,0.0050000002374872565,0.01500000071246177,0.026000001234933734,0.03800000180490315,0.05900000280234963,0.05900000280234963,6,,,,,,unknown_from_static_bytecode,unknown,True,False,high,MoveVM transition is gated by decoded direction predicate; packed move id resolves through this character's FLuxMoveBank buckets; predicate maps to one primary direction; cell references are classified later by route trust; destination has a concrete motion id; local MOT section is non-empty,MoveVM transition is gated by decoded direction predicate; packed move id resolves through this character's FLuxMoveBank buckets; predicate maps to one primary direction; cell references are classified later by route trust; destination has a concrete motion id; local MOT section is non-empty; decoded with confirmed channel stream DAT_143e83c00; direct movement predicate; same-bank route; root motion decoded; source is neutral-like; no active offensive cells on destination slot
005,Voldo,sidestep_up_candidate,trusted_basic,rankable_static_distance,20.5,C,0.0,0.0,0.0,0.0,0.0,0.0,,,,,,,unknown_from_static_bytecode,unknown,True,False,high,MoveVM transition is gated by decoded direction predicate; packed move id resolves through this character's FLuxMoveBank buckets; predicate maps to one primary direction; cell references are classified later by route trust; destination has a concrete motion id; local MOT section is non-empty,MoveVM transition is gated by decoded direction predicate; packed move id resolves through this character's FLuxMoveBank buckets; predicate maps to one primary direction; cell references are classified later by route trust; destination has a concrete motion id; local MOT section is non-empty; decoded with confirmed channel stream DAT_143e83c00; direct movement predicate; same-bank route; root motion decoded; source is neutral-like; no active offensive cells on destination slot
006,Sophitia,back_diagonal,unresolved,unknown_no_static_route,,Unranked,,,,,,,,,,,,,unknown_from_static_bytecode,unknown,False,False,unknown,no direction-gated route found for this movement type,no direction-gated route found for this movement type
006,Sophitia,backstep_candidate,trusted_basic,rankable_static_distance,72.577,A,0.006000000284984708,0.5020000238437206,0.9430000447900966,1.1850000562844798,1.5260000724811107,1.5260000724811107,1,,,,,,unknown_from_static_bytecode,unknown,True,False,high,MoveVM transition is gated by decoded direction predicate; packed move id resolves through this character's FLuxMoveBank buckets; predicate maps to one primary direction; cell references are classified later by route trust; destination has a concrete motion id; local MOT section is non-empty,MoveVM transition is gated by decoded direction predicate; packed move id resolves through this character's FLuxMoveBank buckets; predicate maps to one primary direction; cell references are classified later by route trust; destination has a concrete motion id; local MOT section is non-empty; decoded with confirmed channel stream DAT_143e83c00; direct movement predicate; same-bank route; root motion decoded; source is neutral-like; no active offensive cells on destination slot
006,Sophitia,eight_way_or_ambiguous,trusted_basic,rankable_static_distance,64.232,A,0.3143405945569973,0.5745015503488727,0.8162212097754018,1.019159015399355,1.2090500977477079,1.2090500977477079,0,,,,,,unknown_from_static_bytecode,unknown,True,False,high,MoveVM transition is gated by decoded direction predicate; packed move id resolves through this character's FLuxMoveBank buckets; predicate is directional but ambiguous; cell references are classified later by route trust; destination has a concrete motion id; local MOT section is non-empty,MoveVM transition is gated by decoded direction predicate; packed move id resolves through this character's FLuxMoveBank buckets; predicate is directional but ambiguous; cell references are classified later by route trust; destination has a concrete motion id; local MOT section is non-empty; decoded with confirmed channel stream DAT_143e83c00; direct movement predicate; same-bank route; root motion decoded; source is neutral-like; no active offensive cells on destination slot
006,Sophitia,forward_diagonal,unresolved,unknown_no_static_route,,Unranked,,,,,,,,,,,,,unknown_from_static_bytecode,unknown,False,False,unknown,no direction-gated route found for this movement type,no direction-gated route found for this movement type
006,Sophitia,forward_step_candidate,trusted_basic,rankable_static_distance,66.0,B,0.006000000284984708,0.5020000238437206,0.9430000447900966,1.1850000562844798,1.5260000724811107,1.5260000724811107,1,,,,,,unknown_from_static_bytecode,unknown,True,False,high,MoveVM transition is gated by decoded direction predicate; packed move id resolves through this character's FLuxMoveBank buckets; predicate maps to one primary direction; cell references are classified later by route trust; destination has a concrete motion id; local MOT section is non-empty,MoveVM transition is gated by decoded direction predicate; packed move id resolves through this character's FLuxMoveBank buckets; predicate maps to one primary direction; cell references are classified later by route trust; destination has a concrete motion id; local MOT section is non-empty; decoded with confirmed channel stream DAT_143e83c00; direct movement predicate; same-bank route; root motion decoded; source is neutral-like; no active offensive cells on destination slot
006,Sophitia,sidestep_down_candidate,trusted_basic,rankable_static_distance,39.116,B,0.0020000000949949026,0.00800000037997961,0.01500000071246177,0.02200000104494393,0.04000000189989805,0.04000000189989805,10,,,,,,unknown_from_static_bytecode,unknown,True,False,high,MoveVM transition is gated by decoded direction predicate; packed move id resolves through this character's FLuxMoveBank buckets; predicate maps to one primary direction; cell references are classified later by route trust; destination has a concrete motion id; local MOT section is non-empty,MoveVM transition is gated by decoded direction predicate; packed move id resolves through this character's FLuxMoveBank buckets; predicate maps to one primary direction; cell references are classified later by route trust; destination has a concrete motion id; local MOT section is non-empty; decoded with confirmed channel stream DAT_143e83c00; direct movement predicate; same-bank route; root motion decoded; source is neutral-like; no active offensive cells on destination slot
006,Sophitia,sidestep_up_candidate,trusted_basic,rankable_static_distance,77.0,A,0.08700000413227826,0.08900000422727317,0.09000000427477062,0.07700000365730375,0.09000000427477062,0.09000000427477062,0,,,,,,unknown_from_static_bytecode,unknown,True,False,high,MoveVM transition is gated by decoded direction predicate; packed move id resolves through this character's FLuxMoveBank buckets; predicate maps to one primary direction; cell references are classified later by route trust; destination has a concrete motion id; local MOT section is non-empty,MoveVM transition is gated by decoded direction predicate; packed move id resolves through this character's FLuxMoveBank buckets; predicate maps to one primary direction; cell references are classified later by route trust; destination has a concrete motion id; local MOT section is non-empty; decoded with confirmed channel stream DAT_143e83c00; direct movement predicate; same-bank route; root motion decoded; source is neutral-like; no active offensive cells on destination slot
007,Siegfried,back_diagonal,unresolved,unknown_no_static_route,,Unranked,,,,,,,,,,,,,unknown_from_static_bytecode,unknown,False,False,unknown,no direction-gated route found for this movement type,no direction-gated route found for this movement type
007,Siegfried,backstep_candidate,trusted_basic,rankable_static_distance,59.124,A,0.026000001234933734,0.10400000493973494,0.23100001097191125,0.39900001895148307,0.8190000389004126,0.8190000389004126,3,,,,,,unknown_from_static_bytecode,unknown,True,False,high,MoveVM transition is gated by decoded direction predicate; packed move id resolves through this character's FLuxMoveBank buckets; predicate maps to one primary direction; cell references are classified later by route trust; destination has a concrete motion id; local MOT section is non-empty,MoveVM transition is gated by decoded direction predicate; packed move id resolves through this character's FLuxMoveBank buckets; predicate maps to one primary direction; cell references are classified later by route trust; destination has a concrete motion id; local MOT section is non-empty; decoded with confirmed channel stream DAT_143e83c00; direct movement predicate; same-bank route; root motion decoded; source is neutral-like; no active offensive cells on destination slot
007,Siegfried,eight_way_or_ambiguous,trusted_basic,rankable_static_distance,33.522,C,0.13852076314676523,0.2862516511461244,0.4110109682812483,0.5031202878497947,0.5612210169981611,0.5612210169981611,0,,,,,,unknown_from_static_bytecode,unknown,True,False,high,MoveVM transition is gated by decoded direction predicate; packed move id resolves through this character's FLuxMoveBank buckets; predicate is directional but ambiguous; cell references are classified later by route trust; destination has a concrete motion id; local MOT section is non-empty,MoveVM transition is gated by decoded direction predicate; packed move id resolves through this character's FLuxMoveBank buckets; predicate is directional but ambiguous; cell references are classified later by route trust; destination has a concrete motion id; local MOT section is non-empty; decoded with confirmed channel stream DAT_143e83c00; direct movement predicate; same-bank route; root motion decoded; source is neutral-like; no active offensive cells on destination slot
007,Siegfried,forward_diagonal,unresolved,unknown_no_static_route,,Unranked,,,,,,,,,,,,,unknown_from_static_bytecode,unknown,False,False,unknown,no direction-gated route found for this movement type,no direction-gated route found for this movement type
007,Siegfried,forward_step_candidate,trusted_basic,rankable_static_distance,51.333,B,0.06000000284984708,0.06500000308733433,0.08600000408478081,0.13600000645965338,0.5000000237487257,0.5000000237487257,0,,,,,,unknown_from_static_bytecode,unknown,True,False,high,MoveVM transition is gated by decoded direction predicate; packed move id resolves through this character's FLuxMoveBank buckets; predicate maps to one primary direction; cell references are classified later by route trust; destination has a concrete motion id; local MOT section is non-empty,MoveVM transition is gated by decoded direction predicate; packed move id resolves through this character's FLuxMoveBank buckets; predicate maps to one primary direction; cell references are classified later by route trust; destination has a concrete motion id; local MOT section is non-empty; decoded with confirmed channel stream DAT_143e83c00; direct movement predicate; same-bank route; root motion decoded; source is neutral-like; no active offensive cells on destination slot
007,Siegfried,sidestep_down_candidate,trusted_basic,rankable_static_distance,19.767,C,0.0,0.0,0.0,0.0,0.0,0.0,,,,,,,unknown_from_static_bytecode,unknown,True,False,high,MoveVM transition is gated by decoded direction predicate; packed move id resolves through this character's FLuxMoveBank buckets; predicate maps to one primary direction; cell references are classified later by route trust; destination has a concrete motion id; local MOT section is non-empty,MoveVM transition is gated by decoded direction predicate; packed move id resolves through this character's FLuxMoveBank buckets; predicate maps to one primary direction; cell references are classified later by route trust; destination has a concrete motion id; local MOT section is non-empty; decoded with confirmed channel stream DAT_143e83c00; direct movement predicate; same-bank route; root motion decoded; source is neutral-like; no active offensive cells on destination slot
007,Siegfried,sidestep_up_candidate,unresolved,unranked,,Unranked,0.0,0.0,0.0,0.0,,,35,,,,,,unknown_from_static_bytecode,unknown,False,True,high,MoveVM transition is gated by decoded direction predicate; packed move id resolves through this character's FLuxMoveBank buckets; predicate maps to one primary direction; cell references are classified later by route trust; destination has a concrete motion id; local MOT section is non-empty,MoveVM transition is gated by decoded direction predicate; packed move id resolves through this character's FLuxMoveBank buckets; predicate maps to one primary direction; cell references are classified later by route trust; destination has a concrete motion id; local MOT section is non-empty; decoded with confirmed channel stream DAT_143e83c00; offensive cells exist and no static return/recovery frame is known; unranked unless route is trusted basic movement and root motion is decoded with high confidence
009,Hwang,back_diagonal,measured_but_not_basic,unranked,,Unranked,0.0,0.0,0.0,0.0,,,,,,,,,unknown_from_static_bytecode,unknown,False,False,high,MoveVM transition is gated by decoded direction predicate; packed move id resolves through this character's FLuxMoveBank buckets; predicate maps to diagonal movement; cell references are classified later by route trust; destination has a concrete motion id; local MOT section is non-empty,MoveVM transition is gated by decoded direction predicate; packed move id resolves through this character's FLuxMoveBank buckets; predicate maps to diagonal movement; cell references are classified later by route trust; destination has a concrete motion id; local MOT section is non-empty; decoded with confirmed channel stream DAT_143e83c00; source is not proven neutral or stance-root basic movement; unranked unless route is trusted basic movement and root motion is decoded with high confidence
009,Hwang,backstep_candidate,trusted_basic,rankable_static_distance,53.476,B,0.027000001282431185,0.09000000427477062,0.18800000892952085,0.2670000126818195,0.29700001410674304,0.29700001410674304,3,,,,,,unknown_from_static_bytecode,unknown,True,False,high,MoveVM transition is gated by decoded direction predicate; packed move id resolves through this character's FLuxMoveBank buckets; predicate maps to one primary direction; cell references are classified later by route trust; destination has a concrete motion id; local MOT section is non-empty,MoveVM transition is gated by decoded direction predicate; packed move id resolves through this character's FLuxMoveBank buckets; predicate maps to one primary direction; cell references are classified later by route trust; destination has a concrete motion id; local MOT section is non-empty; decoded with confirmed channel stream DAT_143e83c00; direct movement predicate; same-bank route; root motion decoded; source is neutral-like; no active offensive cells on destination slot
009,Hwang,eight_way_or_ambiguous,trusted_basic,rankable_static_distance,19.79,D,0.036124785452212045,0.12657409498753436,0.19087431325599935,0.2680764943571309,0.29767265312319763,0.29767265312319763,3,,,,,,unknown_from_static_bytecode,unknown,True,False,high,MoveVM transition is gated by decoded direction predicate; packed move id resolves through this character's FLuxMoveBank buckets; predicate is directional but ambiguous; cell references are classified later by route trust; destination has a concrete motion id; local MOT section is non-empty,MoveVM transition is gated by decoded direction predicate; packed move id resolves through this character's FLuxMoveBank buckets; predicate is directional but ambiguous; cell references are classified later by route trust; destination has a concrete motion id; local MOT section is non-empty; decoded with confirmed channel stream DAT_143e83c00; direct movement predicate; same-bank route; root motion decoded; source is neutral-like; no active offensive cells on destination slot
009,Hwang,forward_diagonal,unresolved,unranked,,Unranked,0.33400001586414874,0.5110000242711976,0.8030000381404534,1.1360000539571047,,,0,,,,,,unknown_from_static_bytecode,unknown,False,True,high,MoveVM transition is gated by decoded direction predicate; packed move id resolves through this character's FLuxMoveBank buckets; predicate maps to diagonal movement; cell references are classified later by route trust; destination has a concrete motion id; local MOT section is non-empty,MoveVM transition is gated by decoded direction predicate; packed move id resolves through this character's FLuxMoveBank buckets; predicate maps to diagonal movement; cell references are classified later by route trust; destination has a concrete motion id; local MOT section is non-empty; decoded with confirmed channel stream DAT_143e83c00; offensive cells exist and no static return/recovery frame is known; unranked unless route is trusted basic movement and root motion is decoded with high confidence
009,Hwang,forward_step_candidate,trusted_basic,rankable_static_distance,20.833,D,0.0020000000949949026,0.007000000332482159,0.03000000142492354,0.05400000256486237,0.0780000037048012,0.0780000037048012,9,,,,,,unknown_from_static_bytecode,unknown,True,False,high,MoveVM transition is gated by decoded direction predicate; packed move id resolves through this character's FLuxMoveBank buckets; predicate maps to one primary direction; cell references are classified later by route trust; destination has a concrete motion id; local MOT section is non-empty,MoveVM transition is gated by decoded direction predicate; packed move id resolves through this character's FLuxMoveBank buckets; predicate maps to one primary direction; cell references are classified later by route trust; destination has a concrete motion id; local MOT section is non-empty; decoded with confirmed channel stream DAT_143e83c00; direct movement predicate; same-bank route; root motion decoded; source is neutral-like; no active offensive cells on destination slot
009,Hwang,sidestep_down_candidate,trusted_basic,rankable_static_distance,19.767,C,0.0,0.0,0.0,0.0,0.0,0.0,,,,,,,unknown_from_static_bytecode,unknown,True,False,high,MoveVM transition is gated by decoded direction predicate; packed move id resolves through this character's FLuxMoveBank buckets; predicate maps to one primary direction; cell references are classified later by route trust; destination has a concrete motion id; local MOT section is non-empty,MoveVM transition is gated by decoded direction predicate; packed move id resolves through this character's FLuxMoveBank buckets; predicate maps to one primary direction; cell references are classified later by route trust; destination has a concrete motion id; local MOT section is non-empty; decoded with confirmed channel stream DAT_143e83c00; direct movement predicate; same-bank route; root motion decoded; source is neutral-like; no active offensive cells on destination slot
009,Hwang,sidestep_up_candidate,trusted_basic,rankable_static_distance,65.952,B,0.02400000113993883,0.08900000422727317,0.03300000156741589,0.02400000113993883,0.12800000607967377,0.12800000607967377,4,,,,,,unknown_from_static_bytecode,unknown,True,False,high,MoveVM transition is gated by decoded direction predicate; packed move id resolves through this character's FLuxMoveBank buckets; predicate maps to one primary direction; cell references are classified later by route trust; destination has a concrete motion id; local MOT section is non-empty,MoveVM transition is gated by decoded direction predicate; packed move id resolves through this character's FLuxMoveBank buckets; predicate maps to one primary direction; cell references are classified later by route trust; destination has a concrete motion id; local MOT section is non-empty; decoded with confirmed channel stream DAT_143e83c00; direct movement predicate; same-bank route; root motion decoded; source is neutral-like; no active offensive cells on destination slot
00b,Ivy,back_diagonal,unresolved,unknown_no_static_route,,Unranked,,,,,,,,,,,,,unknown_from_static_bytecode,unknown,False,False,unknown,no direction-gated route found for this movement type,no direction-gated route found for this movement type
00b,Ivy,backstep_candidate,unresolved,unranked,,Unranked,0.24600001168437302,0.6430000305408612,0.9880000469274819,1.159000055049546,,,0,,,,,,unknown_from_static_bytecode,unknown,False,True,high,MoveVM transition is gated by decoded direction predicate; packed move id resolves through this character's FLuxMoveBank buckets; predicate maps to one primary direction; cell references are classified later by route trust; destination has a concrete motion id; local MOT section is non-empty,MoveVM transition is gated by decoded direction predicate; packed move id resolves through this character's FLuxMoveBank buckets; predicate maps to one primary direction; cell references are classified later by route trust; destination has a concrete motion id; local MOT section is non-empty; decoded with confirmed channel stream DAT_143e83c00; offensive cells exist and no static return/recovery frame is known; unranked unless route is trusted basic movement and root motion is decoded with high confidence
00b,Ivy,eight_way_or_ambiguous,trusted_basic,rankable_static_distance,61.207,B,0.24726707384543434,0.6094760333982808,0.8557459141385741,0.9254415602066002,0.9950985348526796,0.9950985348526796,0,,,,,,unknown_from_static_bytecode,unknown,True,False,high,MoveVM transition is gated by decoded direction predicate; packed move id resolves through this character's FLuxMoveBank buckets; predicate is directional but ambiguous; cell references are classified later by route trust; destination has a concrete motion id; local MOT section is non-empty,MoveVM transition is gated by decoded direction predicate; packed move id resolves through this character's FLuxMoveBank buckets; predicate is directional but ambiguous; cell references are classified later by route trust; destination has a concrete motion id; local MOT section is non-empty; decoded with confirmed channel stream DAT_143e83c00; direct movement predicate; same-bank route; root motion decoded; source is neutral-like; no active offensive cells on destination slot
00b,Ivy,forward_diagonal,unresolved,unranked,,Unranked,0.06600000313483179,0.20300247268134453,0.39304581752677115,0.6209315877178866,,,1,,,,,,unknown_from_static_bytecode,unknown,False,True,high,MoveVM transition is gated by decoded direction predicate; packed move id resolves through this character's FLuxMoveBank buckets; predicate maps to diagonal movement; cell references are classified later by route trust; destination has a concrete motion id; local MOT section is non-empty,MoveVM transition is gated by decoded direction predicate; packed move id resolves through this character's FLuxMoveBank buckets; predicate maps to diagonal movement; cell references are classified later by route trust; destination has a concrete motion id; local MOT section is non-empty; decoded with confirmed channel stream DAT_143e83c00; offensive cells exist and no static return/recovery frame is known; unranked unless route is trusted basic movement and root motion is decoded with high confidence
00b,Ivy,forward_step_candidate,trusted_basic,rankable_static_distance,27.111,C,0.00800000037997961,0.010000000474974513,0.020000000949949026,0.06200000294484198,0.08700000413227826,0.08700000413227826,5,,,,,,unknown_from_static_bytecode,unknown,True,False,high,MoveVM transition is gated by decoded direction predicate; packed move id resolves through this character's FLuxMoveBank buckets; predicate maps to one primary direction; cell references are classified later by route trust; destination has a concrete motion id; local MOT section is non-empty,MoveVM transition is gated by decoded direction predicate; packed move id resolves through this character's FLuxMoveBank buckets; predicate maps to one primary direction; cell references are classified later by route trust; destination has a concrete motion id; local MOT section is non-empty; decoded with confirmed channel stream DAT_143e83c00; direct movement predicate; same-bank route; root motion decoded; source is neutral-like; no active offensive cells on destination slot
00b,Ivy,sidestep_down_candidate,trusted_basic,rankable_static_distance,68.74,A,0.05200000246986747,0.03300000156741589,0.010000000474974513,0.019000000902451575,0.08100000384729356,0.08100000384729356,0,,,,,,unknown_from_static_bytecode,unknown,True,False,high,MoveVM transition is gated by decoded direction predicate; packed move id resolves through this character's FLuxMoveBank buckets; predicate maps to one primary direction; cell references are classified later by route trust; destination has a concrete motion id; local MOT section is non-empty,MoveVM transition is gated by decoded direction predicate; packed move id resolves through this character's FLuxMoveBank buckets; predicate maps to one primary direction; cell references are classified later by route trust; destination has a concrete motion id; local MOT section is non-empty; decoded with confirmed channel stream DAT_143e83c00; direct movement predicate; same-bank route; root motion decoded; source is neutral-like; no active offensive cells on destination slot
00b,Ivy,sidestep_up_candidate,unresolved,unranked,,Unranked,0.006000000284984708,0.019000000902451575,0.027000001282431185,0.03800000180490315,,,6,,,,,,unknown_from_static_bytecode,unknown,False,True,high,MoveVM transition is gated by decoded direction predicate; packed move id resolves through this character's FLuxMoveBank buckets; predicate maps to one primary direction; cell references are classified later by route trust; destination has a concrete motion id; local MOT section is non-empty,MoveVM transition is gated by decoded direction predicate; packed move id resolves through this character's FLuxMoveBank buckets; predicate maps to one primary direction; cell references are classified later by route trust; destination has a concrete motion id; local MOT section is non-empty; decoded with confirmed channel stream DAT_143e83c00; offensive cells exist and no static return/recovery frame is known; unranked unless route is trusted basic movement and root motion is decoded with high confidence
00c,Kilik,back_diagonal,unresolved,unknown_no_static_route,,Unranked,,,,,,,,,,,,,unknown_from_static_bytecode,unknown,False,False,unknown,no direction-gated route found for this movement type,no direction-gated route found for this movement type
00c,Kilik,backstep_candidate,unresolved,unranked,,Unranked,0.10500000498723239,0.308000014629215,0.4190000199014321,0.4760000226087868,,,2,,,,,,unknown_from_static_bytecode,unknown,False,True,high,MoveVM transition is gated by decoded direction predicate; packed move id resolves through this character's FLuxMoveBank buckets; predicate maps to one primary direction; cell references are classified later by route trust; destination has a concrete motion id; local MOT section is non-empty,MoveVM transition is gated by decoded direction predicate; packed move id resolves through this character's FLuxMoveBank buckets; predicate maps to one primary direction; cell references are classified later by route trust; destination has a concrete motion id; local MOT section is non-empty; decoded with confirmed channel stream DAT_143e83c00; offensive cells exist and no static return/recovery frame is known; unranked unless route is trusted basic movement and root motion is decoded with high confidence
00c,Kilik,eight_way_or_ambiguous,trusted_basic,rankable_static_distance,54.14,B,0.33400001586414874,0.5590000265510753,0.740000035148114,0.8720000414177775,0.9730000462150201,0.9730000462150201,0,,,,,,unknown_from_static_bytecode,unknown,True,False,high,MoveVM transition is gated by decoded direction predicate; packed move id resolves through this character's FLuxMoveBank buckets; predicate is directional but ambiguous; cell references are classified later by route trust; destination has a concrete motion id; local MOT section is non-empty,MoveVM transition is gated by decoded direction predicate; packed move id resolves through this character's FLuxMoveBank buckets; predicate is directional but ambiguous; cell references are classified later by route trust; destination has a concrete motion id; local MOT section is non-empty; decoded with confirmed channel stream DAT_143e83c00; direct movement predicate; same-bank route; root motion decoded; source is neutral-like; no active offensive cells on destination slot
00c,Kilik,forward_diagonal,unresolved,unranked,,Unranked,0.7047269309301792,0.6105874510794629,0.5249324015301646,0.9776630763194982,,,0,,,,,,unknown_from_static_bytecode,unknown,False,True,high,MoveVM transition is gated by decoded direction predicate; packed move id resolves through this character's FLuxMoveBank buckets; predicate maps to diagonal movement; cell references are classified later by route trust; destination has a concrete motion id; local MOT section is non-empty,MoveVM transition is gated by decoded direction predicate; packed move id resolves through this character's FLuxMoveBank buckets; predicate maps to diagonal movement; cell references are classified later by route trust; destination has a concrete motion id; local MOT section is non-empty; decoded with confirmed channel stream DAT_143e83c00; offensive cells exist and no static return/recovery frame is known; unranked unless route is trusted basic movement and root motion is decoded with high confidence
00c,Kilik,forward_step_candidate,unresolved,unranked,,Unranked,0.10100000479724258,0.14900000707712024,0.17900000850204378,0.21000000997446477,,,0,,,,,,unknown_from_static_bytecode,unknown,False,True,high,MoveVM transition is gated by decoded direction predicate; packed move id resolves through this character's FLuxMoveBank buckets; predicate maps to one primary direction; cell references are classified later by route trust; destination has a concrete motion id; local MOT section is non-empty,MoveVM transition is gated by decoded direction predicate; packed move id resolves through this character's FLuxMoveBank buckets; predicate maps to one primary direction; cell references are classified later by route trust; destination has a concrete motion id; local MOT section is non-empty; decoded with confirmed channel stream DAT_143e83c00; offensive cells exist and no static return/recovery frame is known; unranked unless route is trusted basic movement and root motion is decoded with high confidence
00c,Kilik,sidestep_down_candidate,trusted_basic,rankable_static_distance,75.232,A,0.03200000151991844,0.04400000208988786,0.04500000213738531,0.05900000280234963,0.11000000522471964,0.11000000522471964,2,,,,,,unknown_from_static_bytecode,unknown,True,False,high,MoveVM transition is gated by decoded direction predicate; packed move id resolves through this character's FLuxMoveBank buckets; predicate maps to one primary direction; cell references are classified later by route trust; destination has a concrete motion id; local MOT section is non-empty,MoveVM transition is gated by decoded direction predicate; packed move id resolves through this character's FLuxMoveBank buckets; predicate maps to one primary direction; cell references are classified later by route trust; destination has a concrete motion id; local MOT section is non-empty; decoded with confirmed channel stream DAT_143e83c00; direct movement predicate; same-bank route; root motion decoded; source is neutral-like; no active offensive cells on destination slot
00c,Kilik,sidestep_up_candidate,measured_but_not_basic,unranked,,Unranked,0.0,0.0,0.0,0.0,,,,,,,,,unknown_from_static_bytecode,unknown,False,False,high,MoveVM transition is gated by decoded direction predicate; packed move id resolves through this character's FLuxMoveBank buckets; predicate maps to one primary direction; cell references are classified later by route trust; destination has a concrete motion id; local MOT section is non-empty,MoveVM transition is gated by decoded direction predicate; packed move id resolves through this character's FLuxMoveBank buckets; predicate maps to one primary direction; cell references are classified later by route trust; destination has a concrete motion id; local MOT section is non-empty; decoded with confirmed channel stream DAT_143e83c00; source is not proven neutral or stance-root basic movement; unranked unless route is trusted basic movement and root motion is decoded with high confidence
00d,Xianghua,back_diagonal,trusted_basic,rankable_static_distance,38.0,C,0.07629548186469066,0.20300247268134453,0.3298257272166935,0.40229965868050444,0.43847464951091575,0.43847464951091575,1,,,,,,unknown_from_static_bytecode,unknown,True,True,high,MoveVM transition is gated by decoded direction predicate; packed move id resolves through this character's FLuxMoveBank buckets; predicate maps to diagonal movement; cell references are classified later by route trust; destination has a concrete motion id; local MOT section is non-empty,MoveVM transition is gated by decoded direction predicate; packed move id resolves through this character's FLuxMoveBank buckets; predicate maps to diagonal movement; cell references are classified later by route trust; destination has a concrete motion id; local MOT section is non-empty; decoded with confirmed channel stream DAT_143e83c00; direct movement predicate; same-bank route; root motion decoded; source is neutral-like; no active offensive cells on destination slot
00d,Xianghua,backstep_candidate,trusted_basic,rankable_static_distance,83.026,S,0.3060000145342201,0.5620000266935676,0.6550000311108306,0.7050000334857032,0.8260000392328948,0.8260000392328948,0,,,,,,unknown_from_static_bytecode,unknown,True,False,high,MoveVM transition is gated by decoded direction predicate; packed move id resolves through this character's FLuxMoveBank buckets; predicate maps to one primary direction; cell references are classified later by route trust; destination has a concrete motion id; local MOT section is non-empty,MoveVM transition is gated by decoded direction predicate; packed move id resolves through this character's FLuxMoveBank buckets; predicate maps to one primary direction; cell references are classified later by route trust; destination has a concrete motion id; local MOT section is non-empty; decoded with confirmed channel stream DAT_143e83c00; direct movement predicate; same-bank route; root motion decoded; source is neutral-like; no active offensive cells on destination slot
00d,Xianghua,eight_way_or_ambiguous,trusted_basic,rankable_static_distance,39.541,B,0.18801064692692246,0.3460708184419264,0.4931987663275686,0.6124320661347052,0.7070219568627647,0.7070219568627647,0,,,,,,unknown_from_static_bytecode,unknown,True,False,high,MoveVM transition is gated by decoded direction predicate; packed move id resolves through this character's FLuxMoveBank buckets; predicate is directional but ambiguous; cell references are classified later by route trust; destination has a concrete motion id; local MOT section is non-empty,MoveVM transition is gated by decoded direction predicate; packed move id resolves through this character's FLuxMoveBank buckets; predicate is directional but ambiguous; cell references are classified later by route trust; destination has a concrete motion id; local MOT section is non-empty; decoded with confirmed channel stream DAT_143e83c00; direct movement predicate; same-bank route; root motion decoded; source is neutral-like; no active offensive cells on destination slot
00d,Xianghua,forward_diagonal,trusted_basic,rankable_static_distance,59.667,A,0.31553923600428474,0.5648832005930157,0.6550923910157127,0.7055558427858979,0.8304649694691077,0.8304649694691077,0,,,,,,unknown_from_static_bytecode,unknown,True,False,high,MoveVM transition is gated by decoded direction predicate; packed move id resolves through this character's FLuxMoveBank buckets; predicate maps to diagonal movement; cell references are classified later by route trust; destination has a concrete motion id; local MOT section is non-empty,MoveVM transition is gated by decoded direction predicate; packed move id resolves through this character's FLuxMoveBank buckets; predicate maps to diagonal movement; cell references are classified later by route trust; destination has a concrete motion id; local MOT section is non-empty; decoded with confirmed channel stream DAT_143e83c00; direct movement predicate; same-bank route; root motion decoded; source is neutral-like; no active offensive cells on destination slot
00d,Xianghua,forward_step_candidate,trusted_basic,rankable_static_distance,67.167,A,0.21200001006945968,0.3920000186190009,0.5000000237487257,0.5410000256961212,0.5510000261710957,0.5510000261710957,0,,,,,,unknown_from_static_bytecode,unknown,True,False,high,MoveVM transition is gated by decoded direction predicate; packed move id resolves through this character's FLuxMoveBank buckets; predicate maps to one primary direction; cell references are classified later by route trust; destination has a concrete motion id; local MOT section is non-empty,MoveVM transition is gated by decoded direction predicate; packed move id resolves through this character's FLuxMoveBank buckets; predicate maps to one primary direction; cell references are classified later by route trust; destination has a concrete motion id; local MOT section is non-empty; decoded with confirmed channel stream DAT_143e83c00; direct movement predicate; same-bank route; root motion decoded; source is neutral-like; no active offensive cells on destination slot
00d,Xianghua,sidestep_down_candidate,trusted_basic,rankable_static_distance,65.112,B,0.00800000037997961,0.034000001614913344,0.05600000265985727,0.05300000251736492,0.05600000265985727,0.05600000265985727,5,,,,,,unknown_from_static_bytecode,unknown,True,False,high,MoveVM transition is gated by decoded direction predicate; packed move id resolves through this character's FLuxMoveBank buckets; predicate maps to one primary direction; cell references are classified later by route trust; destination has a concrete motion id; local MOT section is non-empty,MoveVM transition is gated by decoded direction predicate; packed move id resolves through this character's FLuxMoveBank buckets; predicate maps to one primary direction; cell references are classified later by route trust; destination has a concrete motion id; local MOT section is non-empty; decoded with confirmed channel stream DAT_143e83c00; direct movement predicate; same-bank route; root motion decoded; source is neutral-like; no active offensive cells on destination slot
00d,Xianghua,sidestep_up_candidate,trusted_basic,rankable_static_distance,68.667,A,0.020000000949949026,0.06100000289734453,0.11600000550970435,0.17400000826455653,0.24800001177936792,0.24800001177936792,3,,,,,,unknown_from_static_bytecode,unknown,True,False,high,MoveVM transition is gated by decoded direction predicate; packed move id resolves through this character's FLuxMoveBank buckets; predicate maps to one primary direction; cell references are classified later by route trust; destination has a concrete motion id; local MOT section is non-empty,MoveVM transition is gated by decoded direction predicate; packed move id resolves through this character's FLuxMoveBank buckets; predicate maps to one primary direction; cell references are classified later by route trust; destination has a concrete motion id; local MOT section is non-empty; decoded with confirmed channel stream DAT_143e83c00; direct movement predicate; same-bank route; root motion decoded; source is neutral-like; no active offensive cells on destination slot
00f,Yoshimitsu,back_diagonal,unresolved,unranked,,Unranked,0.049000002327375114,0.049000002327375114,0.049000002327375114,0.049000002327375114,,,0,,,,,,unknown_from_static_bytecode,unknown,False,True,high,MoveVM transition is gated by decoded direction predicate; packed move id resolves through this character's FLuxMoveBank buckets; predicate maps to diagonal movement; cell references are classified later by route trust; destination has a concrete motion id; local MOT section is non-empty,MoveVM transition is gated by decoded direction predicate; packed move id resolves through this character's FLuxMoveBank buckets; predicate maps to diagonal movement; cell references are classified later by route trust; destination has a concrete motion id; local MOT section is non-empty; decoded with confirmed channel stream DAT_143e83c00; offensive cells exist and no static return/recovery frame is known; unranked unless route is trusted basic movement and root motion is decoded with high confidence
00f,Yoshimitsu,backstep_candidate,unresolved,unranked,,Unranked,0.06800000322982669,0.20800000987946987,0.4130000196164474,0.5410000256961212,,,0,,,,,,unknown_from_static_bytecode,unknown,False,True,high,MoveVM transition is gated by decoded direction predicate; packed move id resolves through this character's FLuxMoveBank buckets; predicate maps to one primary direction; cell references are classified later by route trust; destination has a concrete motion id; local MOT section is non-empty,MoveVM transition is gated by decoded direction predicate; packed move id resolves through this character's FLuxMoveBank buckets; predicate maps to one primary direction; cell references are classified later by route trust; destination has a concrete motion id; local MOT section is non-empty; decoded with confirmed channel stream DAT_143e83c00; offensive cells exist and no static return/recovery frame is known; unranked unless route is trusted basic movement and root motion is decoded with high confidence
00f,Yoshimitsu,eight_way_or_ambiguous,trusted_basic,rankable_static_distance,65.652,A,0.3351790725451137,0.5982215592869682,0.8308694636217909,0.9950724064413654,1.059000050299801,1.059000050299801,0,,,,,,unknown_from_static_bytecode,unknown,True,False,high,MoveVM transition is gated by decoded direction predicate; packed move id resolves through this character's FLuxMoveBank buckets; predicate is directional but ambiguous; cell references are classified later by route trust; destination has a concrete motion id; local MOT section is non-empty,MoveVM transition is gated by decoded direction predicate; packed move id resolves through this character's FLuxMoveBank buckets; predicate is directional but ambiguous; cell references are classified later by route trust; destination has a concrete motion id; local MOT section is non-empty; decoded with confirmed channel stream DAT_143e83c00; direct movement predicate; same-bank route; root motion decoded; source is neutral-like; no active offensive cells on destination slot
00f,Yoshimitsu,forward_diagonal,trusted_basic,rankable_static_distance,37.815,B,0.13600000645965338,0.2810000133467838,0.4230000200914219,0.5440000258386135,0.6600000313483179,0.6600000313483179,0,,,,,,unknown_from_static_bytecode,unknown,True,False,high,MoveVM transition is gated by decoded direction predicate; packed move id resolves through this character's FLuxMoveBank buckets; predicate maps to diagonal movement; cell references are classified later by route trust; destination has a concrete motion id; local MOT section is non-empty,MoveVM transition is gated by decoded direction predicate; packed move id resolves through this character's FLuxMoveBank buckets; predicate maps to diagonal movement; cell references are classified later by route trust; destination has a concrete motion id; local MOT section is non-empty; decoded with confirmed channel stream DAT_143e83c00; direct movement predicate; same-bank route; root motion decoded; source is neutral-like; no active offensive cells on destination slot
00f,Yoshimitsu,forward_step_candidate,trusted_basic,rankable_static_distance,68.167,A,0.1540000073146075,0.2790000132517889,0.40800001937896013,0.5330000253161415,1.0200000484474003,1.0200000484474003,0,,,,,,unknown_from_static_bytecode,unknown,True,True,high,MoveVM transition is gated by decoded direction predicate; packed move id resolves through this character's FLuxMoveBank buckets; predicate maps to one primary direction; cell references are classified later by route trust; destination has a concrete motion id; local MOT section is non-empty,MoveVM transition is gated by decoded direction predicate; packed move id resolves through this character's FLuxMoveBank buckets; predicate maps to one primary direction; cell references are classified later by route trust; destination has a concrete motion id; local MOT section is non-empty; decoded with confirmed channel stream DAT_143e83c00; direct movement predicate; same-bank route; root motion decoded; source is neutral-like; no active offensive cells on destination slot
00f,Yoshimitsu,sidestep_down_candidate,trusted_basic,rankable_static_distance,59.404,B,0.004000000189989805,0.013000000617466867,0.02400000113993883,0.0370000017574057,0.09900000470224768,0.09900000470224768,7,,,,,,unknown_from_static_bytecode,unknown,True,False,high,MoveVM transition is gated by decoded direction predicate; packed move id resolves through this character's FLuxMoveBank buckets; predicate maps to one primary direction; cell references are classified later by route trust; destination has a concrete motion id; local MOT section is non-empty,MoveVM transition is gated by decoded direction predicate; packed move id resolves through this character's FLuxMoveBank buckets; predicate maps to one primary direction; cell references are classified later by route trust; destination has a concrete motion id; local MOT section is non-empty; decoded with confirmed channel stream DAT_143e83c00; direct movement predicate; same-bank route; root motion decoded; source is neutral-like; no active offensive cells on destination slot
00f,Yoshimitsu,sidestep_up_candidate,unresolved,unranked,,Unranked,0.0,0.0,0.0,0.0,,,,,,,,,unknown_from_static_bytecode,unresolved_static_data,False,True,high,MoveVM transition is gated by decoded direction predicate; packed move id resolves through this character's FLuxMoveBank buckets; predicate maps to one primary direction; cell references are classified later by route trust; destination has a concrete motion id; local MOT section is non-empty,MoveVM transition is gated by decoded direction predicate; packed move id resolves through this character's FLuxMoveBank buckets; predicate maps to one primary direction; cell references are classified later by route trust; destination has a concrete motion id; local MOT section is non-empty; decoded with confirmed channel stream DAT_143e83c00; offensive cells exist and no static return/recovery frame is known; unranked unless route is trusted basic movement and root motion is decoded with high confidence
011,Nightmare,back_diagonal,unresolved,unknown_no_static_route,,Unranked,,,,,,,,,,,,,unknown_from_static_bytecode,unknown,False,False,unknown,no direction-gated route found for this movement type,no direction-gated route found for this movement type
011,Nightmare,backstep_candidate,trusted_basic,rankable_static_distance,59.124,B,0.026000001234933734,0.10400000493973494,0.23100001097191125,0.39900001895148307,0.8190000389004126,0.8190000389004126,3,,,,,,unknown_from_static_bytecode,unknown,True,False,high,MoveVM transition is gated by decoded direction predicate; packed move id resolves through this character's FLuxMoveBank buckets; predicate maps to one primary direction; cell references are classified later by route trust; destination has a concrete motion id; local MOT section is non-empty,MoveVM transition is gated by decoded direction predicate; packed move id resolves through this character's FLuxMoveBank buckets; predicate maps to one primary direction; cell references are classified later by route trust; destination has a concrete motion id; local MOT section is non-empty; decoded with confirmed channel stream DAT_143e83c00; direct movement predicate; same-bank route; root motion decoded; source is neutral-like; no active offensive cells on destination slot
011,Nightmare,eight_way_or_ambiguous,trusted_basic,rankable_static_distance,33.522,C,0.13852076314676523,0.2862516511461244,0.4110109682812483,0.5031202878497947,0.5612210169981611,0.5612210169981611,0,,,,,,unknown_from_static_bytecode,unknown,True,False,high,MoveVM transition is gated by decoded direction predicate; packed move id resolves through this character's FLuxMoveBank buckets; predicate is directional but ambiguous; cell references are classified later by route trust; destination has a concrete motion id; local MOT section is non-empty,MoveVM transition is gated by decoded direction predicate; packed move id resolves through this character's FLuxMoveBank buckets; predicate is directional but ambiguous; cell references are classified later by route trust; destination has a concrete motion id; local MOT section is non-empty; decoded with confirmed channel stream DAT_143e83c00; direct movement predicate; same-bank route; root motion decoded; source is neutral-like; no active offensive cells on destination slot
011,Nightmare,forward_diagonal,unresolved,unknown_no_static_route,,Unranked,,,,,,,,,,,,,unknown_from_static_bytecode,unknown,False,False,unknown,no direction-gated route found for this movement type,no direction-gated route found for this movement type
011,Nightmare,forward_step_candidate,trusted_basic,rankable_static_distance,75.0,S,0.6590000313008204,0.658000031253323,0.6250000296859071,0.5570000264560804,0.6590000313008204,0.6590000313008204,0,,,,,,unknown_from_static_bytecode,unknown,True,False,high,MoveVM transition is gated by decoded direction predicate; packed move id resolves through this character's FLuxMoveBank buckets; predicate maps to one primary direction; cell references are classified later by route trust; destination has a concrete motion id; local MOT section is non-empty,MoveVM transition is gated by decoded direction predicate; packed move id resolves through this character's FLuxMoveBank buckets; predicate maps to one primary direction; cell references are classified later by route trust; destination has a concrete motion id; local MOT section is non-empty; decoded with confirmed channel stream DAT_143e83c00; direct movement predicate; same-bank route; root motion decoded; source is neutral-like; no active offensive cells on destination slot
011,Nightmare,sidestep_down_candidate,trusted_basic,rankable_static_distance,80.965,S,0.04000000189989805,0.09900000470224768,0.13700000650715083,0.13800000655464828,0.13900000660214573,0.13900000660214573,2,,,,,,unknown_from_static_bytecode,unknown,True,False,high,MoveVM transition is gated by decoded direction predicate; packed move id resolves through this character's FLuxMoveBank buckets; predicate maps to one primary direction; cell references are classified later by route trust; destination has a concrete motion id; local MOT section is non-empty,MoveVM transition is gated by decoded direction predicate; packed move id resolves through this character's FLuxMoveBank buckets; predicate maps to one primary direction; cell references are classified later by route trust; destination has a concrete motion id; local MOT section is non-empty; decoded with confirmed channel stream DAT_143e83c00; direct movement predicate; same-bank route; root motion decoded; source is neutral-like; no active offensive cells on destination slot
011,Nightmare,sidestep_up_candidate,unresolved,unranked,,Unranked,0.0,0.0,0.0,0.0,,,,,,,,,unknown_from_static_bytecode,unknown,False,True,high,MoveVM transition is gated by decoded direction predicate; packed move id resolves through this character's FLuxMoveBank buckets; predicate maps to one primary direction; cell references are classified later by route trust; destination has a concrete motion id; local MOT section is non-empty,MoveVM transition is gated by decoded direction predicate; packed move id resolves through this character's FLuxMoveBank buckets; predicate maps to one primary direction; cell references are classified later by route trust; destination has a concrete motion id; local MOT section is non-empty; decoded with confirmed channel stream DAT_143e83c00; offensive cells exist and no static return/recovery frame is known; unranked unless route is trusted basic movement and root motion is decoded with high confidence
012,Astaroth,back_diagonal,trusted_basic,rankable_static_distance,88.0,A,0.7043436995721424,0.9320434981923048,1.0340019833466243,1.0770297629097465,1.1430158022133456,1.1430158022133456,0,,,,,,unknown_from_static_bytecode,unknown,True,True,high,MoveVM transition is gated by decoded direction predicate; packed move id resolves through this character's FLuxMoveBank buckets; predicate maps to diagonal movement; cell references are classified later by route trust; destination has a concrete motion id; local MOT section is non-empty,MoveVM transition is gated by decoded direction predicate; packed move id resolves through this character's FLuxMoveBank buckets; predicate maps to diagonal movement; cell references are classified later by route trust; destination has a concrete motion id; local MOT section is non-empty; decoded with confirmed channel stream DAT_143e83c00; direct movement predicate; same-bank route; root motion decoded; source is neutral-like; no active offensive cells on destination slot
012,Astaroth,backstep_candidate,unresolved,unranked,,Unranked,0.0010000000474974513,0.007000000332482159,0.03800000180490315,0.10700000508222729,,,9,,,,,,unknown_from_static_bytecode,unknown,False,True,high,MoveVM transition is gated by decoded direction predicate; packed move id resolves through this character's FLuxMoveBank buckets; predicate maps to one primary direction; cell references are classified later by route trust; destination has a concrete motion id; local MOT section is non-empty,MoveVM transition is gated by decoded direction predicate; packed move id resolves through this character's FLuxMoveBank buckets; predicate maps to one primary direction; cell references are classified later by route trust; destination has a concrete motion id; local MOT section is non-empty; decoded with confirmed channel stream DAT_143e83c00; offensive cells exist and no static return/recovery frame is known; unranked unless route is trusted basic movement and root motion is decoded with high confidence
012,Astaroth,eight_way_or_ambiguous,trusted_basic,rankable_static_distance,20.035,C,0.03800000180490315,0.07700000365730375,0.12600000598467886,0.1870000088820234,0.3330000158166513,0.3330000158166513,1,,,,,,unknown_from_static_bytecode,unknown,True,False,high,MoveVM transition is gated by decoded direction predicate; packed move id resolves through this character's FLuxMoveBank buckets; predicate is directional but ambiguous; cell references are classified later by route trust; destination has a concrete motion id; local MOT section is non-empty,MoveVM transition is gated by decoded direction predicate; packed move id resolves through this character's FLuxMoveBank buckets; predicate is directional but ambiguous; cell references are classified later by route trust; destination has a concrete motion id; local MOT section is non-empty; decoded with confirmed channel stream DAT_143e83c00; direct movement predicate; same-bank route; root motion decoded; source is neutral-like; no active offensive cells on destination slot
012,Astaroth,forward_diagonal,unresolved,unranked,,Unranked,0.09900000470224768,0.35000001662410796,0.7720000366680324,1.405000066733919,,,1,,,,,,unknown_from_static_bytecode,unknown,False,True,high,MoveVM transition is gated by decoded direction predicate; packed move id resolves through this character's FLuxMoveBank buckets; predicate maps to diagonal movement; cell references are classified later by route trust; destination has a concrete motion id; local MOT section is non-empty,MoveVM transition is gated by decoded direction predicate; packed move id resolves through this character's FLuxMoveBank buckets; predicate maps to diagonal movement; cell references are classified later by route trust; destination has a concrete motion id; local MOT section is non-empty; decoded with confirmed channel stream DAT_143e83c00; offensive cells exist and no static return/recovery frame is known; unranked unless route is trusted basic movement and root motion is decoded with high confidence
012,Astaroth,forward_step_candidate,unresolved,unranked,,Unranked,0.0800000037997961,0.21600001025944948,0.4170000198064372,0.6190000294009224,,,1,,,,,,unknown_from_static_bytecode,unknown,False,True,high,MoveVM transition is gated by decoded direction predicate; packed move id resolves through this character's FLuxMoveBank buckets; predicate maps to one primary direction; cell references are classified later by route trust; destination has a concrete motion id; local MOT section is non-empty,MoveVM transition is gated by decoded direction predicate; packed move id resolves through this character's FLuxMoveBank buckets; predicate maps to one primary direction; cell references are classified later by route trust; destination has a concrete motion id; local MOT section is non-empty; decoded with confirmed channel stream DAT_143e83c00; offensive cells exist and no static return/recovery frame is known; unranked unless route is trusted basic movement and root motion is decoded with high confidence
012,Astaroth,sidestep_down_candidate,trusted_basic,rankable_static_distance,36.0,C,0.0,0.003000000142492354,0.007000000332482159,0.012000000569969416,0.06900000327732414,0.06900000327732414,15,,,,,,unknown_from_static_bytecode,unknown,True,False,high,MoveVM transition is gated by decoded direction predicate; packed move id resolves through this character's FLuxMoveBank buckets; predicate maps to one primary direction; cell references are classified later by route trust; destination has a concrete motion id; local MOT section is non-empty,MoveVM transition is gated by decoded direction predicate; packed move id resolves through this character's FLuxMoveBank buckets; predicate maps to one primary direction; cell references are classified later by route trust; destination has a concrete motion id; local MOT section is non-empty; decoded with confirmed channel stream DAT_143e83c00; direct movement predicate; same-bank route; root motion decoded; source is neutral-like; no active offensive cells on destination slot
012,Astaroth,sidestep_up_candidate,unresolved,unranked,,Unranked,0.02300000109244138,0.058000002754852176,0.08500000403728336,0.08900000422727317,,,3,,,,,,unknown_from_static_bytecode,unknown,False,True,high,MoveVM transition is gated by decoded direction predicate; packed move id resolves through this character's FLuxMoveBank buckets; predicate maps to one primary direction; cell references are classified later by route trust; destination has a concrete motion id; local MOT section is non-empty,MoveVM transition is gated by decoded direction predicate; packed move id resolves through this character's FLuxMoveBank buckets; predicate maps to one primary direction; cell references are classified later by route trust; destination has a concrete motion id; local MOT section is non-empty; decoded with confirmed channel stream DAT_143e83c00; offensive cells exist and no static return/recovery frame is known; unranked unless route is trusted basic movement and root motion is decoded with high confidence
014,Cervantes,back_diagonal,unresolved,unknown_no_static_route,,Unranked,,,,,,,,,,,,,unknown_from_static_bytecode,unknown,False,False,unknown,no direction-gated route found for this movement type,no direction-gated route found for this movement type
014,Cervantes,backstep_candidate,trusted_basic,rankable_static_distance,35.328,C,0.018000000854954123,0.04000000189989805,0.04800000227987766,0.042000001994892955,0.08900000422727317,0.08900000422727317,3,,,,,,unknown_from_static_bytecode,unknown,True,False,high,MoveVM transition is gated by decoded direction predicate; packed move id resolves through this character's FLuxMoveBank buckets; predicate maps to one primary direction; cell references are classified later by route trust; destination has a concrete motion id; local MOT section is non-empty,MoveVM transition is gated by decoded direction predicate; packed move id resolves through this character's FLuxMoveBank buckets; predicate maps to one primary direction; cell references are classified later by route trust; destination has a concrete motion id; local MOT section is non-empty; decoded with confirmed channel stream DAT_143e83c00; direct movement predicate; same-bank route; root motion decoded; source is neutral-like; no active offensive cells on destination slot
014,Cervantes,eight_way_or_ambiguous,trusted_basic,rankable_static_distance,67.812,A,0.26132356665100465,0.6310959022484306,0.9230195452601934,1.0400019724725857,1.0730000509647653,1.0730000509647653,0,,,,,,unknown_from_static_bytecode,unknown,True,False,high,MoveVM transition is gated by decoded direction predicate; packed move id resolves through this character's FLuxMoveBank buckets; predicate is directional but ambiguous; cell references are classified later by route trust; destination has a concrete motion id; local MOT section is non-empty,MoveVM transition is gated by decoded direction predicate; packed move id resolves through this character's FLuxMoveBank buckets; predicate is directional but ambiguous; cell references are classified later by route trust; destination has a concrete motion id; local MOT section is non-empty; decoded with confirmed channel stream DAT_143e83c00; direct movement predicate; same-bank route; root motion decoded; source is neutral-like; no active offensive cells on destination slot
014,Cervantes,forward_diagonal,trusted_basic,rankable_static_distance,30.593,C,0.2925816264428507,0.24247062829328514,0.2314000974213217,0.22192342075251784,0.2925816264428507,0.2925816264428507,1,,,,,,unknown_from_static_bytecode,unknown,True,False,high,MoveVM transition is gated by decoded direction predicate; packed move id resolves through this character's FLuxMoveBank buckets; predicate maps to diagonal movement; cell references are classified later by route trust; destination has a concrete motion id; local MOT section is non-empty,MoveVM transition is gated by decoded direction predicate; packed move id resolves through this character's FLuxMoveBank buckets; predicate maps to diagonal movement; cell references are classified later by route trust; destination has a concrete motion id; local MOT section is non-empty; decoded with confirmed channel stream DAT_143e83c00; direct movement predicate; same-bank route; root motion decoded; source is neutral-like; no active offensive cells on destination slot
014,Cervantes,forward_step_candidate,unresolved,unranked,,Unranked,0.14900000707712024,0.3330000158166513,0.5810000275960192,0.698000033153221,,,0,,,,,,unknown_from_static_bytecode,unknown,False,True,high,MoveVM transition is gated by decoded direction predicate; packed move id resolves through this character's FLuxMoveBank buckets; predicate maps to one primary direction; cell references are classified later by route trust; destination has a concrete motion id; local MOT section is non-empty,MoveVM transition is gated by decoded direction predicate; packed move id resolves through this character's FLuxMoveBank buckets; predicate maps to one primary direction; cell references are classified later by route trust; destination has a concrete motion id; local MOT section is non-empty; decoded with confirmed channel stream DAT_143e83c00; offensive cells exist and no static return/recovery frame is known; unranked unless route is trusted basic movement and root motion is decoded with high confidence
014,Cervantes,sidestep_down_candidate,measured_but_not_basic,unranked,,Unranked,0.0,0.0,0.0,0.0,,,,,,,,,unknown_from_static_bytecode,unknown,False,False,high,MoveVM transition is gated by decoded direction predicate; packed move id resolves through this character's FLuxMoveBank buckets; predicate maps to one primary direction; cell references are classified later by route trust; destination has a concrete motion id; local MOT section is non-empty,MoveVM transition is gated by decoded direction predicate; packed move id resolves through this character's FLuxMoveBank buckets; predicate maps to one primary direction; cell references are classified later by route trust; destination has a concrete motion id; local MOT section is non-empty; decoded with confirmed channel stream DAT_143e83c00; source is not proven neutral or stance-root basic movement; unranked unless route is trusted basic movement and root motion is decoded with high confidence
014,Cervantes,sidestep_up_candidate,unresolved,unranked,,Unranked,0.02400000113993883,0.04800000227987766,0.03600000170990825,0.00800000037997961,,,2,,,,,,unknown_from_static_bytecode,unknown,False,True,high,MoveVM transition is gated by decoded direction predicate; packed move id resolves through this character's FLuxMoveBank buckets; predicate maps to one primary direction; cell references are classified later by route trust; destination has a concrete motion id; local MOT section is non-empty,MoveVM transition is gated by decoded direction predicate; packed move id resolves through this character's FLuxMoveBank buckets; predicate maps to one primary direction; cell references are classified later by route trust; destination has a concrete motion id; local MOT section is non-empty; decoded with confirmed channel stream DAT_143e83c00; offensive cells exist and no static return/recovery frame is known; unranked unless route is trusted basic movement and root motion is decoded with high confidence
015,Raphael,back_diagonal,unresolved,unknown_no_static_route,,Unranked,,,,,,,,,,,,,unknown_from_static_bytecode,unknown,False,False,unknown,no direction-gated route found for this movement type,no direction-gated route found for this movement type
015,Raphael,backstep_candidate,unresolved,unranked,,Unranked,0.08300000394228846,0.22500001068692654,0.3290000156266615,0.39300001866649836,,,1,,,,,,unknown_from_static_bytecode,unknown,False,True,high,MoveVM transition is gated by decoded direction predicate; packed move id resolves through this character's FLuxMoveBank buckets; predicate maps to one primary direction; cell references are classified later by route trust; destination has a concrete motion id; local MOT section is non-empty,MoveVM transition is gated by decoded direction predicate; packed move id resolves through this character's FLuxMoveBank buckets; predicate maps to one primary direction; cell references are classified later by route trust; destination has a concrete motion id; local MOT section is non-empty; decoded with confirmed channel stream DAT_143e83c00; offensive cells exist and no static return/recovery frame is known; unranked unless route is trusted basic movement and root motion is decoded with high confidence
015,Raphael,eight_way_or_ambiguous,trusted_basic,rankable_static_distance,57.504,B,0.34677083415872406,0.5990993524412885,0.7827963069726555,0.8990506530689034,0.9604103745910705,0.9604103745910705,0,,,,,,unknown_from_static_bytecode,unknown,True,False,high,MoveVM transition is gated by decoded direction predicate; packed move id resolves through this character's FLuxMoveBank buckets; predicate is directional but ambiguous; cell references are classified later by route trust; destination has a concrete motion id; local MOT section is non-empty,MoveVM transition is gated by decoded direction predicate; packed move id resolves through this character's FLuxMoveBank buckets; predicate is directional but ambiguous; cell references are classified later by route trust; destination has a concrete motion id; local MOT section is non-empty; decoded with confirmed channel stream DAT_143e83c00; direct movement predicate; same-bank route; root motion decoded; source is neutral-like; no active offensive cells on destination slot
015,Raphael,forward_diagonal,trusted_basic,rankable_static_distance,34.481,C,0.04785394672896199,0.1225765125433843,0.21396496056355055,0.30809902469399564,2.6170375714936114,2.6170375714936114,2,,,,,,unknown_from_static_bytecode,unknown,True,False,high,MoveVM transition is gated by decoded direction predicate; packed move id resolves through this character's FLuxMoveBank buckets; predicate maps to diagonal movement; cell references are classified later by route trust; destination has a concrete motion id; local MOT section is non-empty,MoveVM transition is gated by decoded direction predicate; packed move id resolves through this character's FLuxMoveBank buckets; predicate maps to diagonal movement; cell references are classified later by route trust; destination has a concrete motion id; local MOT section is non-empty; decoded with confirmed channel stream DAT_143e83c00; direct movement predicate; same-bank route; root motion decoded; source is neutral-like; no active offensive cells on destination slot
015,Raphael,forward_step_candidate,trusted_basic,rankable_static_distance,65.333,B,0.04700000223238021,0.12000000569969416,0.21000000997446477,0.30700001458171755,2.61700012430083,2.61700012430083,2,,,,,,unknown_from_static_bytecode,unknown,True,False,high,MoveVM transition is gated by decoded direction predicate; packed move id resolves through this character's FLuxMoveBank buckets; predicate maps to one primary direction; cell references are classified later by route trust; destination has a concrete motion id; local MOT section is non-empty,MoveVM transition is gated by decoded direction predicate; packed move id resolves through this character's FLuxMoveBank buckets; predicate maps to one primary direction; cell references are classified later by route trust; destination has a concrete motion id; local MOT section is non-empty; decoded with confirmed channel stream DAT_143e83c00; direct movement predicate; same-bank route; root motion decoded; source is neutral-like; no active offensive cells on destination slot
015,Raphael,sidestep_down_candidate,trusted_basic,rankable_static_distance,19.767,C,0.0,0.0,0.0,0.0,0.0,0.0,,,,,,,unknown_from_static_bytecode,unknown,True,False,high,MoveVM transition is gated by decoded direction predicate; packed move id resolves through this character's FLuxMoveBank buckets; predicate maps to one primary direction; cell references are classified later by route trust; destination has a concrete motion id; local MOT section is non-empty,MoveVM transition is gated by decoded direction predicate; packed move id resolves through this character's FLuxMoveBank buckets; predicate maps to one primary direction; cell references are classified later by route trust; destination has a concrete motion id; local MOT section is non-empty; decoded with confirmed channel stream DAT_143e83c00; direct movement predicate; same-bank route; root motion decoded; source is neutral-like; no active offensive cells on destination slot
015,Raphael,sidestep_up_candidate,trusted_basic,rankable_static_distance,29.429,C,0.0,0.0,0.0,0.0,0.058000002754852176,0.058000002754852176,30,,,,,,unknown_from_static_bytecode,unknown,True,False,high,MoveVM transition is gated by decoded direction predicate; packed move id resolves through this character's FLuxMoveBank buckets; predicate maps to one primary direction; cell references are classified later by route trust; destination has a concrete motion id; local MOT section is non-empty,MoveVM transition is gated by decoded direction predicate; packed move id resolves through this character's FLuxMoveBank buckets; predicate maps to one primary direction; cell references are classified later by route trust; destination has a concrete motion id; local MOT section is non-empty; decoded with confirmed channel stream DAT_143e83c00; direct movement predicate; same-bank route; root motion decoded; source is neutral-like; no active offensive cells on destination slot
016,Talim,back_diagonal,measured_but_not_basic,unranked,,Unranked,0.050010001375547446,0.13829317342796626,0.2635906041577468,0.3851882839526587,,,2,,,,,,unknown_from_static_bytecode,unknown,False,True,high,MoveVM transition is gated by decoded direction predicate; packed move id resolves through this character's FLuxMoveBank buckets; predicate maps to diagonal movement; cell references are classified later by route trust; destination has a concrete motion id; local MOT section is non-empty,MoveVM transition is gated by decoded direction predicate; packed move id resolves through this character's FLuxMoveBank buckets; predicate maps to diagonal movement; cell references are classified later by route trust; destination has a concrete motion id; local MOT section is non-empty; decoded with confirmed channel stream DAT_143e83c00; source is not proven neutral or stance-root basic movement; unranked unless route is trusted basic movement and root motion is decoded with high confidence
016,Talim,backstep_candidate,unresolved,unranked,,Unranked,0.05200000246986747,0.12700000603217632,0.3570000169565901,0.740000035148114,,,0,,,,,,unknown_from_static_bytecode,unknown,False,True,high,MoveVM transition is gated by decoded direction predicate; packed move id resolves through this character's FLuxMoveBank buckets; predicate maps to one primary direction; cell references are classified later by route trust; destination has a concrete motion id; local MOT section is non-empty,MoveVM transition is gated by decoded direction predicate; packed move id resolves through this character's FLuxMoveBank buckets; predicate maps to one primary direction; cell references are classified later by route trust; destination has a concrete motion id; local MOT section is non-empty; decoded with confirmed channel stream DAT_143e83c00; offensive cells exist and no static return/recovery frame is known; unranked unless route is trusted basic movement and root motion is decoded with high confidence
016,Talim,eight_way_or_ambiguous,trusted_basic,rankable_static_distance,81.948,S,0.627544450545245,0.9363354544629361,1.1430039912908674,1.237740742454729,1.2488895660409403,1.2488895660409403,0,,,,,,unknown_from_static_bytecode,unknown,True,False,high,MoveVM transition is gated by decoded direction predicate; packed move id resolves through this character's FLuxMoveBank buckets; predicate is directional but ambiguous; cell references are classified later by route trust; destination has a concrete motion id; local MOT section is non-empty,MoveVM transition is gated by decoded direction predicate; packed move id resolves through this character's FLuxMoveBank buckets; predicate is directional but ambiguous; cell references are classified later by route trust; destination has a concrete motion id; local MOT section is non-empty; decoded with confirmed channel stream DAT_143e83c00; direct movement predicate; same-bank route; root motion decoded; source is neutral-like; no active offensive cells on destination slot
016,Talim,forward_diagonal,trusted_basic,rankable_static_distance,45.963,B,0.11512168022995266,0.37903563638229054,0.5827950173646129,0.7659882869451207,1.9430011216234024,1.9430011216234024,1,,,,,,unknown_from_static_bytecode,unknown,True,False,high,MoveVM transition is gated by decoded direction predicate; packed move id resolves through this character's FLuxMoveBank buckets; predicate maps to diagonal movement; cell references are classified later by route trust; destination has a concrete motion id; local MOT section is non-empty,MoveVM transition is gated by decoded direction predicate; packed move id resolves through this character's FLuxMoveBank buckets; predicate maps to diagonal movement; cell references are classified later by route trust; destination has a concrete motion id; local MOT section is non-empty; decoded with confirmed channel stream DAT_143e83c00; direct movement predicate; same-bank route; root motion decoded; source is neutral-like; no active offensive cells on destination slot
016,Talim,forward_step_candidate,unresolved,unranked,,Unranked,0.04800000227987766,0.26600001263432205,0.5210000247461721,0.7240000343881547,,,2,,,,,,unknown_from_static_bytecode,unknown,False,True,high,MoveVM transition is gated by decoded direction predicate; packed move id resolves through this character's FLuxMoveBank buckets; predicate maps to one primary direction; cell references are classified later by route trust; destination has a concrete motion id; local MOT section is non-empty,MoveVM transition is gated by decoded direction predicate; packed move id resolves through this character's FLuxMoveBank buckets; predicate maps to one primary direction; cell references are classified later by route trust; destination has a concrete motion id; local MOT section is non-empty; decoded with confirmed channel stream DAT_143e83c00; offensive cells exist and no static return/recovery frame is known; unranked unless route is trusted basic movement and root motion is decoded with high confidence
016,Talim,sidestep_down_candidate,trusted_basic,rankable_static_distance,45.825,B,0.003000000142492354,0.00800000037997961,0.01500000071246177,0.02200000104494393,0.04700000223238021,0.04700000223238021,9,,,,,,unknown_from_static_bytecode,unknown,True,False,high,MoveVM transition is gated by decoded direction predicate; packed move id resolves through this character's FLuxMoveBank buckets; predicate maps to one primary direction; cell references are classified later by route trust; destination has a concrete motion id; local MOT section is non-empty,MoveVM transition is gated by decoded direction predicate; packed move id resolves through this character's FLuxMoveBank buckets; predicate maps to one primary direction; cell references are classified later by route trust; destination has a concrete motion id; local MOT section is non-empty; decoded with confirmed channel stream DAT_143e83c00; direct movement predicate; same-bank route; root motion decoded; source is neutral-like; no active offensive cells on destination slot
016,Talim,sidestep_up_candidate,unresolved,unranked,,Unranked,0.04000000189989805,0.09500000451225787,0.12300000584218651,0.08600000408478081,,,2,,,,,,unknown_from_static_bytecode,unknown,False,True,high,MoveVM transition is gated by decoded direction predicate; packed move id resolves through this character's FLuxMoveBank buckets; predicate maps to one primary direction; cell references are classified later by route trust; destination has a concrete motion id; local MOT section is non-empty,MoveVM transition is gated by decoded direction predicate; packed move id resolves through this character's FLuxMoveBank buckets; predicate maps to one primary direction; cell references are classified later by route trust; destination has a concrete motion id; local MOT section is non-empty; decoded with confirmed channel stream DAT_143e83c00; offensive cells exist and no static return/recovery frame is known; unranked unless route is trusted basic movement and root motion is decoded with high confidence
017,Cassandra,back_diagonal,unresolved,unranked,,Unranked,0.3352879518848496,0.3791477464733274,0.40397155283819614,0.37448232711544677,,,0,,,,,,unknown_from_static_bytecode,unknown,False,True,high,MoveVM transition is gated by decoded direction predicate; packed move id resolves through this character's FLuxMoveBank buckets; predicate maps to diagonal movement; cell references are classified later by route trust; destination has a concrete motion id; local MOT section is non-empty,MoveVM transition is gated by decoded direction predicate; packed move id resolves through this character's FLuxMoveBank buckets; predicate maps to diagonal movement; cell references are classified later by route trust; destination has a concrete motion id; local MOT section is non-empty; decoded with confirmed channel stream DAT_143e83c00; cell index is outside this KHD bank; shared/common cell semantics are not resolved; unranked unless route is trusted basic movement and root motion is decoded with high confidence
017,Cassandra,backstep_candidate,unresolved,unranked,,Unranked,0.1830000086920336,0.35400001681409776,0.5480000260286033,0.8450000401353464,,,0,,,,,,unknown_from_static_bytecode,unknown,False,True,high,MoveVM transition is gated by decoded direction predicate; packed move id resolves through this character's FLuxMoveBank buckets; predicate maps to one primary direction; cell references are classified later by route trust; destination has a concrete motion id; local MOT section is non-empty,MoveVM transition is gated by decoded direction predicate; packed move id resolves through this character's FLuxMoveBank buckets; predicate maps to one primary direction; cell references are classified later by route trust; destination has a concrete motion id; local MOT section is non-empty; decoded with confirmed channel stream DAT_143e83c00; offensive cells exist and no static return/recovery frame is known; unranked unless route is trusted basic movement and root motion is decoded with high confidence
017,Cassandra,eight_way_or_ambiguous,trusted_basic,rankable_static_distance,14.204,D,0.0,0.0,0.0,0.0,0.0,0.0,,,,,,,unknown_from_static_bytecode,unknown,True,False,high,MoveVM transition is gated by decoded direction predicate; packed move id resolves through this character's FLuxMoveBank buckets; predicate is directional but ambiguous; cell references are classified later by route trust; destination has a concrete motion id; local MOT section is non-empty,MoveVM transition is gated by decoded direction predicate; packed move id resolves through this character's FLuxMoveBank buckets; predicate is directional but ambiguous; cell references are classified later by route trust; destination has a concrete motion id; local MOT section is non-empty; decoded with confirmed channel stream DAT_143e83c00; direct movement predicate; same-bank route; root motion decoded; source is neutral-like; no active offensive cells on destination slot
017,Cassandra,forward_diagonal,unresolved,unranked,,Unranked,0.0,0.0,0.0,0.0,,,,,,,,,unknown_from_static_bytecode,unknown,False,True,high,MoveVM transition is gated by decoded direction predicate; packed move id resolves through this character's FLuxMoveBank buckets; predicate maps to diagonal movement; cell references are classified later by route trust; destination has a concrete motion id; local MOT section is non-empty,MoveVM transition is gated by decoded direction predicate; packed move id resolves through this character's FLuxMoveBank buckets; predicate maps to diagonal movement; cell references are classified later by route trust; destination has a concrete motion id; local MOT section is non-empty; decoded with confirmed channel stream DAT_143e83c00; offensive cells exist and no static return/recovery frame is known; unranked unless route is trusted basic movement and root motion is decoded with high confidence
017,Cassandra,forward_step_candidate,unresolved,unranked,,Unranked,0.3450000163866207,0.6650000315858051,1.068000050727278,1.2980000616516918,,,0,,,,,,unknown_from_static_bytecode,unknown,False,True,high,MoveVM transition is gated by decoded direction predicate; packed move id resolves through this character's FLuxMoveBank buckets; predicate maps to one primary direction; cell references are classified later by route trust; destination has a concrete motion id; local MOT section is non-empty,MoveVM transition is gated by decoded direction predicate; packed move id resolves through this character's FLuxMoveBank buckets; predicate maps to one primary direction; cell references are classified later by route trust; destination has a concrete motion id; local MOT section is non-empty; decoded with confirmed channel stream DAT_143e83c00; offensive cells exist and no static return/recovery frame is known; unranked unless route is trusted basic movement and root motion is decoded with high confidence
017,Cassandra,sidestep_down_candidate,trusted_basic,rankable_static_distance,39.116,B,0.0020000000949949026,0.00800000037997961,0.01500000071246177,0.02200000104494393,0.04000000189989805,0.04000000189989805,10,,,,,,unknown_from_static_bytecode,unknown,True,False,high,MoveVM transition is gated by decoded direction predicate; packed move id resolves through this character's FLuxMoveBank buckets; predicate maps to one primary direction; cell references are classified later by route trust; destination has a concrete motion id; local MOT section is non-empty,MoveVM transition is gated by decoded direction predicate; packed move id resolves through this character's FLuxMoveBank buckets; predicate maps to one primary direction; cell references are classified later by route trust; destination has a concrete motion id; local MOT section is non-empty; decoded with confirmed channel stream DAT_143e83c00; direct movement predicate; same-bank route; root motion decoded; source is neutral-like; no active offensive cells on destination slot
017,Cassandra,sidestep_up_candidate,trusted_basic,rankable_static_distance,52.0,B,0.03100000147242099,0.028000001329928637,0.019000000902451575,0.003000000142492354,0.03100000147242099,0.03100000147242099,0,,,,,,unknown_from_static_bytecode,unknown,True,False,high,MoveVM transition is gated by decoded direction predicate; packed move id resolves through this character's FLuxMoveBank buckets; predicate maps to one primary direction; cell references are classified later by route trust; destination has a concrete motion id; local MOT section is non-empty,MoveVM transition is gated by decoded direction predicate; packed move id resolves through this character's FLuxMoveBank buckets; predicate maps to one primary direction; cell references are classified later by route trust; destination has a concrete motion id; local MOT section is non-empty; decoded with confirmed channel stream DAT_143e83c00; direct movement predicate; same-bank route; root motion decoded; source is neutral-like; no active offensive cells on destination slot
022,Setsuka,back_diagonal,trusted_basic,rankable_static_distance,16.333,D,0.06900724927401278,0.18600269698727145,0.30500165382665717,0.38000133383628965,0.3900013005732417,0.3900013005732417,1,,,,,,unknown_from_static_bytecode,unknown,True,True,high,MoveVM transition is gated by decoded direction predicate; packed move id resolves through this character's FLuxMoveBank buckets; predicate maps to diagonal movement; cell references are classified later by route trust; destination has a concrete motion id; local MOT section is non-empty,MoveVM transition is gated by decoded direction predicate; packed move id resolves through this character's FLuxMoveBank buckets; predicate maps to diagonal movement; cell references are classified later by route trust; destination has a concrete motion id; local MOT section is non-empty; decoded with confirmed channel stream DAT_143e83c00; direct movement predicate; same-bank route; root motion decoded; source is neutral-like; no active offensive cells on destination slot
022,Setsuka,backstep_candidate,unresolved,unranked,,Unranked,0.09600000455975533,0.17300000821705908,0.45900002180133015,0.9210000437451527,,,0,,,,,,unknown_from_static_bytecode,unknown,False,True,high,MoveVM transition is gated by decoded direction predicate; packed move id resolves through this character's FLuxMoveBank buckets; predicate maps to one primary direction; cell references are classified later by route trust; destination has a concrete motion id; local MOT section is non-empty,MoveVM transition is gated by decoded direction predicate; packed move id resolves through this character's FLuxMoveBank buckets; predicate maps to one primary direction; cell references are classified later by route trust; destination has a concrete motion id; local MOT section is non-empty; decoded with confirmed channel stream DAT_143e83c00; offensive cells exist and no static return/recovery frame is known; unranked unless route is trusted basic movement and root motion is decoded with high confidence
022,Setsuka,eight_way_or_ambiguous,trusted_basic,rankable_static_distance,70.96,A,0.47215465811237545,0.7312216153754966,0.9230049192337868,1.0170020148714383,1.0400019724725857,1.0400019724725857,0,,,,,,unknown_from_static_bytecode,unknown,True,False,high,MoveVM transition is gated by decoded direction predicate; packed move id resolves through this character's FLuxMoveBank buckets; predicate is directional but ambiguous; cell references are classified later by route trust; destination has a concrete motion id; local MOT section is non-empty,MoveVM transition is gated by decoded direction predicate; packed move id resolves through this character's FLuxMoveBank buckets; predicate is directional but ambiguous; cell references are classified later by route trust; destination has a concrete motion id; local MOT section is non-empty; decoded with confirmed channel stream DAT_143e83c00; direct movement predicate; same-bank route; root motion decoded; source is neutral-like; no active offensive cells on destination slot
022,Setsuka,forward_diagonal,trusted_basic,rankable_static_distance,85.222,S,0.488937647056843,0.9435698620538088,1.2775653232019561,1.627000384592414,3.0320001440122724,3.0320001440122724,0,,,,,,unknown_from_static_bytecode,unknown,True,False,high,MoveVM transition is gated by decoded direction predicate; packed move id resolves through this character's FLuxMoveBank buckets; predicate maps to diagonal movement; cell references are classified later by route trust; destination has a concrete motion id; local MOT section is non-empty,MoveVM transition is gated by decoded direction predicate; packed move id resolves through this character's FLuxMoveBank buckets; predicate maps to diagonal movement; cell references are classified later by route trust; destination has a concrete motion id; local MOT section is non-empty; decoded with confirmed channel stream DAT_143e83c00; direct movement predicate; same-bank route; root motion decoded; source is neutral-like; no active offensive cells on destination slot
022,Setsuka,forward_step_candidate,unresolved,unranked,,Unranked,0.04000000189989805,0.10000000474974513,0.3410000161966309,0.6990000332007185,,,1,,,,,,unknown_from_static_bytecode,unknown,False,True,high,MoveVM transition is gated by decoded direction predicate; packed move id resolves through this character's FLuxMoveBank buckets; predicate maps to one primary direction; cell references are classified later by route trust; destination has a concrete motion id; local MOT section is non-empty,MoveVM transition is gated by decoded direction predicate; packed move id resolves through this character's FLuxMoveBank buckets; predicate maps to one primary direction; cell references are classified later by route trust; destination has a concrete motion id; local MOT section is non-empty; decoded with confirmed channel stream DAT_143e83c00; offensive cells exist and no static return/recovery frame is known; unranked unless route is trusted basic movement and root motion is decoded with high confidence
022,Setsuka,sidestep_down_candidate,measured_but_not_basic,unranked,,Unranked,0.004000000189989805,0.009000000427477062,0.017000000807456672,0.025000001187436283,,,9,,,,,,unknown_from_static_bytecode,unknown,False,False,high,MoveVM transition is gated by decoded direction predicate; packed move id resolves through this character's FLuxMoveBank buckets; predicate maps to one primary direction; cell references are classified later by route trust; destination has a concrete motion id; local MOT section is non-empty,MoveVM transition is gated by decoded direction predicate; packed move id resolves through this character's FLuxMoveBank buckets; predicate maps to one primary direction; cell references are classified later by route trust; destination has a concrete motion id; local MOT section is non-empty; decoded with confirmed channel stream DAT_143e83c00; source is not proven neutral or stance-root basic movement; unranked unless route is trusted basic movement and root motion is decoded with high confidence
022,Setsuka,sidestep_up_candidate,trusted_basic,rankable_static_distance,20.5,D,0.0,0.0,0.0,0.0,0.0,0.0,,,,,,,unknown_from_static_bytecode,unknown,True,False,high,MoveVM transition is gated by decoded direction predicate; packed move id resolves through this character's FLuxMoveBank buckets; predicate maps to one primary direction; cell references are classified later by route trust; destination has a concrete motion id; local MOT section is non-empty,MoveVM transition is gated by decoded direction predicate; packed move id resolves through this character's FLuxMoveBank buckets; predicate maps to one primary direction; cell references are classified later by route trust; destination has a concrete motion id; local MOT section is non-empty; decoded with confirmed channel stream DAT_143e83c00; direct movement predicate; same-bank route; root motion decoded; source is neutral-like; no active offensive cells on destination slot
023,Tira,back_diagonal,unresolved,unranked,,Unranked,0.04110961153479061,0.20199258371506393,0.38637418933116424,0.5860546328005181,,,0,,,,,,unknown_from_static_bytecode,unknown,False,True,high,MoveVM transition is gated by decoded direction predicate; packed move id resolves through this character's FLuxMoveBank buckets; predicate maps to diagonal movement; cell references are classified later by route trust; destination has a concrete motion id; local MOT section is non-empty,MoveVM transition is gated by decoded direction predicate; packed move id resolves through this character's FLuxMoveBank buckets; predicate maps to diagonal movement; cell references are classified later by route trust; destination has a concrete motion id; local MOT section is non-empty; decoded with confirmed channel stream DAT_143e83c00; offensive cells exist and no static return/recovery frame is known; unranked unless route is trusted basic movement and root motion is decoded with high confidence
023,Tira,backstep_candidate,unresolved,unranked,,Unranked,0.04000000189989805,0.12300000584218651,0.25800001225434244,0.43200002051889896,,,2,,,,,,unknown_from_static_bytecode,unknown,False,True,high,MoveVM transition is gated by decoded direction predicate; packed move id resolves through this character's FLuxMoveBank buckets; predicate maps to one primary direction; cell references are classified later by route trust; destination has a concrete motion id; local MOT section is non-empty,MoveVM transition is gated by decoded direction predicate; packed move id resolves through this character's FLuxMoveBank buckets; predicate maps to one primary direction; cell references are classified later by route trust; destination has a concrete motion id; local MOT section is non-empty; decoded with confirmed channel stream DAT_143e83c00; offensive cells exist and no static return/recovery frame is known; unranked unless route is trusted basic movement and root motion is decoded with high confidence
023,Tira,eight_way_or_ambiguous,trusted_basic,rankable_static_distance,58.183,B,0.3071319080800127,0.5805824937254848,0.8161869046253443,0.9706750689623945,1.0110915374553686,1.0110915374553686,0,,,,,,unknown_from_static_bytecode,unknown,True,False,high,MoveVM transition is gated by decoded direction predicate; packed move id resolves through this character's FLuxMoveBank buckets; predicate is directional but ambiguous; cell references are classified later by route trust; destination has a concrete motion id; local MOT section is non-empty,MoveVM transition is gated by decoded direction predicate; packed move id resolves through this character's FLuxMoveBank buckets; predicate is directional but ambiguous; cell references are classified later by route trust; destination has a concrete motion id; local MOT section is non-empty; decoded with confirmed channel stream DAT_143e83c00; direct movement predicate; same-bank route; root motion decoded; source is neutral-like; no active offensive cells on destination slot
023,Tira,forward_diagonal,unresolved,unranked,,Unranked,0.10089599083733769,0.12254387551623494,0.15326448457300965,0.2507987359919892,,,0,,,,,,unknown_from_static_bytecode,unknown,False,True,high,MoveVM transition is gated by decoded direction predicate; packed move id resolves through this character's FLuxMoveBank buckets; predicate maps to diagonal movement; cell references are classified later by route trust; destination has a concrete motion id; local MOT section is non-empty,MoveVM transition is gated by decoded direction predicate; packed move id resolves through this character's FLuxMoveBank buckets; predicate maps to diagonal movement; cell references are classified later by route trust; destination has a concrete motion id; local MOT section is non-empty; decoded with confirmed channel stream DAT_143e83c00; offensive cells exist and no static return/recovery frame is known; unranked unless route is trusted basic movement and root motion is decoded with high confidence
023,Tira,forward_step_candidate,unresolved,unranked,,Unranked,0.13900000660214573,0.2360000112093985,0.35400001681409776,0.472000022418797,,,0,,,,,,unknown_from_static_bytecode,unknown,False,True,high,MoveVM transition is gated by decoded direction predicate; packed move id resolves through this character's FLuxMoveBank buckets; predicate maps to one primary direction; cell references are classified later by route trust; destination has a concrete motion id; local MOT section is non-empty,MoveVM transition is gated by decoded direction predicate; packed move id resolves through this character's FLuxMoveBank buckets; predicate maps to one primary direction; cell references are classified later by route trust; destination has a concrete motion id; local MOT section is non-empty; decoded with confirmed channel stream DAT_143e83c00; offensive cells exist and no static return/recovery frame is known; unranked unless route is trusted basic movement and root motion is decoded with high confidence
023,Tira,sidestep_down_candidate,trusted_basic,rankable_static_distance,35.116,C,0.0020000000949949026,0.007000000332482159,0.00800000037997961,0.007000000332482159,0.04000000189989805,0.04000000189989805,10,,,,,,unknown_from_static_bytecode,unknown,True,False,high,MoveVM transition is gated by decoded direction predicate; packed move id resolves through this character's FLuxMoveBank buckets; predicate maps to one primary direction; cell references are classified later by route trust; destination has a concrete motion id; local MOT section is non-empty,MoveVM transition is gated by decoded direction predicate; packed move id resolves through this character's FLuxMoveBank buckets; predicate maps to one primary direction; cell references are classified later by route trust; destination has a concrete motion id; local MOT section is non-empty; decoded with confirmed channel stream DAT_143e83c00; direct movement predicate; same-bank route; root motion decoded; source is neutral-like; no active offensive cells on destination slot
023,Tira,sidestep_up_candidate,unresolved,unranked,,Unranked,0.021000000997446477,0.027000001282431185,0.041000001947395504,0.029000001377426088,,,2,,,,,,unknown_from_static_bytecode,unknown,False,True,high,MoveVM transition is gated by decoded direction predicate; packed move id resolves through this character's FLuxMoveBank buckets; predicate maps to one primary direction; cell references are classified later by route trust; destination has a concrete motion id; local MOT section is non-empty,MoveVM transition is gated by decoded direction predicate; packed move id resolves through this character's FLuxMoveBank buckets; predicate maps to one primary direction; cell references are classified later by route trust; destination has a concrete motion id; local MOT section is non-empty; decoded with confirmed channel stream DAT_143e83c00; offensive cells exist and no static return/recovery frame is known; unranked unless route is trusted basic movement and root motion is decoded with high confidence
024,Zasalamel,back_diagonal,unresolved,unknown_no_static_route,,Unranked,,,,,,,,,,,,,unknown_from_static_bytecode,unknown,False,False,unknown,no direction-gated route found for this movement type,no direction-gated route found for this movement type
024,Zasalamel,backstep_candidate,unresolved,unranked,,Unranked,,,,,,,,,,,,,unknown_from_static_bytecode,unknown,False,False,failed,MoveVM transition is gated by decoded direction predicate; packed move id resolves through this character's FLuxMoveBank buckets; predicate maps to one primary direction; cell references are classified later by route trust; destination has a concrete motion id; motion_index_out_of_range,MoveVM transition is gated by decoded direction predicate; packed move id resolves through this character's FLuxMoveBank buckets; predicate maps to one primary direction; cell references are classified later by route trust; destination has a concrete motion id; motion_index_out_of_range; motion section is smaller than 0x20 bytes; root motion did not decode with high confidence; unranked unless route is trusted basic movement and root motion is decoded with high confidence
024,Zasalamel,eight_way_or_ambiguous,trusted_basic,rankable_static_distance,52.257,B,0.4150000197114423,0.5840000277385116,0.6960000330582261,0.7580000360030681,0.780000037048012,0.780000037048012,0,,,,,,unknown_from_static_bytecode,unknown,True,False,high,MoveVM transition is gated by decoded direction predicate; packed move id resolves through this character's FLuxMoveBank buckets; predicate is directional but ambiguous; cell references are classified later by route trust; destination has a concrete motion id; local MOT section is non-empty,MoveVM transition is gated by decoded direction predicate; packed move id resolves through this character's FLuxMoveBank buckets; predicate is directional but ambiguous; cell references are classified later by route trust; destination has a concrete motion id; local MOT section is non-empty; decoded with confirmed channel stream DAT_143e83c00; direct movement predicate; same-bank route; root motion decoded; source is neutral-like; no active offensive cells on destination slot
024,Zasalamel,forward_diagonal,unresolved,unranked,,Unranked,0.32109968825031526,0.6974131101464158,0.8741590659546674,0.9166008290475381,,,0,,,,,,unknown_from_static_bytecode,unknown,False,True,high,MoveVM transition is gated by decoded direction predicate; packed move id resolves through this character's FLuxMoveBank buckets; predicate maps to diagonal movement; cell references are classified later by route trust; destination has a concrete motion id; local MOT section is non-empty,MoveVM transition is gated by decoded direction predicate; packed move id resolves through this character's FLuxMoveBank buckets; predicate maps to diagonal movement; cell references are classified later by route trust; destination has a concrete motion id; local MOT section is non-empty; decoded with confirmed channel stream DAT_143e83c00; offensive cells exist and no static return/recovery frame is known; unranked unless route is trusted basic movement and root motion is decoded with high confidence
024,Zasalamel,forward_step_candidate,unresolved,unranked,,Unranked,0.027000001282431185,0.08700000413227826,0.144000006839633,0.12900000612717122,,,0,,,,,,unknown_from_static_bytecode,unknown,False,True,high,MoveVM transition is gated by decoded direction predicate; packed move id resolves through this character's FLuxMoveBank buckets; predicate maps to one primary direction; cell references are classified later by route trust; destination has a concrete motion id; local MOT section is non-empty,MoveVM transition is gated by decoded direction predicate; packed move id resolves through this character's FLuxMoveBank buckets; predicate maps to one primary direction; cell references are classified later by route trust; destination has a concrete motion id; local MOT section is non-empty; decoded with confirmed channel stream DAT_143e83c00; offensive cells exist and no static return/recovery frame is known; unranked unless route is trusted basic movement and root motion is decoded with high confidence
024,Zasalamel,sidestep_down_candidate,trusted_basic,rankable_static_distance,62.277,B,0.004000000189989805,0.01600000075995922,0.0780000037048012,0.049000002327375114,0.0780000037048012,0.0780000037048012,8,,,,,,unknown_from_static_bytecode,unknown,True,False,high,MoveVM transition is gated by decoded direction predicate; packed move id resolves through this character's FLuxMoveBank buckets; predicate maps to one primary direction; cell references are classified later by route trust; destination has a concrete motion id; local MOT section is non-empty,MoveVM transition is gated by decoded direction predicate; packed move id resolves through this character's FLuxMoveBank buckets; predicate maps to one primary direction; cell references are classified later by route trust; destination has a concrete motion id; local MOT section is non-empty; decoded with confirmed channel stream DAT_143e83c00; direct movement predicate; same-bank route; root motion decoded; source is neutral-like; no active offensive cells on destination slot
024,Zasalamel,sidestep_up_candidate,unresolved,unranked,,Unranked,0.0780000037048012,0.08200000389479101,0.08200000389479101,0.08200000389479101,,,0,,,,,,unknown_from_static_bytecode,unknown,False,True,high,MoveVM transition is gated by decoded direction predicate; packed move id resolves through this character's FLuxMoveBank buckets; predicate maps to one primary direction; cell references are classified later by route trust; destination has a concrete motion id; local MOT section is non-empty,MoveVM transition is gated by decoded direction predicate; packed move id resolves through this character's FLuxMoveBank buckets; predicate maps to one primary direction; cell references are classified later by route trust; destination has a concrete motion id; local MOT section is non-empty; decoded with confirmed channel stream DAT_143e83c00; offensive cells exist and no static return/recovery frame is known; unranked unless route is trusted basic movement and root motion is decoded with high confidence
028,Hilde,back_diagonal,unresolved,unknown_no_static_route,,Unranked,,,,,,,,,,,,,unknown_from_static_bytecode,unknown,False,False,unknown,no direction-gated route found for this movement type,no direction-gated route found for this movement type
028,Hilde,backstep_candidate,unresolved,unranked,,Unranked,0.31900001515168697,0.6500000308733433,0.7620000361930579,0.7010000332957134,,,0,,,,,,unknown_from_static_bytecode,unknown,False,True,high,MoveVM transition is gated by decoded direction predicate; packed move id resolves through this character's FLuxMoveBank buckets; predicate maps to one primary direction; cell references are classified later by route trust; destination has a concrete motion id; local MOT section is non-empty,MoveVM transition is gated by decoded direction predicate; packed move id resolves through this character's FLuxMoveBank buckets; predicate maps to one primary direction; cell references are classified later by route trust; destination has a concrete motion id; local MOT section is non-empty; decoded with confirmed channel stream DAT_143e83c00; offensive cell: damage-bearing Mid cell has invalid active window 999-999; unranked unless route is trusted basic movement and root motion is decoded with high confidence
028,Hilde,eight_way_or_ambiguous,trusted_basic,rankable_static_distance,62.504,A,0.3351790725451137,0.5982215592869682,0.8308694636217909,0.9950724064413654,1.0740000510122627,1.0740000510122627,1,,,,,,unknown_from_static_bytecode,unknown,True,False,high,MoveVM transition is gated by decoded direction predicate; packed move id resolves through this character's FLuxMoveBank buckets; predicate is directional but ambiguous; cell references are classified later by route trust; destination has a concrete motion id; local MOT section is non-empty,MoveVM transition is gated by decoded direction predicate; packed move id resolves through this character's FLuxMoveBank buckets; predicate is directional but ambiguous; cell references are classified later by route trust; destination has a concrete motion id; local MOT section is non-empty; decoded with confirmed channel stream DAT_143e83c00; direct movement predicate; same-bank route; root motion decoded; source is neutral-like; no active offensive cells on destination slot
028,Hilde,forward_diagonal,unresolved,unranked,,Unranked,0.1531012809439574,0.3286959237096568,0.5097891963230987,0.7291982244298465,,,1,,,,,,unknown_from_static_bytecode,unknown,False,True,high,MoveVM transition is gated by decoded direction predicate; packed move id resolves through this character's FLuxMoveBank buckets; predicate maps to diagonal movement; cell references are classified later by route trust; destination has a concrete motion id; local MOT section is non-empty,MoveVM transition is gated by decoded direction predicate; packed move id resolves through this character's FLuxMoveBank buckets; predicate maps to diagonal movement; cell references are classified later by route trust; destination has a concrete motion id; local MOT section is non-empty; decoded with confirmed channel stream DAT_143e83c00; offensive cells exist and no static return/recovery frame is known; unranked unless route is trusted basic movement and root motion is decoded with high confidence
028,Hilde,forward_step_candidate,unresolved,unranked,,Unranked,0.03000000142492354,0.1540000073146075,0.3980000189039856,0.6800000322982669,,,3,,,,,8,attack_followup_only,confirmed_static_data,False,True,high,MoveVM transition is gated by decoded direction predicate; packed move id resolves through this character's FLuxMoveBank buckets; predicate maps to one primary direction; cell references are classified later by route trust; destination has a concrete motion id; local MOT section is non-empty,MoveVM transition is gated by decoded direction predicate; packed move id resolves through this character's FLuxMoveBank buckets; predicate maps to one primary direction; cell references are classified later by route trust; destination has a concrete motion id; local MOT section is non-empty; decoded with confirmed channel stream DAT_143e83c00; offensive cell: damage-bearing Mid cell has invalid active window 999-999; unranked unless route is trusted basic movement and root motion is decoded with high confidence
028,Hilde,sidestep_down_candidate,trusted_basic,rankable_static_distance,19.767,D,0.0,0.0,0.0,0.0,0.0,0.0,,,,,,,unknown_from_static_bytecode,unknown,True,False,high,MoveVM transition is gated by decoded direction predicate; packed move id resolves through this character's FLuxMoveBank buckets; predicate maps to one primary direction; cell references are classified later by route trust; destination has a concrete motion id; local MOT section is non-empty,MoveVM transition is gated by decoded direction predicate; packed move id resolves through this character's FLuxMoveBank buckets; predicate maps to one primary direction; cell references are classified later by route trust; destination has a concrete motion id; local MOT section is non-empty; decoded with confirmed channel stream DAT_143e83c00; direct movement predicate; same-bank route; root motion decoded; source is neutral-like; no active offensive cells on destination slot
028,Hilde,sidestep_up_candidate,unresolved,unranked,,Unranked,0.05300000251736492,0.019000000902451575,0.10200000484474003,0.12000000569969416,,,1,,,,,,unknown_from_static_bytecode,unknown,False,True,high,MoveVM transition is gated by decoded direction predicate; packed move id resolves through this character's FLuxMoveBank buckets; predicate maps to one primary direction; cell references are classified later by route trust; destination has a concrete motion id; local MOT section is non-empty,MoveVM transition is gated by decoded direction predicate; packed move id resolves through this character's FLuxMoveBank buckets; predicate maps to one primary direction; cell references are classified later by route trust; destination has a concrete motion id; local MOT section is non-empty; decoded with confirmed channel stream DAT_143e83c00; offensive cells exist and no static return/recovery frame is known; unranked unless route is trusted basic movement and root motion is decoded with high confidence
030,Amy,back_diagonal,unresolved,unranked,,Unranked,0.0,0.0,0.0,0.0,,,,,,,,,unknown_from_static_bytecode,unknown,False,True,high,MoveVM transition is gated by decoded direction predicate; packed move id resolves through this character's FLuxMoveBank buckets; predicate maps to diagonal movement; cell references are classified later by route trust; destination has a concrete motion id; local MOT section is non-empty,MoveVM transition is gated by decoded direction predicate; packed move id resolves through this character's FLuxMoveBank buckets; predicate maps to diagonal movement; cell references are classified later by route trust; destination has a concrete motion id; local MOT section is non-empty; decoded with confirmed channel stream DAT_143e83c00; cell index is outside this KHD bank; shared/common cell semantics are not resolved; unranked unless route is trusted basic movement and root motion is decoded with high confidence
030,Amy,backstep_candidate,trusted_basic,rankable_static_distance,16.611,C,0.0,0.0,0.0,0.0,0.0,0.0,,,,,,,unknown_from_static_bytecode,unknown,True,False,high,MoveVM transition is gated by decoded direction predicate; packed move id resolves through this character's FLuxMoveBank buckets; predicate maps to one primary direction; cell references are classified later by route trust; destination has a concrete motion id; local MOT section is non-empty,MoveVM transition is gated by decoded direction predicate; packed move id resolves through this character's FLuxMoveBank buckets; predicate maps to one primary direction; cell references are classified later by route trust; destination has a concrete motion id; local MOT section is non-empty; decoded with confirmed channel stream DAT_143e83c00; direct movement predicate; same-bank route; root motion decoded; source is neutral-like; no active offensive cells on destination slot
030,Amy,eight_way_or_ambiguous,trusted_basic,rankable_static_distance,57.01,B,0.4030000191414729,0.6750000320607796,0.8390000398503616,0.9200000436976552,0.9410000446951017,0.9410000446951017,1,,,,,,unknown_from_static_bytecode,unknown,True,False,high,MoveVM transition is gated by decoded direction predicate; packed move id resolves through this character's FLuxMoveBank buckets; predicate is directional but ambiguous; cell references are classified later by route trust; destination has a concrete motion id; local MOT section is non-empty,MoveVM transition is gated by decoded direction predicate; packed move id resolves through this character's FLuxMoveBank buckets; predicate is directional but ambiguous; cell references are classified later by route trust; destination has a concrete motion id; local MOT section is non-empty; decoded with confirmed channel stream DAT_143e83c00; direct movement predicate; same-bank route; root motion decoded; source is neutral-like; no active offensive cells on destination slot
030,Amy,forward_diagonal,unresolved,unranked,,Unranked,0.0,0.0,0.0,0.0,,,,,,,,,unknown_from_static_bytecode,unknown,False,True,high,MoveVM transition is gated by decoded direction predicate; packed move id resolves through this character's FLuxMoveBank buckets; predicate maps to diagonal movement; cell references are classified later by route trust; destination has a concrete motion id; local MOT section is non-empty,MoveVM transition is gated by decoded direction predicate; packed move id resolves through this character's FLuxMoveBank buckets; predicate maps to diagonal movement; cell references are classified later by route trust; destination has a concrete motion id; local MOT section is non-empty; decoded with confirmed channel stream DAT_143e83c00; offensive cells exist and no static return/recovery frame is known; unranked unless route is trusted basic movement and root motion is decoded with high confidence
030,Amy,forward_step_candidate,trusted_basic,rankable_static_distance,13.0,D,0.0,0.0,0.0,0.0,0.0,0.0,,,,,,,unknown_from_static_bytecode,unknown,True,False,high,MoveVM transition is gated by decoded direction predicate; packed move id resolves through this character's FLuxMoveBank buckets; predicate maps to one primary direction; cell references are classified later by route trust; destination has a concrete motion id; local MOT section is non-empty,MoveVM transition is gated by decoded direction predicate; packed move id resolves through this character's FLuxMoveBank buckets; predicate maps to one primary direction; cell references are classified later by route trust; destination has a concrete motion id; local MOT section is non-empty; decoded with confirmed channel stream DAT_143e83c00; direct movement predicate; same-bank route; root motion decoded; source is neutral-like; no active offensive cells on destination slot
030,Amy,sidestep_down_candidate,trusted_basic,rankable_static_distance,57.726,B,0.006000000284984708,0.018000000854954123,0.03100000147242099,0.041000001947395504,0.05400000256486237,0.05400000256486237,6,,,,,,unknown_from_static_bytecode,unknown,True,False,high,MoveVM transition is gated by decoded direction predicate; packed move id resolves through this character's FLuxMoveBank buckets; predicate maps to one primary direction; cell references are classified later by route trust; destination has a concrete motion id; local MOT section is non-empty,MoveVM transition is gated by decoded direction predicate; packed move id resolves through this character's FLuxMoveBank buckets; predicate maps to one primary direction; cell references are classified later by route trust; destination has a concrete motion id; local MOT section is non-empty; decoded with confirmed channel stream DAT_143e83c00; direct movement predicate; same-bank route; root motion decoded; source is neutral-like; no active offensive cells on destination slot
030,Amy,sidestep_up_candidate,unresolved,unranked,,Unranked,0.07000000332482159,0.09500000451225787,0.011000000522471964,0.00800000037997961,,,1,,,,,,unknown_from_static_bytecode,unknown,False,True,high,MoveVM transition is gated by decoded direction predicate; packed move id resolves through this character's FLuxMoveBank buckets; predicate maps to one primary direction; cell references are classified later by route trust; destination has a concrete motion id; local MOT section is non-empty,MoveVM transition is gated by decoded direction predicate; packed move id resolves through this character's FLuxMoveBank buckets; predicate maps to one primary direction; cell references are classified later by route trust; destination has a concrete motion id; local MOT section is non-empty; decoded with confirmed channel stream DAT_143e83c00; offensive cells exist and no static return/recovery frame is known; unranked unless route is trusted basic movement and root motion is decoded with high confidence
060,2B,back_diagonal,unresolved,unknown_no_static_route,,Unranked,,,,,,,,,,,,,unknown_from_static_bytecode,unknown,False,False,unknown,no direction-gated route found for this movement type,no direction-gated route found for this movement type
060,2B,backstep_candidate,unresolved,unranked,,Unranked,0.06600000313483179,0.22500001068692654,0.421000019996427,0.4130000196164474,,,2,,,,,,unknown_from_static_bytecode,unknown,False,True,high,MoveVM transition is gated by decoded direction predicate; packed move id resolves through this character's FLuxMoveBank buckets; predicate maps to one primary direction; cell references are classified later by route trust; destination has a concrete motion id; local MOT section is non-empty,MoveVM transition is gated by decoded direction predicate; packed move id resolves through this character's FLuxMoveBank buckets; predicate maps to one primary direction; cell references are classified later by route trust; destination has a concrete motion id; local MOT section is non-empty; decoded with confirmed channel stream DAT_143e83c00; offensive cells exist and no static return/recovery frame is known; unranked unless route is trusted basic movement and root motion is decoded with high confidence
060,2B,eight_way_or_ambiguous,trusted_basic,rankable_static_distance,80.405,A,0.5820421223431419,0.8600285287494168,1.0690229691457183,1.1870067960405264,1.3221513400738485,1.3221513400738485,0,,,,,,unknown_from_static_bytecode,unknown,True,False,high,MoveVM transition is gated by decoded direction predicate; packed move id resolves through this character's FLuxMoveBank buckets; predicate is directional but ambiguous; cell references are classified later by route trust; destination has a concrete motion id; local MOT section is non-empty,MoveVM transition is gated by decoded direction predicate; packed move id resolves through this character's FLuxMoveBank buckets; predicate is directional but ambiguous; cell references are classified later by route trust; destination has a concrete motion id; local MOT section is non-empty; decoded with confirmed channel stream DAT_143e83c00; direct movement predicate; same-bank route; root motion decoded; source is neutral-like; no active offensive cells on destination slot
060,2B,forward_diagonal,unresolved,unranked,,Unranked,0.11047624703714737,0.25109760251629,0.47400424190449525,0.625447869258967,,,1,,,,,,unknown_from_static_bytecode,unknown,False,True,high,MoveVM transition is gated by decoded direction predicate; packed move id resolves through this character's FLuxMoveBank buckets; predicate maps to diagonal movement; cell references are classified later by route trust; destination has a concrete motion id; local MOT section is non-empty,MoveVM transition is gated by decoded direction predicate; packed move id resolves through this character's FLuxMoveBank buckets; predicate maps to diagonal movement; cell references are classified later by route trust; destination has a concrete motion id; local MOT section is non-empty; decoded with confirmed channel stream DAT_143e83c00; offensive cells exist and no static return/recovery frame is known; unranked unless route is trusted basic movement and root motion is decoded with high confidence
060,2B,forward_step_candidate,unresolved,unranked,,Unranked,0.13400000636465847,0.33800001605413854,0.6170000293059275,0.9270000440301374,,,1,,,,,,unknown_from_static_bytecode,unknown,False,True,high,MoveVM transition is gated by decoded direction predicate; packed move id resolves through this character's FLuxMoveBank buckets; predicate maps to one primary direction; cell references are classified later by route trust; destination has a concrete motion id; local MOT section is non-empty,MoveVM transition is gated by decoded direction predicate; packed move id resolves through this character's FLuxMoveBank buckets; predicate maps to one primary direction; cell references are classified later by route trust; destination has a concrete motion id; local MOT section is non-empty; decoded with confirmed channel stream DAT_143e83c00; offensive cells exist and no static return/recovery frame is known; unranked unless route is trusted basic movement and root motion is decoded with high confidence
060,2B,sidestep_down_candidate,trusted_basic,rankable_static_distance,73.421,A,0.042000001994892955,0.014000000664964318,0.07100000337231904,0.010000000474974513,0.10600000503472984,0.10600000503472984,1,,,,,,unknown_from_static_bytecode,unknown,True,False,high,MoveVM transition is gated by decoded direction predicate; packed move id resolves through this character's FLuxMoveBank buckets; predicate maps to one primary direction; cell references are classified later by route trust; destination has a concrete motion id; local MOT section is non-empty,MoveVM transition is gated by decoded direction predicate; packed move id resolves through this character's FLuxMoveBank buckets; predicate maps to one primary direction; cell references are classified later by route trust; destination has a concrete motion id; local MOT section is non-empty; decoded with confirmed channel stream DAT_143e83c00; direct movement predicate; same-bank route; root motion decoded; source is neutral-like; no active offensive cells on destination slot
060,2B,sidestep_up_candidate,trusted_basic,rankable_static_distance,59.952,B,0.0740000035148114,0.06200000294484198,0.01600000075995922,0.014000000664964318,0.0800000037997961,0.0800000037997961,1,,,,,,unknown_from_static_bytecode,unknown,True,False,high,MoveVM transition is gated by decoded direction predicate; packed move id resolves through this character's FLuxMoveBank buckets; predicate maps to one primary direction; cell references are classified later by route trust; destination has a concrete motion id; local MOT section is non-empty,MoveVM transition is gated by decoded direction predicate; packed move id resolves through this character's FLuxMoveBank buckets; predicate maps to one primary direction; cell references are classified later by route trust; destination has a concrete motion id; local MOT section is non-empty; decoded with confirmed channel stream DAT_143e83c00; direct movement predicate; same-bank route; root motion decoded; source is neutral-like; no active offensive cells on destination slot
061,Haohmaru,back_diagonal,unresolved,unranked,,Unranked,0.11921829285039516,0.34438352351179013,0.6892206070083473,1.0480019581726285,,,1,,,,,,unknown_from_static_bytecode,unknown,False,True,high,MoveVM transition is gated by decoded direction predicate; packed move id resolves through this character's FLuxMoveBank buckets; predicate maps to diagonal movement; cell references are classified later by route trust; destination has a concrete motion id; local MOT section is non-empty,MoveVM transition is gated by decoded direction predicate; packed move id resolves through this character's FLuxMoveBank buckets; predicate maps to diagonal movement; cell references are classified later by route trust; destination has a concrete motion id; local MOT section is non-empty; decoded with confirmed channel stream DAT_143e83c00; offensive cells exist and no static return/recovery frame is known; unranked unless route is trusted basic movement and root motion is decoded with high confidence
061,Haohmaru,backstep_candidate,trusted_basic,rankable_static_distance,16.611,D,0.0,0.0,0.0,0.0,0.0,0.0,,,,,,,unknown_from_static_bytecode,unknown,True,False,high,MoveVM transition is gated by decoded direction predicate; packed move id resolves through this character's FLuxMoveBank buckets; predicate maps to one primary direction; cell references are classified later by route trust; destination has a concrete motion id; local MOT section is non-empty,MoveVM transition is gated by decoded direction predicate; packed move id resolves through this character's FLuxMoveBank buckets; predicate maps to one primary direction; cell references are classified later by route trust; destination has a concrete motion id; local MOT section is non-empty; decoded with confirmed channel stream DAT_143e83c00; direct movement predicate; same-bank route; root motion decoded; source is neutral-like; no active offensive cells on destination slot
061,Haohmaru,eight_way_or_ambiguous,trusted_basic,rankable_static_distance,14.204,D,0.0,0.0,0.0,0.0,0.0,0.0,,,,,,,unknown_from_static_bytecode,unknown,True,False,high,MoveVM transition is gated by decoded direction predicate; packed move id resolves through this character's FLuxMoveBank buckets; predicate is directional but ambiguous; cell references are classified later by route trust; destination has a concrete motion id; local MOT section is non-empty,MoveVM transition is gated by decoded direction predicate; packed move id resolves through this character's FLuxMoveBank buckets; predicate is directional but ambiguous; cell references are classified later by route trust; destination has a concrete motion id; local MOT section is non-empty; decoded with confirmed channel stream DAT_143e83c00; direct movement predicate; same-bank route; root motion decoded; source is neutral-like; no active offensive cells on destination slot
061,Haohmaru,forward_diagonal,unresolved,unranked,,Unranked,0.16022484962922948,0.33224390210522686,0.7278908230845307,1.0490805996435844,,,0,,,,,,unknown_from_static_bytecode,unknown,False,True,high,MoveVM transition is gated by decoded direction predicate; packed move id resolves through this character's FLuxMoveBank buckets; predicate maps to diagonal movement; cell references are classified later by route trust; destination has a concrete motion id; local MOT section is non-empty,MoveVM transition is gated by decoded direction predicate; packed move id resolves through this character's FLuxMoveBank buckets; predicate maps to diagonal movement; cell references are classified later by route trust; destination has a concrete motion id; local MOT section is non-empty; decoded with confirmed channel stream DAT_143e83c00; offensive cells exist and no static return/recovery frame is known; unranked unless route is trusted basic movement and root motion is decoded with high confidence
061,Haohmaru,forward_step_candidate,unresolved,unranked,,Unranked,0.1810000085970387,0.17300000821705908,0.0,0.21100001002196223,,,0,,,,,,unknown_from_static_bytecode,unknown,False,True,high,MoveVM transition is gated by decoded direction predicate; packed move id resolves through this character's FLuxMoveBank buckets; predicate maps to one primary direction; cell references are classified later by route trust; destination has a concrete motion id; local MOT section is non-empty,MoveVM transition is gated by decoded direction predicate; packed move id resolves through this character's FLuxMoveBank buckets; predicate maps to one primary direction; cell references are classified later by route trust; destination has a concrete motion id; local MOT section is non-empty; decoded with confirmed channel stream DAT_143e83c00; offensive cells exist and no static return/recovery frame is known; unranked unless route is trusted basic movement and root motion is decoded with high confidence
061,Haohmaru,sidestep_down_candidate,trusted_basic,rankable_static_distance,77.007,A,0.03100000147242099,0.029000001377426088,0.058000002754852176,0.09600000455975533,0.1110000052722171,0.1110000052722171,0,,,,,,unknown_from_static_bytecode,unknown,True,False,high,MoveVM transition is gated by decoded direction predicate; packed move id resolves through this character's FLuxMoveBank buckets; predicate maps to one primary direction; cell references are classified later by route trust; destination has a concrete motion id; local MOT section is non-empty,MoveVM transition is gated by decoded direction predicate; packed move id resolves through this character's FLuxMoveBank buckets; predicate maps to one primary direction; cell references are classified later by route trust; destination has a concrete motion id; local MOT section is non-empty; decoded with confirmed channel stream DAT_143e83c00; direct movement predicate; same-bank route; root motion decoded; source is neutral-like; no active offensive cells on destination slot
061,Haohmaru,sidestep_up_candidate,unresolved,unranked,,Unranked,0.003000000142492354,0.003000000142492354,0.003000000142492354,0.0010000000474974513,,,,,,,,,unknown_from_static_bytecode,unknown,False,True,high,MoveVM transition is gated by decoded direction predicate; packed move id resolves through this character's FLuxMoveBank buckets; predicate maps to one primary direction; cell references are classified later by route trust; destination has a concrete motion id; local MOT section is non-empty,MoveVM transition is gated by decoded direction predicate; packed move id resolves through this character's FLuxMoveBank buckets; predicate maps to one primary direction; cell references are classified later by route trust; destination has a concrete motion id; local MOT section is non-empty; decoded with confirmed channel stream DAT_143e83c00; offensive cells exist and no static return/recovery frame is known; unranked unless route is trusted basic movement and root motion is decoded with high confidence
062,Groh,back_diagonal,unresolved,unknown_no_static_route,,Unranked,,,,,,,,,,,,,unknown_from_static_bytecode,unknown,False,False,unknown,no direction-gated route found for this movement type,no direction-gated route found for this movement type
062,Groh,backstep_candidate,unresolved,unranked,,Unranked,0.0,0.0,0.0,0.0,,,,,,,,,unknown_from_static_bytecode,unknown,False,True,high,MoveVM transition is gated by decoded direction predicate; packed move id resolves through this character's FLuxMoveBank buckets; predicate maps to one primary direction; cell references are classified later by route trust; destination has a concrete motion id; local MOT section is non-empty,MoveVM transition is gated by decoded direction predicate; packed move id resolves through this character's FLuxMoveBank buckets; predicate maps to one primary direction; cell references are classified later by route trust; destination has a concrete motion id; local MOT section is non-empty; decoded with confirmed channel stream DAT_143e83c00; offensive cells exist and no static return/recovery frame is known; unranked unless route is trusted basic movement and root motion is decoded with high confidence
062,Groh,eight_way_or_ambiguous,trusted_basic,rankable_static_distance,81.825,S,0.5004408294600061,0.8676278415945828,1.1368909898415545,1.3341342395286768,1.6486701483944222,1.6486701483944222,0,,,,,,unknown_from_static_bytecode,unknown,True,False,high,MoveVM transition is gated by decoded direction predicate; packed move id resolves through this character's FLuxMoveBank buckets; predicate is directional but ambiguous; cell references are classified later by route trust; destination has a concrete motion id; local MOT section is non-empty,MoveVM transition is gated by decoded direction predicate; packed move id resolves through this character's FLuxMoveBank buckets; predicate is directional but ambiguous; cell references are classified later by route trust; destination has a concrete motion id; local MOT section is non-empty; decoded with confirmed channel stream DAT_143e83c00; direct movement predicate; same-bank route; root motion decoded; source is neutral-like; no active offensive cells on destination slot
062,Groh,forward_diagonal,unresolved,unknown_no_static_route,,Unranked,,,,,,,,,,,,,unknown_from_static_bytecode,unknown,False,False,unknown,no direction-gated route found for this movement type,no direction-gated route found for this movement type
062,Groh,forward_step_candidate,unresolved,unranked,,Unranked,0.05300000251736492,0.03600000170990825,0.050000002374872565,0.08300000394228846,,,0,,,,,,unknown_from_static_bytecode,unknown,False,True,high,MoveVM transition is gated by decoded direction predicate; packed move id resolves through this character's FLuxMoveBank buckets; predicate maps to one primary direction; cell references are classified later by route trust; destination has a concrete motion id; local MOT section is non-empty,MoveVM transition is gated by decoded direction predicate; packed move id resolves through this character's FLuxMoveBank buckets; predicate maps to one primary direction; cell references are classified later by route trust; destination has a concrete motion id; local MOT section is non-empty; decoded with confirmed channel stream DAT_143e83c00; offensive cells exist and no static return/recovery frame is known; unranked unless route is trusted basic movement and root motion is decoded with high confidence
062,Groh,sidestep_down_candidate,trusted_basic,rankable_static_distance,19.767,D,0.0,0.0,0.0,0.0,0.0,0.0,,,,,,,unknown_from_static_bytecode,unknown,True,False,high,MoveVM transition is gated by decoded direction predicate; packed move id resolves through this character's FLuxMoveBank buckets; predicate maps to one primary direction; cell references are classified later by route trust; destination has a concrete motion id; local MOT section is non-empty,MoveVM transition is gated by decoded direction predicate; packed move id resolves through this character's FLuxMoveBank buckets; predicate maps to one primary direction; cell references are classified later by route trust; destination has a concrete motion id; local MOT section is non-empty; decoded with confirmed channel stream DAT_143e83c00; direct movement predicate; same-bank route; root motion decoded; source is neutral-like; no active offensive cells on destination slot
062,Groh,sidestep_up_candidate,unresolved,unranked,,Unranked,0.04500000213738531,0.009000000427477062,0.021000000997446477,0.020000000949949026,,,1,,,,,,unknown_from_static_bytecode,unknown,False,True,high,MoveVM transition is gated by decoded direction predicate; packed move id resolves through this character's FLuxMoveBank buckets; predicate maps to one primary direction; cell references are classified later by route trust; destination has a concrete motion id; local MOT section is non-empty,MoveVM transition is gated by decoded direction predicate; packed move id resolves through this character's FLuxMoveBank buckets; predicate maps to one primary direction; cell references are classified later by route trust; destination has a concrete motion id; local MOT section is non-empty; decoded with confirmed channel stream DAT_143e83c00; offensive cells exist and no static return/recovery frame is known; unranked unless route is trusted basic movement and root motion is decoded with high confidence
064,Azwel,back_diagonal,unresolved,unknown_no_static_route,,Unranked,,,,,,,,,,,,,unknown_from_static_bytecode,unknown,False,False,unknown,no direction-gated route found for this movement type,no direction-gated route found for this movement type
064,Azwel,backstep_candidate,unresolved,unranked,,Unranked,0.0,0.0,0.0,0.0,,,,,,,,,unknown_from_static_bytecode,unknown,False,True,high,MoveVM transition is gated by decoded direction predicate; packed move id resolves through this character's FLuxMoveBank buckets; predicate maps to one primary direction; cell references are classified later by route trust; destination has a concrete motion id; local MOT section is non-empty,MoveVM transition is gated by decoded direction predicate; packed move id resolves through this character's FLuxMoveBank buckets; predicate maps to one primary direction; cell references are classified later by route trust; destination has a concrete motion id; local MOT section is non-empty; decoded with confirmed channel stream DAT_143e83c00; offensive cells exist and no static return/recovery frame is known; unranked unless route is trusted basic movement and root motion is decoded with high confidence
064,Azwel,eight_way_or_ambiguous,trusted_basic,rankable_static_distance,52.627,B,0.22305605736311332,0.3803367110095776,0.5199856014210368,0.64294715122558,1.0400312989293465,1.0400312989293465,0,,,,,,unknown_from_static_bytecode,unknown,True,False,high,MoveVM transition is gated by decoded direction predicate; packed move id resolves through this character's FLuxMoveBank buckets; predicate is directional but ambiguous; cell references are classified later by route trust; destination has a concrete motion id; local MOT section is non-empty,MoveVM transition is gated by decoded direction predicate; packed move id resolves through this character's FLuxMoveBank buckets; predicate is directional but ambiguous; cell references are classified later by route trust; destination has a concrete motion id; local MOT section is non-empty; decoded with confirmed channel stream DAT_143e83c00; direct movement predicate; same-bank route; root motion decoded; source is neutral-like; no active offensive cells on destination slot
064,Azwel,forward_diagonal,unresolved,unranked,,Unranked,0.09400000446476042,0.21200001006945968,0.2380000113043934,0.17500000831205398,,,1,,,,,,unknown_from_static_bytecode,unknown,False,True,high,MoveVM transition is gated by decoded direction predicate; packed move id resolves through this character's FLuxMoveBank buckets; predicate maps to diagonal movement; cell references are classified later by route trust; destination has a concrete motion id; local MOT section is non-empty,MoveVM transition is gated by decoded direction predicate; packed move id resolves through this character's FLuxMoveBank buckets; predicate maps to diagonal movement; cell references are classified later by route trust; destination has a concrete motion id; local MOT section is non-empty; decoded with confirmed channel stream DAT_143e83c00; offensive cells exist and no static return/recovery frame is known; unranked unless route is trusted basic movement and root motion is decoded with high confidence
064,Azwel,forward_step_candidate,unresolved,unranked,,Unranked,0.05900000280234963,0.20000000949949026,0.3570000169565901,0.5080000241287053,,,2,,,,,,unknown_from_static_bytecode,unknown,False,True,high,MoveVM transition is gated by decoded direction predicate; packed move id resolves through this character's FLuxMoveBank buckets; predicate maps to one primary direction; cell references are classified later by route trust; destination has a concrete motion id; local MOT section is non-empty,MoveVM transition is gated by decoded direction predicate; packed move id resolves through this character's FLuxMoveBank buckets; predicate maps to one primary direction; cell references are classified later by route trust; destination has a concrete motion id; local MOT section is non-empty; decoded with confirmed channel stream DAT_143e83c00; offensive cells exist and no static return/recovery frame is known; unranked unless route is trusted basic movement and root motion is decoded with high confidence
064,Azwel,sidestep_down_candidate,trusted_basic,rankable_static_distance,19.767,D,0.0,0.0,0.0,0.0,0.0,0.0,,,,,,,unknown_from_static_bytecode,unknown,True,False,high,MoveVM transition is gated by decoded direction predicate; packed move id resolves through this character's FLuxMoveBank buckets; predicate maps to one primary direction; cell references are classified later by route trust; destination has a concrete motion id; local MOT section is non-empty,MoveVM transition is gated by decoded direction predicate; packed move id resolves through this character's FLuxMoveBank buckets; predicate maps to one primary direction; cell references are classified later by route trust; destination has a concrete motion id; local MOT section is non-empty; decoded with confirmed channel stream DAT_143e83c00; direct movement predicate; same-bank route; root motion decoded; source is neutral-like; no active offensive cells on destination slot
064,Azwel,sidestep_up_candidate,unresolved,unranked,,Unranked,0.0,0.0,0.0,0.0,,,,,,,,,unknown_from_static_bytecode,unknown,False,True,high,MoveVM transition is gated by decoded direction predicate; packed move id resolves through this character's FLuxMoveBank buckets; predicate maps to one primary direction; cell references are classified later by route trust; destination has a concrete motion id; local MOT section is non-empty,MoveVM transition is gated by decoded direction predicate; packed move id resolves through this character's FLuxMoveBank buckets; predicate maps to one primary direction; cell references are classified later by route trust; destination has a concrete motion id; local MOT section is non-empty; decoded with confirmed channel stream DAT_143e83c00; offensive cells exist and no static return/recovery frame is known; unranked unless route is trusted basic movement and root motion is decoded with high confidence
065,Geralt,back_diagonal,unresolved,unknown_no_static_route,,Unranked,,,,,,,,,,,,,unknown_from_static_bytecode,unknown,False,False,unknown,no direction-gated route found for this movement type,no direction-gated route found for this movement type
065,Geralt,backstep_candidate,unresolved,unranked,,Unranked,0.33400001586414874,0.61600002925843,0.8670000411802903,1.1290000536246225,,,0,,,,,,unknown_from_static_bytecode,unknown,False,True,high,MoveVM transition is gated by decoded direction predicate; packed move id resolves through this character's FLuxMoveBank buckets; predicate maps to one primary direction; cell references are classified later by route trust; destination has a concrete motion id; local MOT section is non-empty,MoveVM transition is gated by decoded direction predicate; packed move id resolves through this character's FLuxMoveBank buckets; predicate maps to one primary direction; cell references are classified later by route trust; destination has a concrete motion id; local MOT section is non-empty; decoded with confirmed channel stream DAT_143e83c00; offensive cells exist and no static return/recovery frame is known; unranked unless route is trusted basic movement and root motion is decoded with high confidence
065,Geralt,eight_way_or_ambiguous,trusted_basic,rankable_static_distance,45.281,B,0.22100227292890257,0.45700986842785557,0.7002578429277294,0.8148405138880197,0.8164717161825469,0.8164717161825469,0,,,,,,unknown_from_static_bytecode,unknown,True,False,high,MoveVM transition is gated by decoded direction predicate; packed move id resolves through this character's FLuxMoveBank buckets; predicate is directional but ambiguous; cell references are classified later by route trust; destination has a concrete motion id; local MOT section is non-empty,MoveVM transition is gated by decoded direction predicate; packed move id resolves through this character's FLuxMoveBank buckets; predicate is directional but ambiguous; cell references are classified later by route trust; destination has a concrete motion id; local MOT section is non-empty; decoded with confirmed channel stream DAT_143e83c00; direct movement predicate; same-bank route; root motion decoded; source is neutral-like; no active offensive cells on destination slot
065,Geralt,forward_diagonal,trusted_basic,rankable_static_distance,57.63,B,0.11597414055590785,0.3712142414971412,0.6790029777526206,0.9781784555459498,2.2800003275924343,2.2800003275924343,0,,,,,,unknown_from_static_bytecode,unknown,True,False,high,MoveVM transition is gated by decoded direction predicate; packed move id resolves through this character's FLuxMoveBank buckets; predicate maps to diagonal movement; cell references are classified later by route trust; destination has a concrete motion id; local MOT section is non-empty,MoveVM transition is gated by decoded direction predicate; packed move id resolves through this character's FLuxMoveBank buckets; predicate maps to diagonal movement; cell references are classified later by route trust; destination has a concrete motion id; local MOT section is non-empty; decoded with confirmed channel stream DAT_143e83c00; direct movement predicate; same-bank route; root motion decoded; source is neutral-like; no active offensive cells on destination slot
065,Geralt,forward_step_candidate,unresolved,unranked,,Unranked,0.11000000522471964,0.37300001771654934,0.6730000319657847,0.9760000463575125,,,1,,,,,,unknown_from_static_bytecode,unknown,False,True,high,MoveVM transition is gated by decoded direction predicate; packed move id resolves through this character's FLuxMoveBank buckets; predicate maps to one primary direction; cell references are classified later by route trust; destination has a concrete motion id; local MOT section is non-empty,MoveVM transition is gated by decoded direction predicate; packed move id resolves through this character's FLuxMoveBank buckets; predicate maps to one primary direction; cell references are classified later by route trust; destination has a concrete motion id; local MOT section is non-empty; decoded with confirmed channel stream DAT_143e83c00; offensive cells exist and no static return/recovery frame is known; unranked unless route is trusted basic movement and root motion is decoded with high confidence
065,Geralt,sidestep_down_candidate,measured_but_not_basic,unranked,,Unranked,0.0,0.0,0.0,0.0,,,,,,,,,unknown_from_static_bytecode,unknown,False,False,high,MoveVM transition is gated by decoded direction predicate; packed move id resolves through this character's FLuxMoveBank buckets; predicate maps to one primary direction; cell references are classified later by route trust; destination has a concrete motion id; local MOT section is non-empty,MoveVM transition is gated by decoded direction predicate; packed move id resolves through this character's FLuxMoveBank buckets; predicate maps to one primary direction; cell references are classified later by route trust; destination has a concrete motion id; local MOT section is non-empty; decoded with confirmed channel stream DAT_143e83c00; source is not proven neutral or stance-root basic movement; unranked unless route is trusted basic movement and root motion is decoded with high confidence
065,Geralt,sidestep_up_candidate,unresolved,unranked,,Unranked,0.05200000246986747,0.0740000035148114,0.04400000208988786,0.02200000104494393,,,1,,,,,,unknown_from_static_bytecode,unknown,False,True,high,MoveVM transition is gated by decoded direction predicate; packed move id resolves through this character's FLuxMoveBank buckets; predicate maps to one primary direction; cell references are classified later by route trust; destination has a concrete motion id; local MOT section is non-empty,MoveVM transition is gated by decoded direction predicate; packed move id resolves through this character's FLuxMoveBank buckets; predicate maps to one primary direction; cell references are classified later by route trust; destination has a concrete motion id; local MOT section is non-empty; decoded with confirmed channel stream DAT_143e83c00; offensive cells exist and no static return/recovery frame is known; unranked unless route is trusted basic movement and root motion is decoded with high confidence
066,Unknown (cid 066),back_diagonal,unresolved,unknown_no_static_route,,Unranked,,,,,,,,,,,,,unknown_from_static_bytecode,unknown,False,False,unknown,no direction-gated route found for this movement type,no direction-gated route found for this movement type
066,Unknown (cid 066),backstep_candidate,unresolved,unranked,,Unranked,0.06300000299233943,0.15100000717211515,0.26000001234933734,0.3570000169565901,,,0,,,,,,unknown_from_static_bytecode,unknown,False,True,high,MoveVM transition is gated by decoded direction predicate; packed move id resolves through this character's FLuxMoveBank buckets; predicate maps to one primary direction; cell references are classified later by route trust; destination has a concrete motion id; local MOT section is non-empty,MoveVM transition is gated by decoded direction predicate; packed move id resolves through this character's FLuxMoveBank buckets; predicate maps to one primary direction; cell references are classified later by route trust; destination has a concrete motion id; local MOT section is non-empty; decoded with confirmed channel stream DAT_143e83c00; offensive cells exist and no static return/recovery frame is known; unranked unless route is trusted basic movement and root motion is decoded with high confidence
066,Unknown (cid 066),eight_way_or_ambiguous,trusted_basic,rankable_static_distance,38.985,C,0.16900000802706927,0.2960000140592456,0.42000001994892955,0.5330000253161415,0.7670000364305452,0.7670000364305452,0,,,,,,unknown_from_static_bytecode,unknown,True,False,high,MoveVM transition is gated by decoded direction predicate; packed move id resolves through this character's FLuxMoveBank buckets; predicate is directional but ambiguous; cell references are classified later by route trust; destination has a concrete motion id; local MOT section is non-empty,MoveVM transition is gated by decoded direction predicate; packed move id resolves through this character's FLuxMoveBank buckets; predicate is directional but ambiguous; cell references are classified later by route trust; destination has a concrete motion id; local MOT section is non-empty; decoded with confirmed channel stream DAT_143e83c00; direct movement predicate; same-bank route; root motion decoded; source is neutral-like; no active offensive cells on destination slot
066,Unknown (cid 066),forward_diagonal,unresolved,unknown_no_static_route,,Unranked,,,,,,,,,,,,,unknown_from_static_bytecode,unknown,False,False,unknown,no direction-gated route found for this movement type,no direction-gated route found for this movement type
066,Unknown (cid 066),forward_step_candidate,unresolved,unranked,,Unranked,0.0020000000949949026,0.12400000588968396,0.30300001439172775,0.4850000230362639,,,5,,,,,,unknown_from_static_bytecode,unknown,False,True,high,MoveVM transition is gated by decoded direction predicate; packed move id resolves through this character's FLuxMoveBank buckets; predicate maps to one primary direction; cell references are classified later by route trust; destination has a concrete motion id; local MOT section is non-empty,MoveVM transition is gated by decoded direction predicate; packed move id resolves through this character's FLuxMoveBank buckets; predicate maps to one primary direction; cell references are classified later by route trust; destination has a concrete motion id; local MOT section is non-empty; decoded with confirmed channel stream DAT_143e83c00; offensive cells exist and no static return/recovery frame is known; unranked unless route is trusted basic movement and root motion is decoded with high confidence
066,Unknown (cid 066),sidestep_down_candidate,trusted_basic,rankable_static_distance,39.116,B,0.0020000000949949026,0.00800000037997961,0.01500000071246177,0.02200000104494393,0.04000000189989805,0.04000000189989805,10,,,,,,unknown_from_static_bytecode,unknown,True,False,high,MoveVM transition is gated by decoded direction predicate; packed move id resolves through this character's FLuxMoveBank buckets; predicate maps to one primary direction; cell references are classified later by route trust; destination has a concrete motion id; local MOT section is non-empty,MoveVM transition is gated by decoded direction predicate; packed move id resolves through this character's FLuxMoveBank buckets; predicate maps to one primary direction; cell references are classified later by route trust; destination has a concrete motion id; local MOT section is non-empty; decoded with confirmed channel stream DAT_143e83c00; direct movement predicate; same-bank route; root motion decoded; source is neutral-like; no active offensive cells on destination slot
066,Unknown (cid 066),sidestep_up_candidate,unresolved,unranked,,Unranked,0.20400000968948007,0.41800001985393465,0.4870000231312588,0.49200002336874604,,,0,,,,,,unknown_from_static_bytecode,unknown,False,True,high,MoveVM transition is gated by decoded direction predicate; packed move id resolves through this character's FLuxMoveBank buckets; predicate maps to one primary direction; cell references are classified later by route trust; destination has a concrete motion id; local MOT section is non-empty,MoveVM transition is gated by decoded direction predicate; packed move id resolves through this character's FLuxMoveBank buckets; predicate maps to one primary direction; cell references are classified later by route trust; destination has a concrete motion id; local MOT section is non-empty; decoded with confirmed channel stream DAT_143e83c00; offensive cells exist and no static return/recovery frame is known; unranked unless route is trusted basic movement and root motion is decoded with high confidence
