cid,character,movement_type,src_slot,dst_slot,frame,edge_dst_bank,edge_dst_slot,predicate_text,recovery_role,dst_cell_role_summary,confidence,reason
001,Mitsurugi,backstep_candidate,261,263,,,,,unknown_from_static_bytecode,,unknown,no static frame edges found
001,Mitsurugi,backstep_candidate,372,374,,,,,unknown_from_static_bytecode,,unknown,no static frame edges found
001,Mitsurugi,backstep_candidate,418,419,,,,,unknown_from_static_bytecode,,unknown,no static frame edges found
001,Mitsurugi,backstep_candidate,406,418,,,,,unknown_from_static_bytecode,,unknown,no static frame edges found
001,Mitsurugi,backstep_candidate,413,418,,,,,unknown_from_static_bytecode,,unknown,no static frame edges found
001,Mitsurugi,backstep_candidate,414,418,,,,,unknown_from_static_bytecode,,unknown,no static frame edges found
001,Mitsurugi,backstep_candidate,415,418,,,,,unknown_from_static_bytecode,,unknown,no static frame edges found
001,Mitsurugi,backstep_candidate,416,418,,,,,unknown_from_static_bytecode,,unknown,no static frame edges found
001,Mitsurugi,backstep_candidate,418,418,,,,,unknown_from_static_bytecode,,unknown,no static frame edges found
001,Mitsurugi,backstep_candidate,418,420,,,,,unknown_from_static_bytecode,,unknown,no static frame edges found
001,Mitsurugi,backstep_candidate,418,421,,,,,unknown_from_static_bytecode,,unknown,no static frame edges found
001,Mitsurugi,backstep_candidate,1974,1608,,,,,unknown_from_static_bytecode,,unknown,no static frame edges found
001,Mitsurugi,backstep_candidate,268,269,,,,,unknown_from_static_bytecode,,unknown,no static frame edges found
001,Mitsurugi,backstep_candidate,361,362,,,,,unknown_from_static_bytecode,,unknown,no static frame edges found
001,Mitsurugi,backstep_candidate,474,476,,,,,unknown_from_static_bytecode,,unknown,no static frame edges found
001,Mitsurugi,backstep_candidate,258,259,,,,,unknown_from_static_bytecode,,unknown,no static frame edges found
001,Mitsurugi,backstep_candidate,465,474,,,,,unknown_from_static_bytecode,,unknown,no static frame edges found
001,Mitsurugi,backstep_candidate,474,475,,,,,unknown_from_static_bytecode,,unknown,no static frame edges found
001,Mitsurugi,backstep_candidate,1975,2277,,,,,unknown_from_static_bytecode,,unknown,no static frame edges found
001,Mitsurugi,backstep_candidate,2108,2283,,,,,unknown_from_static_bytecode,,unknown,no static frame edges found
001,Mitsurugi,backstep_candidate,2110,2283,,,,,unknown_from_static_bytecode,,unknown,no static frame edges found
001,Mitsurugi,backstep_candidate,2164,2286,,,,,unknown_from_static_bytecode,,unknown,no static frame edges found
001,Mitsurugi,backstep_candidate,2203,2288,,,,,unknown_from_static_bytecode,,unknown,no static frame edges found
001,Mitsurugi,eight_way_or_ambiguous,161,164,,,,,unknown_from_static_bytecode,,unknown,no static frame edges found
001,Mitsurugi,eight_way_or_ambiguous,374,463,,,,,unknown_from_static_bytecode,,unknown,no static frame edges found
001,Mitsurugi,eight_way_or_ambiguous,406,424,,,,,unknown_from_static_bytecode,,unknown,no static frame edges found
001,Mitsurugi,eight_way_or_ambiguous,413,424,,,,,unknown_from_static_bytecode,,unknown,no static frame edges found
001,Mitsurugi,eight_way_or_ambiguous,414,424,,,,,unknown_from_static_bytecode,,unknown,no static frame edges found
001,Mitsurugi,eight_way_or_ambiguous,415,424,,,,,unknown_from_static_bytecode,,unknown,no static frame edges found
001,Mitsurugi,eight_way_or_ambiguous,416,424,,,,,unknown_from_static_bytecode,,unknown,no static frame edges found
001,Mitsurugi,eight_way_or_ambiguous,418,424,,,,,unknown_from_static_bytecode,,unknown,no static frame edges found
001,Mitsurugi,eight_way_or_ambiguous,439,436,,,,,unknown_from_static_bytecode,,unknown,no static frame edges found
001,Mitsurugi,eight_way_or_ambiguous,2885,424,,,,,unknown_from_static_bytecode,,unknown,no static frame edges found
001,Mitsurugi,eight_way_or_ambiguous,2886,424,,,,,unknown_from_static_bytecode,,unknown,no static frame edges found
001,Mitsurugi,eight_way_or_ambiguous,424,425,,,,,unknown_from_static_bytecode,,unknown,no static frame edges found
001,Mitsurugi,eight_way_or_ambiguous,424,425,,,,,unknown_from_static_bytecode,,unknown,no static frame edges found
001,Mitsurugi,eight_way_or_ambiguous,2889,456,,,,,unknown_from_static_bytecode,,unknown,no static frame edges found
001,Mitsurugi,eight_way_or_ambiguous,2891,456,,,,,unknown_from_static_bytecode,,unknown,no static frame edges found
001,Mitsurugi,forward_diagonal,406,427,,,,,unknown_from_static_bytecode,,unknown,no static frame edges found
001,Mitsurugi,forward_diagonal,413,427,,,,,unknown_from_static_bytecode,,unknown,no static frame edges found
001,Mitsurugi,forward_diagonal,414,427,,,,,unknown_from_static_bytecode,,unknown,no static frame edges found
001,Mitsurugi,forward_diagonal,415,427,,,,,unknown_from_static_bytecode,,unknown,no static frame edges found
001,Mitsurugi,forward_diagonal,416,427,,,,,unknown_from_static_bytecode,,unknown,no static frame edges found
001,Mitsurugi,forward_diagonal,418,427,,,,,unknown_from_static_bytecode,,unknown,no static frame edges found
001,Mitsurugi,forward_diagonal,314,315,,,,,unknown_from_static_bytecode,,unknown,no static frame edges found
001,Mitsurugi,forward_diagonal,2885,427,,,,,unknown_from_static_bytecode,,unknown,no static frame edges found
001,Mitsurugi,forward_diagonal,2886,427,,,,,unknown_from_static_bytecode,,unknown,no static frame edges found
001,Mitsurugi,forward_diagonal,2889,462,,,,,unknown_from_static_bytecode,,unknown,no static frame edges found
001,Mitsurugi,forward_diagonal,2891,462,,,,,unknown_from_static_bytecode,,unknown,no static frame edges found
001,Mitsurugi,forward_step_candidate,363,366,,,,,unknown_from_static_bytecode,,unknown,no static frame edges found
001,Mitsurugi,forward_step_candidate,447,451,,,,,unknown_from_static_bytecode,,unknown,no static frame edges found
001,Mitsurugi,forward_step_candidate,406,422,,,,,unknown_from_static_bytecode,,unknown,no static frame edges found
001,Mitsurugi,forward_step_candidate,413,422,,,,,unknown_from_static_bytecode,,unknown,no static frame edges found
001,Mitsurugi,forward_step_candidate,414,422,,,,,unknown_from_static_bytecode,,unknown,no static frame edges found
001,Mitsurugi,forward_step_candidate,415,422,,,,,unknown_from_static_bytecode,,unknown,no static frame edges found
001,Mitsurugi,forward_step_candidate,416,422,,,,,unknown_from_static_bytecode,,unknown,no static frame edges found
001,Mitsurugi,forward_step_candidate,418,418,,,,,unknown_from_static_bytecode,,unknown,no static frame edges found
001,Mitsurugi,forward_step_candidate,418,423,,,,,unknown_from_static_bytecode,,unknown,no static frame edges found
001,Mitsurugi,forward_step_candidate,447,448,,,,,unknown_from_static_bytecode,,unknown,no static frame edges found
001,Mitsurugi,forward_step_candidate,1974,1608,,,,,unknown_from_static_bytecode,,unknown,no static frame edges found
001,Mitsurugi,forward_step_candidate,168,385,,,,,unknown_from_static_bytecode,,unknown,no static frame edges found
001,Mitsurugi,forward_step_candidate,271,272,,,,,unknown_from_static_bytecode,,unknown,no static frame edges found
001,Mitsurugi,forward_step_candidate,271,273,,,,,unknown_from_static_bytecode,,unknown,no static frame edges found
001,Mitsurugi,forward_step_candidate,280,436,,,,,unknown_from_static_bytecode,,unknown,no static frame edges found
001,Mitsurugi,forward_step_candidate,298,301,,,,,unknown_from_static_bytecode,,unknown,no static frame edges found
001,Mitsurugi,forward_step_candidate,300,302,,,,,unknown_from_static_bytecode,,unknown,no static frame edges found
001,Mitsurugi,forward_step_candidate,300,303,,,,,unknown_from_static_bytecode,,unknown,no static frame edges found
001,Mitsurugi,forward_step_candidate,400,401,,,,,unknown_from_static_bytecode,,unknown,no static frame edges found
001,Mitsurugi,forward_step_candidate,402,403,,,,,unknown_from_static_bytecode,,unknown,no static frame edges found
001,Mitsurugi,forward_step_candidate,454,455,,,,,unknown_from_static_bytecode,,unknown,no static frame edges found
001,Mitsurugi,forward_step_candidate,2885,418,,,,,unknown_from_static_bytecode,,unknown,no static frame edges found
001,Mitsurugi,forward_step_candidate,2885,423,,,,,unknown_from_static_bytecode,,unknown,no static frame edges found
001,Mitsurugi,forward_step_candidate,2886,418,,,,,unknown_from_static_bytecode,,unknown,no static frame edges found
001,Mitsurugi,forward_step_candidate,2886,423,,,,,unknown_from_static_bytecode,,unknown,no static frame edges found
001,Mitsurugi,forward_step_candidate,2889,446,,,,,unknown_from_static_bytecode,,unknown,no static frame edges found
001,Mitsurugi,forward_step_candidate,2889,454,,,,,unknown_from_static_bytecode,,unknown,no static frame edges found
001,Mitsurugi,forward_step_candidate,2891,446,,,,,unknown_from_static_bytecode,,unknown,no static frame edges found
001,Mitsurugi,forward_step_candidate,2891,454,,,,,unknown_from_static_bytecode,,unknown,no static frame edges found
001,Mitsurugi,forward_step_candidate,2892,396,,,,,unknown_from_static_bytecode,,unknown,no static frame edges found
001,Mitsurugi,forward_step_candidate,2892,404,,,,,unknown_from_static_bytecode,,unknown,no static frame edges found
001,Mitsurugi,forward_step_candidate,1975,2277,,,,,unknown_from_static_bytecode,,unknown,no static frame edges found
001,Mitsurugi,forward_step_candidate,2108,2283,,,,,unknown_from_static_bytecode,,unknown,no static frame edges found
001,Mitsurugi,forward_step_candidate,2110,2283,,,,,unknown_from_static_bytecode,,unknown,no static frame edges found
001,Mitsurugi,forward_step_candidate,2165,2286,,,,,unknown_from_static_bytecode,,unknown,no static frame edges found
001,Mitsurugi,forward_step_candidate,2205,2288,,,,,unknown_from_static_bytecode,,unknown,no static frame edges found
001,Mitsurugi,sidestep_down_candidate,406,428,,,,,unknown_from_static_bytecode,,unknown,no static frame edges found
001,Mitsurugi,sidestep_down_candidate,406,433,,,,,unknown_from_static_bytecode,,unknown,no static frame edges found
001,Mitsurugi,sidestep_down_candidate,410,433,,,,,unknown_from_static_bytecode,,unknown,no static frame edges found
001,Mitsurugi,sidestep_down_candidate,411,433,,,,,unknown_from_static_bytecode,,unknown,no static frame edges found
001,Mitsurugi,sidestep_down_candidate,412,433,,,,,unknown_from_static_bytecode,,unknown,no static frame edges found
001,Mitsurugi,sidestep_down_candidate,413,428,,,,,unknown_from_static_bytecode,,unknown,no static frame edges found
001,Mitsurugi,sidestep_down_candidate,414,428,,,,,unknown_from_static_bytecode,,unknown,no static frame edges found
001,Mitsurugi,sidestep_down_candidate,415,428,,,,,unknown_from_static_bytecode,,unknown,no static frame edges found
001,Mitsurugi,sidestep_down_candidate,416,428,,,,,unknown_from_static_bytecode,,unknown,no static frame edges found
001,Mitsurugi,sidestep_down_candidate,417,433,,,,,unknown_from_static_bytecode,,unknown,no static frame edges found
001,Mitsurugi,sidestep_down_candidate,418,428,,,,,unknown_from_static_bytecode,,unknown,no static frame edges found
001,Mitsurugi,sidestep_down_candidate,447,463,,,,,unknown_from_static_bytecode,,unknown,no static frame edges found
001,Mitsurugi,sidestep_down_candidate,407,433,,,,,unknown_from_static_bytecode,,unknown,no static frame edges found
001,Mitsurugi,sidestep_down_candidate,420,433,,,,,unknown_from_static_bytecode,,unknown,no static frame edges found
001,Mitsurugi,sidestep_down_candidate,421,433,,,,,unknown_from_static_bytecode,,unknown,no static frame edges found
001,Mitsurugi,sidestep_down_candidate,451,433,,,,,unknown_from_static_bytecode,,unknown,no static frame edges found
001,Mitsurugi,sidestep_down_candidate,462,433,,,,,unknown_from_static_bytecode,,unknown,no static frame edges found
001,Mitsurugi,sidestep_down_candidate,469,6,,,,,unknown_from_static_bytecode,,unknown,no static frame edges found
001,Mitsurugi,sidestep_down_candidate,1440,1420,,,,,unknown_from_static_bytecode,,unknown,no static frame edges found
001,Mitsurugi,sidestep_down_candidate,2556,469,,,,,unknown_from_static_bytecode,,unknown,no static frame edges found
001,Mitsurugi,sidestep_down_candidate,2556,469,,,,,unknown_from_static_bytecode,,unknown,no static frame edges found
001,Mitsurugi,sidestep_down_candidate,2885,428,,,,,unknown_from_static_bytecode,,unknown,no static frame edges found
001,Mitsurugi,sidestep_down_candidate,2887,437,,,,,unknown_from_static_bytecode,,unknown,no static frame edges found
001,Mitsurugi,sidestep_down_candidate,2889,463,,,,,unknown_from_static_bytecode,,unknown,no static frame edges found
001,Mitsurugi,sidestep_down_candidate,2893,396,,,,,unknown_from_static_bytecode,,unknown,no static frame edges found
001,Mitsurugi,sidestep_down_candidate,2893,400,,,,,unknown_from_static_bytecode,,unknown,no static frame edges found
001,Mitsurugi,sidestep_up_candidate,406,423,,,,,unknown_from_static_bytecode,,unknown,no static frame edges found
001,Mitsurugi,sidestep_up_candidate,413,423,,,,,unknown_from_static_bytecode,,unknown,no static frame edges found
001,Mitsurugi,sidestep_up_candidate,414,423,,,,,unknown_from_static_bytecode,,unknown,no static frame edges found
001,Mitsurugi,sidestep_up_candidate,415,423,,,,,unknown_from_static_bytecode,,unknown,no static frame edges found
001,Mitsurugi,sidestep_up_candidate,416,423,,,,,unknown_from_static_bytecode,,unknown,no static frame edges found
001,Mitsurugi,sidestep_up_candidate,418,422,,,,,unknown_from_static_bytecode,,unknown,no static frame edges found
001,Mitsurugi,sidestep_up_candidate,404,405,,,,,unknown_from_static_bytecode,,unknown,no static frame edges found
001,Mitsurugi,sidestep_up_candidate,2885,422,,,,,unknown_from_static_bytecode,,unknown,no static frame edges found
001,Mitsurugi,sidestep_up_candidate,2886,422,,,,,unknown_from_static_bytecode,,unknown,no static frame edges found
001,Mitsurugi,sidestep_up_candidate,2892,400,,,,,unknown_from_static_bytecode,,unknown,no static frame edges found
002,Seong Mi-na,backstep_candidate,258,259,,,,,unknown_from_static_bytecode,,unknown,no static frame edges found
002,Seong Mi-na,backstep_candidate,267,270,,,,,unknown_from_static_bytecode,,unknown,no static frame edges found
002,Seong Mi-na,backstep_candidate,283,284,,,,,unknown_from_static_bytecode,,unknown,no static frame edges found
002,Seong Mi-na,backstep_candidate,343,344,,,,,unknown_from_static_bytecode,,unknown,no static frame edges found
002,Seong Mi-na,backstep_candidate,443,455,,,,,unknown_from_static_bytecode,,unknown,no static frame edges found
002,Seong Mi-na,backstep_candidate,1949,1583,,,,,unknown_from_static_bytecode,,unknown,no static frame edges found
002,Seong Mi-na,backstep_candidate,1950,2252,,,,,unknown_from_static_bytecode,,unknown,no static frame edges found
002,Seong Mi-na,backstep_candidate,2083,2258,,,,,unknown_from_static_bytecode,,unknown,no static frame edges found
002,Seong Mi-na,backstep_candidate,2085,2258,,,,,unknown_from_static_bytecode,,unknown,no static frame edges found
002,Seong Mi-na,backstep_candidate,2139,2261,,,,,unknown_from_static_bytecode,,unknown,no static frame edges found
002,Seong Mi-na,backstep_candidate,2178,2263,,,,,unknown_from_static_bytecode,,unknown,no static frame edges found
002,Seong Mi-na,eight_way_or_ambiguous,161,164,,,,,unknown_from_static_bytecode,,unknown,no static frame edges found
002,Seong Mi-na,eight_way_or_ambiguous,312,316,,,,,unknown_from_static_bytecode,,unknown,no static frame edges found
002,Seong Mi-na,eight_way_or_ambiguous,2859,430,,,,,unknown_from_static_bytecode,,unknown,no static frame edges found
002,Seong Mi-na,eight_way_or_ambiguous,2859,431,,,,,unknown_from_static_bytecode,,unknown,no static frame edges found
002,Seong Mi-na,eight_way_or_ambiguous,2860,434,,,,,unknown_from_static_bytecode,,unknown,no static frame edges found
002,Seong Mi-na,eight_way_or_ambiguous,2860,435,,,,,unknown_from_static_bytecode,,unknown,no static frame edges found
002,Seong Mi-na,forward_diagonal,392,393,,,,,unknown_from_static_bytecode,,unknown,no static frame edges found
002,Seong Mi-na,forward_diagonal,397,398,,,,,unknown_from_static_bytecode,,unknown,no static frame edges found
002,Seong Mi-na,forward_diagonal,399,400,,,,,unknown_from_static_bytecode,,unknown,no static frame edges found
002,Seong Mi-na,forward_diagonal,2859,432,,,,,unknown_from_static_bytecode,,unknown,no static frame edges found
002,Seong Mi-na,forward_diagonal,2860,436,,,,,unknown_from_static_bytecode,,unknown,no static frame edges found
002,Seong Mi-na,forward_step_candidate,258,260,,,,,unknown_from_static_bytecode,,unknown,no static frame edges found
002,Seong Mi-na,forward_step_candidate,274,275,,,,,unknown_from_static_bytecode,,unknown,no static frame edges found
002,Seong Mi-na,forward_step_candidate,335,336,,,,,unknown_from_static_bytecode,,unknown,no static frame edges found
002,Seong Mi-na,forward_step_candidate,358,359,,,,,unknown_from_static_bytecode,,unknown,no static frame edges found
002,Seong Mi-na,forward_step_candidate,378,379,,,,,unknown_from_static_bytecode,,unknown,no static frame edges found
002,Seong Mi-na,forward_step_candidate,443,453,,,,,unknown_from_static_bytecode,,unknown,no static frame edges found
002,Seong Mi-na,forward_step_candidate,1949,1583,,,,,unknown_from_static_bytecode,,unknown,no static frame edges found
002,Seong Mi-na,forward_step_candidate,168,402,,,,,unknown_from_static_bytecode,,unknown,no static frame edges found
002,Seong Mi-na,forward_step_candidate,311,313,,,,,unknown_from_static_bytecode,,unknown,no static frame edges found
002,Seong Mi-na,forward_step_candidate,412,413,,,,,unknown_from_static_bytecode,,unknown,no static frame edges found
002,Seong Mi-na,forward_step_candidate,413,414,,,,,unknown_from_static_bytecode,,unknown,no static frame edges found
002,Seong Mi-na,forward_step_candidate,453,454,,,,,unknown_from_static_bytecode,,unknown,no static frame edges found
002,Seong Mi-na,forward_step_candidate,1950,2252,,,,,unknown_from_static_bytecode,,unknown,no static frame edges found
002,Seong Mi-na,forward_step_candidate,2083,2258,,,,,unknown_from_static_bytecode,,unknown,no static frame edges found
002,Seong Mi-na,forward_step_candidate,2085,2258,,,,,unknown_from_static_bytecode,,unknown,no static frame edges found
002,Seong Mi-na,forward_step_candidate,2140,2261,,,,,unknown_from_static_bytecode,,unknown,no static frame edges found
002,Seong Mi-na,forward_step_candidate,2180,2263,,,,,unknown_from_static_bytecode,,unknown,no static frame edges found
002,Seong Mi-na,sidestep_down_candidate,358,360,,,,,unknown_from_static_bytecode,,unknown,no static frame edges found
002,Seong Mi-na,sidestep_down_candidate,448,6,,,,,unknown_from_static_bytecode,,unknown,no static frame edges found
002,Seong Mi-na,sidestep_down_candidate,1415,1395,,,,,unknown_from_static_bytecode,,unknown,no static frame edges found
002,Seong Mi-na,sidestep_down_candidate,2531,448,,,,,unknown_from_static_bytecode,,unknown,no static frame edges found
002,Seong Mi-na,sidestep_down_candidate,2531,448,,,,,unknown_from_static_bytecode,,unknown,no static frame edges found
002,Seong Mi-na,sidestep_down_candidate,2856,390,,,,,unknown_from_static_bytecode,,unknown,no static frame edges found
002,Seong Mi-na,sidestep_down_candidate,2856,390,,,,,unknown_from_static_bytecode,,unknown,no static frame edges found
002,Seong Mi-na,sidestep_down_candidate,2856,397,,,,,unknown_from_static_bytecode,,unknown,no static frame edges found
002,Seong Mi-na,sidestep_up_candidate,383,384,,,,,unknown_from_static_bytecode,,unknown,no static frame edges found
003,Taki,back_diagonal,486,493,,,,,unknown_from_static_bytecode,,unknown,no static frame edges found
003,Taki,back_diagonal,526,430,,,,,unknown_from_static_bytecode,,unknown,no static frame edges found
003,Taki,back_diagonal,305,430,,,,,unknown_from_static_bytecode,,unknown,no static frame edges found
003,Taki,back_diagonal,369,430,,,,,unknown_from_static_bytecode,,unknown,no static frame edges found
003,Taki,back_diagonal,378,430,,,,,unknown_from_static_bytecode,,unknown,no static frame edges found
003,Taki,back_diagonal,416,430,,,,,unknown_from_static_bytecode,,unknown,no static frame edges found
003,Taki,backstep_candidate,273,274,,,,,unknown_from_static_bytecode,,unknown,no static frame edges found
003,Taki,backstep_candidate,289,290,,,,,unknown_from_static_bytecode,,unknown,no static frame edges found
003,Taki,backstep_candidate,483,495,,,,,unknown_from_static_bytecode,,unknown,no static frame edges found
003,Taki,backstep_candidate,483,498,,,,,unknown_from_static_bytecode,,unknown,no static frame edges found
003,Taki,backstep_candidate,484,486,,,,,unknown_from_static_bytecode,,unknown,no static frame edges found
003,Taki,backstep_candidate,484,495,,,,,unknown_from_static_bytecode,,unknown,no static frame edges found
003,Taki,backstep_candidate,484,498,,,,,unknown_from_static_bytecode,,unknown,no static frame edges found
003,Taki,backstep_candidate,485,486,,,,,unknown_from_static_bytecode,,unknown,no static frame edges found
003,Taki,backstep_candidate,485,495,,,,,unknown_from_static_bytecode,,unknown,no static frame edges found
003,Taki,backstep_candidate,485,498,,,,,unknown_from_static_bytecode,,unknown,no static frame edges found
003,Taki,backstep_candidate,516,519,,,,,unknown_from_static_bytecode,,unknown,no static frame edges found
003,Taki,backstep_candidate,517,520,,,,,unknown_from_static_bytecode,,unknown,no static frame edges found
003,Taki,backstep_candidate,526,530,,,,,unknown_from_static_bytecode,,unknown,no static frame edges found
003,Taki,backstep_candidate,526,530,,,,,unknown_from_static_bytecode,,unknown,no static frame edges found
003,Taki,backstep_candidate,559,569,,,,,unknown_from_static_bytecode,,unknown,no static frame edges found
003,Taki,backstep_candidate,569,570,,,,,unknown_from_static_bytecode,,unknown,no static frame edges found
003,Taki,backstep_candidate,271,520,,,,,unknown_from_static_bytecode,,unknown,no static frame edges found
003,Taki,backstep_candidate,272,519,,,,,unknown_from_static_bytecode,,unknown,no static frame edges found
003,Taki,backstep_candidate,305,530,,,,,unknown_from_static_bytecode,,unknown,no static frame edges found
003,Taki,backstep_candidate,305,530,,,,,unknown_from_static_bytecode,,unknown,no static frame edges found
003,Taki,backstep_candidate,338,486,,,,,unknown_from_static_bytecode,,unknown,no static frame edges found
003,Taki,backstep_candidate,338,495,,,,,unknown_from_static_bytecode,,unknown,no static frame edges found
003,Taki,backstep_candidate,338,498,,,,,unknown_from_static_bytecode,,unknown,no static frame edges found
003,Taki,backstep_candidate,340,486,,,,,unknown_from_static_bytecode,,unknown,no static frame edges found
003,Taki,backstep_candidate,340,495,,,,,unknown_from_static_bytecode,,unknown,no static frame edges found
003,Taki,backstep_candidate,340,498,,,,,unknown_from_static_bytecode,,unknown,no static frame edges found
003,Taki,backstep_candidate,369,530,,,,,unknown_from_static_bytecode,,unknown,no static frame edges found
003,Taki,backstep_candidate,369,530,,,,,unknown_from_static_bytecode,,unknown,no static frame edges found
003,Taki,backstep_candidate,378,530,,,,,unknown_from_static_bytecode,,unknown,no static frame edges found
003,Taki,backstep_candidate,378,530,,,,,unknown_from_static_bytecode,,unknown,no static frame edges found
003,Taki,backstep_candidate,412,415,,,,,unknown_from_static_bytecode,,unknown,no static frame edges found
003,Taki,backstep_candidate,414,415,,,,,unknown_from_static_bytecode,,unknown,no static frame edges found
003,Taki,backstep_candidate,416,530,,,,,unknown_from_static_bytecode,,unknown,no static frame edges found
003,Taki,backstep_candidate,416,530,,,,,unknown_from_static_bytecode,,unknown,no static frame edges found
003,Taki,backstep_candidate,418,520,,,,,unknown_from_static_bytecode,,unknown,no static frame edges found
003,Taki,backstep_candidate,419,519,,,,,unknown_from_static_bytecode,,unknown,no static frame edges found
003,Taki,backstep_candidate,452,454,,,,,unknown_from_static_bytecode,,unknown,no static frame edges found
003,Taki,backstep_candidate,453,454,,,,,unknown_from_static_bytecode,,unknown,no static frame edges found
003,Taki,backstep_candidate,523,415,,,,,unknown_from_static_bytecode,,unknown,no static frame edges found
003,Taki,backstep_candidate,525,415,,,,,unknown_from_static_bytecode,,unknown,no static frame edges found
003,Taki,backstep_candidate,534,536,,,,,unknown_from_static_bytecode,,unknown,no static frame edges found
003,Taki,backstep_candidate,549,520,,,,,unknown_from_static_bytecode,,unknown,no static frame edges found
003,Taki,backstep_candidate,550,519,,,,,unknown_from_static_bytecode,,unknown,no static frame edges found
003,Taki,backstep_candidate,2978,470,,,,,unknown_from_static_bytecode,,unknown,no static frame edges found
003,Taki,backstep_candidate,2978,486,,,,,unknown_from_static_bytecode,,unknown,no static frame edges found
003,Taki,backstep_candidate,2978,495,,,,,unknown_from_static_bytecode,,unknown,no static frame edges found
003,Taki,backstep_candidate,2978,498,,,,,unknown_from_static_bytecode,,unknown,no static frame edges found
003,Taki,backstep_candidate,2979,470,,,,,unknown_from_static_bytecode,,unknown,no static frame edges found
003,Taki,backstep_candidate,2979,486,,,,,unknown_from_static_bytecode,,unknown,no static frame edges found
003,Taki,backstep_candidate,2979,495,,,,,unknown_from_static_bytecode,,unknown,no static frame edges found
003,Taki,backstep_candidate,2979,498,,,,,unknown_from_static_bytecode,,unknown,no static frame edges found
003,Taki,backstep_candidate,2981,507,,,,,unknown_from_static_bytecode,,unknown,no static frame edges found
003,Taki,backstep_candidate,2984,544,,,,,unknown_from_static_bytecode,,unknown,no static frame edges found
003,Taki,backstep_candidate,2071,1705,,,,,unknown_from_static_bytecode,,unknown,no static frame edges found
003,Taki,backstep_candidate,2072,2374,,,,,unknown_from_static_bytecode,,unknown,no static frame edges found
003,Taki,backstep_candidate,2205,2380,,,,,unknown_from_static_bytecode,,unknown,no static frame edges found
003,Taki,backstep_candidate,2207,2380,,,,,unknown_from_static_bytecode,,unknown,no static frame edges found
003,Taki,backstep_candidate,2261,2383,,,,,unknown_from_static_bytecode,,unknown,no static frame edges found
003,Taki,backstep_candidate,2300,2385,,,,,unknown_from_static_bytecode,,unknown,no static frame edges found
003,Taki,eight_way_or_ambiguous,161,164,,,,,unknown_from_static_bytecode,,unknown,no static frame edges found
003,Taki,eight_way_or_ambiguous,2978,479,,,,,unknown_from_static_bytecode,,unknown,no static frame edges found
003,Taki,eight_way_or_ambiguous,2979,479,,,,,unknown_from_static_bytecode,,unknown,no static frame edges found
003,Taki,forward_diagonal,327,329,,,,,unknown_from_static_bytecode,,unknown,no static frame edges found
003,Taki,forward_diagonal,374,378,,,,,unknown_from_static_bytecode,,unknown,no static frame edges found
003,Taki,forward_diagonal,486,526,,,,,unknown_from_static_bytecode,,unknown,no static frame edges found
003,Taki,forward_diagonal,526,527,,,,,unknown_from_static_bytecode,,unknown,no static frame edges found
003,Taki,forward_diagonal,559,573,,,,,unknown_from_static_bytecode,,unknown,no static frame edges found
003,Taki,forward_diagonal,304,305,,,,,unknown_from_static_bytecode,,unknown,no static frame edges found
003,Taki,forward_diagonal,305,527,,,,,unknown_from_static_bytecode,,unknown,no static frame edges found
003,Taki,forward_diagonal,367,369,,,,,unknown_from_static_bytecode,,unknown,no static frame edges found
003,Taki,forward_diagonal,369,527,,,,,unknown_from_static_bytecode,,unknown,no static frame edges found
003,Taki,forward_diagonal,375,378,,,,,unknown_from_static_bytecode,,unknown,no static frame edges found
003,Taki,forward_diagonal,376,378,,,,,unknown_from_static_bytecode,,unknown,no static frame edges found
003,Taki,forward_diagonal,378,527,,,,,unknown_from_static_bytecode,,unknown,no static frame edges found
003,Taki,forward_diagonal,416,527,,,,,unknown_from_static_bytecode,,unknown,no static frame edges found
003,Taki,forward_diagonal,2978,480,,,,,unknown_from_static_bytecode,,unknown,no static frame edges found
003,Taki,forward_diagonal,2979,480,,,,,unknown_from_static_bytecode,,unknown,no static frame edges found
003,Taki,forward_step_candidate,273,277,,,,,unknown_from_static_bytecode,,unknown,no static frame edges found
003,Taki,forward_step_candidate,289,293,,,,,unknown_from_static_bytecode,,unknown,no static frame edges found
003,Taki,forward_step_candidate,293,296,,,,,unknown_from_static_bytecode,,unknown,no static frame edges found
003,Taki,forward_step_candidate,483,487,,,,,unknown_from_static_bytecode,,unknown,no static frame edges found
003,Taki,forward_step_candidate,483,501,,,,,unknown_from_static_bytecode,,unknown,no static frame edges found
003,Taki,forward_step_candidate,483,501,,,,,unknown_from_static_bytecode,,unknown,no static frame edges found
003,Taki,forward_step_candidate,484,487,,,,,unknown_from_static_bytecode,,unknown,no static frame edges found
003,Taki,forward_step_candidate,484,501,,,,,unknown_from_static_bytecode,,unknown,no static frame edges found
003,Taki,forward_step_candidate,484,501,,,,,unknown_from_static_bytecode,,unknown,no static frame edges found
003,Taki,forward_step_candidate,485,487,,,,,unknown_from_static_bytecode,,unknown,no static frame edges found
003,Taki,forward_step_candidate,485,501,,,,,unknown_from_static_bytecode,,unknown,no static frame edges found
003,Taki,forward_step_candidate,485,501,,,,,unknown_from_static_bytecode,,unknown,no static frame edges found
003,Taki,forward_step_candidate,516,521,,,,,unknown_from_static_bytecode,,unknown,no static frame edges found
003,Taki,forward_step_candidate,517,521,,,,,unknown_from_static_bytecode,,unknown,no static frame edges found
003,Taki,forward_step_candidate,526,531,,,,,unknown_from_static_bytecode,,unknown,no static frame edges found
003,Taki,forward_step_candidate,526,531,,,,,unknown_from_static_bytecode,,unknown,no static frame edges found
003,Taki,forward_step_candidate,168,425,,,,,unknown_from_static_bytecode,,unknown,no static frame edges found
003,Taki,forward_step_candidate,271,521,,,,,unknown_from_static_bytecode,,unknown,no static frame edges found
003,Taki,forward_step_candidate,272,521,,,,,unknown_from_static_bytecode,,unknown,no static frame edges found
003,Taki,forward_step_candidate,300,301,,,,,unknown_from_static_bytecode,,unknown,no static frame edges found
003,Taki,forward_step_candidate,305,531,,,,,unknown_from_static_bytecode,,unknown,no static frame edges found
003,Taki,forward_step_candidate,305,531,,,,,unknown_from_static_bytecode,,unknown,no static frame edges found
003,Taki,forward_step_candidate,338,487,,,,,unknown_from_static_bytecode,,unknown,no static frame edges found
003,Taki,forward_step_candidate,338,501,,,,,unknown_from_static_bytecode,,unknown,no static frame edges found
003,Taki,forward_step_candidate,338,501,,,,,unknown_from_static_bytecode,,unknown,no static frame edges found
003,Taki,forward_step_candidate,340,487,,,,,unknown_from_static_bytecode,,unknown,no static frame edges found
003,Taki,forward_step_candidate,340,501,,,,,unknown_from_static_bytecode,,unknown,no static frame edges found
003,Taki,forward_step_candidate,340,501,,,,,unknown_from_static_bytecode,,unknown,no static frame edges found
003,Taki,forward_step_candidate,369,531,,,,,unknown_from_static_bytecode,,unknown,no static frame edges found
003,Taki,forward_step_candidate,369,531,,,,,unknown_from_static_bytecode,,unknown,no static frame edges found
003,Taki,forward_step_candidate,378,531,,,,,unknown_from_static_bytecode,,unknown,no static frame edges found
003,Taki,forward_step_candidate,378,531,,,,,unknown_from_static_bytecode,,unknown,no static frame edges found
003,Taki,forward_step_candidate,416,531,,,,,unknown_from_static_bytecode,,unknown,no static frame edges found
003,Taki,forward_step_candidate,416,531,,,,,unknown_from_static_bytecode,,unknown,no static frame edges found
003,Taki,forward_step_candidate,418,521,,,,,unknown_from_static_bytecode,,unknown,no static frame edges found
003,Taki,forward_step_candidate,419,521,,,,,unknown_from_static_bytecode,,unknown,no static frame edges found
003,Taki,forward_step_candidate,549,521,,,,,unknown_from_static_bytecode,,unknown,no static frame edges found
003,Taki,forward_step_candidate,550,521,,,,,unknown_from_static_bytecode,,unknown,no static frame edges found
003,Taki,forward_step_candidate,2978,472,,,,,unknown_from_static_bytecode,,unknown,no static frame edges found
003,Taki,forward_step_candidate,2978,487,,,,,unknown_from_static_bytecode,,unknown,no static frame edges found
003,Taki,forward_step_candidate,2978,501,,,,,unknown_from_static_bytecode,,unknown,no static frame edges found
003,Taki,forward_step_candidate,2978,501,,,,,unknown_from_static_bytecode,,unknown,no static frame edges found
003,Taki,forward_step_candidate,2979,472,,,,,unknown_from_static_bytecode,,unknown,no static frame edges found
003,Taki,forward_step_candidate,2979,487,,,,,unknown_from_static_bytecode,,unknown,no static frame edges found
003,Taki,forward_step_candidate,2979,501,,,,,unknown_from_static_bytecode,,unknown,no static frame edges found
003,Taki,forward_step_candidate,2979,501,,,,,unknown_from_static_bytecode,,unknown,no static frame edges found
003,Taki,forward_step_candidate,2981,509,,,,,unknown_from_static_bytecode,,unknown,no static frame edges found
003,Taki,forward_step_candidate,2984,546,,,,,unknown_from_static_bytecode,,unknown,no static frame edges found
003,Taki,forward_step_candidate,2071,1705,,,,,unknown_from_static_bytecode,,unknown,no static frame edges found
003,Taki,forward_step_candidate,2072,2374,,,,,unknown_from_static_bytecode,,unknown,no static frame edges found
003,Taki,forward_step_candidate,2205,2380,,,,,unknown_from_static_bytecode,,unknown,no static frame edges found
003,Taki,forward_step_candidate,2207,2380,,,,,unknown_from_static_bytecode,,unknown,no static frame edges found
003,Taki,forward_step_candidate,2262,2383,,,,,unknown_from_static_bytecode,,unknown,no static frame edges found
003,Taki,forward_step_candidate,2302,2385,,,,,unknown_from_static_bytecode,,unknown,no static frame edges found
003,Taki,sidestep_down_candidate,316,447,,,,,unknown_from_static_bytecode,,unknown,no static frame edges found
003,Taki,sidestep_down_candidate,483,486,,,,,unknown_from_static_bytecode,,unknown,no static frame edges found
003,Taki,sidestep_down_candidate,564,6,,,,,unknown_from_static_bytecode,,unknown,no static frame edges found
003,Taki,sidestep_down_candidate,1537,1517,,,,,unknown_from_static_bytecode,,unknown,no static frame edges found
003,Taki,sidestep_down_candidate,2653,564,,,,,unknown_from_static_bytecode,,unknown,no static frame edges found
003,Taki,sidestep_down_candidate,2653,564,,,,,unknown_from_static_bytecode,,unknown,no static frame edges found
003,Taki,sidestep_down_candidate,354,357,8,0,236,frame [0..1],unknown_frame_edge,no_cells,unresolved_static_data,"frame edge target is non-offensive but not proven neutral, guard, or stance"
003,Taki,sidestep_down_candidate,355,357,8,0,236,frame [0..1],unknown_frame_edge,no_cells,unresolved_static_data,"frame edge target is non-offensive but not proven neutral, guard, or stance"
003,Taki,sidestep_up_candidate,284,285,,,,,unknown_from_static_bytecode,,unknown,no static frame edges found
003,Taki,sidestep_up_candidate,289,298,,,,,unknown_from_static_bytecode,,unknown,no static frame edges found
003,Taki,sidestep_up_candidate,290,291,,,,,unknown_from_static_bytecode,,unknown,no static frame edges found
003,Taki,sidestep_up_candidate,316,317,,,,,unknown_from_static_bytecode,,unknown,no static frame edges found
003,Taki,sidestep_up_candidate,317,319,,,,,unknown_from_static_bytecode,,unknown,no static frame edges found
003,Taki,sidestep_up_candidate,317,320,,,,,unknown_from_static_bytecode,,unknown,no static frame edges found
003,Taki,sidestep_up_candidate,327,328,,,,,unknown_from_static_bytecode,,unknown,no static frame edges found
003,Taki,sidestep_up_candidate,483,490,19,0,491,(frame window),attack_followup,offensive_attack:1,confirmed_static_data,frame edge target has offensive hit data
003,Taki,sidestep_up_candidate,483,504,,,,,unknown_from_static_bytecode,,unknown,no static frame edges found
003,Taki,sidestep_up_candidate,483,504,,,,,unknown_from_static_bytecode,,unknown,no static frame edges found
003,Taki,sidestep_up_candidate,484,490,19,0,491,(frame window),attack_followup,offensive_attack:1,confirmed_static_data,frame edge target has offensive hit data
003,Taki,sidestep_up_candidate,484,504,,,,,unknown_from_static_bytecode,,unknown,no static frame edges found
003,Taki,sidestep_up_candidate,484,504,,,,,unknown_from_static_bytecode,,unknown,no static frame edges found
003,Taki,sidestep_up_candidate,485,490,19,0,491,(frame window),attack_followup,offensive_attack:1,confirmed_static_data,frame edge target has offensive hit data
003,Taki,sidestep_up_candidate,485,504,,,,,unknown_from_static_bytecode,,unknown,no static frame edges found
003,Taki,sidestep_up_candidate,485,504,,,,,unknown_from_static_bytecode,,unknown,no static frame edges found
003,Taki,sidestep_up_candidate,516,522,,,,,unknown_from_static_bytecode,,unknown,no static frame edges found
003,Taki,sidestep_up_candidate,517,524,,,,,unknown_from_static_bytecode,,unknown,no static frame edges found
003,Taki,sidestep_up_candidate,526,533,,,,,unknown_from_static_bytecode,,unknown,no static frame edges found
003,Taki,sidestep_up_candidate,526,533,,,,,unknown_from_static_bytecode,,unknown,no static frame edges found
003,Taki,sidestep_up_candidate,2994,427,,,,,unknown_from_static_bytecode,,unknown,no static frame edges found
003,Taki,sidestep_up_candidate,2995,493,,,,,unknown_from_static_bytecode,,unknown,no static frame edges found
003,Taki,sidestep_up_candidate,2995,493,,,,,unknown_from_static_bytecode,,unknown,no static frame edges found
003,Taki,sidestep_up_candidate,271,524,,,,,unknown_from_static_bytecode,,unknown,no static frame edges found
003,Taki,sidestep_up_candidate,272,522,,,,,unknown_from_static_bytecode,,unknown,no static frame edges found
003,Taki,sidestep_up_candidate,298,299,,,,,unknown_from_static_bytecode,,unknown,no static frame edges found
003,Taki,sidestep_up_candidate,305,533,,,,,unknown_from_static_bytecode,,unknown,no static frame edges found
003,Taki,sidestep_up_candidate,305,533,,,,,unknown_from_static_bytecode,,unknown,no static frame edges found
003,Taki,sidestep_up_candidate,323,325,,,,,unknown_from_static_bytecode,,unknown,no static frame edges found
003,Taki,sidestep_up_candidate,326,327,,,,,unknown_from_static_bytecode,,unknown,no static frame edges found
003,Taki,sidestep_up_candidate,338,490,19,0,491,(frame window),attack_followup,offensive_attack:1,confirmed_static_data,frame edge target has offensive hit data
003,Taki,sidestep_up_candidate,338,504,,,,,unknown_from_static_bytecode,,unknown,no static frame edges found
003,Taki,sidestep_up_candidate,338,504,,,,,unknown_from_static_bytecode,,unknown,no static frame edges found
003,Taki,sidestep_up_candidate,340,490,19,0,491,(frame window),attack_followup,offensive_attack:1,confirmed_static_data,frame edge target has offensive hit data
003,Taki,sidestep_up_candidate,340,504,,,,,unknown_from_static_bytecode,,unknown,no static frame edges found
003,Taki,sidestep_up_candidate,340,504,,,,,unknown_from_static_bytecode,,unknown,no static frame edges found
003,Taki,sidestep_up_candidate,369,533,,,,,unknown_from_static_bytecode,,unknown,no static frame edges found
003,Taki,sidestep_up_candidate,369,533,,,,,unknown_from_static_bytecode,,unknown,no static frame edges found
003,Taki,sidestep_up_candidate,378,533,,,,,unknown_from_static_bytecode,,unknown,no static frame edges found
003,Taki,sidestep_up_candidate,378,533,,,,,unknown_from_static_bytecode,,unknown,no static frame edges found
003,Taki,sidestep_up_candidate,416,533,,,,,unknown_from_static_bytecode,,unknown,no static frame edges found
003,Taki,sidestep_up_candidate,416,533,,,,,unknown_from_static_bytecode,,unknown,no static frame edges found
003,Taki,sidestep_up_candidate,418,524,,,,,unknown_from_static_bytecode,,unknown,no static frame edges found
003,Taki,sidestep_up_candidate,419,522,,,,,unknown_from_static_bytecode,,unknown,no static frame edges found
003,Taki,sidestep_up_candidate,509,512,,,,,unknown_from_static_bytecode,,unknown,no static frame edges found
003,Taki,sidestep_up_candidate,549,524,,,,,unknown_from_static_bytecode,,unknown,no static frame edges found
003,Taki,sidestep_up_candidate,550,522,,,,,unknown_from_static_bytecode,,unknown,no static frame edges found
003,Taki,sidestep_up_candidate,2978,477,,,,,unknown_from_static_bytecode,,unknown,no static frame edges found
003,Taki,sidestep_up_candidate,2978,490,19,0,491,(frame window),attack_followup,offensive_attack:1,confirmed_static_data,frame edge target has offensive hit data
003,Taki,sidestep_up_candidate,2978,504,,,,,unknown_from_static_bytecode,,unknown,no static frame edges found
003,Taki,sidestep_up_candidate,2978,504,,,,,unknown_from_static_bytecode,,unknown,no static frame edges found
003,Taki,sidestep_up_candidate,2979,477,,,,,unknown_from_static_bytecode,,unknown,no static frame edges found
003,Taki,sidestep_up_candidate,2979,490,19,0,491,(frame window),attack_followup,offensive_attack:1,confirmed_static_data,frame edge target has offensive hit data
003,Taki,sidestep_up_candidate,2979,504,,,,,unknown_from_static_bytecode,,unknown,no static frame edges found
003,Taki,sidestep_up_candidate,2979,504,,,,,unknown_from_static_bytecode,,unknown,no static frame edges found
003,Taki,sidestep_up_candidate,2984,547,,,,,unknown_from_static_bytecode,,unknown,no static frame edges found
004,Maxi,back_diagonal,324,333,,,,,unknown_from_static_bytecode,,unknown,no static frame edges found
004,Maxi,backstep_candidate,266,267,,,,,unknown_from_static_bytecode,,unknown,no static frame edges found
004,Maxi,backstep_candidate,257,258,,,,,unknown_from_static_bytecode,,unknown,no static frame edges found
004,Maxi,backstep_candidate,266,268,,,,,unknown_from_static_bytecode,,unknown,no static frame edges found
004,Maxi,backstep_candidate,298,299,,,,,unknown_from_static_bytecode,,unknown,no static frame edges found
004,Maxi,backstep_candidate,357,359,,,,,unknown_from_static_bytecode,,unknown,no static frame edges found
004,Maxi,backstep_candidate,455,457,,,,,unknown_from_static_bytecode,,unknown,no static frame edges found
004,Maxi,backstep_candidate,2021,1655,,,,,unknown_from_static_bytecode,,unknown,no static frame edges found
004,Maxi,backstep_candidate,457,458,,,,,unknown_from_static_bytecode,,unknown,no static frame edges found
004,Maxi,backstep_candidate,268,269,,,,,unknown_from_static_bytecode,,unknown,no static frame edges found
004,Maxi,backstep_candidate,340,341,,,,,unknown_from_static_bytecode,,unknown,no static frame edges found
004,Maxi,backstep_candidate,340,341,,,,,unknown_from_static_bytecode,,unknown,no static frame edges found
004,Maxi,backstep_candidate,340,341,,,,,unknown_from_static_bytecode,,unknown,no static frame edges found
004,Maxi,backstep_candidate,515,524,,,,,unknown_from_static_bytecode,,unknown,no static frame edges found
004,Maxi,backstep_candidate,2928,443,,,,,unknown_from_static_bytecode,,unknown,no static frame edges found
004,Maxi,backstep_candidate,2929,486,,,,,unknown_from_static_bytecode,,unknown,no static frame edges found
004,Maxi,backstep_candidate,2930,477,,,,,unknown_from_static_bytecode,,unknown,no static frame edges found
004,Maxi,backstep_candidate,2931,455,,,,,unknown_from_static_bytecode,,unknown,no static frame edges found
004,Maxi,backstep_candidate,2932,468,,,,,unknown_from_static_bytecode,,unknown,no static frame edges found
004,Maxi,backstep_candidate,2933,495,,,,,unknown_from_static_bytecode,,unknown,no static frame edges found
004,Maxi,backstep_candidate,2933,495,,,,,unknown_from_static_bytecode,,unknown,no static frame edges found
004,Maxi,backstep_candidate,2022,2324,,,,,unknown_from_static_bytecode,,unknown,no static frame edges found
004,Maxi,backstep_candidate,2155,2330,,,,,unknown_from_static_bytecode,,unknown,no static frame edges found
004,Maxi,backstep_candidate,2157,2330,,,,,unknown_from_static_bytecode,,unknown,no static frame edges found
004,Maxi,backstep_candidate,2211,2333,,,,,unknown_from_static_bytecode,,unknown,no static frame edges found
004,Maxi,backstep_candidate,2250,2335,,,,,unknown_from_static_bytecode,,unknown,no static frame edges found
004,Maxi,eight_way_or_ambiguous,161,164,,,,,unknown_from_static_bytecode,,unknown,no static frame edges found
004,Maxi,eight_way_or_ambiguous,317,318,,,,,unknown_from_static_bytecode,,unknown,no static frame edges found
004,Maxi,eight_way_or_ambiguous,415,416,,,,,unknown_from_static_bytecode,,unknown,no static frame edges found
004,Maxi,eight_way_or_ambiguous,318,319,,,,,unknown_from_static_bytecode,,unknown,no static frame edges found
004,Maxi,eight_way_or_ambiguous,2937,342,,,,,unknown_from_static_bytecode,,unknown,no static frame edges found
004,Maxi,forward_diagonal,344,345,,,,,unknown_from_static_bytecode,,unknown,no static frame edges found
004,Maxi,forward_diagonal,448,449,,,,,unknown_from_static_bytecode,,unknown,no static frame edges found
004,Maxi,forward_diagonal,479,480,,,,,unknown_from_static_bytecode,,unknown,no static frame edges found
004,Maxi,forward_diagonal,2934,502,,,,,unknown_from_static_bytecode,,unknown,no static frame edges found
004,Maxi,forward_step_candidate,264,265,,,,,unknown_from_static_bytecode,,unknown,no static frame edges found
004,Maxi,forward_step_candidate,266,273,,,,,unknown_from_static_bytecode,,unknown,no static frame edges found
004,Maxi,forward_step_candidate,282,283,,,,,unknown_from_static_bytecode,,unknown,no static frame edges found
004,Maxi,forward_step_candidate,298,301,,,,,unknown_from_static_bytecode,,unknown,no static frame edges found
004,Maxi,forward_step_candidate,347,348,,,,,unknown_from_static_bytecode,,unknown,no static frame edges found
004,Maxi,forward_step_candidate,347,348,,,,,unknown_from_static_bytecode,,unknown,no static frame edges found
004,Maxi,forward_step_candidate,415,418,,,,,unknown_from_static_bytecode,,unknown,no static frame edges found
004,Maxi,forward_step_candidate,455,459,,,,,unknown_from_static_bytecode,,unknown,no static frame edges found
004,Maxi,forward_step_candidate,2021,1655,,,,,unknown_from_static_bytecode,,unknown,no static frame edges found
004,Maxi,forward_step_candidate,168,421,,,,,unknown_from_static_bytecode,,unknown,no static frame edges found
004,Maxi,forward_step_candidate,469,470,,,,,unknown_from_static_bytecode,,unknown,no static frame edges found
004,Maxi,forward_step_candidate,497,498,,,,,unknown_from_static_bytecode,,unknown,no static frame edges found
004,Maxi,forward_step_candidate,269,271,,,,,unknown_from_static_bytecode,,unknown,no static frame edges found
004,Maxi,forward_step_candidate,283,284,,,,,unknown_from_static_bytecode,,unknown,no static frame edges found
004,Maxi,forward_step_candidate,334,335,8,0,336,(frame window),attack_followup,offensive_attack:2,confirmed_static_data,frame edge target has offensive hit data
004,Maxi,forward_step_candidate,334,335,8,0,336,(frame window),attack_followup,offensive_attack:2,confirmed_static_data,frame edge target has offensive hit data
004,Maxi,forward_step_candidate,336,337,,,,,unknown_from_static_bytecode,,unknown,no static frame edges found
004,Maxi,forward_step_candidate,336,337,,,,,unknown_from_static_bytecode,,unknown,no static frame edges found
004,Maxi,forward_step_candidate,336,337,,,,,unknown_from_static_bytecode,,unknown,no static frame edges found
004,Maxi,forward_step_candidate,338,339,,,,,unknown_from_static_bytecode,,unknown,no static frame edges found
004,Maxi,forward_step_candidate,338,339,,,,,unknown_from_static_bytecode,,unknown,no static frame edges found
004,Maxi,forward_step_candidate,338,339,,,,,unknown_from_static_bytecode,,unknown,no static frame edges found
004,Maxi,forward_step_candidate,447,448,,,,,unknown_from_static_bytecode,,unknown,no static frame edges found
004,Maxi,forward_step_candidate,496,497,,,,,unknown_from_static_bytecode,,unknown,no static frame edges found
004,Maxi,forward_step_candidate,2928,447,,,,,unknown_from_static_bytecode,,unknown,no static frame edges found
004,Maxi,forward_step_candidate,2929,488,,,,,unknown_from_static_bytecode,,unknown,no static frame edges found
004,Maxi,forward_step_candidate,2930,479,,,,,unknown_from_static_bytecode,,unknown,no static frame edges found
004,Maxi,forward_step_candidate,2931,461,,,,,unknown_from_static_bytecode,,unknown,no static frame edges found
004,Maxi,forward_step_candidate,2932,469,,,,,unknown_from_static_bytecode,,unknown,no static frame edges found
004,Maxi,forward_step_candidate,2933,496,,,,,unknown_from_static_bytecode,,unknown,no static frame edges found
004,Maxi,forward_step_candidate,2933,496,,,,,unknown_from_static_bytecode,,unknown,no static frame edges found
004,Maxi,forward_step_candidate,2022,2324,,,,,unknown_from_static_bytecode,,unknown,no static frame edges found
004,Maxi,forward_step_candidate,2155,2330,,,,,unknown_from_static_bytecode,,unknown,no static frame edges found
004,Maxi,forward_step_candidate,2157,2330,,,,,unknown_from_static_bytecode,,unknown,no static frame edges found
004,Maxi,forward_step_candidate,2212,2333,,,,,unknown_from_static_bytecode,,unknown,no static frame edges found
004,Maxi,forward_step_candidate,2252,2335,,,,,unknown_from_static_bytecode,,unknown,no static frame edges found
004,Maxi,sidestep_down_candidate,257,259,,,,,unknown_from_static_bytecode,,unknown,no static frame edges found
004,Maxi,sidestep_down_candidate,280,281,,,,,unknown_from_static_bytecode,,unknown,no static frame edges found
004,Maxi,sidestep_down_candidate,293,294,,,,,unknown_from_static_bytecode,,unknown,no static frame edges found
004,Maxi,sidestep_down_candidate,343,346,,,,,unknown_from_static_bytecode,,unknown,no static frame edges found
004,Maxi,sidestep_down_candidate,369,371,,,,,unknown_from_static_bytecode,,unknown,no static frame edges found
004,Maxi,sidestep_down_candidate,289,317,,,,,unknown_from_static_bytecode,,unknown,no static frame edges found
004,Maxi,sidestep_down_candidate,289,349,,,,,unknown_from_static_bytecode,,unknown,no static frame edges found
004,Maxi,sidestep_down_candidate,304,311,,,,,unknown_from_static_bytecode,,unknown,no static frame edges found
004,Maxi,sidestep_down_candidate,305,311,,,,,unknown_from_static_bytecode,,unknown,no static frame edges found
004,Maxi,sidestep_down_candidate,306,311,,,,,unknown_from_static_bytecode,,unknown,no static frame edges found
004,Maxi,sidestep_down_candidate,307,311,,,,,unknown_from_static_bytecode,,unknown,no static frame edges found
004,Maxi,sidestep_down_candidate,308,311,,,,,unknown_from_static_bytecode,,unknown,no static frame edges found
004,Maxi,sidestep_down_candidate,309,311,,,,,unknown_from_static_bytecode,,unknown,no static frame edges found
004,Maxi,sidestep_down_candidate,519,6,,,,,unknown_from_static_bytecode,,unknown,no static frame edges found
004,Maxi,sidestep_down_candidate,1487,1467,,,,,unknown_from_static_bytecode,,unknown,no static frame edges found
004,Maxi,sidestep_down_candidate,2603,519,,,,,unknown_from_static_bytecode,,unknown,no static frame edges found
004,Maxi,sidestep_down_candidate,2603,519,,,,,unknown_from_static_bytecode,,unknown,no static frame edges found
004,Maxi,sidestep_down_candidate,2936,290,,,,,unknown_from_static_bytecode,,unknown,no static frame edges found
004,Maxi,sidestep_down_candidate,2936,304,,,,,unknown_from_static_bytecode,,unknown,no static frame edges found
004,Maxi,sidestep_up_candidate,298,302,,,,,unknown_from_static_bytecode,,unknown,no static frame edges found
004,Maxi,sidestep_up_candidate,367,368,,,,,unknown_from_static_bytecode,,unknown,no static frame edges found
004,Maxi,sidestep_up_candidate,411,412,,,,,unknown_from_static_bytecode,,unknown,no static frame edges found
004,Maxi,sidestep_up_candidate,412,413,,,,,unknown_from_static_bytecode,,unknown,no static frame edges found
004,Maxi,sidestep_up_candidate,471,472,,,,,unknown_from_static_bytecode,,unknown,no static frame edges found
004,Maxi,sidestep_up_candidate,473,474,,,,,unknown_from_static_bytecode,,unknown,no static frame edges found
004,Maxi,sidestep_up_candidate,477,478,,,,,unknown_from_static_bytecode,,unknown,no static frame edges found
004,Maxi,sidestep_up_candidate,489,490,,,,,unknown_from_static_bytecode,,unknown,no static frame edges found
004,Maxi,sidestep_up_candidate,499,500,,,,,unknown_from_static_bytecode,,unknown,no static frame edges found
004,Maxi,sidestep_up_candidate,2928,451,,,,,unknown_from_static_bytecode,,unknown,no static frame edges found
004,Maxi,sidestep_up_candidate,2929,489,,,,,unknown_from_static_bytecode,,unknown,no static frame edges found
004,Maxi,sidestep_up_candidate,2930,482,,,,,unknown_from_static_bytecode,,unknown,no static frame edges found
004,Maxi,sidestep_up_candidate,2931,462,,,,,unknown_from_static_bytecode,,unknown,no static frame edges found
004,Maxi,sidestep_up_candidate,2932,471,,,,,unknown_from_static_bytecode,,unknown,no static frame edges found
004,Maxi,sidestep_up_candidate,2933,499,,,,,unknown_from_static_bytecode,,unknown,no static frame edges found
004,Maxi,sidestep_up_candidate,2933,499,,,,,unknown_from_static_bytecode,,unknown,no static frame edges found
005,Voldo,back_diagonal,488,504,,,,,unknown_from_static_bytecode,,unknown,no static frame edges found
005,Voldo,backstep_candidate,256,257,,,,,unknown_from_static_bytecode,,unknown,no static frame edges found
005,Voldo,backstep_candidate,263,264,,,,,unknown_from_static_bytecode,,unknown,no static frame edges found
005,Voldo,backstep_candidate,427,428,,,,,unknown_from_static_bytecode,,unknown,no static frame edges found
005,Voldo,backstep_candidate,3038,547,,,,,unknown_from_static_bytecode,,unknown,no static frame edges found
005,Voldo,backstep_candidate,3038,561,,,,,unknown_from_static_bytecode,,unknown,no static frame edges found
005,Voldo,backstep_candidate,3040,513,,,,,unknown_from_static_bytecode,,unknown,no static frame edges found
005,Voldo,backstep_candidate,3040,513,,,,,unknown_from_static_bytecode,,unknown,no static frame edges found
005,Voldo,backstep_candidate,3041,583,,,,,unknown_from_static_bytecode,,unknown,no static frame edges found
005,Voldo,backstep_candidate,2131,1765,,,,,unknown_from_static_bytecode,,unknown,no static frame edges found
005,Voldo,backstep_candidate,260,261,,,,,unknown_from_static_bytecode,,unknown,no static frame edges found
005,Voldo,backstep_candidate,612,613,,,,,unknown_from_static_bytecode,,unknown,no static frame edges found
005,Voldo,backstep_candidate,259,260,,,,,unknown_from_static_bytecode,,unknown,no static frame edges found
005,Voldo,backstep_candidate,264,268,,,,,unknown_from_static_bytecode,,unknown,no static frame edges found
005,Voldo,backstep_candidate,423,425,,,,,unknown_from_static_bytecode,,unknown,no static frame edges found
005,Voldo,backstep_candidate,547,548,,,,,unknown_from_static_bytecode,,unknown,no static frame edges found
005,Voldo,backstep_candidate,2132,2434,,,,,unknown_from_static_bytecode,,unknown,no static frame edges found
005,Voldo,backstep_candidate,2265,2440,,,,,unknown_from_static_bytecode,,unknown,no static frame edges found
005,Voldo,backstep_candidate,2267,2440,,,,,unknown_from_static_bytecode,,unknown,no static frame edges found
005,Voldo,backstep_candidate,2321,2443,,,,,unknown_from_static_bytecode,,unknown,no static frame edges found
005,Voldo,backstep_candidate,2360,2445,,,,,unknown_from_static_bytecode,,unknown,no static frame edges found
005,Voldo,eight_way_or_ambiguous,161,164,,,,,unknown_from_static_bytecode,,unknown,no static frame edges found
005,Voldo,eight_way_or_ambiguous,529,522,,,,,unknown_from_static_bytecode,,unknown,no static frame edges found
005,Voldo,eight_way_or_ambiguous,356,357,,,,,unknown_from_static_bytecode,,unknown,no static frame edges found
005,Voldo,eight_way_or_ambiguous,364,367,,,,,unknown_from_static_bytecode,,unknown,no static frame edges found
005,Voldo,eight_way_or_ambiguous,392,394,,,,,unknown_from_static_bytecode,,unknown,no static frame edges found
005,Voldo,eight_way_or_ambiguous,397,401,,,,,unknown_from_static_bytecode,,unknown,no static frame edges found
005,Voldo,eight_way_or_ambiguous,3038,553,,,,,unknown_from_static_bytecode,,unknown,no static frame edges found
005,Voldo,eight_way_or_ambiguous,3041,590,,,,,unknown_from_static_bytecode,,unknown,no static frame edges found
005,Voldo,eight_way_or_ambiguous,455,457,,,,,unknown_from_static_bytecode,,unknown,no static frame edges found
005,Voldo,eight_way_or_ambiguous,456,457,,,,,unknown_from_static_bytecode,,unknown,no static frame edges found
005,Voldo,eight_way_or_ambiguous,530,522,,,,,unknown_from_static_bytecode,,unknown,no static frame edges found
005,Voldo,eight_way_or_ambiguous,531,522,,,,,unknown_from_static_bytecode,,unknown,no static frame edges found
005,Voldo,eight_way_or_ambiguous,532,522,,,,,unknown_from_static_bytecode,,unknown,no static frame edges found
005,Voldo,eight_way_or_ambiguous,266,267,,,,,unknown_from_static_bytecode,,unknown,no static frame edges found
005,Voldo,eight_way_or_ambiguous,270,271,,,,,unknown_from_static_bytecode,,unknown,no static frame edges found
005,Voldo,eight_way_or_ambiguous,319,320,,,,,unknown_from_static_bytecode,,unknown,no static frame edges found
005,Voldo,eight_way_or_ambiguous,366,367,,,,,unknown_from_static_bytecode,,unknown,no static frame edges found
005,Voldo,eight_way_or_ambiguous,399,400,,,,,unknown_from_static_bytecode,,unknown,no static frame edges found
005,Voldo,eight_way_or_ambiguous,403,404,,,,,unknown_from_static_bytecode,,unknown,no static frame edges found
005,Voldo,eight_way_or_ambiguous,445,446,,,,,unknown_from_static_bytecode,,unknown,no static frame edges found
005,Voldo,forward_diagonal,3038,554,,,,,unknown_from_static_bytecode,,unknown,no static frame edges found
005,Voldo,forward_diagonal,3038,565,,,,,unknown_from_static_bytecode,,unknown,no static frame edges found
005,Voldo,forward_diagonal,529,523,,,,,unknown_from_static_bytecode,,unknown,no static frame edges found
005,Voldo,forward_diagonal,3040,523,,,,,unknown_from_static_bytecode,,unknown,no static frame edges found
005,Voldo,forward_diagonal,3040,523,,,,,unknown_from_static_bytecode,,unknown,no static frame edges found
005,Voldo,forward_diagonal,3041,591,,,,,unknown_from_static_bytecode,,unknown,no static frame edges found
005,Voldo,forward_diagonal,335,336,,,,,unknown_from_static_bytecode,,unknown,no static frame edges found
005,Voldo,forward_diagonal,337,338,,,,,unknown_from_static_bytecode,,unknown,no static frame edges found
005,Voldo,forward_diagonal,339,340,,,,,unknown_from_static_bytecode,,unknown,no static frame edges found
005,Voldo,forward_diagonal,405,336,,,,,unknown_from_static_bytecode,,unknown,no static frame edges found
005,Voldo,forward_diagonal,406,338,,,,,unknown_from_static_bytecode,,unknown,no static frame edges found
005,Voldo,forward_diagonal,407,340,,,,,unknown_from_static_bytecode,,unknown,no static frame edges found
005,Voldo,forward_diagonal,465,338,,,,,unknown_from_static_bytecode,,unknown,no static frame edges found
005,Voldo,forward_diagonal,466,340,,,,,unknown_from_static_bytecode,,unknown,no static frame edges found
005,Voldo,forward_diagonal,467,336,,,,,unknown_from_static_bytecode,,unknown,no static frame edges found
005,Voldo,forward_diagonal,499,338,,,,,unknown_from_static_bytecode,,unknown,no static frame edges found
005,Voldo,forward_diagonal,500,340,,,,,unknown_from_static_bytecode,,unknown,no static frame edges found
005,Voldo,forward_diagonal,501,336,,,,,unknown_from_static_bytecode,,unknown,no static frame edges found
005,Voldo,forward_diagonal,341,342,,,,,unknown_from_static_bytecode,,unknown,no static frame edges found
005,Voldo,forward_diagonal,408,342,,,,,unknown_from_static_bytecode,,unknown,no static frame edges found
005,Voldo,forward_diagonal,464,342,,,,,unknown_from_static_bytecode,,unknown,no static frame edges found
005,Voldo,forward_diagonal,498,342,,,,,unknown_from_static_bytecode,,unknown,no static frame edges found
005,Voldo,forward_diagonal,530,523,,,,,unknown_from_static_bytecode,,unknown,no static frame edges found
005,Voldo,forward_diagonal,531,523,,,,,unknown_from_static_bytecode,,unknown,no static frame edges found
005,Voldo,forward_diagonal,532,523,,,,,unknown_from_static_bytecode,,unknown,no static frame edges found
005,Voldo,forward_step_candidate,287,289,,,,,unknown_from_static_bytecode,,unknown,no static frame edges found
005,Voldo,forward_step_candidate,294,296,,,,,unknown_from_static_bytecode,,unknown,no static frame edges found
005,Voldo,forward_step_candidate,359,360,,,,,unknown_from_static_bytecode,,unknown,no static frame edges found
005,Voldo,forward_step_candidate,256,259,,,,,unknown_from_static_bytecode,,unknown,no static frame edges found
005,Voldo,forward_step_candidate,274,275,,,,,unknown_from_static_bytecode,,unknown,no static frame edges found
005,Voldo,forward_step_candidate,279,280,,,,,unknown_from_static_bytecode,,unknown,no static frame edges found
005,Voldo,forward_step_candidate,287,288,,,,,unknown_from_static_bytecode,,unknown,no static frame edges found
005,Voldo,forward_step_candidate,291,292,,,,,unknown_from_static_bytecode,,unknown,no static frame edges found
005,Voldo,forward_step_candidate,294,295,,,,,unknown_from_static_bytecode,,unknown,no static frame edges found
005,Voldo,forward_step_candidate,298,299,,,,,unknown_from_static_bytecode,,unknown,no static frame edges found
005,Voldo,forward_step_candidate,427,429,,,,,unknown_from_static_bytecode,,unknown,no static frame edges found
005,Voldo,forward_step_candidate,3038,549,,,,,unknown_from_static_bytecode,,unknown,no static frame edges found
005,Voldo,forward_step_candidate,3038,562,,,,,unknown_from_static_bytecode,,unknown,no static frame edges found
005,Voldo,forward_step_candidate,3040,514,,,,,unknown_from_static_bytecode,,unknown,no static frame edges found
005,Voldo,forward_step_candidate,3040,534,,,,,unknown_from_static_bytecode,,unknown,no static frame edges found
005,Voldo,forward_step_candidate,3041,586,,,,,unknown_from_static_bytecode,,unknown,no static frame edges found
005,Voldo,forward_step_candidate,2131,1765,,,,,unknown_from_static_bytecode,,unknown,no static frame edges found
005,Voldo,forward_step_candidate,168,410,,,,,unknown_from_static_bytecode,,unknown,no static frame edges found
005,Voldo,forward_step_candidate,288,290,,,,,unknown_from_static_bytecode,,unknown,no static frame edges found
005,Voldo,forward_step_candidate,436,437,,,,,unknown_from_static_bytecode,,unknown,no static frame edges found
005,Voldo,forward_step_candidate,458,459,,,,,unknown_from_static_bytecode,,unknown,no static frame edges found
005,Voldo,forward_step_candidate,604,614,,,,,unknown_from_static_bytecode,,unknown,no static frame edges found
005,Voldo,forward_step_candidate,3044,577,,,,,unknown_from_static_bytecode,,unknown,no static frame edges found
005,Voldo,forward_step_candidate,3044,577,,,,,unknown_from_static_bytecode,,unknown,no static frame edges found
005,Voldo,forward_step_candidate,280,281,,,,,unknown_from_static_bytecode,,unknown,no static frame edges found
005,Voldo,forward_step_candidate,281,282,,,,,unknown_from_static_bytecode,,unknown,no static frame edges found
005,Voldo,forward_step_candidate,292,293,,,,,unknown_from_static_bytecode,,unknown,no static frame edges found
005,Voldo,forward_step_candidate,304,305,,,,,unknown_from_static_bytecode,,unknown,no static frame edges found
005,Voldo,forward_step_candidate,381,382,,,,,unknown_from_static_bytecode,,unknown,no static frame edges found
005,Voldo,forward_step_candidate,429,430,,,,,unknown_from_static_bytecode,,unknown,no static frame edges found
005,Voldo,forward_step_candidate,435,436,,,,,unknown_from_static_bytecode,,unknown,no static frame edges found
005,Voldo,forward_step_candidate,438,439,,,,,unknown_from_static_bytecode,,unknown,no static frame edges found
005,Voldo,forward_step_candidate,438,440,,,,,unknown_from_static_bytecode,,unknown,no static frame edges found
005,Voldo,forward_step_candidate,446,447,,,,,unknown_from_static_bytecode,,unknown,no static frame edges found
005,Voldo,forward_step_candidate,490,491,,,,,unknown_from_static_bytecode,,unknown,no static frame edges found
005,Voldo,forward_step_candidate,550,551,,,,,unknown_from_static_bytecode,,unknown,no static frame edges found
005,Voldo,forward_step_candidate,549,550,,,,,unknown_from_static_bytecode,,unknown,no static frame edges found
005,Voldo,forward_step_candidate,2132,2434,,,,,unknown_from_static_bytecode,,unknown,no static frame edges found
005,Voldo,forward_step_candidate,2265,2440,,,,,unknown_from_static_bytecode,,unknown,no static frame edges found
005,Voldo,forward_step_candidate,2267,2440,,,,,unknown_from_static_bytecode,,unknown,no static frame edges found
005,Voldo,forward_step_candidate,2322,2443,,,,,unknown_from_static_bytecode,,unknown,no static frame edges found
005,Voldo,forward_step_candidate,2362,2445,,,,,unknown_from_static_bytecode,,unknown,no static frame edges found
005,Voldo,sidestep_down_candidate,256,262,,,,,unknown_from_static_bytecode,,unknown,no static frame edges found
005,Voldo,sidestep_down_candidate,279,286,,,,,unknown_from_static_bytecode,,unknown,no static frame edges found
005,Voldo,sidestep_down_candidate,310,311,,,,,unknown_from_static_bytecode,,unknown,no static frame edges found
005,Voldo,sidestep_down_candidate,3038,546,,,,,unknown_from_static_bytecode,,unknown,no static frame edges found
005,Voldo,sidestep_down_candidate,3038,546,,,,,unknown_from_static_bytecode,,unknown,no static frame edges found
005,Voldo,sidestep_down_candidate,3040,512,,,,,unknown_from_static_bytecode,,unknown,no static frame edges found
005,Voldo,sidestep_down_candidate,3040,512,,,,,unknown_from_static_bytecode,,unknown,no static frame edges found
005,Voldo,sidestep_down_candidate,3041,597,,,,,unknown_from_static_bytecode,,unknown,no static frame edges found
005,Voldo,sidestep_down_candidate,607,6,,,,,unknown_from_static_bytecode,,unknown,no static frame edges found
005,Voldo,sidestep_down_candidate,1597,1577,,,,,unknown_from_static_bytecode,,unknown,no static frame edges found
005,Voldo,sidestep_down_candidate,2713,607,,,,,unknown_from_static_bytecode,,unknown,no static frame edges found
005,Voldo,sidestep_down_candidate,2713,607,,,,,unknown_from_static_bytecode,,unknown,no static frame edges found
005,Voldo,sidestep_down_candidate,3039,512,,,,,unknown_from_static_bytecode,,unknown,no static frame edges found
005,Voldo,sidestep_down_candidate,3039,522,,,,,unknown_from_static_bytecode,,unknown,no static frame edges found
005,Voldo,sidestep_down_candidate,3039,522,,,,,unknown_from_static_bytecode,,unknown,no static frame edges found
005,Voldo,sidestep_down_candidate,3044,210,,,,,unknown_from_static_bytecode,,unknown,no static frame edges found
005,Voldo,sidestep_down_candidate,3044,210,,,,,unknown_from_static_bytecode,,unknown,no static frame edges found
005,Voldo,sidestep_down_candidate,3044,210,,,,,unknown_from_static_bytecode,,unknown,no static frame edges found
005,Voldo,sidestep_down_candidate,3044,339,,,,,unknown_from_static_bytecode,,unknown,no static frame edges found
005,Voldo,sidestep_down_candidate,3044,405,,,,,unknown_from_static_bytecode,,unknown,no static frame edges found
005,Voldo,sidestep_down_candidate,3044,408,,,,,unknown_from_static_bytecode,,unknown,no static frame edges found
005,Voldo,sidestep_down_candidate,3044,466,,,,,unknown_from_static_bytecode,,unknown,no static frame edges found
005,Voldo,sidestep_down_candidate,3047,522,,,,,unknown_from_static_bytecode,,unknown,no static frame edges found
005,Voldo,sidestep_down_candidate,3047,522,,,,,unknown_from_static_bytecode,,unknown,no static frame edges found
005,Voldo,sidestep_down_candidate,3039,523,,,,,unknown_from_static_bytecode,,unknown,no static frame edges found
005,Voldo,sidestep_down_candidate,3044,397,,,,,unknown_from_static_bytecode,,unknown,no static frame edges found
005,Voldo,sidestep_down_candidate,3044,455,,,,,unknown_from_static_bytecode,,unknown,no static frame edges found
005,Voldo,sidestep_down_candidate,3044,455,,,,,unknown_from_static_bytecode,,unknown,no static frame edges found
005,Voldo,sidestep_down_candidate,3044,460,,,,,unknown_from_static_bytecode,,unknown,no static frame edges found
005,Voldo,sidestep_down_candidate,3044,460,,,,,unknown_from_static_bytecode,,unknown,no static frame edges found
005,Voldo,sidestep_down_candidate,3044,462,,,,,unknown_from_static_bytecode,,unknown,no static frame edges found
005,Voldo,sidestep_down_candidate,3044,462,,,,,unknown_from_static_bytecode,,unknown,no static frame edges found
005,Voldo,sidestep_down_candidate,3047,523,,,,,unknown_from_static_bytecode,,unknown,no static frame edges found
005,Voldo,sidestep_down_candidate,3048,590,,,,,unknown_from_static_bytecode,,unknown,no static frame edges found
005,Voldo,sidestep_down_candidate,3048,591,,,,,unknown_from_static_bytecode,,unknown,no static frame edges found
005,Voldo,sidestep_up_candidate,354,355,,,,,unknown_from_static_bytecode,,unknown,no static frame edges found
005,Voldo,sidestep_up_candidate,390,391,,,,,unknown_from_static_bytecode,,unknown,no static frame edges found
005,Voldo,sidestep_up_candidate,3038,552,,,,,unknown_from_static_bytecode,,unknown,no static frame edges found
005,Voldo,sidestep_up_candidate,3038,563,,,,,unknown_from_static_bytecode,,unknown,no static frame edges found
005,Voldo,sidestep_up_candidate,3040,516,,,,,unknown_from_static_bytecode,,unknown,no static frame edges found
005,Voldo,sidestep_up_candidate,3040,521,,,,,unknown_from_static_bytecode,,unknown,no static frame edges found
005,Voldo,sidestep_up_candidate,3040,521,,,,,unknown_from_static_bytecode,,unknown,no static frame edges found
005,Voldo,sidestep_up_candidate,3040,535,,,,,unknown_from_static_bytecode,,unknown,no static frame edges found
005,Voldo,sidestep_up_candidate,3041,589,,,,,unknown_from_static_bytecode,,unknown,no static frame edges found
005,Voldo,sidestep_up_candidate,3044,412,,,,,unknown_from_static_bytecode,,unknown,no static frame edges found
005,Voldo,sidestep_up_candidate,3044,468,,,,,unknown_from_static_bytecode,,unknown,no static frame edges found
005,Voldo,sidestep_up_candidate,448,449,,,,,unknown_from_static_bytecode,,unknown,no static frame edges found
005,Voldo,sidestep_up_candidate,470,449,,,,,unknown_from_static_bytecode,,unknown,no static frame edges found
006,Sophitia,backstep_candidate,259,260,,,,,unknown_from_static_bytecode,,unknown,no static frame edges found
006,Sophitia,backstep_candidate,264,265,,,,,unknown_from_static_bytecode,,unknown,no static frame edges found
006,Sophitia,backstep_candidate,362,365,,,,,unknown_from_static_bytecode,,unknown,no static frame edges found
006,Sophitia,backstep_candidate,473,483,,,,,unknown_from_static_bytecode,,unknown,no static frame edges found
006,Sophitia,backstep_candidate,257,258,,,,,unknown_from_static_bytecode,,unknown,no static frame edges found
006,Sophitia,backstep_candidate,263,264,,,,,unknown_from_static_bytecode,,unknown,no static frame edges found
006,Sophitia,backstep_candidate,268,269,,,,,unknown_from_static_bytecode,,unknown,no static frame edges found
006,Sophitia,backstep_candidate,270,271,,,,,unknown_from_static_bytecode,,unknown,no static frame edges found
006,Sophitia,backstep_candidate,270,275,,,,,unknown_from_static_bytecode,,unknown,no static frame edges found
006,Sophitia,backstep_candidate,286,287,,,,,unknown_from_static_bytecode,,unknown,no static frame edges found
006,Sophitia,backstep_candidate,286,288,,,,,unknown_from_static_bytecode,,unknown,no static frame edges found
006,Sophitia,backstep_candidate,335,336,,,,,unknown_from_static_bytecode,,unknown,no static frame edges found
006,Sophitia,backstep_candidate,366,367,,,,,unknown_from_static_bytecode,,unknown,no static frame edges found
006,Sophitia,backstep_candidate,1974,1608,,,,,unknown_from_static_bytecode,,unknown,no static frame edges found
006,Sophitia,backstep_candidate,258,259,,,,,unknown_from_static_bytecode,,unknown,no static frame edges found
006,Sophitia,backstep_candidate,271,272,,,,,unknown_from_static_bytecode,,unknown,no static frame edges found
006,Sophitia,backstep_candidate,275,276,,,,,unknown_from_static_bytecode,,unknown,no static frame edges found
006,Sophitia,backstep_candidate,276,277,,,,,unknown_from_static_bytecode,,unknown,no static frame edges found
006,Sophitia,backstep_candidate,367,368,,,,,unknown_from_static_bytecode,,unknown,no static frame edges found
006,Sophitia,backstep_candidate,2882,425,,,,,unknown_from_static_bytecode,,unknown,no static frame edges found
006,Sophitia,backstep_candidate,1975,2277,,,,,unknown_from_static_bytecode,,unknown,no static frame edges found
006,Sophitia,backstep_candidate,2108,2283,,,,,unknown_from_static_bytecode,,unknown,no static frame edges found
006,Sophitia,backstep_candidate,2110,2283,,,,,unknown_from_static_bytecode,,unknown,no static frame edges found
006,Sophitia,backstep_candidate,2164,2286,,,,,unknown_from_static_bytecode,,unknown,no static frame edges found
006,Sophitia,backstep_candidate,2203,2288,,,,,unknown_from_static_bytecode,,unknown,no static frame edges found
006,Sophitia,eight_way_or_ambiguous,161,164,,,,,unknown_from_static_bytecode,,unknown,no static frame edges found
006,Sophitia,eight_way_or_ambiguous,322,323,,,,,unknown_from_static_bytecode,,unknown,no static frame edges found
006,Sophitia,forward_step_candidate,259,260,,,,,unknown_from_static_bytecode,,unknown,no static frame edges found
006,Sophitia,forward_step_candidate,264,265,,,,,unknown_from_static_bytecode,,unknown,no static frame edges found
006,Sophitia,forward_step_candidate,362,365,,,,,unknown_from_static_bytecode,,unknown,no static frame edges found
006,Sophitia,forward_step_candidate,473,483,,,,,unknown_from_static_bytecode,,unknown,no static frame edges found
006,Sophitia,forward_step_candidate,270,273,,,,,unknown_from_static_bytecode,,unknown,no static frame edges found
006,Sophitia,forward_step_candidate,279,280,,,,,unknown_from_static_bytecode,,unknown,no static frame edges found
006,Sophitia,forward_step_candidate,286,291,,,,,unknown_from_static_bytecode,,unknown,no static frame edges found
006,Sophitia,forward_step_candidate,297,298,,,,,unknown_from_static_bytecode,,unknown,no static frame edges found
006,Sophitia,forward_step_candidate,335,338,,,,,unknown_from_static_bytecode,,unknown,no static frame edges found
006,Sophitia,forward_step_candidate,341,294,,,,,unknown_from_static_bytecode,,unknown,no static frame edges found
006,Sophitia,forward_step_candidate,1974,1608,,,,,unknown_from_static_bytecode,,unknown,no static frame edges found
006,Sophitia,forward_step_candidate,168,390,,,,,unknown_from_static_bytecode,,unknown,no static frame edges found
006,Sophitia,forward_step_candidate,275,273,,,,,unknown_from_static_bytecode,,unknown,no static frame edges found
006,Sophitia,forward_step_candidate,280,281,,,,,unknown_from_static_bytecode,,unknown,no static frame edges found
006,Sophitia,forward_step_candidate,293,294,,,,,unknown_from_static_bytecode,,unknown,no static frame edges found
006,Sophitia,forward_step_candidate,298,299,,,,,unknown_from_static_bytecode,,unknown,no static frame edges found
006,Sophitia,forward_step_candidate,299,300,,,,,unknown_from_static_bytecode,,unknown,no static frame edges found
006,Sophitia,forward_step_candidate,330,294,,,,,unknown_from_static_bytecode,,unknown,no static frame edges found
006,Sophitia,forward_step_candidate,336,337,,,,,unknown_from_static_bytecode,,unknown,no static frame edges found
006,Sophitia,forward_step_candidate,427,428,,,,,unknown_from_static_bytecode,,unknown,no static frame edges found
006,Sophitia,forward_step_candidate,2881,453,,,,,unknown_from_static_bytecode,,unknown,no static frame edges found
006,Sophitia,forward_step_candidate,2881,453,,,,,unknown_from_static_bytecode,,unknown,no static frame edges found
006,Sophitia,forward_step_candidate,2881,465,,,,,unknown_from_static_bytecode,,unknown,no static frame edges found
006,Sophitia,forward_step_candidate,2881,465,,,,,unknown_from_static_bytecode,,unknown,no static frame edges found
006,Sophitia,forward_step_candidate,2882,429,,,,,unknown_from_static_bytecode,,unknown,no static frame edges found
006,Sophitia,forward_step_candidate,1975,2277,,,,,unknown_from_static_bytecode,,unknown,no static frame edges found
006,Sophitia,forward_step_candidate,2108,2283,,,,,unknown_from_static_bytecode,,unknown,no static frame edges found
006,Sophitia,forward_step_candidate,2110,2283,,,,,unknown_from_static_bytecode,,unknown,no static frame edges found
006,Sophitia,forward_step_candidate,2165,2286,,,,,unknown_from_static_bytecode,,unknown,no static frame edges found
006,Sophitia,forward_step_candidate,2205,2288,,,,,unknown_from_static_bytecode,,unknown,no static frame edges found
006,Sophitia,sidestep_down_candidate,257,262,,,,,unknown_from_static_bytecode,,unknown,no static frame edges found
006,Sophitia,sidestep_down_candidate,279,285,,,,,unknown_from_static_bytecode,,unknown,no static frame edges found
006,Sophitia,sidestep_down_candidate,478,6,,,,,unknown_from_static_bytecode,,unknown,no static frame edges found
006,Sophitia,sidestep_down_candidate,1440,1420,,,,,unknown_from_static_bytecode,,unknown,no static frame edges found
006,Sophitia,sidestep_down_candidate,2556,478,,,,,unknown_from_static_bytecode,,unknown,no static frame edges found
006,Sophitia,sidestep_down_candidate,2556,478,,,,,unknown_from_static_bytecode,,unknown,no static frame edges found
006,Sophitia,sidestep_down_candidate,2885,425,,,,,unknown_from_static_bytecode,,unknown,no static frame edges found
006,Sophitia,sidestep_down_candidate,2885,429,,,,,unknown_from_static_bytecode,,unknown,no static frame edges found
006,Sophitia,sidestep_down_candidate,2885,440,,,,,unknown_from_static_bytecode,,unknown,no static frame edges found
006,Sophitia,sidestep_up_candidate,259,260,,,,,unknown_from_static_bytecode,,unknown,no static frame edges found
006,Sophitia,sidestep_up_candidate,264,265,,,,,unknown_from_static_bytecode,,unknown,no static frame edges found
006,Sophitia,sidestep_up_candidate,362,365,,,,,unknown_from_static_bytecode,,unknown,no static frame edges found
006,Sophitia,sidestep_up_candidate,473,483,,,,,unknown_from_static_bytecode,,unknown,no static frame edges found
006,Sophitia,sidestep_up_candidate,257,261,,,,,unknown_from_static_bytecode,,unknown,no static frame edges found
006,Sophitia,sidestep_up_candidate,279,284,,,,,unknown_from_static_bytecode,,unknown,no static frame edges found
006,Sophitia,sidestep_up_candidate,335,339,,,,,unknown_from_static_bytecode,,unknown,no static frame edges found
006,Sophitia,sidestep_up_candidate,341,296,,,,,unknown_from_static_bytecode,,unknown,no static frame edges found
006,Sophitia,sidestep_up_candidate,376,377,,,,,unknown_from_static_bytecode,,unknown,no static frame edges found
006,Sophitia,sidestep_up_candidate,2881,443,,,,,unknown_from_static_bytecode,,unknown,no static frame edges found
006,Sophitia,sidestep_up_candidate,2885,395,,,,,unknown_from_static_bytecode,,unknown,no static frame edges found
006,Sophitia,sidestep_up_candidate,293,296,,,,,unknown_from_static_bytecode,,unknown,no static frame edges found
006,Sophitia,sidestep_up_candidate,308,309,,,,,unknown_from_static_bytecode,,unknown,no static frame edges found
006,Sophitia,sidestep_up_candidate,2881,456,,,,,unknown_from_static_bytecode,,unknown,no static frame edges found
006,Sophitia,sidestep_up_candidate,2881,456,,,,,unknown_from_static_bytecode,,unknown,no static frame edges found
006,Sophitia,sidestep_up_candidate,2882,440,,,,,unknown_from_static_bytecode,,unknown,no static frame edges found
007,Siegfried,backstep_candidate,257,258,,,,,unknown_from_static_bytecode,,unknown,no static frame edges found
007,Siegfried,backstep_candidate,272,275,,,,,unknown_from_static_bytecode,,unknown,no static frame edges found
007,Siegfried,backstep_candidate,281,282,,,,,unknown_from_static_bytecode,,unknown,no static frame edges found
007,Siegfried,backstep_candidate,315,316,,,,,unknown_from_static_bytecode,,unknown,no static frame edges found
007,Siegfried,backstep_candidate,351,352,,,,,unknown_from_static_bytecode,,unknown,no static frame edges found
007,Siegfried,backstep_candidate,513,514,,,,,unknown_from_static_bytecode,,unknown,no static frame edges found
007,Siegfried,backstep_candidate,257,259,,,,,unknown_from_static_bytecode,,unknown,no static frame edges found
007,Siegfried,backstep_candidate,259,263,,,,,unknown_from_static_bytecode,,unknown,no static frame edges found
007,Siegfried,backstep_candidate,272,273,,,,,unknown_from_static_bytecode,,unknown,no static frame edges found
007,Siegfried,backstep_candidate,314,315,,,,,unknown_from_static_bytecode,,unknown,no static frame edges found
007,Siegfried,backstep_candidate,337,338,,,,,unknown_from_static_bytecode,,unknown,no static frame edges found
007,Siegfried,backstep_candidate,2941,513,,,,,unknown_from_static_bytecode,,unknown,no static frame edges found
007,Siegfried,backstep_candidate,2942,458,,,,,unknown_from_static_bytecode,,unknown,no static frame edges found
007,Siegfried,backstep_candidate,2943,441,,,,,unknown_from_static_bytecode,,unknown,no static frame edges found
007,Siegfried,backstep_candidate,2033,1667,,,,,unknown_from_static_bytecode,,unknown,no static frame edges found
007,Siegfried,backstep_candidate,269,271,,,,,unknown_from_static_bytecode,,unknown,no static frame edges found
007,Siegfried,backstep_candidate,270,271,,,,,unknown_from_static_bytecode,,unknown,no static frame edges found
007,Siegfried,backstep_candidate,370,371,,,,,unknown_from_static_bytecode,,unknown,no static frame edges found
007,Siegfried,backstep_candidate,373,374,,,,,unknown_from_static_bytecode,,unknown,no static frame edges found
007,Siegfried,backstep_candidate,483,487,,,,,unknown_from_static_bytecode,,unknown,no static frame edges found
007,Siegfried,backstep_candidate,484,487,,,,,unknown_from_static_bytecode,,unknown,no static frame edges found
007,Siegfried,backstep_candidate,488,489,,,,,unknown_from_static_bytecode,,unknown,no static frame edges found
007,Siegfried,backstep_candidate,267,269,,,,,unknown_from_static_bytecode,,unknown,no static frame edges found
007,Siegfried,backstep_candidate,317,318,,,,,unknown_from_static_bytecode,,unknown,no static frame edges found
007,Siegfried,backstep_candidate,338,339,,,,,unknown_from_static_bytecode,,unknown,no static frame edges found
007,Siegfried,backstep_candidate,339,340,,,,,unknown_from_static_bytecode,,unknown,no static frame edges found
007,Siegfried,backstep_candidate,483,488,,,,,unknown_from_static_bytecode,,unknown,no static frame edges found
007,Siegfried,backstep_candidate,2034,2336,,,,,unknown_from_static_bytecode,,unknown,no static frame edges found
007,Siegfried,backstep_candidate,2167,2342,,,,,unknown_from_static_bytecode,,unknown,no static frame edges found
007,Siegfried,backstep_candidate,2169,2342,,,,,unknown_from_static_bytecode,,unknown,no static frame edges found
007,Siegfried,backstep_candidate,2223,2345,,,,,unknown_from_static_bytecode,,unknown,no static frame edges found
007,Siegfried,backstep_candidate,2262,2347,,,,,unknown_from_static_bytecode,,unknown,no static frame edges found
007,Siegfried,eight_way_or_ambiguous,161,164,,,,,unknown_from_static_bytecode,,unknown,no static frame edges found
007,Siegfried,eight_way_or_ambiguous,2942,465,,,,,unknown_from_static_bytecode,,unknown,no static frame edges found
007,Siegfried,eight_way_or_ambiguous,2941,521,,,,,unknown_from_static_bytecode,,unknown,no static frame edges found
007,Siegfried,eight_way_or_ambiguous,2943,448,,,,,unknown_from_static_bytecode,,unknown,no static frame edges found
007,Siegfried,eight_way_or_ambiguous,258,512,,,,,unknown_from_static_bytecode,,unknown,no static frame edges found
007,Siegfried,eight_way_or_ambiguous,297,440,,,,,unknown_from_static_bytecode,,unknown,no static frame edges found
007,Siegfried,eight_way_or_ambiguous,316,482,,,,,unknown_from_static_bytecode,,unknown,no static frame edges found
007,Siegfried,eight_way_or_ambiguous,344,440,,,,,unknown_from_static_bytecode,,unknown,no static frame edges found
007,Siegfried,eight_way_or_ambiguous,380,440,,,,,unknown_from_static_bytecode,,unknown,no static frame edges found
007,Siegfried,eight_way_or_ambiguous,450,457,,,,,unknown_from_static_bytecode,,unknown,no static frame edges found
007,Siegfried,eight_way_or_ambiguous,451,482,,,,,unknown_from_static_bytecode,,unknown,no static frame edges found
007,Siegfried,eight_way_or_ambiguous,452,482,,,,,unknown_from_static_bytecode,,unknown,no static frame edges found
007,Siegfried,eight_way_or_ambiguous,453,512,,,,,unknown_from_static_bytecode,,unknown,no static frame edges found
007,Siegfried,eight_way_or_ambiguous,467,457,,,,,unknown_from_static_bytecode,,unknown,no static frame edges found
007,Siegfried,eight_way_or_ambiguous,468,482,,,,,unknown_from_static_bytecode,,unknown,no static frame edges found
007,Siegfried,eight_way_or_ambiguous,469,482,,,,,unknown_from_static_bytecode,,unknown,no static frame edges found
007,Siegfried,eight_way_or_ambiguous,470,512,,,,,unknown_from_static_bytecode,,unknown,no static frame edges found
007,Siegfried,eight_way_or_ambiguous,471,440,,,,,unknown_from_static_bytecode,,unknown,no static frame edges found
007,Siegfried,eight_way_or_ambiguous,500,457,,,,,unknown_from_static_bytecode,,unknown,no static frame edges found
007,Siegfried,eight_way_or_ambiguous,501,482,,,,,unknown_from_static_bytecode,,unknown,no static frame edges found
007,Siegfried,eight_way_or_ambiguous,502,482,,,,,unknown_from_static_bytecode,,unknown,no static frame edges found
007,Siegfried,eight_way_or_ambiguous,503,512,,,,,unknown_from_static_bytecode,,unknown,no static frame edges found
007,Siegfried,eight_way_or_ambiguous,504,440,,,,,unknown_from_static_bytecode,,unknown,no static frame edges found
007,Siegfried,eight_way_or_ambiguous,522,457,,,,,unknown_from_static_bytecode,,unknown,no static frame edges found
007,Siegfried,eight_way_or_ambiguous,523,482,,,,,unknown_from_static_bytecode,,unknown,no static frame edges found
007,Siegfried,eight_way_or_ambiguous,524,482,,,,,unknown_from_static_bytecode,,unknown,no static frame edges found
007,Siegfried,eight_way_or_ambiguous,525,512,,,,,unknown_from_static_bytecode,,unknown,no static frame edges found
007,Siegfried,eight_way_or_ambiguous,526,440,,,,,unknown_from_static_bytecode,,unknown,no static frame edges found
007,Siegfried,eight_way_or_ambiguous,537,482,,,,,unknown_from_static_bytecode,,unknown,no static frame edges found
007,Siegfried,eight_way_or_ambiguous,400,401,,,,,unknown_from_static_bytecode,,unknown,no static frame edges found
007,Siegfried,eight_way_or_ambiguous,402,403,,,,,unknown_from_static_bytecode,,unknown,no static frame edges found
007,Siegfried,eight_way_or_ambiguous,2940,499,,,,,unknown_from_static_bytecode,,unknown,no static frame edges found
007,Siegfried,forward_step_candidate,290,292,,,,,unknown_from_static_bytecode,,unknown,no static frame edges found
007,Siegfried,forward_step_candidate,293,295,,,,,unknown_from_static_bytecode,,unknown,no static frame edges found
007,Siegfried,forward_step_candidate,296,297,,,,,unknown_from_static_bytecode,,unknown,no static frame edges found
007,Siegfried,forward_step_candidate,298,299,,,,,unknown_from_static_bytecode,,unknown,no static frame edges found
007,Siegfried,forward_step_candidate,343,344,,,,,unknown_from_static_bytecode,,unknown,no static frame edges found
007,Siegfried,forward_step_candidate,355,356,,,,,unknown_from_static_bytecode,,unknown,no static frame edges found
007,Siegfried,forward_step_candidate,362,365,,,,,unknown_from_static_bytecode,,unknown,no static frame edges found
007,Siegfried,forward_step_candidate,377,378,,,,,unknown_from_static_bytecode,,unknown,no static frame edges found
007,Siegfried,forward_step_candidate,379,380,,,,,unknown_from_static_bytecode,,unknown,no static frame edges found
007,Siegfried,forward_step_candidate,385,387,,,,,unknown_from_static_bytecode,,unknown,no static frame edges found
007,Siegfried,forward_step_candidate,257,264,,,,,unknown_from_static_bytecode,,unknown,no static frame edges found
007,Siegfried,forward_step_candidate,257,265,,,,,unknown_from_static_bytecode,,unknown,no static frame edges found
007,Siegfried,forward_step_candidate,259,261,,,,,unknown_from_static_bytecode,,unknown,no static frame edges found
007,Siegfried,forward_step_candidate,272,274,,,,,unknown_from_static_bytecode,,unknown,no static frame edges found
007,Siegfried,forward_step_candidate,290,291,,,,,unknown_from_static_bytecode,,unknown,no static frame edges found
007,Siegfried,forward_step_candidate,315,319,,,,,unknown_from_static_bytecode,,unknown,no static frame edges found
007,Siegfried,forward_step_candidate,337,338,,,,,unknown_from_static_bytecode,,unknown,no static frame edges found
007,Siegfried,forward_step_candidate,379,381,,,,,unknown_from_static_bytecode,,unknown,no static frame edges found
007,Siegfried,forward_step_candidate,385,388,,,,,unknown_from_static_bytecode,,unknown,no static frame edges found
007,Siegfried,forward_step_candidate,2941,516,,,,,unknown_from_static_bytecode,,unknown,no static frame edges found
007,Siegfried,forward_step_candidate,2942,461,,,,,unknown_from_static_bytecode,,unknown,no static frame edges found
007,Siegfried,forward_step_candidate,2943,443,,,,,unknown_from_static_bytecode,,unknown,no static frame edges found
007,Siegfried,forward_step_candidate,2033,1667,,,,,unknown_from_static_bytecode,,unknown,no static frame edges found
007,Siegfried,forward_step_candidate,168,405,,,,,unknown_from_static_bytecode,,unknown,no static frame edges found
007,Siegfried,forward_step_candidate,261,262,,,,,unknown_from_static_bytecode,,unknown,no static frame edges found
007,Siegfried,forward_step_candidate,264,266,,,,,unknown_from_static_bytecode,,unknown,no static frame edges found
007,Siegfried,forward_step_candidate,265,266,,,,,unknown_from_static_bytecode,,unknown,no static frame edges found
007,Siegfried,forward_step_candidate,294,295,,,,,unknown_from_static_bytecode,,unknown,no static frame edges found
007,Siegfried,forward_step_candidate,363,365,,,,,unknown_from_static_bytecode,,unknown,no static frame edges found
007,Siegfried,forward_step_candidate,364,365,,,,,unknown_from_static_bytecode,,unknown,no static frame edges found
007,Siegfried,forward_step_candidate,382,383,,,,,unknown_from_static_bytecode,,unknown,no static frame edges found
007,Siegfried,forward_step_candidate,388,389,,,,,unknown_from_static_bytecode,,unknown,no static frame edges found
007,Siegfried,forward_step_candidate,494,495,,,,,unknown_from_static_bytecode,,unknown,no static frame edges found
007,Siegfried,forward_step_candidate,518,519,,,,,unknown_from_static_bytecode,,unknown,no static frame edges found
007,Siegfried,forward_step_candidate,283,284,,,,,unknown_from_static_bytecode,,unknown,no static frame edges found
007,Siegfried,forward_step_candidate,288,289,,,,,unknown_from_static_bytecode,,unknown,no static frame edges found
007,Siegfried,forward_step_candidate,338,339,,,,,unknown_from_static_bytecode,,unknown,no static frame edges found
007,Siegfried,forward_step_candidate,490,491,,,,,unknown_from_static_bytecode,,unknown,no static frame edges found
007,Siegfried,forward_step_candidate,516,517,,,,,unknown_from_static_bytecode,,unknown,no static frame edges found
007,Siegfried,forward_step_candidate,517,518,,,,,unknown_from_static_bytecode,,unknown,no static frame edges found
007,Siegfried,forward_step_candidate,2034,2336,,,,,unknown_from_static_bytecode,,unknown,no static frame edges found
007,Siegfried,forward_step_candidate,2167,2342,,,,,unknown_from_static_bytecode,,unknown,no static frame edges found
007,Siegfried,forward_step_candidate,2169,2342,,,,,unknown_from_static_bytecode,,unknown,no static frame edges found
007,Siegfried,forward_step_candidate,2224,2345,,,,,unknown_from_static_bytecode,,unknown,no static frame edges found
007,Siegfried,forward_step_candidate,2264,2347,,,,,unknown_from_static_bytecode,,unknown,no static frame edges found
007,Siegfried,sidestep_down_candidate,385,386,,,,,unknown_from_static_bytecode,,unknown,no static frame edges found
007,Siegfried,sidestep_down_candidate,2941,527,,,,,unknown_from_static_bytecode,,unknown,no static frame edges found
007,Siegfried,sidestep_down_candidate,2942,472,,,,,unknown_from_static_bytecode,,unknown,no static frame edges found
007,Siegfried,sidestep_down_candidate,2943,454,,,,,unknown_from_static_bytecode,,unknown,no static frame edges found
007,Siegfried,sidestep_down_candidate,538,6,,,,,unknown_from_static_bytecode,,unknown,no static frame edges found
007,Siegfried,sidestep_down_candidate,1499,1479,,,,,unknown_from_static_bytecode,,unknown,no static frame edges found
007,Siegfried,sidestep_down_candidate,2615,538,,,,,unknown_from_static_bytecode,,unknown,no static frame edges found
007,Siegfried,sidestep_down_candidate,2615,538,,,,,unknown_from_static_bytecode,,unknown,no static frame edges found
007,Siegfried,sidestep_down_candidate,2940,505,,,,,unknown_from_static_bytecode,,unknown,no static frame edges found
007,Siegfried,sidestep_up_candidate,2941,520,,,,,unknown_from_static_bytecode,,unknown,no static frame edges found
007,Siegfried,sidestep_up_candidate,2942,463,,,,,unknown_from_static_bytecode,,unknown,no static frame edges found
007,Siegfried,sidestep_up_candidate,2943,444,,,,,unknown_from_static_bytecode,,unknown,no static frame edges found
007,Siegfried,sidestep_up_candidate,312,313,,,,,unknown_from_static_bytecode,,unknown,no static frame edges found
007,Siegfried,sidestep_up_candidate,394,395,,,,,unknown_from_static_bytecode,,unknown,no static frame edges found
007,Siegfried,sidestep_up_candidate,462,464,,,,,unknown_from_static_bytecode,,unknown,no static frame edges found
007,Siegfried,sidestep_up_candidate,463,464,,,,,unknown_from_static_bytecode,,unknown,no static frame edges found
007,Siegfried,sidestep_up_candidate,496,497,,,,,unknown_from_static_bytecode,,unknown,no static frame edges found
007,Siegfried,sidestep_up_candidate,308,309,,,,,unknown_from_static_bytecode,,unknown,no static frame edges found
007,Siegfried,sidestep_up_candidate,309,310,,,,,unknown_from_static_bytecode,,unknown,no static frame edges found
007,Siegfried,sidestep_up_candidate,321,322,,,,,unknown_from_static_bytecode,,unknown,no static frame edges found
007,Siegfried,sidestep_up_candidate,322,323,,,,,unknown_from_static_bytecode,,unknown,no static frame edges found
007,Siegfried,sidestep_up_candidate,323,324,,,,,unknown_from_static_bytecode,,unknown,no static frame edges found
007,Siegfried,sidestep_up_candidate,324,325,,,,,unknown_from_static_bytecode,,unknown,no static frame edges found
007,Siegfried,sidestep_up_candidate,366,369,,,,,unknown_from_static_bytecode,,unknown,no static frame edges found
007,Siegfried,sidestep_up_candidate,367,369,,,,,unknown_from_static_bytecode,,unknown,no static frame edges found
007,Siegfried,sidestep_up_candidate,368,369,,,,,unknown_from_static_bytecode,,unknown,no static frame edges found
007,Siegfried,sidestep_up_candidate,390,391,,,,,unknown_from_static_bytecode,,unknown,no static frame edges found
007,Siegfried,sidestep_up_candidate,2940,493,,,,,unknown_from_static_bytecode,,unknown,no static frame edges found
009,Hwang,back_diagonal,459,518,,,,,unknown_from_static_bytecode,,unknown,no static frame edges found
009,Hwang,backstep_candidate,265,469,,,,,unknown_from_static_bytecode,,unknown,no static frame edges found
009,Hwang,backstep_candidate,264,272,,,,,unknown_from_static_bytecode,,unknown,no static frame edges found
009,Hwang,backstep_candidate,416,417,,,,,unknown_from_static_bytecode,,unknown,no static frame edges found
009,Hwang,backstep_candidate,492,496,,,,,unknown_from_static_bytecode,,unknown,no static frame edges found
009,Hwang,backstep_candidate,503,507,,,,,unknown_from_static_bytecode,,unknown,no static frame edges found
009,Hwang,backstep_candidate,2260,1860,,,,,unknown_from_static_bytecode,,unknown,no static frame edges found
009,Hwang,backstep_candidate,411,471,,,,,unknown_from_static_bytecode,,unknown,no static frame edges found
009,Hwang,backstep_candidate,285,286,,,,,unknown_from_static_bytecode,,unknown,no static frame edges found
009,Hwang,backstep_candidate,314,315,,,,,unknown_from_static_bytecode,,unknown,no static frame edges found
009,Hwang,backstep_candidate,429,430,,,,,unknown_from_static_bytecode,,unknown,no static frame edges found
009,Hwang,backstep_candidate,491,496,,,,,unknown_from_static_bytecode,,unknown,no static frame edges found
009,Hwang,backstep_candidate,493,496,,,,,unknown_from_static_bytecode,,unknown,no static frame edges found
009,Hwang,backstep_candidate,494,496,,,,,unknown_from_static_bytecode,,unknown,no static frame edges found
009,Hwang,backstep_candidate,495,496,,,,,unknown_from_static_bytecode,,unknown,no static frame edges found
009,Hwang,backstep_candidate,502,507,,,,,unknown_from_static_bytecode,,unknown,no static frame edges found
009,Hwang,backstep_candidate,504,507,,,,,unknown_from_static_bytecode,,unknown,no static frame edges found
009,Hwang,backstep_candidate,505,507,,,,,unknown_from_static_bytecode,,unknown,no static frame edges found
009,Hwang,backstep_candidate,506,507,,,,,unknown_from_static_bytecode,,unknown,no static frame edges found
009,Hwang,backstep_candidate,3132,476,,,,,unknown_from_static_bytecode,,unknown,no static frame edges found
009,Hwang,backstep_candidate,3133,487,,,,,unknown_from_static_bytecode,,unknown,no static frame edges found
009,Hwang,backstep_candidate,2261,2458,,,,,unknown_from_static_bytecode,,unknown,no static frame edges found
009,Hwang,eight_way_or_ambiguous,350,470,,,,,unknown_from_static_bytecode,,unknown,no static frame edges found
009,Hwang,eight_way_or_ambiguous,356,360,,,,,unknown_from_static_bytecode,,unknown,no static frame edges found
009,Hwang,eight_way_or_ambiguous,161,164,,,,,unknown_from_static_bytecode,,unknown,no static frame edges found
009,Hwang,eight_way_or_ambiguous,166,169,,,,,unknown_from_static_bytecode,,unknown,no static frame edges found
009,Hwang,eight_way_or_ambiguous,3145,528,,,,,unknown_from_static_bytecode,,unknown,no static frame edges found
009,Hwang,eight_way_or_ambiguous,3145,529,,,,,unknown_from_static_bytecode,,unknown,no static frame edges found
009,Hwang,forward_diagonal,447,448,,,,,unknown_from_static_bytecode,,unknown,no static frame edges found
009,Hwang,forward_diagonal,299,300,,,,,unknown_from_static_bytecode,,unknown,no static frame edges found
009,Hwang,forward_step_candidate,372,373,,,,,unknown_from_static_bytecode,,unknown,no static frame edges found
009,Hwang,forward_step_candidate,378,474,,,,,unknown_from_static_bytecode,,unknown,no static frame edges found
009,Hwang,forward_step_candidate,414,472,,,,,unknown_from_static_bytecode,,unknown,no static frame edges found
009,Hwang,forward_step_candidate,492,498,,,,,unknown_from_static_bytecode,,unknown,no static frame edges found
009,Hwang,forward_step_candidate,503,509,,,,,unknown_from_static_bytecode,,unknown,no static frame edges found
009,Hwang,forward_step_candidate,2260,1860,,,,,unknown_from_static_bytecode,,unknown,no static frame edges found
009,Hwang,forward_step_candidate,173,452,,,,,unknown_from_static_bytecode,,unknown,no static frame edges found
009,Hwang,forward_step_candidate,286,287,,,,,unknown_from_static_bytecode,,unknown,no static frame edges found
009,Hwang,forward_step_candidate,292,293,,,,,unknown_from_static_bytecode,,unknown,no static frame edges found
009,Hwang,forward_step_candidate,295,296,,,,,unknown_from_static_bytecode,,unknown,no static frame edges found
009,Hwang,forward_step_candidate,491,498,,,,,unknown_from_static_bytecode,,unknown,no static frame edges found
009,Hwang,forward_step_candidate,493,498,,,,,unknown_from_static_bytecode,,unknown,no static frame edges found
009,Hwang,forward_step_candidate,494,498,,,,,unknown_from_static_bytecode,,unknown,no static frame edges found
009,Hwang,forward_step_candidate,495,498,,,,,unknown_from_static_bytecode,,unknown,no static frame edges found
009,Hwang,forward_step_candidate,502,509,,,,,unknown_from_static_bytecode,,unknown,no static frame edges found
009,Hwang,forward_step_candidate,504,509,,,,,unknown_from_static_bytecode,,unknown,no static frame edges found
009,Hwang,forward_step_candidate,505,509,,,,,unknown_from_static_bytecode,,unknown,no static frame edges found
009,Hwang,forward_step_candidate,506,509,,,,,unknown_from_static_bytecode,,unknown,no static frame edges found
009,Hwang,forward_step_candidate,510,511,,,,,unknown_from_static_bytecode,,unknown,no static frame edges found
009,Hwang,forward_step_candidate,3132,477,,,,,unknown_from_static_bytecode,,unknown,no static frame edges found
009,Hwang,forward_step_candidate,3133,488,,,,,unknown_from_static_bytecode,,unknown,no static frame edges found
009,Hwang,forward_step_candidate,2261,2458,,,,,unknown_from_static_bytecode,,unknown,no static frame edges found
009,Hwang,sidestep_down_candidate,517,519,,,,,unknown_from_static_bytecode,,unknown,no static frame edges found
009,Hwang,sidestep_down_candidate,516,519,,,,,unknown_from_static_bytecode,,unknown,no static frame edges found
009,Hwang,sidestep_down_candidate,518,519,,,,,unknown_from_static_bytecode,,unknown,no static frame edges found
009,Hwang,sidestep_down_candidate,532,519,,,,,unknown_from_static_bytecode,,unknown,no static frame edges found
009,Hwang,sidestep_down_candidate,536,6,,,,,unknown_from_static_bytecode,,unknown,no static frame edges found
009,Hwang,sidestep_down_candidate,1655,1635,,,,,unknown_from_static_bytecode,,unknown,no static frame edges found
009,Hwang,sidestep_down_candidate,2741,536,,,,,unknown_from_static_bytecode,,unknown,no static frame edges found
009,Hwang,sidestep_down_candidate,2741,536,,,,,unknown_from_static_bytecode,,unknown,no static frame edges found
009,Hwang,sidestep_down_candidate,3145,491,,,,,unknown_from_static_bytecode,,unknown,no static frame edges found
009,Hwang,sidestep_down_candidate,3145,502,,,,,unknown_from_static_bytecode,,unknown,no static frame edges found
009,Hwang,sidestep_up_candidate,426,473,,,,,unknown_from_static_bytecode,,unknown,no static frame edges found
009,Hwang,sidestep_up_candidate,427,473,,,,,unknown_from_static_bytecode,,unknown,no static frame edges found
009,Hwang,sidestep_up_candidate,278,280,,,,,unknown_from_static_bytecode,,unknown,no static frame edges found
009,Hwang,sidestep_up_candidate,337,338,,,,,unknown_from_static_bytecode,,unknown,no static frame edges found
009,Hwang,sidestep_up_candidate,414,415,,,,,unknown_from_static_bytecode,,unknown,no static frame edges found
009,Hwang,sidestep_up_candidate,426,427,,,,,unknown_from_static_bytecode,,unknown,no static frame edges found
009,Hwang,sidestep_up_candidate,435,436,,,,,unknown_from_static_bytecode,,unknown,no static frame edges found
009,Hwang,sidestep_up_candidate,492,500,,,,,unknown_from_static_bytecode,,unknown,no static frame edges found
009,Hwang,sidestep_up_candidate,503,512,,,,,unknown_from_static_bytecode,,unknown,no static frame edges found
009,Hwang,sidestep_up_candidate,376,475,,,,,unknown_from_static_bytecode,,unknown,no static frame edges found
009,Hwang,sidestep_up_candidate,2798,452,,,,,unknown_from_static_bytecode,,unknown,no static frame edges found
009,Hwang,sidestep_up_candidate,3145,161,,,,,unknown_from_static_bytecode,,unknown,no static frame edges found
009,Hwang,sidestep_up_candidate,3145,166,,,,,unknown_from_static_bytecode,,unknown,no static frame edges found
009,Hwang,sidestep_up_candidate,491,500,,,,,unknown_from_static_bytecode,,unknown,no static frame edges found
009,Hwang,sidestep_up_candidate,493,500,,,,,unknown_from_static_bytecode,,unknown,no static frame edges found
009,Hwang,sidestep_up_candidate,494,500,,,,,unknown_from_static_bytecode,,unknown,no static frame edges found
009,Hwang,sidestep_up_candidate,495,500,,,,,unknown_from_static_bytecode,,unknown,no static frame edges found
009,Hwang,sidestep_up_candidate,502,512,,,,,unknown_from_static_bytecode,,unknown,no static frame edges found
009,Hwang,sidestep_up_candidate,504,512,,,,,unknown_from_static_bytecode,,unknown,no static frame edges found
009,Hwang,sidestep_up_candidate,505,512,,,,,unknown_from_static_bytecode,,unknown,no static frame edges found
009,Hwang,sidestep_up_candidate,506,512,,,,,unknown_from_static_bytecode,,unknown,no static frame edges found
009,Hwang,sidestep_up_candidate,3132,478,,,,,unknown_from_static_bytecode,,unknown,no static frame edges found
009,Hwang,sidestep_up_candidate,3133,490,,,,,unknown_from_static_bytecode,,unknown,no static frame edges found
00b,Ivy,backstep_candidate,261,262,,,,,unknown_from_static_bytecode,,unknown,no static frame edges found
00b,Ivy,backstep_candidate,261,267,,,,,unknown_from_static_bytecode,,unknown,no static frame edges found
00b,Ivy,backstep_candidate,270,271,,,,,unknown_from_static_bytecode,,unknown,no static frame edges found
00b,Ivy,backstep_candidate,273,274,,,,,unknown_from_static_bytecode,,unknown,no static frame edges found
00b,Ivy,backstep_candidate,282,287,,,,,unknown_from_static_bytecode,,unknown,no static frame edges found
00b,Ivy,backstep_candidate,291,292,,,,,unknown_from_static_bytecode,,unknown,no static frame edges found
00b,Ivy,backstep_candidate,387,388,,,,,unknown_from_static_bytecode,,unknown,no static frame edges found
00b,Ivy,backstep_candidate,424,425,,,,,unknown_from_static_bytecode,,unknown,no static frame edges found
00b,Ivy,backstep_candidate,438,439,,,,,unknown_from_static_bytecode,,unknown,no static frame edges found
00b,Ivy,backstep_candidate,2063,1697,,,,,unknown_from_static_bytecode,,unknown,no static frame edges found
00b,Ivy,backstep_candidate,276,279,,,,,unknown_from_static_bytecode,,unknown,no static frame edges found
00b,Ivy,backstep_candidate,278,279,,,,,unknown_from_static_bytecode,,unknown,no static frame edges found
00b,Ivy,backstep_candidate,292,293,,,,,unknown_from_static_bytecode,,unknown,no static frame edges found
00b,Ivy,backstep_candidate,546,555,,,,,unknown_from_static_bytecode,,unknown,no static frame edges found
00b,Ivy,backstep_candidate,287,288,,,,,unknown_from_static_bytecode,,unknown,no static frame edges found
00b,Ivy,backstep_candidate,335,337,,,,,unknown_from_static_bytecode,,unknown,no static frame edges found
00b,Ivy,backstep_candidate,430,431,,,,,unknown_from_static_bytecode,,unknown,no static frame edges found
00b,Ivy,backstep_candidate,502,503,,,,,unknown_from_static_bytecode,,unknown,no static frame edges found
00b,Ivy,backstep_candidate,507,509,,,,,unknown_from_static_bytecode,,unknown,no static frame edges found
00b,Ivy,backstep_candidate,508,509,,,,,unknown_from_static_bytecode,,unknown,no static frame edges found
00b,Ivy,backstep_candidate,2064,2366,,,,,unknown_from_static_bytecode,,unknown,no static frame edges found
00b,Ivy,backstep_candidate,2197,2372,,,,,unknown_from_static_bytecode,,unknown,no static frame edges found
00b,Ivy,backstep_candidate,2199,2372,,,,,unknown_from_static_bytecode,,unknown,no static frame edges found
00b,Ivy,backstep_candidate,2253,2375,,,,,unknown_from_static_bytecode,,unknown,no static frame edges found
00b,Ivy,backstep_candidate,2292,2377,,,,,unknown_from_static_bytecode,,unknown,no static frame edges found
00b,Ivy,eight_way_or_ambiguous,161,164,,,,,unknown_from_static_bytecode,,unknown,no static frame edges found
00b,Ivy,eight_way_or_ambiguous,312,313,,,,,unknown_from_static_bytecode,,unknown,no static frame edges found
00b,Ivy,eight_way_or_ambiguous,458,459,,,,,unknown_from_static_bytecode,,unknown,no static frame edges found
00b,Ivy,eight_way_or_ambiguous,2982,528,19,0,529,frame [-90..90],attack_followup,offensive_attack:1,confirmed_static_data,frame edge target has offensive hit data
00b,Ivy,forward_diagonal,357,359,,,,,unknown_from_static_bytecode,,unknown,no static frame edges found
00b,Ivy,forward_diagonal,408,369,,,,,unknown_from_static_bytecode,,unknown,no static frame edges found
00b,Ivy,forward_step_candidate,382,383,,,,,unknown_from_static_bytecode,,unknown,no static frame edges found
00b,Ivy,forward_step_candidate,282,283,,,,,unknown_from_static_bytecode,,unknown,no static frame edges found
00b,Ivy,forward_step_candidate,282,285,,,,,unknown_from_static_bytecode,,unknown,no static frame edges found
00b,Ivy,forward_step_candidate,291,294,,,,,unknown_from_static_bytecode,,unknown,no static frame edges found
00b,Ivy,forward_step_candidate,291,297,,,,,unknown_from_static_bytecode,,unknown,no static frame edges found
00b,Ivy,forward_step_candidate,305,306,,,,,unknown_from_static_bytecode,,unknown,no static frame edges found
00b,Ivy,forward_step_candidate,325,326,,,,,unknown_from_static_bytecode,,unknown,no static frame edges found
00b,Ivy,forward_step_candidate,339,541,,,,,unknown_from_static_bytecode,,unknown,no static frame edges found
00b,Ivy,forward_step_candidate,339,542,,,,,unknown_from_static_bytecode,,unknown,no static frame edges found
00b,Ivy,forward_step_candidate,343,344,,,,,unknown_from_static_bytecode,,unknown,no static frame edges found
00b,Ivy,forward_step_candidate,343,346,,,,,unknown_from_static_bytecode,,unknown,no static frame edges found
00b,Ivy,forward_step_candidate,383,541,,,,,unknown_from_static_bytecode,,unknown,no static frame edges found
00b,Ivy,forward_step_candidate,383,542,,,,,unknown_from_static_bytecode,,unknown,no static frame edges found
00b,Ivy,forward_step_candidate,389,390,,,,,unknown_from_static_bytecode,,unknown,no static frame edges found
00b,Ivy,forward_step_candidate,402,404,,,,,unknown_from_static_bytecode,,unknown,no static frame edges found
00b,Ivy,forward_step_candidate,436,437,,,,,unknown_from_static_bytecode,,unknown,no static frame edges found
00b,Ivy,forward_step_candidate,438,440,,,,,unknown_from_static_bytecode,,unknown,no static frame edges found
00b,Ivy,forward_step_candidate,463,541,,,,,unknown_from_static_bytecode,,unknown,no static frame edges found
00b,Ivy,forward_step_candidate,463,542,,,,,unknown_from_static_bytecode,,unknown,no static frame edges found
00b,Ivy,forward_step_candidate,2063,1697,,,,,unknown_from_static_bytecode,,unknown,no static frame edges found
00b,Ivy,forward_step_candidate,168,465,,,,,unknown_from_static_bytecode,,unknown,no static frame edges found
00b,Ivy,forward_step_candidate,283,284,,,,,unknown_from_static_bytecode,,unknown,no static frame edges found
00b,Ivy,forward_step_candidate,344,345,,,,,unknown_from_static_bytecode,,unknown,no static frame edges found
00b,Ivy,forward_step_candidate,344,346,,,,,unknown_from_static_bytecode,,unknown,no static frame edges found
00b,Ivy,forward_step_candidate,351,353,,,,,unknown_from_static_bytecode,,unknown,no static frame edges found
00b,Ivy,forward_step_candidate,353,352,,,,,unknown_from_static_bytecode,,unknown,no static frame edges found
00b,Ivy,forward_step_candidate,401,404,,,,,unknown_from_static_bytecode,,unknown,no static frame edges found
00b,Ivy,forward_step_candidate,403,404,,,,,unknown_from_static_bytecode,,unknown,no static frame edges found
00b,Ivy,forward_step_candidate,404,405,,,,,unknown_from_static_bytecode,,unknown,no static frame edges found
00b,Ivy,forward_step_candidate,412,414,,,,,unknown_from_static_bytecode,,unknown,no static frame edges found
00b,Ivy,forward_step_candidate,413,414,,,,,unknown_from_static_bytecode,,unknown,no static frame edges found
00b,Ivy,forward_step_candidate,516,517,,,,,unknown_from_static_bytecode,,unknown,no static frame edges found
00b,Ivy,forward_step_candidate,516,518,,,,,unknown_from_static_bytecode,,unknown,no static frame edges found
00b,Ivy,forward_step_candidate,516,518,,,,,unknown_from_static_bytecode,,unknown,no static frame edges found
00b,Ivy,forward_step_candidate,517,519,,,,,unknown_from_static_bytecode,,unknown,no static frame edges found
00b,Ivy,forward_step_candidate,517,520,,,,,unknown_from_static_bytecode,,unknown,no static frame edges found
00b,Ivy,forward_step_candidate,517,520,,,,,unknown_from_static_bytecode,,unknown,no static frame edges found
00b,Ivy,forward_step_candidate,518,520,,,,,unknown_from_static_bytecode,,unknown,no static frame edges found
00b,Ivy,forward_step_candidate,519,521,,,,,unknown_from_static_bytecode,,unknown,no static frame edges found
00b,Ivy,forward_step_candidate,521,522,,,,,unknown_from_static_bytecode,,unknown,no static frame edges found
00b,Ivy,forward_step_candidate,540,542,,,,,unknown_from_static_bytecode,,unknown,no static frame edges found
00b,Ivy,forward_step_candidate,540,543,,,,,unknown_from_static_bytecode,,unknown,no static frame edges found
00b,Ivy,forward_step_candidate,556,557,,,,,unknown_from_static_bytecode,,unknown,no static frame edges found
00b,Ivy,forward_step_candidate,557,558,,,,,unknown_from_static_bytecode,,unknown,no static frame edges found
00b,Ivy,forward_step_candidate,558,559,,,,,unknown_from_static_bytecode,,unknown,no static frame edges found
00b,Ivy,forward_step_candidate,559,560,,,,,unknown_from_static_bytecode,,unknown,no static frame edges found
00b,Ivy,forward_step_candidate,560,561,,,,,unknown_from_static_bytecode,,unknown,no static frame edges found
00b,Ivy,forward_step_candidate,561,562,,,,,unknown_from_static_bytecode,,unknown,no static frame edges found
00b,Ivy,forward_step_candidate,2064,2366,,,,,unknown_from_static_bytecode,,unknown,no static frame edges found
00b,Ivy,forward_step_candidate,2197,2372,,,,,unknown_from_static_bytecode,,unknown,no static frame edges found
00b,Ivy,forward_step_candidate,2199,2372,,,,,unknown_from_static_bytecode,,unknown,no static frame edges found
00b,Ivy,forward_step_candidate,2254,2375,,,,,unknown_from_static_bytecode,,unknown,no static frame edges found
00b,Ivy,forward_step_candidate,2294,2377,,,,,unknown_from_static_bytecode,,unknown,no static frame edges found
00b,Ivy,sidestep_down_candidate,325,327,,,,,unknown_from_static_bytecode,,unknown,no static frame edges found
00b,Ivy,sidestep_down_candidate,339,544,,,,,unknown_from_static_bytecode,,unknown,no static frame edges found
00b,Ivy,sidestep_down_candidate,383,544,,,,,unknown_from_static_bytecode,,unknown,no static frame edges found
00b,Ivy,sidestep_down_candidate,463,544,,,,,unknown_from_static_bytecode,,unknown,no static frame edges found
00b,Ivy,sidestep_down_candidate,367,368,,,,,unknown_from_static_bytecode,,unknown,no static frame edges found
00b,Ivy,sidestep_down_candidate,550,6,,,,,unknown_from_static_bytecode,,unknown,no static frame edges found
00b,Ivy,sidestep_down_candidate,1529,1509,,,,,unknown_from_static_bytecode,,unknown,no static frame edges found
00b,Ivy,sidestep_down_candidate,2645,550,,,,,unknown_from_static_bytecode,,unknown,no static frame edges found
00b,Ivy,sidestep_down_candidate,2645,550,,,,,unknown_from_static_bytecode,,unknown,no static frame edges found
00b,Ivy,sidestep_down_candidate,2982,539,,,,,unknown_from_static_bytecode,,unknown,no static frame edges found
00b,Ivy,sidestep_up_candidate,261,266,,,,,unknown_from_static_bytecode,,unknown,no static frame edges found
00b,Ivy,sidestep_up_candidate,443,444,,,,,unknown_from_static_bytecode,,unknown,no static frame edges found
00b,Ivy,sidestep_up_candidate,445,446,,,,,unknown_from_static_bytecode,,unknown,no static frame edges found
00b,Ivy,sidestep_up_candidate,526,527,,,,,unknown_from_static_bytecode,,unknown,no static frame edges found
00b,Ivy,sidestep_up_candidate,2986,469,,,,,unknown_from_static_bytecode,,unknown,no static frame edges found
00b,Ivy,sidestep_up_candidate,2986,470,,,,,unknown_from_static_bytecode,,unknown,no static frame edges found
00b,Ivy,sidestep_up_candidate,300,302,,,,,unknown_from_static_bytecode,,unknown,no static frame edges found
00b,Ivy,sidestep_up_candidate,536,538,,,,,unknown_from_static_bytecode,,unknown,no static frame edges found
00b,Ivy,sidestep_up_candidate,2982,526,,,,,unknown_from_static_bytecode,,unknown,no static frame edges found
00c,Kilik,backstep_candidate,272,275,,,,,unknown_from_static_bytecode,,unknown,no static frame edges found
00c,Kilik,backstep_candidate,382,383,,,,,unknown_from_static_bytecode,,unknown,no static frame edges found
00c,Kilik,backstep_candidate,2006,1640,,,,,unknown_from_static_bytecode,,unknown,no static frame edges found
00c,Kilik,backstep_candidate,2913,468,,,,,unknown_from_static_bytecode,,unknown,no static frame edges found
00c,Kilik,backstep_candidate,2915,476,,,,,unknown_from_static_bytecode,,unknown,no static frame edges found
00c,Kilik,backstep_candidate,2007,2309,,,,,unknown_from_static_bytecode,,unknown,no static frame edges found
00c,Kilik,backstep_candidate,2140,2315,,,,,unknown_from_static_bytecode,,unknown,no static frame edges found
00c,Kilik,backstep_candidate,2142,2315,,,,,unknown_from_static_bytecode,,unknown,no static frame edges found
00c,Kilik,backstep_candidate,2196,2318,,,,,unknown_from_static_bytecode,,unknown,no static frame edges found
00c,Kilik,backstep_candidate,2235,2320,,,,,unknown_from_static_bytecode,,unknown,no static frame edges found
00c,Kilik,eight_way_or_ambiguous,161,164,,,,,unknown_from_static_bytecode,,unknown,no static frame edges found
00c,Kilik,eight_way_or_ambiguous,315,317,,,,,unknown_from_static_bytecode,,unknown,no static frame edges found
00c,Kilik,eight_way_or_ambiguous,315,317,,,,,unknown_from_static_bytecode,,unknown,no static frame edges found
00c,Kilik,eight_way_or_ambiguous,402,403,,,,,unknown_from_static_bytecode,,unknown,no static frame edges found
00c,Kilik,forward_diagonal,337,339,,,,,unknown_from_static_bytecode,,unknown,no static frame edges found
00c,Kilik,forward_diagonal,350,351,,,,,unknown_from_static_bytecode,,unknown,no static frame edges found
00c,Kilik,forward_step_candidate,382,385,,,,,unknown_from_static_bytecode,,unknown,no static frame edges found
00c,Kilik,forward_step_candidate,394,395,,,,,unknown_from_static_bytecode,,unknown,no static frame edges found
00c,Kilik,forward_step_candidate,449,450,,,,,unknown_from_static_bytecode,,unknown,no static frame edges found
00c,Kilik,forward_step_candidate,449,452,,,,,unknown_from_static_bytecode,,unknown,no static frame edges found
00c,Kilik,forward_step_candidate,2006,1640,,,,,unknown_from_static_bytecode,,unknown,no static frame edges found
00c,Kilik,forward_step_candidate,168,420,,,,,unknown_from_static_bytecode,,unknown,no static frame edges found
00c,Kilik,forward_step_candidate,466,467,,,,,unknown_from_static_bytecode,,unknown,no static frame edges found
00c,Kilik,forward_step_candidate,352,353,,,,,unknown_from_static_bytecode,,unknown,no static frame edges found
00c,Kilik,forward_step_candidate,353,356,,,,,unknown_from_static_bytecode,,unknown,no static frame edges found
00c,Kilik,forward_step_candidate,354,355,,,,,unknown_from_static_bytecode,,unknown,no static frame edges found
00c,Kilik,forward_step_candidate,355,356,,,,,unknown_from_static_bytecode,,unknown,no static frame edges found
00c,Kilik,forward_step_candidate,455,457,,,,,unknown_from_static_bytecode,,unknown,no static frame edges found
00c,Kilik,forward_step_candidate,468,469,,,,,unknown_from_static_bytecode,,unknown,no static frame edges found
00c,Kilik,forward_step_candidate,468,471,,,,,unknown_from_static_bytecode,,unknown,no static frame edges found
00c,Kilik,forward_step_candidate,2913,455,,,,,unknown_from_static_bytecode,,unknown,no static frame edges found
00c,Kilik,forward_step_candidate,2913,460,,,,,unknown_from_static_bytecode,,unknown,no static frame edges found
00c,Kilik,forward_step_candidate,2915,477,,,,,unknown_from_static_bytecode,,unknown,no static frame edges found
00c,Kilik,forward_step_candidate,2007,2309,,,,,unknown_from_static_bytecode,,unknown,no static frame edges found
00c,Kilik,forward_step_candidate,2140,2315,,,,,unknown_from_static_bytecode,,unknown,no static frame edges found
00c,Kilik,forward_step_candidate,2142,2315,,,,,unknown_from_static_bytecode,,unknown,no static frame edges found
00c,Kilik,forward_step_candidate,2197,2318,,,,,unknown_from_static_bytecode,,unknown,no static frame edges found
00c,Kilik,forward_step_candidate,2237,2320,,,,,unknown_from_static_bytecode,,unknown,no static frame edges found
00c,Kilik,sidestep_down_candidate,337,338,,,,,unknown_from_static_bytecode,,unknown,no static frame edges found
00c,Kilik,sidestep_down_candidate,388,391,,,,,unknown_from_static_bytecode,,unknown,no static frame edges found
00c,Kilik,sidestep_down_candidate,388,391,,,,,unknown_from_static_bytecode,,unknown,no static frame edges found
00c,Kilik,sidestep_down_candidate,339,340,,,,,unknown_from_static_bytecode,,unknown,no static frame edges found
00c,Kilik,sidestep_down_candidate,392,391,,,,,unknown_from_static_bytecode,,unknown,no static frame edges found
00c,Kilik,sidestep_down_candidate,392,391,,,,,unknown_from_static_bytecode,,unknown,no static frame edges found
00c,Kilik,sidestep_down_candidate,497,6,,,,,unknown_from_static_bytecode,,unknown,no static frame edges found
00c,Kilik,sidestep_down_candidate,1472,1452,,,,,unknown_from_static_bytecode,,unknown,no static frame edges found
00c,Kilik,sidestep_down_candidate,2588,497,,,,,unknown_from_static_bytecode,,unknown,no static frame edges found
00c,Kilik,sidestep_down_candidate,2588,497,,,,,unknown_from_static_bytecode,,unknown,no static frame edges found
00c,Kilik,sidestep_up_candidate,2914,473,,,,,unknown_from_static_bytecode,,unknown,no static frame edges found
00c,Kilik,sidestep_up_candidate,2914,474,,,,,unknown_from_static_bytecode,,unknown,no static frame edges found
00c,Kilik,sidestep_up_candidate,398,399,,,,,unknown_from_static_bytecode,,unknown,no static frame edges found
00c,Kilik,sidestep_up_candidate,450,451,,,,,unknown_from_static_bytecode,,unknown,no static frame edges found
00c,Kilik,sidestep_up_candidate,452,451,,,,,unknown_from_static_bytecode,,unknown,no static frame edges found
00c,Kilik,sidestep_up_candidate,452,451,,,,,unknown_from_static_bytecode,,unknown,no static frame edges found
00c,Kilik,sidestep_up_candidate,452,453,,,,,unknown_from_static_bytecode,,unknown,no static frame edges found
00c,Kilik,sidestep_up_candidate,462,463,,,,,unknown_from_static_bytecode,,unknown,no static frame edges found
00c,Kilik,sidestep_up_candidate,469,470,,,,,unknown_from_static_bytecode,,unknown,no static frame edges found
00c,Kilik,sidestep_up_candidate,471,470,,,,,unknown_from_static_bytecode,,unknown,no static frame edges found
00c,Kilik,sidestep_up_candidate,471,470,,,,,unknown_from_static_bytecode,,unknown,no static frame edges found
00c,Kilik,sidestep_up_candidate,471,472,,,,,unknown_from_static_bytecode,,unknown,no static frame edges found
00c,Kilik,sidestep_up_candidate,2913,459,,,,,unknown_from_static_bytecode,,unknown,no static frame edges found
00c,Kilik,sidestep_up_candidate,2913,462,,,,,unknown_from_static_bytecode,,unknown,no static frame edges found
00c,Kilik,sidestep_up_candidate,2915,478,,,,,unknown_from_static_bytecode,,unknown,no static frame edges found
00d,Xianghua,back_diagonal,2972,550,,,,,unknown_from_static_bytecode,,unknown,no static frame edges found
00d,Xianghua,back_diagonal,2973,552,,,,,unknown_from_static_bytecode,,unknown,no static frame edges found
00d,Xianghua,back_diagonal,2968,534,,,,,unknown_from_static_bytecode,,unknown,no static frame edges found
00d,Xianghua,back_diagonal,2969,536,,,,,unknown_from_static_bytecode,,unknown,no static frame edges found
00d,Xianghua,back_diagonal,2970,534,,,,,unknown_from_static_bytecode,,unknown,no static frame edges found
00d,Xianghua,back_diagonal,2971,536,,,,,unknown_from_static_bytecode,,unknown,no static frame edges found
00d,Xianghua,back_diagonal,2974,550,,,,,unknown_from_static_bytecode,,unknown,no static frame edges found
00d,Xianghua,back_diagonal,2975,552,,,,,unknown_from_static_bytecode,,unknown,no static frame edges found
00d,Xianghua,backstep_candidate,402,511,,,,,unknown_from_static_bytecode,,unknown,no static frame edges found
00d,Xianghua,backstep_candidate,257,259,,,,,unknown_from_static_bytecode,,unknown,no static frame edges found
00d,Xianghua,backstep_candidate,259,260,,,,,unknown_from_static_bytecode,,unknown,no static frame edges found
00d,Xianghua,backstep_candidate,259,261,,,,,unknown_from_static_bytecode,,unknown,no static frame edges found
00d,Xianghua,backstep_candidate,286,287,,,,,unknown_from_static_bytecode,,unknown,no static frame edges found
00d,Xianghua,backstep_candidate,286,287,,,,,unknown_from_static_bytecode,,unknown,no static frame edges found
00d,Xianghua,backstep_candidate,371,372,,,,,unknown_from_static_bytecode,,unknown,no static frame edges found
00d,Xianghua,backstep_candidate,2972,539,,,,,unknown_from_static_bytecode,,unknown,no static frame edges found
00d,Xianghua,backstep_candidate,2973,539,,,,,unknown_from_static_bytecode,,unknown,no static frame edges found
00d,Xianghua,backstep_candidate,2978,2979,,,,,unknown_from_static_bytecode,,unknown,no static frame edges found
00d,Xianghua,backstep_candidate,2061,1695,,,,,unknown_from_static_bytecode,,unknown,no static frame edges found
00d,Xianghua,backstep_candidate,315,316,,,,,unknown_from_static_bytecode,,unknown,no static frame edges found
00d,Xianghua,backstep_candidate,372,373,,,,,unknown_from_static_bytecode,,unknown,no static frame edges found
00d,Xianghua,backstep_candidate,382,383,,,,,unknown_from_static_bytecode,,unknown,no static frame edges found
00d,Xianghua,backstep_candidate,408,409,,,,,unknown_from_static_bytecode,,unknown,no static frame edges found
00d,Xianghua,backstep_candidate,2968,523,,,,,unknown_from_static_bytecode,,unknown,no static frame edges found
00d,Xianghua,backstep_candidate,2969,523,,,,,unknown_from_static_bytecode,,unknown,no static frame edges found
00d,Xianghua,backstep_candidate,2970,523,,,,,unknown_from_static_bytecode,,unknown,no static frame edges found
00d,Xianghua,backstep_candidate,2971,523,,,,,unknown_from_static_bytecode,,unknown,no static frame edges found
00d,Xianghua,backstep_candidate,2974,539,,,,,unknown_from_static_bytecode,,unknown,no static frame edges found
00d,Xianghua,backstep_candidate,2975,539,,,,,unknown_from_static_bytecode,,unknown,no static frame edges found
00d,Xianghua,backstep_candidate,2062,2364,,,,,unknown_from_static_bytecode,,unknown,no static frame edges found
00d,Xianghua,backstep_candidate,2195,2370,,,,,unknown_from_static_bytecode,,unknown,no static frame edges found
00d,Xianghua,backstep_candidate,2197,2370,,,,,unknown_from_static_bytecode,,unknown,no static frame edges found
00d,Xianghua,backstep_candidate,2251,2373,,,,,unknown_from_static_bytecode,,unknown,no static frame edges found
00d,Xianghua,backstep_candidate,2290,2375,,,,,unknown_from_static_bytecode,,unknown,no static frame edges found
00d,Xianghua,eight_way_or_ambiguous,161,164,,,,,unknown_from_static_bytecode,,unknown,no static frame edges found
00d,Xianghua,eight_way_or_ambiguous,2972,545,,,,,unknown_from_static_bytecode,,unknown,no static frame edges found
00d,Xianghua,eight_way_or_ambiguous,2973,545,,,,,unknown_from_static_bytecode,,unknown,no static frame edges found
00d,Xianghua,eight_way_or_ambiguous,433,435,,,,,unknown_from_static_bytecode,,unknown,no static frame edges found
00d,Xianghua,eight_way_or_ambiguous,317,318,,,,,unknown_from_static_bytecode,,unknown,no static frame edges found
00d,Xianghua,eight_way_or_ambiguous,2968,529,,,,,unknown_from_static_bytecode,,unknown,no static frame edges found
00d,Xianghua,eight_way_or_ambiguous,2969,529,,,,,unknown_from_static_bytecode,,unknown,no static frame edges found
00d,Xianghua,eight_way_or_ambiguous,2970,529,,,,,unknown_from_static_bytecode,,unknown,no static frame edges found
00d,Xianghua,eight_way_or_ambiguous,2971,529,,,,,unknown_from_static_bytecode,,unknown,no static frame edges found
00d,Xianghua,eight_way_or_ambiguous,2974,545,,,,,unknown_from_static_bytecode,,unknown,no static frame edges found
00d,Xianghua,eight_way_or_ambiguous,2975,545,,,,,unknown_from_static_bytecode,,unknown,no static frame edges found
00d,Xianghua,eight_way_or_ambiguous,409,410,,,,,unknown_from_static_bytecode,,unknown,no static frame edges found
00d,Xianghua,eight_way_or_ambiguous,434,436,,,,,unknown_from_static_bytecode,,unknown,no static frame edges found
00d,Xianghua,forward_diagonal,347,515,,,,,unknown_from_static_bytecode,,unknown,no static frame edges found
00d,Xianghua,forward_diagonal,350,521,,,,,unknown_from_static_bytecode,,unknown,no static frame edges found
00d,Xianghua,forward_diagonal,2972,549,,,,,unknown_from_static_bytecode,,unknown,no static frame edges found
00d,Xianghua,forward_diagonal,2973,549,,,,,unknown_from_static_bytecode,,unknown,no static frame edges found
00d,Xianghua,forward_diagonal,349,521,,,,,unknown_from_static_bytecode,,unknown,no static frame edges found
00d,Xianghua,forward_diagonal,359,503,,,,,unknown_from_static_bytecode,,unknown,no static frame edges found
00d,Xianghua,forward_diagonal,2968,533,,,,,unknown_from_static_bytecode,,unknown,no static frame edges found
00d,Xianghua,forward_diagonal,2969,533,,,,,unknown_from_static_bytecode,,unknown,no static frame edges found
00d,Xianghua,forward_diagonal,2970,533,,,,,unknown_from_static_bytecode,,unknown,no static frame edges found
00d,Xianghua,forward_diagonal,2971,533,,,,,unknown_from_static_bytecode,,unknown,no static frame edges found
00d,Xianghua,forward_diagonal,2974,549,,,,,unknown_from_static_bytecode,,unknown,no static frame edges found
00d,Xianghua,forward_diagonal,2975,549,,,,,unknown_from_static_bytecode,,unknown,no static frame edges found
00d,Xianghua,forward_diagonal,2984,2985,,,,,unknown_from_static_bytecode,,unknown,no static frame edges found
00d,Xianghua,forward_diagonal,2985,521,,,,,unknown_from_static_bytecode,,unknown,no static frame edges found
00d,Xianghua,forward_diagonal,355,356,,,,,unknown_from_static_bytecode,,unknown,no static frame edges found
00d,Xianghua,forward_step_candidate,292,517,,,,,unknown_from_static_bytecode,,unknown,no static frame edges found
00d,Xianghua,forward_step_candidate,350,352,,,,,unknown_from_static_bytecode,,unknown,no static frame edges found
00d,Xianghua,forward_step_candidate,403,513,,,,,unknown_from_static_bytecode,,unknown,no static frame edges found
00d,Xianghua,forward_step_candidate,259,262,,,,,unknown_from_static_bytecode,,unknown,no static frame edges found
00d,Xianghua,forward_step_candidate,327,328,,,,,unknown_from_static_bytecode,,unknown,no static frame edges found
00d,Xianghua,forward_step_candidate,350,351,,,,,unknown_from_static_bytecode,,unknown,no static frame edges found
00d,Xianghua,forward_step_candidate,371,374,,,,,unknown_from_static_bytecode,,unknown,no static frame edges found
00d,Xianghua,forward_step_candidate,386,387,,,,,unknown_from_static_bytecode,,unknown,no static frame edges found
00d,Xianghua,forward_step_candidate,411,412,,,,,unknown_from_static_bytecode,,unknown,no static frame edges found
00d,Xianghua,forward_step_candidate,411,412,,,,,unknown_from_static_bytecode,,unknown,no static frame edges found
00d,Xianghua,forward_step_candidate,2972,540,,,,,unknown_from_static_bytecode,,unknown,no static frame edges found
00d,Xianghua,forward_step_candidate,2973,542,,,,,unknown_from_static_bytecode,,unknown,no static frame edges found
00d,Xianghua,forward_step_candidate,2978,2981,,,,,unknown_from_static_bytecode,,unknown,no static frame edges found
00d,Xianghua,forward_step_candidate,2061,1695,,,,,unknown_from_static_bytecode,,unknown,no static frame edges found
00d,Xianghua,forward_step_candidate,168,457,,,,,unknown_from_static_bytecode,,unknown,no static frame edges found
00d,Xianghua,forward_step_candidate,349,352,,,,,unknown_from_static_bytecode,,unknown,no static frame edges found
00d,Xianghua,forward_step_candidate,381,499,,,,,unknown_from_static_bytecode,,unknown,no static frame edges found
00d,Xianghua,forward_step_candidate,2985,352,,,,,unknown_from_static_bytecode,,unknown,no static frame edges found
00d,Xianghua,forward_step_candidate,319,320,,,,,unknown_from_static_bytecode,,unknown,no static frame edges found
00d,Xianghua,forward_step_candidate,319,321,,,,,unknown_from_static_bytecode,,unknown,no static frame edges found
00d,Xianghua,forward_step_candidate,349,351,,,,,unknown_from_static_bytecode,,unknown,no static frame edges found
00d,Xianghua,forward_step_candidate,412,413,,,,,unknown_from_static_bytecode,,unknown,no static frame edges found
00d,Xianghua,forward_step_candidate,443,444,,,,,unknown_from_static_bytecode,,unknown,no static frame edges found
00d,Xianghua,forward_step_candidate,524,525,,,,,unknown_from_static_bytecode,,unknown,no static frame edges found
00d,Xianghua,forward_step_candidate,526,527,,,,,unknown_from_static_bytecode,,unknown,no static frame edges found
00d,Xianghua,forward_step_candidate,540,541,,,,,unknown_from_static_bytecode,,unknown,no static frame edges found
00d,Xianghua,forward_step_candidate,542,543,,,,,unknown_from_static_bytecode,,unknown,no static frame edges found
00d,Xianghua,forward_step_candidate,2968,524,,,,,unknown_from_static_bytecode,,unknown,no static frame edges found
00d,Xianghua,forward_step_candidate,2969,526,,,,,unknown_from_static_bytecode,,unknown,no static frame edges found
00d,Xianghua,forward_step_candidate,2970,524,,,,,unknown_from_static_bytecode,,unknown,no static frame edges found
00d,Xianghua,forward_step_candidate,2971,526,,,,,unknown_from_static_bytecode,,unknown,no static frame edges found
00d,Xianghua,forward_step_candidate,2974,540,,,,,unknown_from_static_bytecode,,unknown,no static frame edges found
00d,Xianghua,forward_step_candidate,2975,542,,,,,unknown_from_static_bytecode,,unknown,no static frame edges found
00d,Xianghua,forward_step_candidate,2985,351,,,,,unknown_from_static_bytecode,,unknown,no static frame edges found
00d,Xianghua,forward_step_candidate,2062,2364,,,,,unknown_from_static_bytecode,,unknown,no static frame edges found
00d,Xianghua,forward_step_candidate,2195,2370,,,,,unknown_from_static_bytecode,,unknown,no static frame edges found
00d,Xianghua,forward_step_candidate,2197,2370,,,,,unknown_from_static_bytecode,,unknown,no static frame edges found
00d,Xianghua,forward_step_candidate,2252,2373,,,,,unknown_from_static_bytecode,,unknown,no static frame edges found
00d,Xianghua,forward_step_candidate,2292,2375,,,,,unknown_from_static_bytecode,,unknown,no static frame edges found
00d,Xianghua,sidestep_down_candidate,257,270,,,,,unknown_from_static_bytecode,,unknown,no static frame edges found
00d,Xianghua,sidestep_down_candidate,347,348,,,,,unknown_from_static_bytecode,,unknown,no static frame edges found
00d,Xianghua,sidestep_down_candidate,402,404,,,,,unknown_from_static_bytecode,,unknown,no static frame edges found
00d,Xianghua,sidestep_down_candidate,403,405,,,,,unknown_from_static_bytecode,,unknown,no static frame edges found
00d,Xianghua,sidestep_down_candidate,2972,556,,,,,unknown_from_static_bytecode,,unknown,no static frame edges found
00d,Xianghua,sidestep_down_candidate,2973,556,,,,,unknown_from_static_bytecode,,unknown,no static frame edges found
00d,Xianghua,sidestep_down_candidate,284,285,,,,,unknown_from_static_bytecode,,unknown,no static frame edges found
00d,Xianghua,sidestep_down_candidate,362,363,,,,,unknown_from_static_bytecode,,unknown,no static frame edges found
00d,Xianghua,sidestep_down_candidate,440,441,,,,,unknown_from_static_bytecode,,unknown,no static frame edges found
00d,Xianghua,sidestep_down_candidate,1527,1507,,,,,unknown_from_static_bytecode,,unknown,no static frame edges found
00d,Xianghua,sidestep_down_candidate,2643,2986,,,,,unknown_from_static_bytecode,,unknown,no static frame edges found
00d,Xianghua,sidestep_down_candidate,2643,2986,,,,,unknown_from_static_bytecode,,unknown,no static frame edges found
00d,Xianghua,sidestep_down_candidate,2980,285,,,,,unknown_from_static_bytecode,,unknown,no static frame edges found
00d,Xianghua,sidestep_down_candidate,2986,6,,,,,unknown_from_static_bytecode,,unknown,no static frame edges found
00d,Xianghua,sidestep_down_candidate,473,474,,,,,unknown_from_static_bytecode,,unknown,no static frame edges found
00d,Xianghua,sidestep_down_candidate,473,475,,,,,unknown_from_static_bytecode,,unknown,no static frame edges found
00d,Xianghua,sidestep_up_candidate,265,267,,,,,unknown_from_static_bytecode,,unknown,no static frame edges found
00d,Xianghua,sidestep_up_candidate,327,329,,,,,unknown_from_static_bytecode,,unknown,no static frame edges found
00d,Xianghua,sidestep_up_candidate,386,387,,,,,unknown_from_static_bytecode,,unknown,no static frame edges found
00d,Xianghua,sidestep_up_candidate,2972,544,,,,,unknown_from_static_bytecode,,unknown,no static frame edges found
00d,Xianghua,sidestep_up_candidate,2973,544,,,,,unknown_from_static_bytecode,,unknown,no static frame edges found
00d,Xianghua,sidestep_up_candidate,2991,461,,,,,unknown_from_static_bytecode,,unknown,no static frame edges found
00d,Xianghua,sidestep_up_candidate,2991,462,,,,,unknown_from_static_bytecode,,unknown,no static frame edges found
00d,Xianghua,sidestep_up_candidate,357,358,,,,,unknown_from_static_bytecode,,unknown,no static frame edges found
00d,Xianghua,sidestep_up_candidate,396,397,,,,,unknown_from_static_bytecode,,unknown,no static frame edges found
00d,Xianghua,sidestep_up_candidate,2968,528,,,,,unknown_from_static_bytecode,,unknown,no static frame edges found
00d,Xianghua,sidestep_up_candidate,2969,528,,,,,unknown_from_static_bytecode,,unknown,no static frame edges found
00d,Xianghua,sidestep_up_candidate,2970,528,,,,,unknown_from_static_bytecode,,unknown,no static frame edges found
00d,Xianghua,sidestep_up_candidate,2971,528,,,,,unknown_from_static_bytecode,,unknown,no static frame edges found
00d,Xianghua,sidestep_up_candidate,2974,544,,,,,unknown_from_static_bytecode,,unknown,no static frame edges found
00d,Xianghua,sidestep_up_candidate,2975,544,,,,,unknown_from_static_bytecode,,unknown,no static frame edges found
00f,Yoshimitsu,back_diagonal,545,544,,,,,unknown_from_static_bytecode,,unknown,no static frame edges found
00f,Yoshimitsu,back_diagonal,365,366,,,,,unknown_from_static_bytecode,,unknown,no static frame edges found
00f,Yoshimitsu,back_diagonal,454,366,,,,,unknown_from_static_bytecode,,unknown,no static frame edges found
00f,Yoshimitsu,back_diagonal,626,627,,,,,unknown_from_static_bytecode,,unknown,no static frame edges found
00f,Yoshimitsu,back_diagonal,3050,543,,,,,unknown_from_static_bytecode,,unknown,no static frame edges found
00f,Yoshimitsu,backstep_candidate,257,258,,,,,unknown_from_static_bytecode,,unknown,no static frame edges found
00f,Yoshimitsu,backstep_candidate,262,263,,,,,unknown_from_static_bytecode,,unknown,no static frame edges found
00f,Yoshimitsu,backstep_candidate,267,268,,,,,unknown_from_static_bytecode,,unknown,no static frame edges found
00f,Yoshimitsu,backstep_candidate,267,268,,,,,unknown_from_static_bytecode,,unknown,no static frame edges found
00f,Yoshimitsu,backstep_candidate,275,276,,,,,unknown_from_static_bytecode,,unknown,no static frame edges found
00f,Yoshimitsu,backstep_candidate,287,291,,,,,unknown_from_static_bytecode,,unknown,no static frame edges found
00f,Yoshimitsu,backstep_candidate,287,292,,,,,unknown_from_static_bytecode,,unknown,no static frame edges found
00f,Yoshimitsu,backstep_candidate,311,313,,,,,unknown_from_static_bytecode,,unknown,no static frame edges found
00f,Yoshimitsu,backstep_candidate,390,391,,,,,unknown_from_static_bytecode,,unknown,no static frame edges found
00f,Yoshimitsu,backstep_candidate,545,545,,,,,unknown_from_static_bytecode,,unknown,no static frame edges found
00f,Yoshimitsu,backstep_candidate,2142,1776,,,,,unknown_from_static_bytecode,,unknown,no static frame edges found
00f,Yoshimitsu,backstep_candidate,258,259,,,,,unknown_from_static_bytecode,,unknown,no static frame edges found
00f,Yoshimitsu,backstep_candidate,266,263,,,,,unknown_from_static_bytecode,,unknown,no static frame edges found
00f,Yoshimitsu,backstep_candidate,276,277,,,,,unknown_from_static_bytecode,,unknown,no static frame edges found
00f,Yoshimitsu,backstep_candidate,277,278,,,,,unknown_from_static_bytecode,,unknown,no static frame edges found
00f,Yoshimitsu,backstep_candidate,278,279,,,,,unknown_from_static_bytecode,,unknown,no static frame edges found
00f,Yoshimitsu,backstep_candidate,368,371,,,,,unknown_from_static_bytecode,,unknown,no static frame edges found
00f,Yoshimitsu,backstep_candidate,371,372,,,,,unknown_from_static_bytecode,,unknown,no static frame edges found
00f,Yoshimitsu,backstep_candidate,372,373,,,,,unknown_from_static_bytecode,,unknown,no static frame edges found
00f,Yoshimitsu,backstep_candidate,379,382,,,,,unknown_from_static_bytecode,,unknown,no static frame edges found
00f,Yoshimitsu,backstep_candidate,382,383,,,,,unknown_from_static_bytecode,,unknown,no static frame edges found
00f,Yoshimitsu,backstep_candidate,383,384,,,,,unknown_from_static_bytecode,,unknown,no static frame edges found
00f,Yoshimitsu,backstep_candidate,391,392,,,,,unknown_from_static_bytecode,,unknown,no static frame edges found
00f,Yoshimitsu,backstep_candidate,392,393,,,,,unknown_from_static_bytecode,,unknown,no static frame edges found
00f,Yoshimitsu,backstep_candidate,393,394,,,,,unknown_from_static_bytecode,,unknown,no static frame edges found
00f,Yoshimitsu,backstep_candidate,543,545,,,,,unknown_from_static_bytecode,,unknown,no static frame edges found
00f,Yoshimitsu,backstep_candidate,606,607,,,,,unknown_from_static_bytecode,,unknown,no static frame edges found
00f,Yoshimitsu,backstep_candidate,3058,588,,,,,unknown_from_static_bytecode,,unknown,no static frame edges found
00f,Yoshimitsu,backstep_candidate,2143,2445,,,,,unknown_from_static_bytecode,,unknown,no static frame edges found
00f,Yoshimitsu,backstep_candidate,2276,2451,,,,,unknown_from_static_bytecode,,unknown,no static frame edges found
00f,Yoshimitsu,backstep_candidate,2278,2451,,,,,unknown_from_static_bytecode,,unknown,no static frame edges found
00f,Yoshimitsu,backstep_candidate,2332,2454,,,,,unknown_from_static_bytecode,,unknown,no static frame edges found
00f,Yoshimitsu,backstep_candidate,2371,2456,,,,,unknown_from_static_bytecode,,unknown,no static frame edges found
00f,Yoshimitsu,eight_way_or_ambiguous,161,164,,,,,unknown_from_static_bytecode,,unknown,no static frame edges found
00f,Yoshimitsu,eight_way_or_ambiguous,334,336,,,,,unknown_from_static_bytecode,,unknown,no static frame edges found
00f,Yoshimitsu,eight_way_or_ambiguous,336,337,,,,,unknown_from_static_bytecode,,unknown,no static frame edges found
00f,Yoshimitsu,eight_way_or_ambiguous,444,445,,,,,unknown_from_static_bytecode,,unknown,no static frame edges found
00f,Yoshimitsu,eight_way_or_ambiguous,448,445,,,,,unknown_from_static_bytecode,,unknown,no static frame edges found
00f,Yoshimitsu,eight_way_or_ambiguous,334,338,,,,,unknown_from_static_bytecode,,unknown,no static frame edges found
00f,Yoshimitsu,eight_way_or_ambiguous,336,338,,,,,unknown_from_static_bytecode,,unknown,no static frame edges found
00f,Yoshimitsu,eight_way_or_ambiguous,336,339,,,,,unknown_from_static_bytecode,,unknown,no static frame edges found
00f,Yoshimitsu,eight_way_or_ambiguous,443,444,,,,,unknown_from_static_bytecode,,unknown,no static frame edges found
00f,Yoshimitsu,eight_way_or_ambiguous,335,336,,,,,unknown_from_static_bytecode,,unknown,no static frame edges found
00f,Yoshimitsu,eight_way_or_ambiguous,337,337,,,,,unknown_from_static_bytecode,,unknown,no static frame edges found
00f,Yoshimitsu,eight_way_or_ambiguous,497,527,,,,,unknown_from_static_bytecode,,unknown,no static frame edges found
00f,Yoshimitsu,eight_way_or_ambiguous,498,527,,,,,unknown_from_static_bytecode,,unknown,no static frame edges found
00f,Yoshimitsu,eight_way_or_ambiguous,573,499,,,,,unknown_from_static_bytecode,,unknown,no static frame edges found
00f,Yoshimitsu,eight_way_or_ambiguous,613,358,,,,,unknown_from_static_bytecode,,unknown,no static frame edges found
00f,Yoshimitsu,eight_way_or_ambiguous,335,338,,,,,unknown_from_static_bytecode,,unknown,no static frame edges found
00f,Yoshimitsu,eight_way_or_ambiguous,337,339,,,,,unknown_from_static_bytecode,,unknown,no static frame edges found
00f,Yoshimitsu,eight_way_or_ambiguous,350,342,,,,,unknown_from_static_bytecode,,unknown,no static frame edges found
00f,Yoshimitsu,eight_way_or_ambiguous,447,448,,,,,unknown_from_static_bytecode,,unknown,no static frame edges found
00f,Yoshimitsu,eight_way_or_ambiguous,3049,504,,,,,unknown_from_static_bytecode,,unknown,no static frame edges found
00f,Yoshimitsu,forward_diagonal,345,349,,,,,unknown_from_static_bytecode,,unknown,no static frame edges found
00f,Yoshimitsu,forward_diagonal,345,349,,,,,unknown_from_static_bytecode,,unknown,no static frame edges found
00f,Yoshimitsu,forward_diagonal,443,447,,,,,unknown_from_static_bytecode,,unknown,no static frame edges found
00f,Yoshimitsu,forward_diagonal,611,349,,,,,unknown_from_static_bytecode,,unknown,no static frame edges found
00f,Yoshimitsu,forward_diagonal,611,349,,,,,unknown_from_static_bytecode,,unknown,no static frame edges found
00f,Yoshimitsu,forward_diagonal,3050,546,,,,,unknown_from_static_bytecode,,unknown,no static frame edges found
00f,Yoshimitsu,forward_diagonal,3050,547,,,,,unknown_from_static_bytecode,,unknown,no static frame edges found
00f,Yoshimitsu,forward_diagonal,3050,549,,,,,unknown_from_static_bytecode,,unknown,no static frame edges found
00f,Yoshimitsu,forward_diagonal,611,348,,,,,unknown_from_static_bytecode,,unknown,no static frame edges found
00f,Yoshimitsu,forward_step_candidate,305,306,,,,,unknown_from_static_bytecode,,unknown,no static frame edges found
00f,Yoshimitsu,forward_step_candidate,311,312,,,,,unknown_from_static_bytecode,,unknown,no static frame edges found
00f,Yoshimitsu,forward_step_candidate,311,314,,,,,unknown_from_static_bytecode,,unknown,no static frame edges found
00f,Yoshimitsu,forward_step_candidate,262,264,,,,,unknown_from_static_bytecode,,unknown,no static frame edges found
00f,Yoshimitsu,forward_step_candidate,272,273,,,,,unknown_from_static_bytecode,,unknown,no static frame edges found
00f,Yoshimitsu,forward_step_candidate,272,273,,,,,unknown_from_static_bytecode,,unknown,no static frame edges found
00f,Yoshimitsu,forward_step_candidate,287,288,,,,,unknown_from_static_bytecode,,unknown,no static frame edges found
00f,Yoshimitsu,forward_step_candidate,388,389,,,,,unknown_from_static_bytecode,,unknown,no static frame edges found
00f,Yoshimitsu,forward_step_candidate,388,389,,,,,unknown_from_static_bytecode,,unknown,no static frame edges found
00f,Yoshimitsu,forward_step_candidate,2142,1776,,,,,unknown_from_static_bytecode,,unknown,no static frame edges found
00f,Yoshimitsu,forward_step_candidate,168,456,,,,,unknown_from_static_bytecode,,unknown,no static frame edges found
00f,Yoshimitsu,forward_step_candidate,302,303,,,,,unknown_from_static_bytecode,,unknown,no static frame edges found
00f,Yoshimitsu,forward_step_candidate,306,307,,,,,unknown_from_static_bytecode,,unknown,no static frame edges found
00f,Yoshimitsu,forward_step_candidate,327,328,,,,,unknown_from_static_bytecode,,unknown,no static frame edges found
00f,Yoshimitsu,forward_step_candidate,328,307,,,,,unknown_from_static_bytecode,,unknown,no static frame edges found
00f,Yoshimitsu,forward_step_candidate,358,359,,,,,unknown_from_static_bytecode,,unknown,no static frame edges found
00f,Yoshimitsu,forward_step_candidate,359,360,,,,,unknown_from_static_bytecode,,unknown,no static frame edges found
00f,Yoshimitsu,forward_step_candidate,360,361,,,,,unknown_from_static_bytecode,,unknown,no static frame edges found
00f,Yoshimitsu,forward_step_candidate,361,362,,,,,unknown_from_static_bytecode,,unknown,no static frame edges found
00f,Yoshimitsu,forward_step_candidate,362,363,,,,,unknown_from_static_bytecode,,unknown,no static frame edges found
00f,Yoshimitsu,forward_step_candidate,266,264,,,,,unknown_from_static_bytecode,,unknown,no static frame edges found
00f,Yoshimitsu,forward_step_candidate,296,297,,,,,unknown_from_static_bytecode,,unknown,no static frame edges found
00f,Yoshimitsu,forward_step_candidate,297,298,,,,,unknown_from_static_bytecode,,unknown,no static frame edges found
00f,Yoshimitsu,forward_step_candidate,300,301,,,,,unknown_from_static_bytecode,,unknown,no static frame edges found
00f,Yoshimitsu,forward_step_candidate,301,302,,,,,unknown_from_static_bytecode,,unknown,no static frame edges found
00f,Yoshimitsu,forward_step_candidate,302,304,,,,,unknown_from_static_bytecode,,unknown,no static frame edges found
00f,Yoshimitsu,forward_step_candidate,306,308,,,,,unknown_from_static_bytecode,,unknown,no static frame edges found
00f,Yoshimitsu,forward_step_candidate,307,309,,,,,unknown_from_static_bytecode,,unknown,no static frame edges found
00f,Yoshimitsu,forward_step_candidate,307,310,,,,,unknown_from_static_bytecode,,unknown,no static frame edges found
00f,Yoshimitsu,forward_step_candidate,328,308,,,,,unknown_from_static_bytecode,,unknown,no static frame edges found
00f,Yoshimitsu,forward_step_candidate,501,502,,,,,unknown_from_static_bytecode,,unknown,no static frame edges found
00f,Yoshimitsu,forward_step_candidate,547,548,,,,,unknown_from_static_bytecode,,unknown,no static frame edges found
00f,Yoshimitsu,forward_step_candidate,552,553,,,,,unknown_from_static_bytecode,,unknown,no static frame edges found
00f,Yoshimitsu,forward_step_candidate,553,554,,,,,unknown_from_static_bytecode,,unknown,no static frame edges found
00f,Yoshimitsu,forward_step_candidate,3049,500,,,,,unknown_from_static_bytecode,,unknown,no static frame edges found
00f,Yoshimitsu,forward_step_candidate,3049,503,,,,,unknown_from_static_bytecode,,unknown,no static frame edges found
00f,Yoshimitsu,forward_step_candidate,3050,539,,,,,unknown_from_static_bytecode,,unknown,no static frame edges found
00f,Yoshimitsu,forward_step_candidate,3055,440,,,,,unknown_from_static_bytecode,,unknown,no static frame edges found
00f,Yoshimitsu,forward_step_candidate,3056,552,,,,,unknown_from_static_bytecode,,unknown,no static frame edges found
00f,Yoshimitsu,forward_step_candidate,3056,564,,,,,unknown_from_static_bytecode,,unknown,no static frame edges found
00f,Yoshimitsu,forward_step_candidate,3058,586,,,,,unknown_from_static_bytecode,,unknown,no static frame edges found
00f,Yoshimitsu,forward_step_candidate,3058,589,,,,,unknown_from_static_bytecode,,unknown,no static frame edges found
00f,Yoshimitsu,forward_step_candidate,2143,2445,,,,,unknown_from_static_bytecode,,unknown,no static frame edges found
00f,Yoshimitsu,forward_step_candidate,2276,2451,,,,,unknown_from_static_bytecode,,unknown,no static frame edges found
00f,Yoshimitsu,forward_step_candidate,2278,2451,,,,,unknown_from_static_bytecode,,unknown,no static frame edges found
00f,Yoshimitsu,forward_step_candidate,2333,2454,,,,,unknown_from_static_bytecode,,unknown,no static frame edges found
00f,Yoshimitsu,forward_step_candidate,2373,2456,,,,,unknown_from_static_bytecode,,unknown,no static frame edges found
00f,Yoshimitsu,sidestep_down_candidate,257,477,,,,,unknown_from_static_bytecode,,unknown,no static frame edges found
00f,Yoshimitsu,sidestep_down_candidate,287,478,,,,,unknown_from_static_bytecode,,unknown,no static frame edges found
00f,Yoshimitsu,sidestep_down_candidate,424,434,,,,,unknown_from_static_bytecode,,unknown,no static frame edges found
00f,Yoshimitsu,sidestep_down_candidate,345,346,,,,,unknown_from_static_bytecode,,unknown,no static frame edges found
00f,Yoshimitsu,sidestep_down_candidate,345,347,,,,,unknown_from_static_bytecode,,unknown,no static frame edges found
00f,Yoshimitsu,sidestep_down_candidate,318,479,,,,,unknown_from_static_bytecode,,unknown,no static frame edges found
00f,Yoshimitsu,sidestep_down_candidate,353,528,,,,,unknown_from_static_bytecode,,unknown,no static frame edges found
00f,Yoshimitsu,sidestep_down_candidate,354,528,,,,,unknown_from_static_bytecode,,unknown,no static frame edges found
00f,Yoshimitsu,sidestep_down_candidate,425,432,,,,,unknown_from_static_bytecode,,unknown,no static frame edges found
00f,Yoshimitsu,sidestep_down_candidate,426,432,,,,,unknown_from_static_bytecode,,unknown,no static frame edges found
00f,Yoshimitsu,sidestep_down_candidate,427,432,,,,,unknown_from_static_bytecode,,unknown,no static frame edges found
00f,Yoshimitsu,sidestep_down_candidate,428,432,,,,,unknown_from_static_bytecode,,unknown,no static frame edges found
00f,Yoshimitsu,sidestep_down_candidate,429,432,,,,,unknown_from_static_bytecode,,unknown,no static frame edges found
00f,Yoshimitsu,sidestep_down_candidate,430,432,,,,,unknown_from_static_bytecode,,unknown,no static frame edges found
00f,Yoshimitsu,sidestep_down_candidate,445,528,,,,,unknown_from_static_bytecode,,unknown,no static frame edges found
00f,Yoshimitsu,sidestep_down_candidate,494,528,,,,,unknown_from_static_bytecode,,unknown,no static frame edges found
00f,Yoshimitsu,sidestep_down_candidate,540,542,,,,,unknown_from_static_bytecode,,unknown,no static frame edges found
00f,Yoshimitsu,sidestep_down_candidate,595,528,,,,,unknown_from_static_bytecode,,unknown,no static frame edges found
00f,Yoshimitsu,sidestep_down_candidate,610,528,,,,,unknown_from_static_bytecode,,unknown,no static frame edges found
00f,Yoshimitsu,sidestep_down_candidate,646,6,,,,,unknown_from_static_bytecode,,unknown,no static frame edges found
00f,Yoshimitsu,sidestep_down_candidate,1608,1588,,,,,unknown_from_static_bytecode,,unknown,no static frame edges found
00f,Yoshimitsu,sidestep_down_candidate,2724,646,,,,,unknown_from_static_bytecode,,unknown,no static frame edges found
00f,Yoshimitsu,sidestep_down_candidate,2724,646,,,,,unknown_from_static_bytecode,,unknown,no static frame edges found
00f,Yoshimitsu,sidestep_down_candidate,3049,509,,,,,unknown_from_static_bytecode,,unknown,no static frame edges found
00f,Yoshimitsu,sidestep_down_candidate,3050,528,,,,,unknown_from_static_bytecode,,unknown,no static frame edges found
00f,Yoshimitsu,sidestep_down_candidate,3055,442,,,,,unknown_from_static_bytecode,,unknown,no static frame edges found
00f,Yoshimitsu,sidestep_down_candidate,3056,551,,,,,unknown_from_static_bytecode,,unknown,no static frame edges found
00f,Yoshimitsu,sidestep_down_candidate,3058,585,,,,,unknown_from_static_bytecode,,unknown,no static frame edges found
00f,Yoshimitsu,sidestep_down_candidate,611,346,,,,,unknown_from_static_bytecode,,unknown,no static frame edges found
00f,Yoshimitsu,sidestep_down_candidate,611,347,,,,,unknown_from_static_bytecode,,unknown,no static frame edges found
00f,Yoshimitsu,sidestep_down_candidate,3067,568,,,,,unknown_from_static_bytecode,,unknown,no static frame edges found
00f,Yoshimitsu,sidestep_up_candidate,329,319,8,0,365,frame [0..1],unknown_frame_edge,no_cells,unresolved_static_data,"frame edge target is non-offensive but not proven neutral, guard, or stance"
00f,Yoshimitsu,sidestep_up_candidate,334,340,,,,,unknown_from_static_bytecode,,unknown,no static frame edges found
00f,Yoshimitsu,sidestep_up_candidate,400,401,,,,,unknown_from_static_bytecode,,unknown,no static frame edges found
00f,Yoshimitsu,sidestep_up_candidate,332,333,,,,,unknown_from_static_bytecode,,unknown,no static frame edges found
00f,Yoshimitsu,sidestep_up_candidate,3050,534,,,,,unknown_from_static_bytecode,,unknown,no static frame edges found
00f,Yoshimitsu,sidestep_up_candidate,3050,536,,,,,unknown_from_static_bytecode,,unknown,no static frame edges found
00f,Yoshimitsu,sidestep_up_candidate,3055,441,,,,,unknown_from_static_bytecode,,unknown,no static frame edges found
00f,Yoshimitsu,sidestep_up_candidate,335,340,,,,,unknown_from_static_bytecode,,unknown,no static frame edges found
00f,Yoshimitsu,sidestep_up_candidate,618,619,,,,,unknown_from_static_bytecode,,unknown,no static frame edges found
00f,Yoshimitsu,sidestep_up_candidate,3049,501,,,,,unknown_from_static_bytecode,,unknown,no static frame edges found
00f,Yoshimitsu,sidestep_up_candidate,3056,568,,,,,unknown_from_static_bytecode,,unknown,no static frame edges found
011,Nightmare,backstep_candidate,256,263,,,,,unknown_from_static_bytecode,,unknown,no static frame edges found
011,Nightmare,backstep_candidate,268,270,,,,,unknown_from_static_bytecode,,unknown,no static frame edges found
011,Nightmare,backstep_candidate,496,497,19,0,495,(frame window),unknown_frame_edge,no_cells,unresolved_static_data,"frame edge target is non-offensive but not proven neutral, guard, or stance"
011,Nightmare,backstep_candidate,272,273,,,,,unknown_from_static_bytecode,,unknown,no static frame edges found
011,Nightmare,backstep_candidate,277,278,,,,,unknown_from_static_bytecode,,unknown,no static frame edges found
011,Nightmare,backstep_candidate,423,424,,,,,unknown_from_static_bytecode,,unknown,no static frame edges found
011,Nightmare,backstep_candidate,2947,496,,,,,unknown_from_static_bytecode,,unknown,no static frame edges found
011,Nightmare,backstep_candidate,2948,447,,,,,unknown_from_static_bytecode,,unknown,no static frame edges found
011,Nightmare,backstep_candidate,2949,473,,,,,unknown_from_static_bytecode,,unknown,no static frame edges found
011,Nightmare,backstep_candidate,2038,1672,,,,,unknown_from_static_bytecode,,unknown,no static frame edges found
011,Nightmare,backstep_candidate,447,448,,,,,unknown_from_static_bytecode,,unknown,no static frame edges found
011,Nightmare,backstep_candidate,473,474,,,,,unknown_from_static_bytecode,,unknown,no static frame edges found
011,Nightmare,backstep_candidate,3080,3063,,,,,unknown_from_static_bytecode,,unknown,no static frame edges found
011,Nightmare,backstep_candidate,264,266,,,,,unknown_from_static_bytecode,,unknown,no static frame edges found
011,Nightmare,backstep_candidate,359,360,,,,,unknown_from_static_bytecode,,unknown,no static frame edges found
011,Nightmare,backstep_candidate,500,501,,,,,unknown_from_static_bytecode,,unknown,no static frame edges found
011,Nightmare,backstep_candidate,500,502,,,,,unknown_from_static_bytecode,,unknown,no static frame edges found
011,Nightmare,backstep_candidate,2967,2968,,,,,unknown_from_static_bytecode,,unknown,no static frame edges found
011,Nightmare,backstep_candidate,2977,2978,,,,,unknown_from_static_bytecode,,unknown,no static frame edges found
011,Nightmare,backstep_candidate,2981,2983,,,,,unknown_from_static_bytecode,,unknown,no static frame edges found
011,Nightmare,backstep_candidate,2984,2985,,,,,unknown_from_static_bytecode,,unknown,no static frame edges found
011,Nightmare,backstep_candidate,3027,2983,,,,,unknown_from_static_bytecode,,unknown,no static frame edges found
011,Nightmare,backstep_candidate,3033,3034,,,,,unknown_from_static_bytecode,,unknown,no static frame edges found
011,Nightmare,backstep_candidate,3056,3057,,,,,unknown_from_static_bytecode,,unknown,no static frame edges found
011,Nightmare,backstep_candidate,3074,3078,,,,,unknown_from_static_bytecode,,unknown,no static frame edges found
011,Nightmare,backstep_candidate,2039,2341,,,,,unknown_from_static_bytecode,,unknown,no static frame edges found
011,Nightmare,backstep_candidate,2172,2347,,,,,unknown_from_static_bytecode,,unknown,no static frame edges found
011,Nightmare,backstep_candidate,2174,2347,,,,,unknown_from_static_bytecode,,unknown,no static frame edges found
011,Nightmare,backstep_candidate,2228,2350,,,,,unknown_from_static_bytecode,,unknown,no static frame edges found
011,Nightmare,backstep_candidate,2267,2352,,,,,unknown_from_static_bytecode,,unknown,no static frame edges found
011,Nightmare,eight_way_or_ambiguous,161,164,,,,,unknown_from_static_bytecode,,unknown,no static frame edges found
011,Nightmare,eight_way_or_ambiguous,2947,508,,,,,unknown_from_static_bytecode,,unknown,no static frame edges found
011,Nightmare,eight_way_or_ambiguous,2948,466,,,,,unknown_from_static_bytecode,,unknown,no static frame edges found
011,Nightmare,eight_way_or_ambiguous,2949,480,,,,,unknown_from_static_bytecode,,unknown,no static frame edges found
011,Nightmare,eight_way_or_ambiguous,2947,506,,,,,unknown_from_static_bytecode,,unknown,no static frame edges found
011,Nightmare,eight_way_or_ambiguous,2948,455,,,,,unknown_from_static_bytecode,,unknown,no static frame edges found
011,Nightmare,eight_way_or_ambiguous,2949,485,,,,,unknown_from_static_bytecode,,unknown,no static frame edges found
011,Nightmare,eight_way_or_ambiguous,450,472,,,,,unknown_from_static_bytecode,,unknown,no static frame edges found
011,Nightmare,eight_way_or_ambiguous,459,472,,,,,unknown_from_static_bytecode,,unknown,no static frame edges found
011,Nightmare,eight_way_or_ambiguous,460,495,,,,,unknown_from_static_bytecode,,unknown,no static frame edges found
011,Nightmare,eight_way_or_ambiguous,478,495,,,,,unknown_from_static_bytecode,,unknown,no static frame edges found
011,Nightmare,eight_way_or_ambiguous,479,446,,,,,unknown_from_static_bytecode,,unknown,no static frame edges found
011,Nightmare,eight_way_or_ambiguous,514,472,,,,,unknown_from_static_bytecode,,unknown,no static frame edges found
011,Nightmare,eight_way_or_ambiguous,515,446,,,,,unknown_from_static_bytecode,,unknown,no static frame edges found
011,Nightmare,forward_step_candidate,293,294,,,,,unknown_from_static_bytecode,,unknown,no static frame edges found
011,Nightmare,forward_step_candidate,295,296,,,,,unknown_from_static_bytecode,,unknown,no static frame edges found
011,Nightmare,forward_step_candidate,335,296,,,,,unknown_from_static_bytecode,,unknown,no static frame edges found
011,Nightmare,forward_step_candidate,343,344,,,,,unknown_from_static_bytecode,,unknown,no static frame edges found
011,Nightmare,forward_step_candidate,298,299,,,,,unknown_from_static_bytecode,,unknown,no static frame edges found
011,Nightmare,forward_step_candidate,301,302,,,,,unknown_from_static_bytecode,,unknown,no static frame edges found
011,Nightmare,forward_step_candidate,309,310,,,,,unknown_from_static_bytecode,,unknown,no static frame edges found
011,Nightmare,forward_step_candidate,375,376,,,,,unknown_from_static_bytecode,,unknown,no static frame edges found
011,Nightmare,forward_step_candidate,423,426,,,,,unknown_from_static_bytecode,,unknown,no static frame edges found
011,Nightmare,forward_step_candidate,496,498,,,,,unknown_from_static_bytecode,,unknown,no static frame edges found
011,Nightmare,forward_step_candidate,2947,500,,,,,unknown_from_static_bytecode,,unknown,no static frame edges found
011,Nightmare,forward_step_candidate,2948,449,,,,,unknown_from_static_bytecode,,unknown,no static frame edges found
011,Nightmare,forward_step_candidate,2949,475,,,,,unknown_from_static_bytecode,,unknown,no static frame edges found
011,Nightmare,forward_step_candidate,2038,1672,,,,,unknown_from_static_bytecode,,unknown,no static frame edges found
011,Nightmare,forward_step_candidate,168,388,,,,,unknown_from_static_bytecode,,unknown,no static frame edges found
011,Nightmare,forward_step_candidate,346,347,,,,,unknown_from_static_bytecode,,unknown,no static frame edges found
011,Nightmare,forward_step_candidate,368,369,,,,,unknown_from_static_bytecode,,unknown,no static frame edges found
011,Nightmare,forward_step_candidate,371,372,,,,,unknown_from_static_bytecode,,unknown,no static frame edges found
011,Nightmare,forward_step_candidate,373,374,,,,,unknown_from_static_bytecode,,unknown,no static frame edges found
011,Nightmare,forward_step_candidate,376,377,,,,,unknown_from_static_bytecode,,unknown,no static frame edges found
011,Nightmare,forward_step_candidate,449,450,,,,,unknown_from_static_bytecode,,unknown,no static frame edges found
011,Nightmare,forward_step_candidate,498,499,,,,,unknown_from_static_bytecode,,unknown,no static frame edges found
011,Nightmare,forward_step_candidate,3049,499,,,,,unknown_from_static_bytecode,,unknown,no static frame edges found
011,Nightmare,forward_step_candidate,288,289,,,,,unknown_from_static_bytecode,,unknown,no static frame edges found
011,Nightmare,forward_step_candidate,299,300,,,,,unknown_from_static_bytecode,,unknown,no static frame edges found
011,Nightmare,forward_step_candidate,345,346,,,,,unknown_from_static_bytecode,,unknown,no static frame edges found
011,Nightmare,forward_step_candidate,2950,430,,,,,unknown_from_static_bytecode,,unknown,no static frame edges found
011,Nightmare,forward_step_candidate,2977,2979,,,,,unknown_from_static_bytecode,,unknown,no static frame edges found
011,Nightmare,forward_step_candidate,2993,2994,,,,,unknown_from_static_bytecode,,unknown,no static frame edges found
011,Nightmare,forward_step_candidate,3047,3048,,,,,unknown_from_static_bytecode,,unknown,no static frame edges found
011,Nightmare,forward_step_candidate,3056,3058,,,,,unknown_from_static_bytecode,,unknown,no static frame edges found
011,Nightmare,forward_step_candidate,3080,3056,,,,,unknown_from_static_bytecode,,unknown,no static frame edges found
011,Nightmare,forward_step_candidate,3080,3061,,,,,unknown_from_static_bytecode,,unknown,no static frame edges found
011,Nightmare,forward_step_candidate,2039,2341,,,,,unknown_from_static_bytecode,,unknown,no static frame edges found
011,Nightmare,forward_step_candidate,2172,2347,,,,,unknown_from_static_bytecode,,unknown,no static frame edges found
011,Nightmare,forward_step_candidate,2174,2347,,,,,unknown_from_static_bytecode,,unknown,no static frame edges found
011,Nightmare,forward_step_candidate,2229,2350,,,,,unknown_from_static_bytecode,,unknown,no static frame edges found
011,Nightmare,forward_step_candidate,2269,2352,,,,,unknown_from_static_bytecode,,unknown,no static frame edges found
011,Nightmare,sidestep_down_candidate,301,303,,,,,unknown_from_static_bytecode,,unknown,no static frame edges found
011,Nightmare,sidestep_down_candidate,417,466,,,,,unknown_from_static_bytecode,,unknown,no static frame edges found
011,Nightmare,sidestep_down_candidate,417,466,,,,,unknown_from_static_bytecode,,unknown,no static frame edges found
011,Nightmare,sidestep_down_candidate,444,466,,,,,unknown_from_static_bytecode,,unknown,no static frame edges found
011,Nightmare,sidestep_down_candidate,444,466,,,,,unknown_from_static_bytecode,,unknown,no static frame edges found
011,Nightmare,sidestep_down_candidate,471,480,,,,,unknown_from_static_bytecode,,unknown,no static frame edges found
011,Nightmare,sidestep_down_candidate,471,480,,,,,unknown_from_static_bytecode,,unknown,no static frame edges found
011,Nightmare,sidestep_down_candidate,493,508,,,,,unknown_from_static_bytecode,,unknown,no static frame edges found
011,Nightmare,sidestep_down_candidate,493,508,,,,,unknown_from_static_bytecode,,unknown,no static frame edges found
011,Nightmare,sidestep_down_candidate,2947,508,,,,,unknown_from_static_bytecode,,unknown,no static frame edges found
011,Nightmare,sidestep_down_candidate,2948,466,,,,,unknown_from_static_bytecode,,unknown,no static frame edges found
011,Nightmare,sidestep_down_candidate,2949,480,,,,,unknown_from_static_bytecode,,unknown,no static frame edges found
011,Nightmare,sidestep_down_candidate,269,271,,,,,unknown_from_static_bytecode,,unknown,no static frame edges found
011,Nightmare,sidestep_down_candidate,440,466,,,,,unknown_from_static_bytecode,,unknown,no static frame edges found
011,Nightmare,sidestep_down_candidate,440,466,,,,,unknown_from_static_bytecode,,unknown,no static frame edges found
011,Nightmare,sidestep_down_candidate,441,466,,,,,unknown_from_static_bytecode,,unknown,no static frame edges found
011,Nightmare,sidestep_down_candidate,441,466,,,,,unknown_from_static_bytecode,,unknown,no static frame edges found
011,Nightmare,sidestep_down_candidate,442,466,,,,,unknown_from_static_bytecode,,unknown,no static frame edges found
011,Nightmare,sidestep_down_candidate,442,466,,,,,unknown_from_static_bytecode,,unknown,no static frame edges found
011,Nightmare,sidestep_down_candidate,443,466,,,,,unknown_from_static_bytecode,,unknown,no static frame edges found
011,Nightmare,sidestep_down_candidate,443,466,,,,,unknown_from_static_bytecode,,unknown,no static frame edges found
011,Nightmare,sidestep_down_candidate,445,466,,,,,unknown_from_static_bytecode,,unknown,no static frame edges found
011,Nightmare,sidestep_down_candidate,445,466,,,,,unknown_from_static_bytecode,,unknown,no static frame edges found
011,Nightmare,sidestep_down_candidate,467,480,,,,,unknown_from_static_bytecode,,unknown,no static frame edges found
011,Nightmare,sidestep_down_candidate,467,480,,,,,unknown_from_static_bytecode,,unknown,no static frame edges found
011,Nightmare,sidestep_down_candidate,468,480,,,,,unknown_from_static_bytecode,,unknown,no static frame edges found
011,Nightmare,sidestep_down_candidate,468,480,,,,,unknown_from_static_bytecode,,unknown,no static frame edges found
011,Nightmare,sidestep_down_candidate,469,480,,,,,unknown_from_static_bytecode,,unknown,no static frame edges found
011,Nightmare,sidestep_down_candidate,469,480,,,,,unknown_from_static_bytecode,,unknown,no static frame edges found
011,Nightmare,sidestep_down_candidate,470,480,,,,,unknown_from_static_bytecode,,unknown,no static frame edges found
011,Nightmare,sidestep_down_candidate,470,480,,,,,unknown_from_static_bytecode,,unknown,no static frame edges found
011,Nightmare,sidestep_down_candidate,490,508,,,,,unknown_from_static_bytecode,,unknown,no static frame edges found
011,Nightmare,sidestep_down_candidate,490,508,,,,,unknown_from_static_bytecode,,unknown,no static frame edges found
011,Nightmare,sidestep_down_candidate,491,508,,,,,unknown_from_static_bytecode,,unknown,no static frame edges found
011,Nightmare,sidestep_down_candidate,491,508,,,,,unknown_from_static_bytecode,,unknown,no static frame edges found
011,Nightmare,sidestep_down_candidate,492,508,,,,,unknown_from_static_bytecode,,unknown,no static frame edges found
011,Nightmare,sidestep_down_candidate,492,508,,,,,unknown_from_static_bytecode,,unknown,no static frame edges found
011,Nightmare,sidestep_down_candidate,494,508,,,,,unknown_from_static_bytecode,,unknown,no static frame edges found
011,Nightmare,sidestep_down_candidate,494,508,,,,,unknown_from_static_bytecode,,unknown,no static frame edges found
011,Nightmare,sidestep_down_candidate,521,6,,,,,unknown_from_static_bytecode,,unknown,no static frame edges found
011,Nightmare,sidestep_down_candidate,1504,1484,,,,,unknown_from_static_bytecode,,unknown,no static frame edges found
011,Nightmare,sidestep_down_candidate,2620,521,,,,,unknown_from_static_bytecode,,unknown,no static frame edges found
011,Nightmare,sidestep_down_candidate,2620,521,,,,,unknown_from_static_bytecode,,unknown,no static frame edges found
011,Nightmare,sidestep_down_candidate,2953,419,,,,,unknown_from_static_bytecode,,unknown,no static frame edges found
011,Nightmare,sidestep_down_candidate,2953,420,,,,,unknown_from_static_bytecode,,unknown,no static frame edges found
011,Nightmare,sidestep_down_candidate,2953,421,,,,,unknown_from_static_bytecode,,unknown,no static frame edges found
011,Nightmare,sidestep_down_candidate,2953,3063,,,,,unknown_from_static_bytecode,,unknown,no static frame edges found
011,Nightmare,sidestep_down_candidate,2953,3065,,,,,unknown_from_static_bytecode,,unknown,no static frame edges found
011,Nightmare,sidestep_down_candidate,2953,3065,,,,,unknown_from_static_bytecode,,unknown,no static frame edges found
011,Nightmare,sidestep_down_candidate,3002,303,,,,,unknown_from_static_bytecode,,unknown,no static frame edges found
011,Nightmare,sidestep_down_candidate,2953,318,93,0,323,frame [-45..45],unresolved_cell_semantics,cross_bank_or_unknown:1,unresolved_static_data,recovery target has unresolved cell semantics
011,Nightmare,sidestep_down_candidate,2953,318,93,0,326,frame [135..-135],unresolved_cell_semantics,cross_bank_or_unknown:1,unresolved_static_data,recovery target has unresolved cell semantics
011,Nightmare,sidestep_down_candidate,2953,318,93,0,324,frame [45..135],unresolved_cell_semantics,cross_bank_or_unknown:1,unresolved_static_data,recovery target has unresolved cell semantics
011,Nightmare,sidestep_down_candidate,2953,318,93,0,325,frame [-135..-45],unresolved_cell_semantics,cross_bank_or_unknown:1,unresolved_static_data,recovery target has unresolved cell semantics
011,Nightmare,sidestep_down_candidate,2953,318,93,0,319,frame [-45..45],unresolved_cell_semantics,cross_bank_or_unknown:1,unresolved_static_data,recovery target has unresolved cell semantics
011,Nightmare,sidestep_down_candidate,2953,318,93,0,322,frame [135..-135],unresolved_cell_semantics,cross_bank_or_unknown:1,unresolved_static_data,recovery target has unresolved cell semantics
011,Nightmare,sidestep_down_candidate,2953,318,93,0,320,frame [45..135],unresolved_cell_semantics,cross_bank_or_unknown:1,unresolved_static_data,recovery target has unresolved cell semantics
011,Nightmare,sidestep_down_candidate,2953,318,93,0,321,frame [-135..-45],unresolved_cell_semantics,cross_bank_or_unknown:1,unresolved_static_data,recovery target has unresolved cell semantics
011,Nightmare,sidestep_down_candidate,2953,318,93,0,323,frame [-45..45],unresolved_cell_semantics,cross_bank_or_unknown:1,unresolved_static_data,recovery target has unresolved cell semantics
011,Nightmare,sidestep_down_candidate,2953,318,93,0,326,frame [135..-135],unresolved_cell_semantics,cross_bank_or_unknown:1,unresolved_static_data,recovery target has unresolved cell semantics
011,Nightmare,sidestep_down_candidate,2953,318,93,0,324,frame [45..135],unresolved_cell_semantics,cross_bank_or_unknown:1,unresolved_static_data,recovery target has unresolved cell semantics
011,Nightmare,sidestep_down_candidate,2953,318,93,0,325,frame [-135..-45],unresolved_cell_semantics,cross_bank_or_unknown:1,unresolved_static_data,recovery target has unresolved cell semantics
011,Nightmare,sidestep_down_candidate,2953,318,93,0,319,frame [-45..45],unresolved_cell_semantics,cross_bank_or_unknown:1,unresolved_static_data,recovery target has unresolved cell semantics
011,Nightmare,sidestep_down_candidate,2953,318,93,0,322,frame [135..-135],unresolved_cell_semantics,cross_bank_or_unknown:1,unresolved_static_data,recovery target has unresolved cell semantics
011,Nightmare,sidestep_down_candidate,2953,318,93,0,320,frame [45..135],unresolved_cell_semantics,cross_bank_or_unknown:1,unresolved_static_data,recovery target has unresolved cell semantics
011,Nightmare,sidestep_down_candidate,2953,318,93,0,321,frame [-135..-45],unresolved_cell_semantics,cross_bank_or_unknown:1,unresolved_static_data,recovery target has unresolved cell semantics
011,Nightmare,sidestep_down_candidate,2953,327,,,,,unknown_from_static_bytecode,,unknown,no static frame edges found
011,Nightmare,sidestep_down_candidate,2953,327,,,,,unknown_from_static_bytecode,,unknown,no static frame edges found
011,Nightmare,sidestep_down_candidate,2953,385,,,,,unknown_from_static_bytecode,,unknown,no static frame edges found
011,Nightmare,sidestep_down_candidate,2953,385,,,,,unknown_from_static_bytecode,,unknown,no static frame edges found
011,Nightmare,sidestep_down_candidate,2953,3010,,,,,unknown_from_static_bytecode,,unknown,no static frame edges found
011,Nightmare,sidestep_down_candidate,2953,3010,,,,,unknown_from_static_bytecode,,unknown,no static frame edges found
011,Nightmare,sidestep_down_candidate,2953,3011,,,,,unknown_from_static_bytecode,,unknown,no static frame edges found
011,Nightmare,sidestep_down_candidate,2953,3011,,,,,unknown_from_static_bytecode,,unknown,no static frame edges found
011,Nightmare,sidestep_down_candidate,2953,3019,,,,,unknown_from_static_bytecode,,unknown,no static frame edges found
011,Nightmare,sidestep_down_candidate,2953,3019,,,,,unknown_from_static_bytecode,,unknown,no static frame edges found
011,Nightmare,sidestep_down_candidate,2953,3056,,,,,unknown_from_static_bytecode,,unknown,no static frame edges found
011,Nightmare,sidestep_down_candidate,2953,3059,,,,,unknown_from_static_bytecode,,unknown,no static frame edges found
011,Nightmare,sidestep_down_candidate,2953,3061,,,,,unknown_from_static_bytecode,,unknown,no static frame edges found
011,Nightmare,sidestep_down_candidate,2953,3062,,,,,unknown_from_static_bytecode,,unknown,no static frame edges found
011,Nightmare,sidestep_up_candidate,272,274,,,,,unknown_from_static_bytecode,,unknown,no static frame edges found
011,Nightmare,sidestep_up_candidate,277,279,,,,,unknown_from_static_bytecode,,unknown,no static frame edges found
011,Nightmare,sidestep_up_candidate,2947,505,,,,,unknown_from_static_bytecode,,unknown,no static frame edges found
011,Nightmare,sidestep_up_candidate,2948,453,,,,,unknown_from_static_bytecode,,unknown,no static frame edges found
011,Nightmare,sidestep_up_candidate,2949,476,,,,,unknown_from_static_bytecode,,unknown,no static frame edges found
011,Nightmare,sidestep_up_candidate,2953,388,,,,,unknown_from_static_bytecode,,unknown,no static frame edges found
011,Nightmare,sidestep_up_candidate,2953,389,,,,,unknown_from_static_bytecode,,unknown,no static frame edges found
011,Nightmare,sidestep_up_candidate,307,308,,,,,unknown_from_static_bytecode,,unknown,no static frame edges found
011,Nightmare,sidestep_up_candidate,378,380,,,,,unknown_from_static_bytecode,,unknown,no static frame edges found
011,Nightmare,sidestep_up_candidate,430,431,19,0,432,(frame window),attack_followup,offensive_attack:1,confirmed_static_data,frame edge target has offensive hit data
011,Nightmare,sidestep_up_candidate,2950,427,,,,,unknown_from_static_bytecode,,unknown,no static frame edges found
011,Nightmare,sidestep_up_candidate,2950,435,,,,,unknown_from_static_bytecode,,unknown,no static frame edges found
011,Nightmare,sidestep_up_candidate,3005,3006,,,,,unknown_from_static_bytecode,,unknown,no static frame edges found
011,Nightmare,sidestep_up_candidate,3007,3008,,,,,unknown_from_static_bytecode,,unknown,no static frame edges found
011,Nightmare,sidestep_up_candidate,3080,3059,,,,,unknown_from_static_bytecode,,unknown,no static frame edges found
011,Nightmare,sidestep_up_candidate,3080,3062,,,,,unknown_from_static_bytecode,,unknown,no static frame edges found
012,Astaroth,back_diagonal,265,488,,,,,unknown_from_static_bytecode,,unknown,no static frame edges found
012,Astaroth,back_diagonal,466,470,,,,,unknown_from_static_bytecode,,unknown,no static frame edges found
012,Astaroth,back_diagonal,467,472,,,,,unknown_from_static_bytecode,,unknown,no static frame edges found
012,Astaroth,back_diagonal,474,476,,,,,unknown_from_static_bytecode,,unknown,no static frame edges found
012,Astaroth,back_diagonal,475,477,,,,,unknown_from_static_bytecode,,unknown,no static frame edges found
012,Astaroth,backstep_candidate,265,266,,,,,unknown_from_static_bytecode,,unknown,no static frame edges found
012,Astaroth,backstep_candidate,276,277,,,,,unknown_from_static_bytecode,,unknown,no static frame edges found
012,Astaroth,backstep_candidate,346,351,,,,,unknown_from_static_bytecode,,unknown,no static frame edges found
012,Astaroth,backstep_candidate,426,427,,,,,unknown_from_static_bytecode,,unknown,no static frame edges found
012,Astaroth,backstep_candidate,538,546,,,,,unknown_from_static_bytecode,,unknown,no static frame edges found
012,Astaroth,backstep_candidate,2068,1702,,,,,unknown_from_static_bytecode,,unknown,no static frame edges found
012,Astaroth,backstep_candidate,468,471,,,,,unknown_from_static_bytecode,,unknown,no static frame edges found
012,Astaroth,backstep_candidate,469,473,,,,,unknown_from_static_bytecode,,unknown,no static frame edges found
012,Astaroth,backstep_candidate,266,270,,,,,unknown_from_static_bytecode,,unknown,no static frame edges found
012,Astaroth,backstep_candidate,267,268,,,,,unknown_from_static_bytecode,,unknown,no static frame edges found
012,Astaroth,backstep_candidate,268,270,,,,,unknown_from_static_bytecode,,unknown,no static frame edges found
012,Astaroth,backstep_candidate,269,273,,,,,unknown_from_static_bytecode,,unknown,no static frame edges found
012,Astaroth,backstep_candidate,277,279,,,,,unknown_from_static_bytecode,,unknown,no static frame edges found
012,Astaroth,backstep_candidate,278,280,,,,,unknown_from_static_bytecode,,unknown,no static frame edges found
012,Astaroth,backstep_candidate,347,352,,,,,unknown_from_static_bytecode,,unknown,no static frame edges found
012,Astaroth,backstep_candidate,348,351,,,,,unknown_from_static_bytecode,,unknown,no static frame edges found
012,Astaroth,backstep_candidate,349,352,,,,,unknown_from_static_bytecode,,unknown,no static frame edges found
012,Astaroth,backstep_candidate,350,353,,,,,unknown_from_static_bytecode,,unknown,no static frame edges found
012,Astaroth,backstep_candidate,351,354,,,,,unknown_from_static_bytecode,,unknown,no static frame edges found
012,Astaroth,backstep_candidate,352,355,,,,,unknown_from_static_bytecode,,unknown,no static frame edges found
012,Astaroth,backstep_candidate,353,356,,,,,unknown_from_static_bytecode,,unknown,no static frame edges found
012,Astaroth,backstep_candidate,410,411,,,,,unknown_from_static_bytecode,,unknown,no static frame edges found
012,Astaroth,backstep_candidate,539,546,,,,,unknown_from_static_bytecode,,unknown,no static frame edges found
012,Astaroth,backstep_candidate,540,548,,,,,unknown_from_static_bytecode,,unknown,no static frame edges found
012,Astaroth,backstep_candidate,541,548,,,,,unknown_from_static_bytecode,,unknown,no static frame edges found
012,Astaroth,backstep_candidate,542,546,,,,,unknown_from_static_bytecode,,unknown,no static frame edges found
012,Astaroth,backstep_candidate,543,546,,,,,unknown_from_static_bytecode,,unknown,no static frame edges found
012,Astaroth,backstep_candidate,544,548,,,,,unknown_from_static_bytecode,,unknown,no static frame edges found
012,Astaroth,backstep_candidate,545,548,,,,,unknown_from_static_bytecode,,unknown,no static frame edges found
012,Astaroth,backstep_candidate,2069,2371,,,,,unknown_from_static_bytecode,,unknown,no static frame edges found
012,Astaroth,backstep_candidate,2202,2377,,,,,unknown_from_static_bytecode,,unknown,no static frame edges found
012,Astaroth,backstep_candidate,2204,2377,,,,,unknown_from_static_bytecode,,unknown,no static frame edges found
012,Astaroth,backstep_candidate,2258,2380,,,,,unknown_from_static_bytecode,,unknown,no static frame edges found
012,Astaroth,backstep_candidate,2297,2382,,,,,unknown_from_static_bytecode,,unknown,no static frame edges found
012,Astaroth,eight_way_or_ambiguous,161,164,,,,,unknown_from_static_bytecode,,unknown,no static frame edges found
012,Astaroth,eight_way_or_ambiguous,366,367,,,,,unknown_from_static_bytecode,,unknown,no static frame edges found
012,Astaroth,forward_diagonal,372,373,,,,,unknown_from_static_bytecode,,unknown,no static frame edges found
012,Astaroth,forward_diagonal,390,391,,,,,unknown_from_static_bytecode,,unknown,no static frame edges found
012,Astaroth,forward_diagonal,392,393,,,,,unknown_from_static_bytecode,,unknown,no static frame edges found
012,Astaroth,forward_diagonal,394,395,,,,,unknown_from_static_bytecode,,unknown,no static frame edges found
012,Astaroth,forward_step_candidate,276,284,,,,,unknown_from_static_bytecode,,unknown,no static frame edges found
012,Astaroth,forward_step_candidate,301,308,,,,,unknown_from_static_bytecode,,unknown,no static frame edges found
012,Astaroth,forward_step_candidate,317,318,,,,,unknown_from_static_bytecode,,unknown,no static frame edges found
012,Astaroth,forward_step_candidate,326,327,,,,,unknown_from_static_bytecode,,unknown,no static frame edges found
012,Astaroth,forward_step_candidate,329,330,,,,,unknown_from_static_bytecode,,unknown,no static frame edges found
012,Astaroth,forward_step_candidate,331,332,,,,,unknown_from_static_bytecode,,unknown,no static frame edges found
012,Astaroth,forward_step_candidate,406,407,,,,,unknown_from_static_bytecode,,unknown,no static frame edges found
012,Astaroth,forward_step_candidate,443,444,,,,,unknown_from_static_bytecode,,unknown,no static frame edges found
012,Astaroth,forward_step_candidate,2068,1702,,,,,unknown_from_static_bytecode,,unknown,no static frame edges found
012,Astaroth,forward_step_candidate,168,463,,,,,unknown_from_static_bytecode,,unknown,no static frame edges found
012,Astaroth,forward_step_candidate,266,272,,,,,unknown_from_static_bytecode,,unknown,no static frame edges found
012,Astaroth,forward_step_candidate,268,272,,,,,unknown_from_static_bytecode,,unknown,no static frame edges found
012,Astaroth,forward_step_candidate,269,274,,,,,unknown_from_static_bytecode,,unknown,no static frame edges found
012,Astaroth,forward_step_candidate,308,310,,,,,unknown_from_static_bytecode,,unknown,no static frame edges found
012,Astaroth,forward_step_candidate,309,311,,,,,unknown_from_static_bytecode,,unknown,no static frame edges found
012,Astaroth,forward_step_candidate,312,313,,,,,unknown_from_static_bytecode,,unknown,no static frame edges found
012,Astaroth,forward_step_candidate,319,320,,,,,unknown_from_static_bytecode,,unknown,no static frame edges found
012,Astaroth,forward_step_candidate,319,322,,,,,unknown_from_static_bytecode,,unknown,no static frame edges found
012,Astaroth,forward_step_candidate,320,322,,,,,unknown_from_static_bytecode,,unknown,no static frame edges found
012,Astaroth,forward_step_candidate,321,324,,,,,unknown_from_static_bytecode,,unknown,no static frame edges found
012,Astaroth,forward_step_candidate,332,333,,,,,unknown_from_static_bytecode,,unknown,no static frame edges found
012,Astaroth,forward_step_candidate,333,334,,,,,unknown_from_static_bytecode,,unknown,no static frame edges found
012,Astaroth,forward_step_candidate,335,336,,,,,unknown_from_static_bytecode,,unknown,no static frame edges found
012,Astaroth,forward_step_candidate,422,423,,,,,unknown_from_static_bytecode,,unknown,no static frame edges found
012,Astaroth,forward_step_candidate,534,535,,,,,unknown_from_static_bytecode,,unknown,no static frame edges found
012,Astaroth,forward_step_candidate,534,536,,,,,unknown_from_static_bytecode,,unknown,no static frame edges found
012,Astaroth,forward_step_candidate,534,536,,,,,unknown_from_static_bytecode,,unknown,no static frame edges found
012,Astaroth,forward_step_candidate,2069,2371,,,,,unknown_from_static_bytecode,,unknown,no static frame edges found
012,Astaroth,forward_step_candidate,2202,2377,,,,,unknown_from_static_bytecode,,unknown,no static frame edges found
012,Astaroth,forward_step_candidate,2204,2377,,,,,unknown_from_static_bytecode,,unknown,no static frame edges found
012,Astaroth,forward_step_candidate,2259,2380,,,,,unknown_from_static_bytecode,,unknown,no static frame edges found
012,Astaroth,forward_step_candidate,2299,2382,,,,,unknown_from_static_bytecode,,unknown,no static frame edges found
012,Astaroth,sidestep_down_candidate,301,316,,,,,unknown_from_static_bytecode,,unknown,no static frame edges found
012,Astaroth,sidestep_down_candidate,443,445,,,,,unknown_from_static_bytecode,,unknown,no static frame edges found
012,Astaroth,sidestep_down_candidate,338,342,,,,,unknown_from_static_bytecode,,unknown,no static frame edges found
012,Astaroth,sidestep_down_candidate,376,377,,,,,unknown_from_static_bytecode,,unknown,no static frame edges found
012,Astaroth,sidestep_down_candidate,1534,1514,,,,,unknown_from_static_bytecode,,unknown,no static frame edges found
012,Astaroth,sidestep_down_candidate,2650,2980,,,,,unknown_from_static_bytecode,,unknown,no static frame edges found
012,Astaroth,sidestep_down_candidate,2650,2980,,,,,unknown_from_static_bytecode,,unknown,no static frame edges found
012,Astaroth,sidestep_down_candidate,2980,6,,,,,unknown_from_static_bytecode,,unknown,no static frame edges found
012,Astaroth,sidestep_up_candidate,337,338,,,,,unknown_from_static_bytecode,,unknown,no static frame edges found
012,Astaroth,sidestep_up_candidate,346,348,,,,,unknown_from_static_bytecode,,unknown,no static frame edges found
012,Astaroth,sidestep_up_candidate,452,451,,,,,unknown_from_static_bytecode,,unknown,no static frame edges found
012,Astaroth,sidestep_up_candidate,2988,482,,,,,unknown_from_static_bytecode,,unknown,no static frame edges found
012,Astaroth,sidestep_up_candidate,2988,487,,,,,unknown_from_static_bytecode,,unknown,no static frame edges found
012,Astaroth,sidestep_up_candidate,2988,488,,,,,unknown_from_static_bytecode,,unknown,no static frame edges found
012,Astaroth,sidestep_up_candidate,2988,489,93,0,553,frame [-60..60],unresolved_cell_semantics,cross_bank_or_unknown:1,unresolved_static_data,recovery target has unresolved cell semantics
012,Astaroth,sidestep_up_candidate,2988,489,93,0,552,frame [120..-120],unresolved_cell_semantics,cross_bank_or_unknown:1,unresolved_static_data,recovery target has unresolved cell semantics
012,Astaroth,sidestep_up_candidate,347,349,,,,,unknown_from_static_bytecode,,unknown,no static frame edges found
012,Astaroth,sidestep_up_candidate,446,448,,,,,unknown_from_static_bytecode,,unknown,no static frame edges found
012,Astaroth,sidestep_up_candidate,447,451,,,,,unknown_from_static_bytecode,,unknown,no static frame edges found
012,Astaroth,sidestep_up_candidate,447,452,,,,,unknown_from_static_bytecode,,unknown,no static frame edges found
012,Astaroth,sidestep_up_candidate,448,451,,,,,unknown_from_static_bytecode,,unknown,no static frame edges found
012,Astaroth,sidestep_up_candidate,450,451,,,,,unknown_from_static_bytecode,,unknown,no static frame edges found
014,Cervantes,backstep_candidate,398,400,,,,,unknown_from_static_bytecode,,unknown,no static frame edges found
014,Cervantes,backstep_candidate,265,266,,,,,unknown_from_static_bytecode,,unknown,no static frame edges found
014,Cervantes,backstep_candidate,279,280,,,,,unknown_from_static_bytecode,,unknown,no static frame edges found
014,Cervantes,backstep_candidate,398,399,,,,,unknown_from_static_bytecode,,unknown,no static frame edges found
014,Cervantes,backstep_candidate,543,546,,,,,unknown_from_static_bytecode,,unknown,no static frame edges found
014,Cervantes,backstep_candidate,544,545,,,,,unknown_from_static_bytecode,,unknown,no static frame edges found
014,Cervantes,backstep_candidate,2046,1680,,,,,unknown_from_static_bytecode,,unknown,no static frame edges found
014,Cervantes,backstep_candidate,2953,513,,,,,unknown_from_static_bytecode,,unknown,no static frame edges found
014,Cervantes,backstep_candidate,2047,2349,,,,,unknown_from_static_bytecode,,unknown,no static frame edges found
014,Cervantes,backstep_candidate,2180,2355,,,,,unknown_from_static_bytecode,,unknown,no static frame edges found
014,Cervantes,backstep_candidate,2182,2355,,,,,unknown_from_static_bytecode,,unknown,no static frame edges found
014,Cervantes,backstep_candidate,2236,2358,,,,,unknown_from_static_bytecode,,unknown,no static frame edges found
014,Cervantes,backstep_candidate,2275,2360,,,,,unknown_from_static_bytecode,,unknown,no static frame edges found
014,Cervantes,eight_way_or_ambiguous,161,164,,,,,unknown_from_static_bytecode,,unknown,no static frame edges found
014,Cervantes,eight_way_or_ambiguous,277,278,,,,,unknown_from_static_bytecode,,unknown,no static frame edges found
014,Cervantes,eight_way_or_ambiguous,302,303,,,,,unknown_from_static_bytecode,,unknown,no static frame edges found
014,Cervantes,eight_way_or_ambiguous,426,427,,,,,unknown_from_static_bytecode,,unknown,no static frame edges found
014,Cervantes,eight_way_or_ambiguous,537,538,,,,,unknown_from_static_bytecode,,unknown,no static frame edges found
014,Cervantes,eight_way_or_ambiguous,2953,536,,,,,unknown_from_static_bytecode,,unknown,no static frame edges found
014,Cervantes,forward_diagonal,357,544,,,,,unknown_from_static_bytecode,,unknown,no static frame edges found
014,Cervantes,forward_diagonal,2953,539,,,,,unknown_from_static_bytecode,,unknown,no static frame edges found
014,Cervantes,forward_diagonal,293,294,,,,,unknown_from_static_bytecode,,unknown,no static frame edges found
014,Cervantes,forward_diagonal,365,366,,,,,unknown_from_static_bytecode,,unknown,no static frame edges found
014,Cervantes,forward_diagonal,368,369,,,,,unknown_from_static_bytecode,,unknown,no static frame edges found
014,Cervantes,forward_diagonal,370,369,,,,,unknown_from_static_bytecode,,unknown,no static frame edges found
014,Cervantes,forward_diagonal,371,369,,,,,unknown_from_static_bytecode,,unknown,no static frame edges found
014,Cervantes,forward_diagonal,539,541,,,,,unknown_from_static_bytecode,,unknown,no static frame edges found
014,Cervantes,forward_step_candidate,265,268,,,,,unknown_from_static_bytecode,,unknown,no static frame edges found
014,Cervantes,forward_step_candidate,295,296,,,,,unknown_from_static_bytecode,,unknown,no static frame edges found
014,Cervantes,forward_step_candidate,398,401,,,,,unknown_from_static_bytecode,,unknown,no static frame edges found
014,Cervantes,forward_step_candidate,414,415,,,,,unknown_from_static_bytecode,,unknown,no static frame edges found
014,Cervantes,forward_step_candidate,543,545,,,,,unknown_from_static_bytecode,,unknown,no static frame edges found
014,Cervantes,forward_step_candidate,544,546,,,,,unknown_from_static_bytecode,,unknown,no static frame edges found
014,Cervantes,forward_step_candidate,2046,1680,,,,,unknown_from_static_bytecode,,unknown,no static frame edges found
014,Cervantes,forward_step_candidate,168,448,,,,,unknown_from_static_bytecode,,unknown,no static frame edges found
014,Cervantes,forward_step_candidate,435,543,,,,,unknown_from_static_bytecode,,unknown,no static frame edges found
014,Cervantes,forward_step_candidate,441,544,,,,,unknown_from_static_bytecode,,unknown,no static frame edges found
014,Cervantes,forward_step_candidate,444,544,,,,,unknown_from_static_bytecode,,unknown,no static frame edges found
014,Cervantes,forward_step_candidate,275,276,,,,,unknown_from_static_bytecode,,unknown,no static frame edges found
014,Cervantes,forward_step_candidate,2047,2349,,,,,unknown_from_static_bytecode,,unknown,no static frame edges found
014,Cervantes,forward_step_candidate,2180,2355,,,,,unknown_from_static_bytecode,,unknown,no static frame edges found
014,Cervantes,forward_step_candidate,2182,2355,,,,,unknown_from_static_bytecode,,unknown,no static frame edges found
014,Cervantes,forward_step_candidate,2237,2358,,,,,unknown_from_static_bytecode,,unknown,no static frame edges found
014,Cervantes,forward_step_candidate,2277,2360,,,,,unknown_from_static_bytecode,,unknown,no static frame edges found
014,Cervantes,sidestep_down_candidate,471,6,,,,,unknown_from_static_bytecode,,unknown,no static frame edges found
014,Cervantes,sidestep_down_candidate,1512,1492,,,,,unknown_from_static_bytecode,,unknown,no static frame edges found
014,Cervantes,sidestep_down_candidate,2628,471,,,,,unknown_from_static_bytecode,,unknown,no static frame edges found
014,Cervantes,sidestep_down_candidate,2628,471,,,,,unknown_from_static_bytecode,,unknown,no static frame edges found
014,Cervantes,sidestep_down_candidate,2953,512,,,,,unknown_from_static_bytecode,,unknown,no static frame edges found
014,Cervantes,sidestep_up_candidate,418,419,,,,,unknown_from_static_bytecode,,unknown,no static frame edges found
014,Cervantes,sidestep_up_candidate,421,422,,,,,unknown_from_static_bytecode,,unknown,no static frame edges found
014,Cervantes,sidestep_up_candidate,543,548,,,,,unknown_from_static_bytecode,,unknown,no static frame edges found
014,Cervantes,sidestep_up_candidate,544,546,,,,,unknown_from_static_bytecode,,unknown,no static frame edges found
014,Cervantes,sidestep_up_candidate,544,548,,,,,unknown_from_static_bytecode,,unknown,no static frame edges found
014,Cervantes,sidestep_up_candidate,2953,534,,,,,unknown_from_static_bytecode,,unknown,no static frame edges found
015,Raphael,backstep_candidate,257,258,,,,,unknown_from_static_bytecode,,unknown,no static frame edges found
015,Raphael,backstep_candidate,261,262,,,,,unknown_from_static_bytecode,,unknown,no static frame edges found
015,Raphael,backstep_candidate,419,420,,,,,unknown_from_static_bytecode,,unknown,no static frame edges found
015,Raphael,backstep_candidate,2877,419,,,,,unknown_from_static_bytecode,,unknown,no static frame edges found
015,Raphael,backstep_candidate,1970,1604,,,,,unknown_from_static_bytecode,,unknown,no static frame edges found
015,Raphael,backstep_candidate,2878,454,,,,,unknown_from_static_bytecode,,unknown,no static frame edges found
015,Raphael,backstep_candidate,1971,2273,,,,,unknown_from_static_bytecode,,unknown,no static frame edges found
015,Raphael,backstep_candidate,2104,2279,,,,,unknown_from_static_bytecode,,unknown,no static frame edges found
015,Raphael,backstep_candidate,2106,2279,,,,,unknown_from_static_bytecode,,unknown,no static frame edges found
015,Raphael,backstep_candidate,2160,2282,,,,,unknown_from_static_bytecode,,unknown,no static frame edges found
015,Raphael,backstep_candidate,2199,2284,,,,,unknown_from_static_bytecode,,unknown,no static frame edges found
015,Raphael,eight_way_or_ambiguous,161,164,,,,,unknown_from_static_bytecode,,unknown,no static frame edges found
015,Raphael,eight_way_or_ambiguous,313,314,,,,,unknown_from_static_bytecode,,unknown,no static frame edges found
015,Raphael,forward_diagonal,413,414,,,,,unknown_from_static_bytecode,,unknown,no static frame edges found
015,Raphael,forward_diagonal,457,458,,,,,unknown_from_static_bytecode,,unknown,no static frame edges found
015,Raphael,forward_diagonal,459,460,,,,,unknown_from_static_bytecode,,unknown,no static frame edges found
015,Raphael,forward_diagonal,461,462,,,,,unknown_from_static_bytecode,,unknown,no static frame edges found
015,Raphael,forward_step_candidate,288,289,,,,,unknown_from_static_bytecode,,unknown,no static frame edges found
015,Raphael,forward_step_candidate,291,292,,,,,unknown_from_static_bytecode,,unknown,no static frame edges found
015,Raphael,forward_step_candidate,293,294,,,,,unknown_from_static_bytecode,,unknown,no static frame edges found
015,Raphael,forward_step_candidate,368,369,,,,,unknown_from_static_bytecode,,unknown,no static frame edges found
015,Raphael,forward_step_candidate,425,428,,,,,unknown_from_static_bytecode,,unknown,no static frame edges found
015,Raphael,forward_step_candidate,257,259,,,,,unknown_from_static_bytecode,,unknown,no static frame edges found
015,Raphael,forward_step_candidate,272,273,,,,,unknown_from_static_bytecode,,unknown,no static frame edges found
015,Raphael,forward_step_candidate,272,274,,,,,unknown_from_static_bytecode,,unknown,no static frame edges found
015,Raphael,forward_step_candidate,345,346,,,,,unknown_from_static_bytecode,,unknown,no static frame edges found
015,Raphael,forward_step_candidate,372,373,,,,,unknown_from_static_bytecode,,unknown,no static frame edges found
015,Raphael,forward_step_candidate,419,421,,,,,unknown_from_static_bytecode,,unknown,no static frame edges found
015,Raphael,forward_step_candidate,425,430,,,,,unknown_from_static_bytecode,,unknown,no static frame edges found
015,Raphael,forward_step_candidate,2877,424,,,,,unknown_from_static_bytecode,,unknown,no static frame edges found
015,Raphael,forward_step_candidate,1970,1604,,,,,unknown_from_static_bytecode,,unknown,no static frame edges found
015,Raphael,forward_step_candidate,168,387,,,,,unknown_from_static_bytecode,,unknown,no static frame edges found
015,Raphael,forward_step_candidate,263,369,,,,,unknown_from_static_bytecode,,unknown,no static frame edges found
015,Raphael,forward_step_candidate,269,369,,,,,unknown_from_static_bytecode,,unknown,no static frame edges found
015,Raphael,forward_step_candidate,283,418,,,,,unknown_from_static_bytecode,,unknown,no static frame edges found
015,Raphael,forward_step_candidate,343,418,,,,,unknown_from_static_bytecode,,unknown,no static frame edges found
015,Raphael,forward_step_candidate,354,418,,,,,unknown_from_static_bytecode,,unknown,no static frame edges found
015,Raphael,forward_step_candidate,364,418,,,,,unknown_from_static_bytecode,,unknown,no static frame edges found
015,Raphael,forward_step_candidate,366,367,,,,,unknown_from_static_bytecode,,unknown,no static frame edges found
015,Raphael,forward_step_candidate,383,384,,,,,unknown_from_static_bytecode,,unknown,no static frame edges found
015,Raphael,forward_step_candidate,421,422,,,,,unknown_from_static_bytecode,,unknown,no static frame edges found
015,Raphael,forward_step_candidate,295,296,,,,,unknown_from_static_bytecode,,unknown,no static frame edges found
015,Raphael,forward_step_candidate,448,449,,,,,unknown_from_static_bytecode,,unknown,no static frame edges found
015,Raphael,forward_step_candidate,2878,455,,,,,unknown_from_static_bytecode,,unknown,no static frame edges found
015,Raphael,forward_step_candidate,1971,2273,,,,,unknown_from_static_bytecode,,unknown,no static frame edges found
015,Raphael,forward_step_candidate,2104,2279,,,,,unknown_from_static_bytecode,,unknown,no static frame edges found
015,Raphael,forward_step_candidate,2106,2279,,,,,unknown_from_static_bytecode,,unknown,no static frame edges found
015,Raphael,forward_step_candidate,2161,2282,,,,,unknown_from_static_bytecode,,unknown,no static frame edges found
015,Raphael,forward_step_candidate,2201,2284,,,,,unknown_from_static_bytecode,,unknown,no static frame edges found
015,Raphael,sidestep_down_candidate,257,260,,,,,unknown_from_static_bytecode,,unknown,no static frame edges found
015,Raphael,sidestep_down_candidate,2877,440,,,,,unknown_from_static_bytecode,,unknown,no static frame edges found
015,Raphael,sidestep_down_candidate,472,6,,,,,unknown_from_static_bytecode,,unknown,no static frame edges found
015,Raphael,sidestep_down_candidate,1436,1416,,,,,unknown_from_static_bytecode,,unknown,no static frame edges found
015,Raphael,sidestep_down_candidate,2552,472,,,,,unknown_from_static_bytecode,,unknown,no static frame edges found
015,Raphael,sidestep_down_candidate,2552,472,,,,,unknown_from_static_bytecode,,unknown,no static frame edges found
015,Raphael,sidestep_down_candidate,2881,297,,,,,unknown_from_static_bytecode,,unknown,no static frame edges found
015,Raphael,sidestep_up_candidate,2877,441,,,,,unknown_from_static_bytecode,,unknown,no static frame edges found
015,Raphael,sidestep_up_candidate,272,277,,,,,unknown_from_static_bytecode,,unknown,no static frame edges found
015,Raphael,sidestep_up_candidate,345,347,,,,,unknown_from_static_bytecode,,unknown,no static frame edges found
015,Raphael,sidestep_up_candidate,2877,434,,,,,unknown_from_static_bytecode,,unknown,no static frame edges found
015,Raphael,sidestep_up_candidate,2882,441,,,,,unknown_from_static_bytecode,,unknown,no static frame edges found
015,Raphael,sidestep_up_candidate,434,435,,,,,unknown_from_static_bytecode,,unknown,no static frame edges found
015,Raphael,sidestep_up_candidate,451,452,,,,,unknown_from_static_bytecode,,unknown,no static frame edges found
015,Raphael,sidestep_up_candidate,2878,456,,,,,unknown_from_static_bytecode,,unknown,no static frame edges found
016,Talim,back_diagonal,2919,393,,,,,unknown_from_static_bytecode,,unknown,no static frame edges found
016,Talim,back_diagonal,2919,393,,,,,unknown_from_static_bytecode,,unknown,no static frame edges found
016,Talim,backstep_candidate,256,257,,,,,unknown_from_static_bytecode,,unknown,no static frame edges found
016,Talim,backstep_candidate,257,260,,,,,unknown_from_static_bytecode,,unknown,no static frame edges found
016,Talim,backstep_candidate,295,296,,,,,unknown_from_static_bytecode,,unknown,no static frame edges found
016,Talim,backstep_candidate,296,297,,,,,unknown_from_static_bytecode,,unknown,no static frame edges found
016,Talim,backstep_candidate,296,298,,,,,unknown_from_static_bytecode,,unknown,no static frame edges found
016,Talim,backstep_candidate,352,353,,,,,unknown_from_static_bytecode,,unknown,no static frame edges found
016,Talim,backstep_candidate,473,466,,,,,unknown_from_static_bytecode,,unknown,no static frame edges found
016,Talim,backstep_candidate,2921,498,,,,,unknown_from_static_bytecode,,unknown,no static frame edges found
016,Talim,backstep_candidate,2922,498,,,,,unknown_from_static_bytecode,,unknown,no static frame edges found
016,Talim,backstep_candidate,2012,1646,,,,,unknown_from_static_bytecode,,unknown,no static frame edges found
016,Talim,backstep_candidate,354,355,,,,,unknown_from_static_bytecode,,unknown,no static frame edges found
016,Talim,backstep_candidate,355,356,,,,,unknown_from_static_bytecode,,unknown,no static frame edges found
016,Talim,backstep_candidate,363,364,,,,,unknown_from_static_bytecode,,unknown,no static frame edges found
016,Talim,backstep_candidate,406,407,,,,,unknown_from_static_bytecode,,unknown,no static frame edges found
016,Talim,backstep_candidate,419,420,,,,,unknown_from_static_bytecode,,unknown,no static frame edges found
016,Talim,backstep_candidate,2919,440,,,,,unknown_from_static_bytecode,,unknown,no static frame edges found
016,Talim,backstep_candidate,2919,441,,,,,unknown_from_static_bytecode,,unknown,no static frame edges found
016,Talim,backstep_candidate,2920,466,,,,,unknown_from_static_bytecode,,unknown,no static frame edges found
016,Talim,backstep_candidate,2013,2315,,,,,unknown_from_static_bytecode,,unknown,no static frame edges found
016,Talim,backstep_candidate,2146,2321,,,,,unknown_from_static_bytecode,,unknown,no static frame edges found
016,Talim,backstep_candidate,2148,2321,,,,,unknown_from_static_bytecode,,unknown,no static frame edges found
016,Talim,backstep_candidate,2202,2324,,,,,unknown_from_static_bytecode,,unknown,no static frame edges found
016,Talim,backstep_candidate,2241,2326,,,,,unknown_from_static_bytecode,,unknown,no static frame edges found
016,Talim,eight_way_or_ambiguous,161,164,,,,,unknown_from_static_bytecode,,unknown,no static frame edges found
016,Talim,eight_way_or_ambiguous,257,264,,,,,unknown_from_static_bytecode,,unknown,no static frame edges found
016,Talim,eight_way_or_ambiguous,292,293,,,,,unknown_from_static_bytecode,,unknown,no static frame edges found
016,Talim,eight_way_or_ambiguous,317,318,,,,,unknown_from_static_bytecode,,unknown,no static frame edges found
016,Talim,eight_way_or_ambiguous,421,423,,,,,unknown_from_static_bytecode,,unknown,no static frame edges found
016,Talim,eight_way_or_ambiguous,473,476,,,,,unknown_from_static_bytecode,,unknown,no static frame edges found
016,Talim,eight_way_or_ambiguous,2921,507,,,,,unknown_from_static_bytecode,,unknown,no static frame edges found
016,Talim,eight_way_or_ambiguous,2922,507,,,,,unknown_from_static_bytecode,,unknown,no static frame edges found
016,Talim,eight_way_or_ambiguous,479,1789,,,,,unknown_from_static_bytecode,,unknown,no static frame edges found
016,Talim,eight_way_or_ambiguous,480,1789,,,,,unknown_from_static_bytecode,,unknown,no static frame edges found
016,Talim,eight_way_or_ambiguous,322,491,,,,,unknown_from_static_bytecode,,unknown,no static frame edges found
016,Talim,eight_way_or_ambiguous,422,427,,,,,unknown_from_static_bytecode,,unknown,no static frame edges found
016,Talim,eight_way_or_ambiguous,2919,459,,,,,unknown_from_static_bytecode,,unknown,no static frame edges found
016,Talim,eight_way_or_ambiguous,2919,460,,,,,unknown_from_static_bytecode,,unknown,no static frame edges found
016,Talim,eight_way_or_ambiguous,2920,476,,,,,unknown_from_static_bytecode,,unknown,no static frame edges found
016,Talim,eight_way_or_ambiguous,481,1789,,,,,unknown_from_static_bytecode,,unknown,no static frame edges found
016,Talim,eight_way_or_ambiguous,482,1789,,,,,unknown_from_static_bytecode,,unknown,no static frame edges found
016,Talim,forward_diagonal,421,422,,,,,unknown_from_static_bytecode,,unknown,no static frame edges found
016,Talim,forward_step_candidate,257,258,,,,,unknown_from_static_bytecode,,unknown,no static frame edges found
016,Talim,forward_step_candidate,281,282,,,,,unknown_from_static_bytecode,,unknown,no static frame edges found
016,Talim,forward_step_candidate,289,290,,,,,unknown_from_static_bytecode,,unknown,no static frame edges found
016,Talim,forward_step_candidate,295,300,,,,,unknown_from_static_bytecode,,unknown,no static frame edges found
016,Talim,forward_step_candidate,368,369,,,,,unknown_from_static_bytecode,,unknown,no static frame edges found
016,Talim,forward_step_candidate,368,370,,,,,unknown_from_static_bytecode,,unknown,no static frame edges found
016,Talim,forward_step_candidate,442,443,,,,,unknown_from_static_bytecode,,unknown,no static frame edges found
016,Talim,forward_step_candidate,473,469,,,,,unknown_from_static_bytecode,,unknown,no static frame edges found
016,Talim,forward_step_candidate,2921,500,,,,,unknown_from_static_bytecode,,unknown,no static frame edges found
016,Talim,forward_step_candidate,2922,500,,,,,unknown_from_static_bytecode,,unknown,no static frame edges found
016,Talim,forward_step_candidate,2012,1646,,,,,unknown_from_static_bytecode,,unknown,no static frame edges found
016,Talim,forward_step_candidate,168,389,,,,,unknown_from_static_bytecode,,unknown,no static frame edges found
016,Talim,forward_step_candidate,262,490,,,,,unknown_from_static_bytecode,,unknown,no static frame edges found
016,Talim,forward_step_candidate,263,490,,,,,unknown_from_static_bytecode,,unknown,no static frame edges found
016,Talim,forward_step_candidate,282,283,,,,,unknown_from_static_bytecode,,unknown,no static frame edges found
016,Talim,forward_step_candidate,469,492,,,,,unknown_from_static_bytecode,,unknown,no static frame edges found
016,Talim,forward_step_candidate,470,492,,,,,unknown_from_static_bytecode,,unknown,no static frame edges found
016,Talim,forward_step_candidate,290,291,,,,,unknown_from_static_bytecode,,unknown,no static frame edges found
016,Talim,forward_step_candidate,305,306,,,,,unknown_from_static_bytecode,,unknown,no static frame edges found
016,Talim,forward_step_candidate,336,306,,,,,unknown_from_static_bytecode,,unknown,no static frame edges found
016,Talim,forward_step_candidate,357,358,,,,,unknown_from_static_bytecode,,unknown,no static frame edges found
016,Talim,forward_step_candidate,357,359,,,,,unknown_from_static_bytecode,,unknown,no static frame edges found
016,Talim,forward_step_candidate,387,388,,,,,unknown_from_static_bytecode,,unknown,no static frame edges found
016,Talim,forward_step_candidate,409,410,,,,,unknown_from_static_bytecode,,unknown,no static frame edges found
016,Talim,forward_step_candidate,452,454,,,,,unknown_from_static_bytecode,,unknown,no static frame edges found
016,Talim,forward_step_candidate,452,455,,,,,unknown_from_static_bytecode,,unknown,no static frame edges found
016,Talim,forward_step_candidate,452,456,,,,,unknown_from_static_bytecode,,unknown,no static frame edges found
016,Talim,forward_step_candidate,453,454,,,,,unknown_from_static_bytecode,,unknown,no static frame edges found
016,Talim,forward_step_candidate,453,455,,,,,unknown_from_static_bytecode,,unknown,no static frame edges found
016,Talim,forward_step_candidate,453,456,,,,,unknown_from_static_bytecode,,unknown,no static frame edges found
016,Talim,forward_step_candidate,511,520,,,,,unknown_from_static_bytecode,,unknown,no static frame edges found
016,Talim,forward_step_candidate,2919,452,,,,,unknown_from_static_bytecode,,unknown,no static frame edges found
016,Talim,forward_step_candidate,2919,453,,,,,unknown_from_static_bytecode,,unknown,no static frame edges found
016,Talim,forward_step_candidate,2920,469,,,,,unknown_from_static_bytecode,,unknown,no static frame edges found
016,Talim,forward_step_candidate,2013,2315,,,,,unknown_from_static_bytecode,,unknown,no static frame edges found
016,Talim,forward_step_candidate,2146,2321,,,,,unknown_from_static_bytecode,,unknown,no static frame edges found
016,Talim,forward_step_candidate,2148,2321,,,,,unknown_from_static_bytecode,,unknown,no static frame edges found
016,Talim,forward_step_candidate,2203,2324,,,,,unknown_from_static_bytecode,,unknown,no static frame edges found
016,Talim,forward_step_candidate,2243,2326,,,,,unknown_from_static_bytecode,,unknown,no static frame edges found
016,Talim,sidestep_down_candidate,256,266,,,,,unknown_from_static_bytecode,,unknown,no static frame edges found
016,Talim,sidestep_down_candidate,281,288,,,,,unknown_from_static_bytecode,,unknown,no static frame edges found
016,Talim,sidestep_down_candidate,296,299,,,,,unknown_from_static_bytecode,,unknown,no static frame edges found
016,Talim,sidestep_down_candidate,308,309,,,,,unknown_from_static_bytecode,,unknown,no static frame edges found
016,Talim,sidestep_down_candidate,2921,496,,,,,unknown_from_static_bytecode,,unknown,no static frame edges found
016,Talim,sidestep_down_candidate,2922,496,,,,,unknown_from_static_bytecode,,unknown,no static frame edges found
016,Talim,sidestep_down_candidate,307,465,,,,,unknown_from_static_bytecode,,unknown,no static frame edges found
016,Talim,sidestep_down_candidate,315,316,,,,,unknown_from_static_bytecode,,unknown,no static frame edges found
016,Talim,sidestep_down_candidate,487,465,,,,,unknown_from_static_bytecode,,unknown,no static frame edges found
016,Talim,sidestep_down_candidate,498,499,,,,,unknown_from_static_bytecode,,unknown,no static frame edges found
016,Talim,sidestep_down_candidate,514,6,,,,,unknown_from_static_bytecode,,unknown,no static frame edges found
016,Talim,sidestep_down_candidate,1478,1458,,,,,unknown_from_static_bytecode,,unknown,no static frame edges found
016,Talim,sidestep_down_candidate,2594,514,,,,,unknown_from_static_bytecode,,unknown,no static frame edges found
016,Talim,sidestep_down_candidate,2594,514,,,,,unknown_from_static_bytecode,,unknown,no static frame edges found
016,Talim,sidestep_down_candidate,2935,480,,,,,unknown_from_static_bytecode,,unknown,no static frame edges found
016,Talim,sidestep_down_candidate,2935,383,,,,,unknown_from_static_bytecode,,unknown,no static frame edges found
016,Talim,sidestep_up_candidate,281,284,,,,,unknown_from_static_bytecode,,unknown,no static frame edges found
016,Talim,sidestep_up_candidate,442,448,,,,,unknown_from_static_bytecode,,unknown,no static frame edges found
016,Talim,sidestep_up_candidate,471,475,,,,,unknown_from_static_bytecode,,unknown,no static frame edges found
016,Talim,sidestep_up_candidate,473,471,,,,,unknown_from_static_bytecode,,unknown,no static frame edges found
016,Talim,sidestep_up_candidate,2921,505,,,,,unknown_from_static_bytecode,,unknown,no static frame edges found
016,Talim,sidestep_up_candidate,2922,505,,,,,unknown_from_static_bytecode,,unknown,no static frame edges found
016,Talim,sidestep_up_candidate,440,442,,,,,unknown_from_static_bytecode,,unknown,no static frame edges found
016,Talim,sidestep_up_candidate,441,442,,,,,unknown_from_static_bytecode,,unknown,no static frame edges found
016,Talim,sidestep_up_candidate,2919,457,,,,,unknown_from_static_bytecode,,unknown,no static frame edges found
016,Talim,sidestep_up_candidate,2919,458,,,,,unknown_from_static_bytecode,,unknown,no static frame edges found
016,Talim,sidestep_up_candidate,2920,471,,,,,unknown_from_static_bytecode,,unknown,no static frame edges found
017,Cassandra,back_diagonal,3118,325,,,,,unknown_from_static_bytecode,,unknown,no static frame edges found
017,Cassandra,back_diagonal,3118,328,,,,,unknown_from_static_bytecode,,unknown,no static frame edges found
017,Cassandra,backstep_candidate,264,265,,,,,unknown_from_static_bytecode,,unknown,no static frame edges found
017,Cassandra,backstep_candidate,390,391,,,,,unknown_from_static_bytecode,,unknown,no static frame edges found
017,Cassandra,backstep_candidate,412,413,,,,,unknown_from_static_bytecode,,unknown,no static frame edges found
017,Cassandra,backstep_candidate,2262,1862,,,,,unknown_from_static_bytecode,,unknown,no static frame edges found
017,Cassandra,backstep_candidate,265,266,,,,,unknown_from_static_bytecode,,unknown,no static frame edges found
017,Cassandra,backstep_candidate,496,480,,,,,unknown_from_static_bytecode,,unknown,no static frame edges found
017,Cassandra,backstep_candidate,3119,503,,,,,unknown_from_static_bytecode,,unknown,no static frame edges found
017,Cassandra,backstep_candidate,3119,504,,,,,unknown_from_static_bytecode,,unknown,no static frame edges found
017,Cassandra,backstep_candidate,2263,2460,,,,,unknown_from_static_bytecode,,unknown,no static frame edges found
017,Cassandra,eight_way_or_ambiguous,161,164,,,,,unknown_from_static_bytecode,,unknown,no static frame edges found
017,Cassandra,eight_way_or_ambiguous,277,278,,,,,unknown_from_static_bytecode,,unknown,no static frame edges found
017,Cassandra,eight_way_or_ambiguous,295,298,,,,,unknown_from_static_bytecode,,unknown,no static frame edges found
017,Cassandra,eight_way_or_ambiguous,301,306,,,,,unknown_from_static_bytecode,,unknown,no static frame edges found
017,Cassandra,eight_way_or_ambiguous,350,352,,,,,unknown_from_static_bytecode,,unknown,no static frame edges found
017,Cassandra,eight_way_or_ambiguous,479,481,,,,,unknown_from_static_bytecode,,unknown,no static frame edges found
017,Cassandra,eight_way_or_ambiguous,166,169,,,,,unknown_from_static_bytecode,,unknown,no static frame edges found
017,Cassandra,eight_way_or_ambiguous,3119,523,,,,,unknown_from_static_bytecode,,unknown,no static frame edges found
017,Cassandra,eight_way_or_ambiguous,3119,524,,,,,unknown_from_static_bytecode,,unknown,no static frame edges found
017,Cassandra,eight_way_or_ambiguous,341,342,,,,,unknown_from_static_bytecode,,unknown,no static frame edges found
017,Cassandra,eight_way_or_ambiguous,485,486,,,,,unknown_from_static_bytecode,,unknown,no static frame edges found
017,Cassandra,eight_way_or_ambiguous,496,481,,,,,unknown_from_static_bytecode,,unknown,no static frame edges found
017,Cassandra,eight_way_or_ambiguous,499,486,,,,,unknown_from_static_bytecode,,unknown,no static frame edges found
017,Cassandra,eight_way_or_ambiguous,3118,330,,,,,unknown_from_static_bytecode,,unknown,no static frame edges found
017,Cassandra,forward_diagonal,362,363,,,,,unknown_from_static_bytecode,,unknown,no static frame edges found
017,Cassandra,forward_step_candidate,285,286,,,,,unknown_from_static_bytecode,,unknown,no static frame edges found
017,Cassandra,forward_step_candidate,285,288,,,,,unknown_from_static_bytecode,,unknown,no static frame edges found
017,Cassandra,forward_step_candidate,295,296,,,,,unknown_from_static_bytecode,,unknown,no static frame edges found
017,Cassandra,forward_step_candidate,301,302,,,,,unknown_from_static_bytecode,,unknown,no static frame edges found
017,Cassandra,forward_step_candidate,310,311,,,,,unknown_from_static_bytecode,,unknown,no static frame edges found
017,Cassandra,forward_step_candidate,412,416,,,,,unknown_from_static_bytecode,,unknown,no static frame edges found
017,Cassandra,forward_step_candidate,478,479,,,,,unknown_from_static_bytecode,,unknown,no static frame edges found
017,Cassandra,forward_step_candidate,478,485,,,,,unknown_from_static_bytecode,,unknown,no static frame edges found
017,Cassandra,forward_step_candidate,479,480,,,,,unknown_from_static_bytecode,,unknown,no static frame edges found
017,Cassandra,forward_step_candidate,2262,1862,,,,,unknown_from_static_bytecode,,unknown,no static frame edges found
017,Cassandra,forward_step_candidate,173,439,,,,,unknown_from_static_bytecode,,unknown,no static frame edges found
017,Cassandra,forward_step_candidate,3137,378,,,,,unknown_from_static_bytecode,,unknown,no static frame edges found
017,Cassandra,forward_step_candidate,286,287,,,,,unknown_from_static_bytecode,,unknown,no static frame edges found
017,Cassandra,forward_step_candidate,296,297,,,,,unknown_from_static_bytecode,,unknown,no static frame edges found
017,Cassandra,forward_step_candidate,356,357,,,,,unknown_from_static_bytecode,,unknown,no static frame edges found
017,Cassandra,forward_step_candidate,517,519,,,,,unknown_from_static_bytecode,,unknown,no static frame edges found
017,Cassandra,forward_step_candidate,518,519,,,,,unknown_from_static_bytecode,,unknown,no static frame edges found
017,Cassandra,forward_step_candidate,519,520,,,,,unknown_from_static_bytecode,,unknown,no static frame edges found
017,Cassandra,forward_step_candidate,3116,479,,,,,unknown_from_static_bytecode,,unknown,no static frame edges found
017,Cassandra,forward_step_candidate,3116,485,,,,,unknown_from_static_bytecode,,unknown,no static frame edges found
017,Cassandra,forward_step_candidate,3116,496,,,,,unknown_from_static_bytecode,,unknown,no static frame edges found
017,Cassandra,forward_step_candidate,3116,499,,,,,unknown_from_static_bytecode,,unknown,no static frame edges found
017,Cassandra,forward_step_candidate,3117,485,,,,,unknown_from_static_bytecode,,unknown,no static frame edges found
017,Cassandra,forward_step_candidate,3119,517,,,,,unknown_from_static_bytecode,,unknown,no static frame edges found
017,Cassandra,forward_step_candidate,3119,518,,,,,unknown_from_static_bytecode,,unknown,no static frame edges found
017,Cassandra,forward_step_candidate,3137,381,,,,,unknown_from_static_bytecode,,unknown,no static frame edges found
017,Cassandra,forward_step_candidate,2263,2460,,,,,unknown_from_static_bytecode,,unknown,no static frame edges found
017,Cassandra,sidestep_down_candidate,264,272,,,,,unknown_from_static_bytecode,,unknown,no static frame edges found
017,Cassandra,sidestep_down_candidate,285,294,,,,,unknown_from_static_bytecode,,unknown,no static frame edges found
017,Cassandra,sidestep_down_candidate,545,6,,,,,unknown_from_static_bytecode,,unknown,no static frame edges found
017,Cassandra,sidestep_down_candidate,1657,1637,,,,,unknown_from_static_bytecode,,unknown,no static frame edges found
017,Cassandra,sidestep_down_candidate,2743,545,,,,,unknown_from_static_bytecode,,unknown,no static frame edges found
017,Cassandra,sidestep_down_candidate,2743,545,,,,,unknown_from_static_bytecode,,unknown,no static frame edges found
017,Cassandra,sidestep_down_candidate,3120,487,,,,,unknown_from_static_bytecode,,unknown,no static frame edges found
017,Cassandra,sidestep_down_candidate,3121,523,,,,,unknown_from_static_bytecode,,unknown,no static frame edges found
017,Cassandra,sidestep_down_candidate,3137,345,,,,,unknown_from_static_bytecode,,unknown,no static frame edges found
017,Cassandra,sidestep_down_candidate,3137,346,,,,,unknown_from_static_bytecode,,unknown,no static frame edges found
017,Cassandra,sidestep_down_candidate,3137,347,,,,,unknown_from_static_bytecode,,unknown,no static frame edges found
017,Cassandra,sidestep_down_candidate,3137,479,,,,,unknown_from_static_bytecode,,unknown,no static frame edges found
017,Cassandra,sidestep_down_candidate,3137,483,,,,,unknown_from_static_bytecode,,unknown,no static frame edges found
017,Cassandra,sidestep_down_candidate,3137,485,,,,,unknown_from_static_bytecode,,unknown,no static frame edges found
017,Cassandra,sidestep_up_candidate,420,421,,,,,unknown_from_static_bytecode,,unknown,no static frame edges found
017,Cassandra,sidestep_up_candidate,478,487,,,,,unknown_from_static_bytecode,,unknown,no static frame edges found
017,Cassandra,sidestep_up_candidate,264,267,,,,,unknown_from_static_bytecode,,unknown,no static frame edges found
017,Cassandra,sidestep_up_candidate,285,289,,,,,unknown_from_static_bytecode,,unknown,no static frame edges found
017,Cassandra,sidestep_up_candidate,318,320,,,,,unknown_from_static_bytecode,,unknown,no static frame edges found
017,Cassandra,sidestep_up_candidate,403,405,,,,,unknown_from_static_bytecode,,unknown,no static frame edges found
017,Cassandra,sidestep_up_candidate,422,425,,,,,unknown_from_static_bytecode,,unknown,no static frame edges found
017,Cassandra,sidestep_up_candidate,478,483,,,,,unknown_from_static_bytecode,,unknown,no static frame edges found
017,Cassandra,sidestep_up_candidate,476,488,,,,,unknown_from_static_bytecode,,unknown,no static frame edges found
017,Cassandra,sidestep_up_candidate,477,488,,,,,unknown_from_static_bytecode,,unknown,no static frame edges found
017,Cassandra,sidestep_up_candidate,495,488,,,,,unknown_from_static_bytecode,,unknown,no static frame edges found
017,Cassandra,sidestep_up_candidate,2800,439,,,,,unknown_from_static_bytecode,,unknown,no static frame edges found
017,Cassandra,sidestep_up_candidate,3116,487,,,,,unknown_from_static_bytecode,,unknown,no static frame edges found
017,Cassandra,sidestep_up_candidate,3116,487,,,,,unknown_from_static_bytecode,,unknown,no static frame edges found
017,Cassandra,sidestep_up_candidate,3117,487,,,,,unknown_from_static_bytecode,,unknown,no static frame edges found
017,Cassandra,sidestep_up_candidate,3119,477,,,,,unknown_from_static_bytecode,,unknown,no static frame edges found
017,Cassandra,sidestep_up_candidate,3137,161,,,,,unknown_from_static_bytecode,,unknown,no static frame edges found
017,Cassandra,sidestep_up_candidate,3137,166,,,,,unknown_from_static_bytecode,,unknown,no static frame edges found
017,Cassandra,sidestep_up_candidate,3137,441,,,,,unknown_from_static_bytecode,,unknown,no static frame edges found
017,Cassandra,sidestep_up_candidate,3137,441,,,,,unknown_from_static_bytecode,,unknown,no static frame edges found
017,Cassandra,sidestep_up_candidate,3137,442,,,,,unknown_from_static_bytecode,,unknown,no static frame edges found
017,Cassandra,sidestep_up_candidate,3137,442,,,,,unknown_from_static_bytecode,,unknown,no static frame edges found
017,Cassandra,sidestep_up_candidate,402,405,,,,,unknown_from_static_bytecode,,unknown,no static frame edges found
017,Cassandra,sidestep_up_candidate,404,405,,,,,unknown_from_static_bytecode,,unknown,no static frame edges found
017,Cassandra,sidestep_up_candidate,456,457,,,,,unknown_from_static_bytecode,,unknown,no static frame edges found
017,Cassandra,sidestep_up_candidate,3116,483,,,,,unknown_from_static_bytecode,,unknown,no static frame edges found
017,Cassandra,sidestep_up_candidate,3116,497,,,,,unknown_from_static_bytecode,,unknown,no static frame edges found
017,Cassandra,sidestep_up_candidate,3117,479,,,,,unknown_from_static_bytecode,,unknown,no static frame edges found
017,Cassandra,sidestep_up_candidate,3117,483,,,,,unknown_from_static_bytecode,,unknown,no static frame edges found
017,Cassandra,sidestep_up_candidate,3119,521,,,,,unknown_from_static_bytecode,,unknown,no static frame edges found
017,Cassandra,sidestep_up_candidate,3119,522,,,,,unknown_from_static_bytecode,,unknown,no static frame edges found
022,Setsuka,back_diagonal,558,549,,,,,unknown_from_static_bytecode,,unknown,no static frame edges found
022,Setsuka,backstep_candidate,317,318,,,,,unknown_from_static_bytecode,,unknown,no static frame edges found
022,Setsuka,backstep_candidate,413,414,,,,,unknown_from_static_bytecode,,unknown,no static frame edges found
022,Setsuka,backstep_candidate,413,414,,,,,unknown_from_static_bytecode,,unknown,no static frame edges found
022,Setsuka,backstep_candidate,558,373,,,,,unknown_from_static_bytecode,,unknown,no static frame edges found
022,Setsuka,backstep_candidate,558,387,,,,,unknown_from_static_bytecode,,unknown,no static frame edges found
022,Setsuka,backstep_candidate,558,399,,,,,unknown_from_static_bytecode,,unknown,no static frame edges found
022,Setsuka,backstep_candidate,2292,1892,,,,,unknown_from_static_bytecode,,unknown,no static frame edges found
022,Setsuka,backstep_candidate,293,295,,,,,unknown_from_static_bytecode,,unknown,no static frame edges found
022,Setsuka,backstep_candidate,294,295,,,,,unknown_from_static_bytecode,,unknown,no static frame edges found
022,Setsuka,backstep_candidate,265,266,,,,,unknown_from_static_bytecode,,unknown,no static frame edges found
022,Setsuka,backstep_candidate,435,414,,,,,unknown_from_static_bytecode,,unknown,no static frame edges found
022,Setsuka,backstep_candidate,435,414,,,,,unknown_from_static_bytecode,,unknown,no static frame edges found
022,Setsuka,backstep_candidate,2293,2490,,,,,unknown_from_static_bytecode,,unknown,no static frame edges found
022,Setsuka,eight_way_or_ambiguous,161,164,,,,,unknown_from_static_bytecode,,unknown,no static frame edges found
022,Setsuka,eight_way_or_ambiguous,558,320,,,,,unknown_from_static_bytecode,,unknown,no static frame edges found
022,Setsuka,eight_way_or_ambiguous,558,396,,,,,unknown_from_static_bytecode,,unknown,no static frame edges found
022,Setsuka,eight_way_or_ambiguous,166,169,,,,,unknown_from_static_bytecode,,unknown,no static frame edges found
022,Setsuka,eight_way_or_ambiguous,331,295,,,,,unknown_from_static_bytecode,,unknown,no static frame edges found
022,Setsuka,eight_way_or_ambiguous,3170,363,,,,,unknown_from_static_bytecode,,unknown,no static frame edges found
022,Setsuka,forward_diagonal,413,417,,,,,unknown_from_static_bytecode,,unknown,no static frame edges found
022,Setsuka,forward_diagonal,558,367,,,,,unknown_from_static_bytecode,,unknown,no static frame edges found
022,Setsuka,forward_diagonal,558,367,,,,,unknown_from_static_bytecode,,unknown,no static frame edges found
022,Setsuka,forward_diagonal,558,367,,,,,unknown_from_static_bytecode,,unknown,no static frame edges found
022,Setsuka,forward_diagonal,435,417,,,,,unknown_from_static_bytecode,,unknown,no static frame edges found
022,Setsuka,forward_step_candidate,312,313,,,,,unknown_from_static_bytecode,,unknown,no static frame edges found
022,Setsuka,forward_step_candidate,413,415,,,,,unknown_from_static_bytecode,,unknown,no static frame edges found
022,Setsuka,forward_step_candidate,413,415,,,,,unknown_from_static_bytecode,,unknown,no static frame edges found
022,Setsuka,forward_step_candidate,558,375,,,,,unknown_from_static_bytecode,,unknown,no static frame edges found
022,Setsuka,forward_step_candidate,558,381,,,,,unknown_from_static_bytecode,,unknown,no static frame edges found
022,Setsuka,forward_step_candidate,558,401,,,,,unknown_from_static_bytecode,,unknown,no static frame edges found
022,Setsuka,forward_step_candidate,2292,1892,,,,,unknown_from_static_bytecode,,unknown,no static frame edges found
022,Setsuka,forward_step_candidate,173,544,,,,,unknown_from_static_bytecode,,unknown,no static frame edges found
022,Setsuka,forward_step_candidate,3147,539,,,,,unknown_from_static_bytecode,,unknown,no static frame edges found
022,Setsuka,forward_step_candidate,268,272,,,,,unknown_from_static_bytecode,,unknown,no static frame edges found
022,Setsuka,forward_step_candidate,291,292,,,,,unknown_from_static_bytecode,,unknown,no static frame edges found
022,Setsuka,forward_step_candidate,357,358,,,,,unknown_from_static_bytecode,,unknown,no static frame edges found
022,Setsuka,forward_step_candidate,361,362,,,,,unknown_from_static_bytecode,,unknown,no static frame edges found
022,Setsuka,forward_step_candidate,435,415,,,,,unknown_from_static_bytecode,,unknown,no static frame edges found
022,Setsuka,forward_step_candidate,435,415,,,,,unknown_from_static_bytecode,,unknown,no static frame edges found
022,Setsuka,forward_step_candidate,459,460,,,,,unknown_from_static_bytecode,,unknown,no static frame edges found
022,Setsuka,forward_step_candidate,462,463,,,,,unknown_from_static_bytecode,,unknown,no static frame edges found
022,Setsuka,forward_step_candidate,2293,2490,,,,,unknown_from_static_bytecode,,unknown,no static frame edges found
022,Setsuka,sidestep_down_candidate,501,503,,,,,unknown_from_static_bytecode,,unknown,no static frame edges found
022,Setsuka,sidestep_down_candidate,502,503,,,,,unknown_from_static_bytecode,,unknown,no static frame edges found
022,Setsuka,sidestep_down_candidate,567,6,,,,,unknown_from_static_bytecode,,unknown,no static frame edges found
022,Setsuka,sidestep_down_candidate,1687,1667,,,,,unknown_from_static_bytecode,,unknown,no static frame edges found
022,Setsuka,sidestep_down_candidate,2773,567,,,,,unknown_from_static_bytecode,,unknown,no static frame edges found
022,Setsuka,sidestep_down_candidate,2773,567,,,,,unknown_from_static_bytecode,,unknown,no static frame edges found
022,Setsuka,sidestep_down_candidate,3149,543,,,,,unknown_from_static_bytecode,,unknown,no static frame edges found
022,Setsuka,sidestep_down_candidate,3168,581,,,,,unknown_from_static_bytecode,,unknown,no static frame edges found
022,Setsuka,sidestep_down_candidate,3149,541,,,,,unknown_from_static_bytecode,,unknown,no static frame edges found
022,Setsuka,sidestep_down_candidate,3149,542,,,,,unknown_from_static_bytecode,,unknown,no static frame edges found
022,Setsuka,sidestep_down_candidate,3149,542,,,,,unknown_from_static_bytecode,,unknown,no static frame edges found
022,Setsuka,sidestep_down_candidate,3167,396,,,,,unknown_from_static_bytecode,,unknown,no static frame edges found
022,Setsuka,sidestep_up_candidate,315,316,,,,,unknown_from_static_bytecode,,unknown,no static frame edges found
022,Setsuka,sidestep_up_candidate,413,416,,,,,unknown_from_static_bytecode,,unknown,no static frame edges found
022,Setsuka,sidestep_up_candidate,558,393,,,,,unknown_from_static_bytecode,,unknown,no static frame edges found
022,Setsuka,sidestep_up_candidate,558,393,,,,,unknown_from_static_bytecode,,unknown,no static frame edges found
022,Setsuka,sidestep_up_candidate,558,403,,,,,unknown_from_static_bytecode,,unknown,no static frame edges found
022,Setsuka,sidestep_up_candidate,435,416,,,,,unknown_from_static_bytecode,,unknown,no static frame edges found
022,Setsuka,sidestep_up_candidate,2830,544,,,,,unknown_from_static_bytecode,,unknown,no static frame edges found
022,Setsuka,sidestep_up_candidate,3167,549,,,,,unknown_from_static_bytecode,,unknown,no static frame edges found
022,Setsuka,sidestep_up_candidate,3168,548,,,,,unknown_from_static_bytecode,,unknown,no static frame edges found
022,Setsuka,sidestep_up_candidate,3170,161,,,,,unknown_from_static_bytecode,,unknown,no static frame edges found
022,Setsuka,sidestep_up_candidate,3170,166,,,,,unknown_from_static_bytecode,,unknown,no static frame edges found
023,Tira,back_diagonal,358,360,,,,,unknown_from_static_bytecode,,unknown,no static frame edges found
023,Tira,backstep_candidate,257,258,,,,,unknown_from_static_bytecode,,unknown,no static frame edges found
023,Tira,backstep_candidate,319,320,,,,,unknown_from_static_bytecode,,unknown,no static frame edges found
023,Tira,backstep_candidate,380,381,,,,,unknown_from_static_bytecode,,unknown,no static frame edges found
023,Tira,backstep_candidate,403,404,,,,,unknown_from_static_bytecode,,unknown,no static frame edges found
023,Tira,backstep_candidate,412,413,,,,,unknown_from_static_bytecode,,unknown,no static frame edges found
023,Tira,backstep_candidate,461,462,,,,,unknown_from_static_bytecode,,unknown,no static frame edges found
023,Tira,backstep_candidate,511,512,,,,,unknown_from_static_bytecode,,unknown,no static frame edges found
023,Tira,backstep_candidate,2038,1672,,,,,unknown_from_static_bytecode,,unknown,no static frame edges found
023,Tira,backstep_candidate,258,259,,,,,unknown_from_static_bytecode,,unknown,no static frame edges found
023,Tira,backstep_candidate,344,345,,,,,unknown_from_static_bytecode,,unknown,no static frame edges found
023,Tira,backstep_candidate,388,381,,,,,unknown_from_static_bytecode,,unknown,no static frame edges found
023,Tira,backstep_candidate,402,381,,,,,unknown_from_static_bytecode,,unknown,no static frame edges found
023,Tira,backstep_candidate,462,463,,,,,unknown_from_static_bytecode,,unknown,no static frame edges found
023,Tira,backstep_candidate,515,512,,,,,unknown_from_static_bytecode,,unknown,no static frame edges found
023,Tira,backstep_candidate,516,512,,,,,unknown_from_static_bytecode,,unknown,no static frame edges found
023,Tira,backstep_candidate,520,529,,,,,unknown_from_static_bytecode,,unknown,no static frame edges found
023,Tira,backstep_candidate,520,534,,,,,unknown_from_static_bytecode,,unknown,no static frame edges found
023,Tira,backstep_candidate,2039,2341,,,,,unknown_from_static_bytecode,,unknown,no static frame edges found
023,Tira,backstep_candidate,2172,2347,,,,,unknown_from_static_bytecode,,unknown,no static frame edges found
023,Tira,backstep_candidate,2174,2347,,,,,unknown_from_static_bytecode,,unknown,no static frame edges found
023,Tira,backstep_candidate,2228,2350,,,,,unknown_from_static_bytecode,,unknown,no static frame edges found
023,Tira,backstep_candidate,2267,2352,,,,,unknown_from_static_bytecode,,unknown,no static frame edges found
023,Tira,eight_way_or_ambiguous,161,164,,,,,unknown_from_static_bytecode,,unknown,no static frame edges found
023,Tira,forward_diagonal,358,361,,,,,unknown_from_static_bytecode,,unknown,no static frame edges found
023,Tira,forward_diagonal,277,356,,,,,unknown_from_static_bytecode,,unknown,no static frame edges found
023,Tira,forward_diagonal,509,356,,,,,unknown_from_static_bytecode,,unknown,no static frame edges found
023,Tira,forward_step_candidate,295,296,,,,,unknown_from_static_bytecode,,unknown,no static frame edges found
023,Tira,forward_step_candidate,305,306,,,,,unknown_from_static_bytecode,,unknown,no static frame edges found
023,Tira,forward_step_candidate,319,325,,,,,unknown_from_static_bytecode,,unknown,no static frame edges found
023,Tira,forward_step_candidate,321,322,,,,,unknown_from_static_bytecode,,unknown,no static frame edges found
023,Tira,forward_step_candidate,325,326,,,,,unknown_from_static_bytecode,,unknown,no static frame edges found
023,Tira,forward_step_candidate,380,382,,,,,unknown_from_static_bytecode,,unknown,no static frame edges found
023,Tira,forward_step_candidate,412,414,,,,,unknown_from_static_bytecode,,unknown,no static frame edges found
023,Tira,forward_step_candidate,511,513,,,,,unknown_from_static_bytecode,,unknown,no static frame edges found
023,Tira,forward_step_candidate,2038,1672,,,,,unknown_from_static_bytecode,,unknown,no static frame edges found
023,Tira,forward_step_candidate,168,477,,,,,unknown_from_static_bytecode,,unknown,no static frame edges found
023,Tira,forward_step_candidate,296,297,,,,,unknown_from_static_bytecode,,unknown,no static frame edges found
023,Tira,forward_step_candidate,2951,477,,,,,unknown_from_static_bytecode,,unknown,no static frame edges found
023,Tira,forward_step_candidate,2951,477,,,,,unknown_from_static_bytecode,,unknown,no static frame edges found
023,Tira,forward_step_candidate,273,274,,,,,unknown_from_static_bytecode,,unknown,no static frame edges found
023,Tira,forward_step_candidate,298,299,,,,,unknown_from_static_bytecode,,unknown,no static frame edges found
023,Tira,forward_step_candidate,299,300,,,,,unknown_from_static_bytecode,,unknown,no static frame edges found
023,Tira,forward_step_candidate,328,329,,,,,unknown_from_static_bytecode,,unknown,no static frame edges found
023,Tira,forward_step_candidate,369,370,,,,,unknown_from_static_bytecode,,unknown,no static frame edges found
023,Tira,forward_step_candidate,370,371,,,,,unknown_from_static_bytecode,,unknown,no static frame edges found
023,Tira,forward_step_candidate,388,382,,,,,unknown_from_static_bytecode,,unknown,no static frame edges found
023,Tira,forward_step_candidate,402,382,,,,,unknown_from_static_bytecode,,unknown,no static frame edges found
023,Tira,forward_step_candidate,429,432,,,,,unknown_from_static_bytecode,,unknown,no static frame edges found
023,Tira,forward_step_candidate,508,509,,,,,unknown_from_static_bytecode,,unknown,no static frame edges found
023,Tira,forward_step_candidate,515,513,,,,,unknown_from_static_bytecode,,unknown,no static frame edges found
023,Tira,forward_step_candidate,516,513,,,,,unknown_from_static_bytecode,,unknown,no static frame edges found
023,Tira,forward_step_candidate,2039,2341,,,,,unknown_from_static_bytecode,,unknown,no static frame edges found
023,Tira,forward_step_candidate,2172,2347,,,,,unknown_from_static_bytecode,,unknown,no static frame edges found
023,Tira,forward_step_candidate,2174,2347,,,,,unknown_from_static_bytecode,,unknown,no static frame edges found
023,Tira,forward_step_candidate,2229,2350,,,,,unknown_from_static_bytecode,,unknown,no static frame edges found
023,Tira,forward_step_candidate,2269,2352,,,,,unknown_from_static_bytecode,,unknown,no static frame edges found
023,Tira,sidestep_down_candidate,257,267,,,,,unknown_from_static_bytecode,,unknown,no static frame edges found
023,Tira,sidestep_down_candidate,295,304,,,,,unknown_from_static_bytecode,,unknown,no static frame edges found
023,Tira,sidestep_down_candidate,331,332,,,,,unknown_from_static_bytecode,,unknown,no static frame edges found
023,Tira,sidestep_down_candidate,263,267,,,,,unknown_from_static_bytecode,,unknown,no static frame edges found
023,Tira,sidestep_down_candidate,298,304,,,,,unknown_from_static_bytecode,,unknown,no static frame edges found
023,Tira,sidestep_down_candidate,524,6,,,,,unknown_from_static_bytecode,,unknown,no static frame edges found
023,Tira,sidestep_down_candidate,1504,1484,,,,,unknown_from_static_bytecode,,unknown,no static frame edges found
023,Tira,sidestep_down_candidate,2620,524,,,,,unknown_from_static_bytecode,,unknown,no static frame edges found
023,Tira,sidestep_down_candidate,2620,524,,,,,unknown_from_static_bytecode,,unknown,no static frame edges found
023,Tira,sidestep_down_candidate,2951,203,19,0,204,frame [90..-90],unknown_frame_edge,no_cells,unresolved_static_data,"frame edge target is non-offensive but not proven neutral, guard, or stance"
023,Tira,sidestep_down_candidate,2951,203,19,0,204,frame [90..-90],unknown_frame_edge,no_cells,unresolved_static_data,"frame edge target is non-offensive but not proven neutral, guard, or stance"
023,Tira,sidestep_down_candidate,2951,203,19,0,204,frame [90..-90],unknown_frame_edge,no_cells,unresolved_static_data,"frame edge target is non-offensive but not proven neutral, guard, or stance"
023,Tira,sidestep_down_candidate,2951,209,19,0,203,frame [90..-90],unknown_frame_edge,no_cells,unresolved_static_data,"frame edge target is non-offensive but not proven neutral, guard, or stance"
023,Tira,sidestep_down_candidate,2951,209,19,0,203,frame [90..-90],unknown_frame_edge,no_cells,unresolved_static_data,"frame edge target is non-offensive but not proven neutral, guard, or stance"
023,Tira,sidestep_down_candidate,2951,209,19,0,203,frame [90..-90],unknown_frame_edge,no_cells,unresolved_static_data,"frame edge target is non-offensive but not proven neutral, guard, or stance"
023,Tira,sidestep_down_candidate,2951,209,19,0,203,frame [90..-90],unknown_frame_edge,no_cells,unresolved_static_data,"frame edge target is non-offensive but not proven neutral, guard, or stance"
023,Tira,sidestep_down_candidate,2951,209,19,0,203,frame [90..-90],unknown_frame_edge,no_cells,unresolved_static_data,"frame edge target is non-offensive but not proven neutral, guard, or stance"
023,Tira,sidestep_down_candidate,2951,209,19,0,203,frame [90..-90],unknown_frame_edge,no_cells,unresolved_static_data,"frame edge target is non-offensive but not proven neutral, guard, or stance"
023,Tira,sidestep_down_candidate,2951,209,19,0,203,frame [90..-90],unknown_frame_edge,no_cells,unresolved_static_data,"frame edge target is non-offensive but not proven neutral, guard, or stance"
023,Tira,sidestep_down_candidate,2951,237,,,,,unknown_from_static_bytecode,,unknown,no static frame edges found
023,Tira,sidestep_down_candidate,2951,237,,,,,unknown_from_static_bytecode,,unknown,no static frame edges found
023,Tira,sidestep_down_candidate,2951,356,,,,,unknown_from_static_bytecode,,unknown,no static frame edges found
023,Tira,sidestep_down_candidate,2951,356,,,,,unknown_from_static_bytecode,,unknown,no static frame edges found
023,Tira,sidestep_down_candidate,2951,362,,,,,unknown_from_static_bytecode,,unknown,no static frame edges found
023,Tira,sidestep_down_candidate,2951,362,,,,,unknown_from_static_bytecode,,unknown,no static frame edges found
023,Tira,sidestep_down_candidate,2951,511,,,,,unknown_from_static_bytecode,,unknown,no static frame edges found
023,Tira,sidestep_down_candidate,2951,511,,,,,unknown_from_static_bytecode,,unknown,no static frame edges found
023,Tira,sidestep_down_candidate,2951,515,,,,,unknown_from_static_bytecode,,unknown,no static frame edges found
023,Tira,sidestep_down_candidate,2951,515,,,,,unknown_from_static_bytecode,,unknown,no static frame edges found
023,Tira,sidestep_down_candidate,2951,516,,,,,unknown_from_static_bytecode,,unknown,no static frame edges found
023,Tira,sidestep_down_candidate,2951,516,,,,,unknown_from_static_bytecode,,unknown,no static frame edges found
023,Tira,sidestep_down_candidate,2951,348,,,,,unknown_from_static_bytecode,,unknown,no static frame edges found
023,Tira,sidestep_down_candidate,2951,348,,,,,unknown_from_static_bytecode,,unknown,no static frame edges found
023,Tira,sidestep_down_candidate,2951,348,,,,,unknown_from_static_bytecode,,unknown,no static frame edges found
023,Tira,sidestep_down_candidate,2951,348,,,,,unknown_from_static_bytecode,,unknown,no static frame edges found
023,Tira,sidestep_down_candidate,2951,510,,,,,unknown_from_static_bytecode,,unknown,no static frame edges found
023,Tira,sidestep_down_candidate,2951,510,,,,,unknown_from_static_bytecode,,unknown,no static frame edges found
023,Tira,sidestep_up_candidate,305,307,,,,,unknown_from_static_bytecode,,unknown,no static frame edges found
023,Tira,sidestep_up_candidate,321,324,,,,,unknown_from_static_bytecode,,unknown,no static frame edges found
023,Tira,sidestep_up_candidate,325,327,,,,,unknown_from_static_bytecode,,unknown,no static frame edges found
023,Tira,sidestep_up_candidate,358,360,,,,,unknown_from_static_bytecode,,unknown,no static frame edges found
023,Tira,sidestep_up_candidate,358,361,,,,,unknown_from_static_bytecode,,unknown,no static frame edges found
023,Tira,sidestep_up_candidate,376,377,,,,,unknown_from_static_bytecode,,unknown,no static frame edges found
023,Tira,sidestep_up_candidate,380,383,,,,,unknown_from_static_bytecode,,unknown,no static frame edges found
023,Tira,sidestep_up_candidate,511,514,,,,,unknown_from_static_bytecode,,unknown,no static frame edges found
023,Tira,sidestep_up_candidate,356,357,,,,,unknown_from_static_bytecode,,unknown,no static frame edges found
023,Tira,sidestep_up_candidate,357,358,,,,,unknown_from_static_bytecode,,unknown,no static frame edges found
023,Tira,sidestep_up_candidate,2951,468,,,,,unknown_from_static_bytecode,,unknown,no static frame edges found
023,Tira,sidestep_up_candidate,2951,477,,,,,unknown_from_static_bytecode,,unknown,no static frame edges found
023,Tira,sidestep_up_candidate,2951,484,,,,,unknown_from_static_bytecode,,unknown,no static frame edges found
023,Tira,sidestep_up_candidate,388,383,,,,,unknown_from_static_bytecode,,unknown,no static frame edges found
023,Tira,sidestep_up_candidate,402,383,,,,,unknown_from_static_bytecode,,unknown,no static frame edges found
023,Tira,sidestep_up_candidate,409,410,,,,,unknown_from_static_bytecode,,unknown,no static frame edges found
023,Tira,sidestep_up_candidate,515,514,,,,,unknown_from_static_bytecode,,unknown,no static frame edges found
023,Tira,sidestep_up_candidate,516,514,,,,,unknown_from_static_bytecode,,unknown,no static frame edges found
024,Zasalamel,backstep_candidate,1945,1579,,,,,unknown_from_static_bytecode,,unknown,no static frame edges found
024,Zasalamel,backstep_candidate,332,333,,,,,unknown_from_static_bytecode,,unknown,no static frame edges found
024,Zasalamel,backstep_candidate,365,366,,,,,unknown_from_static_bytecode,,unknown,no static frame edges found
024,Zasalamel,backstep_candidate,1946,2248,,,,,unknown_from_static_bytecode,,unknown,no static frame edges found
024,Zasalamel,backstep_candidate,2079,2254,,,,,unknown_from_static_bytecode,,unknown,no static frame edges found
024,Zasalamel,backstep_candidate,2081,2254,,,,,unknown_from_static_bytecode,,unknown,no static frame edges found
024,Zasalamel,backstep_candidate,2135,2257,,,,,unknown_from_static_bytecode,,unknown,no static frame edges found
024,Zasalamel,backstep_candidate,2174,2259,,,,,unknown_from_static_bytecode,,unknown,no static frame edges found
024,Zasalamel,eight_way_or_ambiguous,161,164,,,,,unknown_from_static_bytecode,,unknown,no static frame edges found
024,Zasalamel,forward_diagonal,432,433,,,,,unknown_from_static_bytecode,,unknown,no static frame edges found
024,Zasalamel,forward_step_candidate,264,265,,,,,unknown_from_static_bytecode,,unknown,no static frame edges found
024,Zasalamel,forward_step_candidate,314,316,,,,,unknown_from_static_bytecode,,unknown,no static frame edges found
024,Zasalamel,forward_step_candidate,352,353,,,,,unknown_from_static_bytecode,,unknown,no static frame edges found
024,Zasalamel,forward_step_candidate,375,376,,,,,unknown_from_static_bytecode,,unknown,no static frame edges found
024,Zasalamel,forward_step_candidate,421,423,,,,,unknown_from_static_bytecode,,unknown,no static frame edges found
024,Zasalamel,forward_step_candidate,1945,1579,,,,,unknown_from_static_bytecode,,unknown,no static frame edges found
024,Zasalamel,forward_step_candidate,168,392,,,,,unknown_from_static_bytecode,,unknown,no static frame edges found
024,Zasalamel,forward_step_candidate,265,266,,,,,unknown_from_static_bytecode,,unknown,no static frame edges found
024,Zasalamel,forward_step_candidate,372,373,,,,,unknown_from_static_bytecode,,unknown,no static frame edges found
024,Zasalamel,forward_step_candidate,422,423,,,,,unknown_from_static_bytecode,,unknown,no static frame edges found
024,Zasalamel,forward_step_candidate,1946,2248,,,,,unknown_from_static_bytecode,,unknown,no static frame edges found
024,Zasalamel,forward_step_candidate,2079,2254,,,,,unknown_from_static_bytecode,,unknown,no static frame edges found
024,Zasalamel,forward_step_candidate,2081,2254,,,,,unknown_from_static_bytecode,,unknown,no static frame edges found
024,Zasalamel,forward_step_candidate,2136,2257,,,,,unknown_from_static_bytecode,,unknown,no static frame edges found
024,Zasalamel,forward_step_candidate,2176,2259,,,,,unknown_from_static_bytecode,,unknown,no static frame edges found
024,Zasalamel,sidestep_down_candidate,297,416,,,,,unknown_from_static_bytecode,,unknown,no static frame edges found
024,Zasalamel,sidestep_down_candidate,314,315,,,,,unknown_from_static_bytecode,,unknown,no static frame edges found
024,Zasalamel,sidestep_down_candidate,322,329,,,,,unknown_from_static_bytecode,,unknown,no static frame edges found
024,Zasalamel,sidestep_down_candidate,387,390,,,,,unknown_from_static_bytecode,,unknown,no static frame edges found
024,Zasalamel,sidestep_down_candidate,316,315,,,,,unknown_from_static_bytecode,,unknown,no static frame edges found
024,Zasalamel,sidestep_down_candidate,440,6,,,,,unknown_from_static_bytecode,,unknown,no static frame edges found
024,Zasalamel,sidestep_down_candidate,1411,1391,,,,,unknown_from_static_bytecode,,unknown,no static frame edges found
024,Zasalamel,sidestep_down_candidate,2527,440,,,,,unknown_from_static_bytecode,,unknown,no static frame edges found
024,Zasalamel,sidestep_down_candidate,2527,440,,,,,unknown_from_static_bytecode,,unknown,no static frame edges found
024,Zasalamel,sidestep_up_candidate,264,267,,,,,unknown_from_static_bytecode,,unknown,no static frame edges found
024,Zasalamel,sidestep_up_candidate,297,298,,,,,unknown_from_static_bytecode,,unknown,no static frame edges found
024,Zasalamel,sidestep_up_candidate,322,323,,,,,unknown_from_static_bytecode,,unknown,no static frame edges found
024,Zasalamel,sidestep_up_candidate,322,324,,,,,unknown_from_static_bytecode,,unknown,no static frame edges found
024,Zasalamel,sidestep_up_candidate,322,325,,,,,unknown_from_static_bytecode,,unknown,no static frame edges found
024,Zasalamel,sidestep_up_candidate,380,381,,,,,unknown_from_static_bytecode,,unknown,no static frame edges found
028,Hilde,backstep_candidate,292,293,,,,,unknown_from_static_bytecode,,unknown,no static frame edges found
028,Hilde,backstep_candidate,339,341,,,,,unknown_from_static_bytecode,,unknown,no static frame edges found
028,Hilde,backstep_candidate,400,401,,,,,unknown_from_static_bytecode,,unknown,no static frame edges found
028,Hilde,backstep_candidate,456,457,,,,,unknown_from_static_bytecode,,unknown,no static frame edges found
028,Hilde,backstep_candidate,2189,1789,,,,,unknown_from_static_bytecode,,unknown,no static frame edges found
028,Hilde,backstep_candidate,285,286,,,,,unknown_from_static_bytecode,,unknown,no static frame edges found
028,Hilde,backstep_candidate,309,310,,,,,unknown_from_static_bytecode,,unknown,no static frame edges found
028,Hilde,backstep_candidate,326,327,,,,,unknown_from_static_bytecode,,unknown,no static frame edges found
028,Hilde,backstep_candidate,340,342,,,,,unknown_from_static_bytecode,,unknown,no static frame edges found
028,Hilde,backstep_candidate,451,452,,,,,unknown_from_static_bytecode,,unknown,no static frame edges found
028,Hilde,backstep_candidate,2190,2387,,,,,unknown_from_static_bytecode,,unknown,no static frame edges found
028,Hilde,eight_way_or_ambiguous,161,164,,,,,unknown_from_static_bytecode,,unknown,no static frame edges found
028,Hilde,eight_way_or_ambiguous,417,419,,,,,unknown_from_static_bytecode,,unknown,no static frame edges found
028,Hilde,eight_way_or_ambiguous,166,169,,,,,unknown_from_static_bytecode,,unknown,no static frame edges found
028,Hilde,eight_way_or_ambiguous,266,267,,,,,unknown_from_static_bytecode,,unknown,no static frame edges found
028,Hilde,eight_way_or_ambiguous,3052,365,,,,,unknown_from_static_bytecode,,unknown,no static frame edges found
028,Hilde,eight_way_or_ambiguous,3052,365,,,,,unknown_from_static_bytecode,,unknown,no static frame edges found
028,Hilde,forward_diagonal,353,355,,,,,unknown_from_static_bytecode,,unknown,no static frame edges found
028,Hilde,forward_diagonal,274,276,,,,,unknown_from_static_bytecode,,unknown,no static frame edges found
028,Hilde,forward_diagonal,275,276,,,,,unknown_from_static_bytecode,,unknown,no static frame edges found
028,Hilde,forward_step_candidate,292,295,8,0,296,(frame window),attack_followup,offensive_attack:1,confirmed_static_data,frame edge target has offensive hit data
028,Hilde,forward_step_candidate,374,375,,,,,unknown_from_static_bytecode,,unknown,no static frame edges found
028,Hilde,forward_step_candidate,404,405,,,,,unknown_from_static_bytecode,,unknown,no static frame edges found
028,Hilde,forward_step_candidate,456,458,,,,,unknown_from_static_bytecode,,unknown,no static frame edges found
028,Hilde,forward_step_candidate,2189,1789,,,,,unknown_from_static_bytecode,,unknown,no static frame edges found
028,Hilde,forward_step_candidate,173,427,,,,,unknown_from_static_bytecode,,unknown,no static frame edges found
028,Hilde,forward_step_candidate,311,312,,,,,unknown_from_static_bytecode,,unknown,no static frame edges found
028,Hilde,forward_step_candidate,354,357,,,,,unknown_from_static_bytecode,,unknown,no static frame edges found
028,Hilde,forward_step_candidate,356,357,,,,,unknown_from_static_bytecode,,unknown,no static frame edges found
028,Hilde,forward_step_candidate,375,376,,,,,unknown_from_static_bytecode,,unknown,no static frame edges found
028,Hilde,forward_step_candidate,376,377,,,,,unknown_from_static_bytecode,,unknown,no static frame edges found
028,Hilde,forward_step_candidate,2190,2387,,,,,unknown_from_static_bytecode,,unknown,no static frame edges found
028,Hilde,sidestep_down_candidate,323,324,,,,,unknown_from_static_bytecode,,unknown,no static frame edges found
028,Hilde,sidestep_down_candidate,471,6,,,,,unknown_from_static_bytecode,,unknown,no static frame edges found
028,Hilde,sidestep_down_candidate,1584,1564,,,,,unknown_from_static_bytecode,,unknown,no static frame edges found
028,Hilde,sidestep_down_candidate,2670,471,,,,,unknown_from_static_bytecode,,unknown,no static frame edges found
028,Hilde,sidestep_down_candidate,2670,471,,,,,unknown_from_static_bytecode,,unknown,no static frame edges found
028,Hilde,sidestep_up_candidate,333,334,,,,,unknown_from_static_bytecode,,unknown,no static frame edges found
028,Hilde,sidestep_up_candidate,379,380,,,,,unknown_from_static_bytecode,,unknown,no static frame edges found
028,Hilde,sidestep_up_candidate,379,381,,,,,unknown_from_static_bytecode,,unknown,no static frame edges found
028,Hilde,sidestep_up_candidate,2727,427,,,,,unknown_from_static_bytecode,,unknown,no static frame edges found
028,Hilde,sidestep_up_candidate,3052,161,,,,,unknown_from_static_bytecode,,unknown,no static frame edges found
028,Hilde,sidestep_up_candidate,3052,166,,,,,unknown_from_static_bytecode,,unknown,no static frame edges found
030,Amy,back_diagonal,419,428,,,,,unknown_from_static_bytecode,,unknown,no static frame edges found
030,Amy,backstep_candidate,281,282,,,,,unknown_from_static_bytecode,,unknown,no static frame edges found
030,Amy,backstep_candidate,257,258,,,,,unknown_from_static_bytecode,,unknown,no static frame edges found
030,Amy,backstep_candidate,272,273,,,,,unknown_from_static_bytecode,,unknown,no static frame edges found
030,Amy,backstep_candidate,272,275,,,,,unknown_from_static_bytecode,,unknown,no static frame edges found
030,Amy,backstep_candidate,283,284,,,,,unknown_from_static_bytecode,,unknown,no static frame edges found
030,Amy,backstep_candidate,289,293,,,,,unknown_from_static_bytecode,,unknown,no static frame edges found
030,Amy,backstep_candidate,302,303,,,,,unknown_from_static_bytecode,,unknown,no static frame edges found
030,Amy,backstep_candidate,353,354,,,,,unknown_from_static_bytecode,,unknown,no static frame edges found
030,Amy,backstep_candidate,365,366,,,,,unknown_from_static_bytecode,,unknown,no static frame edges found
030,Amy,backstep_candidate,486,487,,,,,unknown_from_static_bytecode,,unknown,no static frame edges found
030,Amy,backstep_candidate,2041,1675,,,,,unknown_from_static_bytecode,,unknown,no static frame edges found
030,Amy,backstep_candidate,487,488,,,,,unknown_from_static_bytecode,,unknown,no static frame edges found
030,Amy,backstep_candidate,334,335,,,,,unknown_from_static_bytecode,,unknown,no static frame edges found
030,Amy,backstep_candidate,2957,513,,,,,unknown_from_static_bytecode,,unknown,no static frame edges found
030,Amy,backstep_candidate,2958,486,,,,,unknown_from_static_bytecode,,unknown,no static frame edges found
030,Amy,backstep_candidate,2959,505,,,,,unknown_from_static_bytecode,,unknown,no static frame edges found
030,Amy,backstep_candidate,2960,453,,,,,unknown_from_static_bytecode,,unknown,no static frame edges found
030,Amy,backstep_candidate,2042,2344,,,,,unknown_from_static_bytecode,,unknown,no static frame edges found
030,Amy,backstep_candidate,2175,2350,,,,,unknown_from_static_bytecode,,unknown,no static frame edges found
030,Amy,backstep_candidate,2177,2350,,,,,unknown_from_static_bytecode,,unknown,no static frame edges found
030,Amy,backstep_candidate,2231,2353,,,,,unknown_from_static_bytecode,,unknown,no static frame edges found
030,Amy,backstep_candidate,2270,2355,,,,,unknown_from_static_bytecode,,unknown,no static frame edges found
030,Amy,eight_way_or_ambiguous,161,164,,,,,unknown_from_static_bytecode,,unknown,no static frame edges found
030,Amy,eight_way_or_ambiguous,2948,526,,,,,unknown_from_static_bytecode,,unknown,no static frame edges found
030,Amy,eight_way_or_ambiguous,291,292,,,,,unknown_from_static_bytecode,,unknown,no static frame edges found
030,Amy,forward_diagonal,338,341,,,,,unknown_from_static_bytecode,,unknown,no static frame edges found
030,Amy,forward_diagonal,339,341,,,,,unknown_from_static_bytecode,,unknown,no static frame edges found
030,Amy,forward_diagonal,342,345,,,,,unknown_from_static_bytecode,,unknown,no static frame edges found
030,Amy,forward_diagonal,343,345,,,,,unknown_from_static_bytecode,,unknown,no static frame edges found
030,Amy,forward_step_candidate,494,495,,,,,unknown_from_static_bytecode,,unknown,no static frame edges found
030,Amy,forward_step_candidate,257,268,,,,,unknown_from_static_bytecode,,unknown,no static frame edges found
030,Amy,forward_step_candidate,272,273,,,,,unknown_from_static_bytecode,,unknown,no static frame edges found
030,Amy,forward_step_candidate,289,290,,,,,unknown_from_static_bytecode,,unknown,no static frame edges found
030,Amy,forward_step_candidate,363,364,,,,,unknown_from_static_bytecode,,unknown,no static frame edges found
030,Amy,forward_step_candidate,384,340,,,,,unknown_from_static_bytecode,,unknown,no static frame edges found
030,Amy,forward_step_candidate,390,391,,,,,unknown_from_static_bytecode,,unknown,no static frame edges found
030,Amy,forward_step_candidate,464,468,,,,,unknown_from_static_bytecode,,unknown,no static frame edges found
030,Amy,forward_step_candidate,486,489,,,,,unknown_from_static_bytecode,,unknown,no static frame edges found
030,Amy,forward_step_candidate,494,496,,,,,unknown_from_static_bytecode,,unknown,no static frame edges found
030,Amy,forward_step_candidate,2041,1675,,,,,unknown_from_static_bytecode,,unknown,no static frame edges found
030,Amy,forward_step_candidate,168,419,,,,,unknown_from_static_bytecode,,unknown,no static frame edges found
030,Amy,forward_step_candidate,460,463,,,,,unknown_from_static_bytecode,,unknown,no static frame edges found
030,Amy,forward_step_candidate,276,277,,,,,unknown_from_static_bytecode,,unknown,no static frame edges found
030,Amy,forward_step_candidate,328,329,,,,,unknown_from_static_bytecode,,unknown,no static frame edges found
030,Amy,forward_step_candidate,330,331,,,,,unknown_from_static_bytecode,,unknown,no static frame edges found
030,Amy,forward_step_candidate,340,341,,,,,unknown_from_static_bytecode,,unknown,no static frame edges found
030,Amy,forward_step_candidate,344,345,,,,,unknown_from_static_bytecode,,unknown,no static frame edges found
030,Amy,forward_step_candidate,385,340,,,,,unknown_from_static_bytecode,,unknown,no static frame edges found
030,Amy,forward_step_candidate,461,462,,,,,unknown_from_static_bytecode,,unknown,no static frame edges found
030,Amy,forward_step_candidate,468,469,,,,,unknown_from_static_bytecode,,unknown,no static frame edges found
030,Amy,forward_step_candidate,496,497,,,,,unknown_from_static_bytecode,,unknown,no static frame edges found
030,Amy,forward_step_candidate,2957,516,,,,,unknown_from_static_bytecode,,unknown,no static frame edges found
030,Amy,forward_step_candidate,2958,494,,,,,unknown_from_static_bytecode,,unknown,no static frame edges found
030,Amy,forward_step_candidate,2959,506,,,,,unknown_from_static_bytecode,,unknown,no static frame edges found
030,Amy,forward_step_candidate,2042,2344,,,,,unknown_from_static_bytecode,,unknown,no static frame edges found
030,Amy,forward_step_candidate,2175,2350,,,,,unknown_from_static_bytecode,,unknown,no static frame edges found
030,Amy,forward_step_candidate,2177,2350,,,,,unknown_from_static_bytecode,,unknown,no static frame edges found
030,Amy,forward_step_candidate,2232,2353,,,,,unknown_from_static_bytecode,,unknown,no static frame edges found
030,Amy,forward_step_candidate,2272,2355,,,,,unknown_from_static_bytecode,,unknown,no static frame edges found
030,Amy,sidestep_down_candidate,257,271,,,,,unknown_from_static_bytecode,,unknown,no static frame edges found
030,Amy,sidestep_down_candidate,289,294,,,,,unknown_from_static_bytecode,,unknown,no static frame edges found
030,Amy,sidestep_down_candidate,513,515,,,,,unknown_from_static_bytecode,,unknown,no static frame edges found
030,Amy,sidestep_down_candidate,514,515,,,,,unknown_from_static_bytecode,,unknown,no static frame edges found
030,Amy,sidestep_down_candidate,533,6,,,,,unknown_from_static_bytecode,,unknown,no static frame edges found
030,Amy,sidestep_down_candidate,1507,1487,,,,,unknown_from_static_bytecode,,unknown,no static frame edges found
030,Amy,sidestep_down_candidate,2623,533,,,,,unknown_from_static_bytecode,,unknown,no static frame edges found
030,Amy,sidestep_down_candidate,2623,533,,,,,unknown_from_static_bytecode,,unknown,no static frame edges found
030,Amy,sidestep_down_candidate,2948,448,,,,,unknown_from_static_bytecode,,unknown,no static frame edges found
030,Amy,sidestep_down_candidate,2948,449,,,,,unknown_from_static_bytecode,,unknown,no static frame edges found
030,Amy,sidestep_down_candidate,2948,450,,,,,unknown_from_static_bytecode,,unknown,no static frame edges found
030,Amy,sidestep_down_candidate,2948,541,,,,,unknown_from_static_bytecode,,unknown,no static frame edges found
030,Amy,sidestep_down_candidate,2954,451,,,,,unknown_from_static_bytecode,,unknown,no static frame edges found
030,Amy,sidestep_down_candidate,2948,288,,,,,unknown_from_static_bytecode,,unknown,no static frame edges found
030,Amy,sidestep_down_candidate,2948,313,,,,,unknown_from_static_bytecode,,unknown,no static frame edges found
030,Amy,sidestep_down_candidate,2951,518,,,,,unknown_from_static_bytecode,,unknown,no static frame edges found
030,Amy,sidestep_down_candidate,2952,509,,,,,unknown_from_static_bytecode,,unknown,no static frame edges found
030,Amy,sidestep_down_candidate,2953,500,,,,,unknown_from_static_bytecode,,unknown,no static frame edges found
030,Amy,sidestep_down_candidate,2954,473,,,,,unknown_from_static_bytecode,,unknown,no static frame edges found
030,Amy,sidestep_down_candidate,2960,473,,,,,unknown_from_static_bytecode,,unknown,no static frame edges found
030,Amy,sidestep_up_candidate,257,269,,,,,unknown_from_static_bytecode,,unknown,no static frame edges found
030,Amy,sidestep_up_candidate,324,325,,,,,unknown_from_static_bytecode,,unknown,no static frame edges found
030,Amy,sidestep_up_candidate,464,470,,,,,unknown_from_static_bytecode,,unknown,no static frame edges found
030,Amy,sidestep_up_candidate,486,492,,,,,unknown_from_static_bytecode,,unknown,no static frame edges found
030,Amy,sidestep_up_candidate,494,498,,,,,unknown_from_static_bytecode,,unknown,no static frame edges found
030,Amy,sidestep_up_candidate,2948,421,,,,,unknown_from_static_bytecode,,unknown,no static frame edges found
030,Amy,sidestep_up_candidate,2948,452,,,,,unknown_from_static_bytecode,,unknown,no static frame edges found
030,Amy,sidestep_up_candidate,290,291,,,,,unknown_from_static_bytecode,,unknown,no static frame edges found
030,Amy,sidestep_up_candidate,2957,517,,,,,unknown_from_static_bytecode,,unknown,no static frame edges found
030,Amy,sidestep_up_candidate,2958,499,,,,,unknown_from_static_bytecode,,unknown,no static frame edges found
030,Amy,sidestep_up_candidate,2959,508,,,,,unknown_from_static_bytecode,,unknown,no static frame edges found
030,Amy,sidestep_up_candidate,2960,464,,,,,unknown_from_static_bytecode,,unknown,no static frame edges found
060,2B,backstep_candidate,257,258,,,,,unknown_from_static_bytecode,,unknown,no static frame edges found
060,2B,backstep_candidate,257,273,,,,,unknown_from_static_bytecode,,unknown,no static frame edges found
060,2B,backstep_candidate,260,262,,,,,unknown_from_static_bytecode,,unknown,no static frame edges found
060,2B,backstep_candidate,306,307,,,,,unknown_from_static_bytecode,,unknown,no static frame edges found
060,2B,backstep_candidate,446,447,,,,,unknown_from_static_bytecode,,unknown,no static frame edges found
060,2B,backstep_candidate,451,453,,,,,unknown_from_static_bytecode,,unknown,no static frame edges found
060,2B,backstep_candidate,528,532,,,,,unknown_from_static_bytecode,,unknown,no static frame edges found
060,2B,backstep_candidate,617,628,,,,,unknown_from_static_bytecode,,unknown,no static frame edges found
060,2B,backstep_candidate,2160,1794,,,,,unknown_from_static_bytecode,,unknown,no static frame edges found
060,2B,backstep_candidate,412,406,,,,,unknown_from_static_bytecode,,unknown,no static frame edges found
060,2B,backstep_candidate,281,282,,,,,unknown_from_static_bytecode,,unknown,no static frame edges found
060,2B,backstep_candidate,282,283,,,,,unknown_from_static_bytecode,,unknown,no static frame edges found
060,2B,backstep_candidate,285,286,,,,,unknown_from_static_bytecode,,unknown,no static frame edges found
060,2B,backstep_candidate,311,312,,,,,unknown_from_static_bytecode,,unknown,no static frame edges found
060,2B,backstep_candidate,628,629,,,,,unknown_from_static_bytecode,,unknown,no static frame edges found
060,2B,backstep_candidate,629,630,,,,,unknown_from_static_bytecode,,unknown,no static frame edges found
060,2B,backstep_candidate,3070,566,,,,,unknown_from_static_bytecode,,unknown,no static frame edges found
060,2B,backstep_candidate,3071,566,,,,,unknown_from_static_bytecode,,unknown,no static frame edges found
060,2B,backstep_candidate,3080,411,,,,,unknown_from_static_bytecode,,unknown,no static frame edges found
060,2B,backstep_candidate,3081,411,,,,,unknown_from_static_bytecode,,unknown,no static frame edges found
060,2B,backstep_candidate,2161,2463,,,,,unknown_from_static_bytecode,,unknown,no static frame edges found
060,2B,backstep_candidate,2294,2469,,,,,unknown_from_static_bytecode,,unknown,no static frame edges found
060,2B,backstep_candidate,2296,2469,,,,,unknown_from_static_bytecode,,unknown,no static frame edges found
060,2B,backstep_candidate,2350,2472,,,,,unknown_from_static_bytecode,,unknown,no static frame edges found
060,2B,backstep_candidate,2389,2474,,,,,unknown_from_static_bytecode,,unknown,no static frame edges found
060,2B,eight_way_or_ambiguous,161,164,,,,,unknown_from_static_bytecode,,unknown,no static frame edges found
060,2B,eight_way_or_ambiguous,398,399,,,,,unknown_from_static_bytecode,,unknown,no static frame edges found
060,2B,eight_way_or_ambiguous,400,401,,,,,unknown_from_static_bytecode,,unknown,no static frame edges found
060,2B,eight_way_or_ambiguous,404,405,,,,,unknown_from_static_bytecode,,unknown,no static frame edges found
060,2B,eight_way_or_ambiguous,544,549,,,,,unknown_from_static_bytecode,,unknown,no static frame edges found
060,2B,eight_way_or_ambiguous,595,599,,,,,unknown_from_static_bytecode,,unknown,no static frame edges found
060,2B,eight_way_or_ambiguous,3070,595,,,,,unknown_from_static_bytecode,,unknown,no static frame edges found
060,2B,eight_way_or_ambiguous,3071,595,,,,,unknown_from_static_bytecode,,unknown,no static frame edges found
060,2B,forward_diagonal,3070,603,,,,,unknown_from_static_bytecode,,unknown,no static frame edges found
060,2B,forward_step_candidate,260,269,,,,,unknown_from_static_bytecode,,unknown,no static frame edges found
060,2B,forward_step_candidate,306,310,,,,,unknown_from_static_bytecode,,unknown,no static frame edges found
060,2B,forward_step_candidate,306,314,,,,,unknown_from_static_bytecode,,unknown,no static frame edges found
060,2B,forward_step_candidate,318,324,,,,,unknown_from_static_bytecode,,unknown,no static frame edges found
060,2B,forward_step_candidate,318,327,,,,,unknown_from_static_bytecode,,unknown,no static frame edges found
060,2B,forward_step_candidate,352,353,,,,,unknown_from_static_bytecode,,unknown,no static frame edges found
060,2B,forward_step_candidate,366,367,,,,,unknown_from_static_bytecode,,unknown,no static frame edges found
060,2B,forward_step_candidate,465,466,,,,,unknown_from_static_bytecode,,unknown,no static frame edges found
060,2B,forward_step_candidate,528,530,,,,,unknown_from_static_bytecode,,unknown,no static frame edges found
060,2B,forward_step_candidate,538,542,,,,,unknown_from_static_bytecode,,unknown,no static frame edges found
060,2B,forward_step_candidate,567,575,,,,,unknown_from_static_bytecode,,unknown,no static frame edges found
060,2B,forward_step_candidate,567,578,,,,,unknown_from_static_bytecode,,unknown,no static frame edges found
060,2B,forward_step_candidate,617,632,,,,,unknown_from_static_bytecode,,unknown,no static frame edges found
060,2B,forward_step_candidate,2160,1794,,,,,unknown_from_static_bytecode,,unknown,no static frame edges found
060,2B,forward_step_candidate,168,503,,,,,unknown_from_static_bytecode,,unknown,no static frame edges found
060,2B,forward_step_candidate,414,406,,,,,unknown_from_static_bytecode,,unknown,no static frame edges found
060,2B,forward_step_candidate,415,406,,,,,unknown_from_static_bytecode,,unknown,no static frame edges found
060,2B,forward_step_candidate,416,406,,,,,unknown_from_static_bytecode,,unknown,no static frame edges found
060,2B,forward_step_candidate,310,311,,,,,unknown_from_static_bytecode,,unknown,no static frame edges found
060,2B,forward_step_candidate,319,320,,,,,unknown_from_static_bytecode,,unknown,no static frame edges found
060,2B,forward_step_candidate,320,321,,,,,unknown_from_static_bytecode,,unknown,no static frame edges found
060,2B,forward_step_candidate,321,322,,,,,unknown_from_static_bytecode,,unknown,no static frame edges found
060,2B,forward_step_candidate,332,333,,,,,unknown_from_static_bytecode,,unknown,no static frame edges found
060,2B,forward_step_candidate,364,365,,,,,unknown_from_static_bytecode,,unknown,no static frame edges found
060,2B,forward_step_candidate,365,366,,,,,unknown_from_static_bytecode,,unknown,no static frame edges found
060,2B,forward_step_candidate,535,536,,,,,unknown_from_static_bytecode,,unknown,no static frame edges found
060,2B,forward_step_candidate,536,537,,,,,unknown_from_static_bytecode,,unknown,no static frame edges found
060,2B,forward_step_candidate,537,538,,,,,unknown_from_static_bytecode,,unknown,no static frame edges found
060,2B,forward_step_candidate,3080,414,,,,,unknown_from_static_bytecode,,unknown,no static frame edges found
060,2B,forward_step_candidate,3081,414,,,,,unknown_from_static_bytecode,,unknown,no static frame edges found
060,2B,forward_step_candidate,2161,2463,,,,,unknown_from_static_bytecode,,unknown,no static frame edges found
060,2B,forward_step_candidate,2294,2469,,,,,unknown_from_static_bytecode,,unknown,no static frame edges found
060,2B,forward_step_candidate,2296,2469,,,,,unknown_from_static_bytecode,,unknown,no static frame edges found
060,2B,forward_step_candidate,2351,2472,,,,,unknown_from_static_bytecode,,unknown,no static frame edges found
060,2B,forward_step_candidate,2391,2474,,,,,unknown_from_static_bytecode,,unknown,no static frame edges found
060,2B,sidestep_down_candidate,257,614,,,,,unknown_from_static_bytecode,,unknown,no static frame edges found
060,2B,sidestep_down_candidate,498,501,,,,,unknown_from_static_bytecode,,unknown,no static frame edges found
060,2B,sidestep_down_candidate,528,529,,,,,unknown_from_static_bytecode,,unknown,no static frame edges found
060,2B,sidestep_down_candidate,621,6,,,,,unknown_from_static_bytecode,,unknown,no static frame edges found
060,2B,sidestep_down_candidate,1626,1606,,,,,unknown_from_static_bytecode,,unknown,no static frame edges found
060,2B,sidestep_down_candidate,2742,621,,,,,unknown_from_static_bytecode,,unknown,no static frame edges found
060,2B,sidestep_down_candidate,2742,621,,,,,unknown_from_static_bytecode,,unknown,no static frame edges found
060,2B,sidestep_down_candidate,3080,425,,,,,unknown_from_static_bytecode,,unknown,no static frame edges found
060,2B,sidestep_down_candidate,3081,425,,,,,unknown_from_static_bytecode,,unknown,no static frame edges found
060,2B,sidestep_down_candidate,259,260,,,,,unknown_from_static_bytecode,,unknown,no static frame edges found
060,2B,sidestep_down_candidate,3069,528,,,,,unknown_from_static_bytecode,,unknown,no static frame edges found
060,2B,sidestep_down_candidate,3069,535,,,,,unknown_from_static_bytecode,,unknown,no static frame edges found
060,2B,sidestep_down_candidate,3069,544,,,,,unknown_from_static_bytecode,,unknown,no static frame edges found
060,2B,sidestep_down_candidate,3069,554,,,,,unknown_from_static_bytecode,,unknown,no static frame edges found
060,2B,sidestep_down_candidate,3085,595,,,,,unknown_from_static_bytecode,,unknown,no static frame edges found
060,2B,sidestep_down_candidate,3085,595,,,,,unknown_from_static_bytecode,,unknown,no static frame edges found
060,2B,sidestep_down_candidate,3085,595,,,,,unknown_from_static_bytecode,,unknown,no static frame edges found
060,2B,sidestep_down_candidate,3085,603,,,,,unknown_from_static_bytecode,,unknown,no static frame edges found
060,2B,sidestep_down_candidate,3085,603,,,,,unknown_from_static_bytecode,,unknown,no static frame edges found
060,2B,sidestep_down_candidate,3086,544,,,,,unknown_from_static_bytecode,,unknown,no static frame edges found
060,2B,sidestep_down_candidate,3086,544,,,,,unknown_from_static_bytecode,,unknown,no static frame edges found
060,2B,sidestep_down_candidate,3086,554,,,,,unknown_from_static_bytecode,,unknown,no static frame edges found
060,2B,sidestep_down_candidate,3086,554,,,,,unknown_from_static_bytecode,,unknown,no static frame edges found
060,2B,sidestep_up_candidate,362,363,,,,,unknown_from_static_bytecode,,unknown,no static frame edges found
060,2B,sidestep_up_candidate,318,319,,,,,unknown_from_static_bytecode,,unknown,no static frame edges found
060,2B,sidestep_up_candidate,352,354,,,,,unknown_from_static_bytecode,,unknown,no static frame edges found
060,2B,sidestep_up_candidate,366,368,,,,,unknown_from_static_bytecode,,unknown,no static frame edges found
060,2B,sidestep_up_candidate,366,370,,,,,unknown_from_static_bytecode,,unknown,no static frame edges found
060,2B,sidestep_up_candidate,438,440,,,,,unknown_from_static_bytecode,,unknown,no static frame edges found
060,2B,sidestep_up_candidate,478,481,,,,,unknown_from_static_bytecode,,unknown,no static frame edges found
060,2B,sidestep_up_candidate,567,577,,,,,unknown_from_static_bytecode,,unknown,no static frame edges found
060,2B,sidestep_up_candidate,379,380,,,,,unknown_from_static_bytecode,,unknown,no static frame edges found
060,2B,sidestep_up_candidate,418,406,,,,,unknown_from_static_bytecode,,unknown,no static frame edges found
060,2B,sidestep_up_candidate,420,406,,,,,unknown_from_static_bytecode,,unknown,no static frame edges found
060,2B,sidestep_up_candidate,422,406,,,,,unknown_from_static_bytecode,,unknown,no static frame edges found
060,2B,sidestep_up_candidate,470,471,,,,,unknown_from_static_bytecode,,unknown,no static frame edges found
060,2B,sidestep_up_candidate,3083,507,,,,,unknown_from_static_bytecode,,unknown,no static frame edges found
060,2B,sidestep_up_candidate,286,287,,,,,unknown_from_static_bytecode,,unknown,no static frame edges found
060,2B,sidestep_up_candidate,325,326,,,,,unknown_from_static_bytecode,,unknown,no static frame edges found
060,2B,sidestep_up_candidate,328,326,,,,,unknown_from_static_bytecode,,unknown,no static frame edges found
060,2B,sidestep_up_candidate,382,383,,,,,unknown_from_static_bytecode,,unknown,no static frame edges found
060,2B,sidestep_up_candidate,385,383,,,,,unknown_from_static_bytecode,,unknown,no static frame edges found
060,2B,sidestep_up_candidate,440,442,,,,,unknown_from_static_bytecode,,unknown,no static frame edges found
060,2B,sidestep_up_candidate,472,473,,,,,unknown_from_static_bytecode,,unknown,no static frame edges found
060,2B,sidestep_up_candidate,473,474,,,,,unknown_from_static_bytecode,,unknown,no static frame edges found
060,2B,sidestep_up_candidate,474,475,,,,,unknown_from_static_bytecode,,unknown,no static frame edges found
060,2B,sidestep_up_candidate,475,476,,,,,unknown_from_static_bytecode,,unknown,no static frame edges found
060,2B,sidestep_up_candidate,476,477,,,,,unknown_from_static_bytecode,,unknown,no static frame edges found
060,2B,sidestep_up_candidate,3070,588,,,,,unknown_from_static_bytecode,,unknown,no static frame edges found
060,2B,sidestep_up_candidate,3071,589,,,,,unknown_from_static_bytecode,,unknown,no static frame edges found
061,Haohmaru,back_diagonal,482,519,,,,,unknown_from_static_bytecode,,unknown,no static frame edges found
061,Haohmaru,back_diagonal,461,463,,,,,unknown_from_static_bytecode,,unknown,no static frame edges found
061,Haohmaru,back_diagonal,464,465,,,,,unknown_from_static_bytecode,,unknown,no static frame edges found
061,Haohmaru,back_diagonal,468,469,,,,,unknown_from_static_bytecode,,unknown,no static frame edges found
061,Haohmaru,backstep_candidate,3124,497,,,,,unknown_from_static_bytecode,,unknown,no static frame edges found
061,Haohmaru,backstep_candidate,265,266,,,,,unknown_from_static_bytecode,,unknown,no static frame edges found
061,Haohmaru,backstep_candidate,357,358,,,,,unknown_from_static_bytecode,,unknown,no static frame edges found
061,Haohmaru,backstep_candidate,482,483,,,,,unknown_from_static_bytecode,,unknown,no static frame edges found
061,Haohmaru,backstep_candidate,555,556,,,,,unknown_from_static_bytecode,,unknown,no static frame edges found
061,Haohmaru,backstep_candidate,2263,1863,,,,,unknown_from_static_bytecode,,unknown,no static frame edges found
061,Haohmaru,backstep_candidate,381,385,,,,,unknown_from_static_bytecode,,unknown,no static frame edges found
061,Haohmaru,backstep_candidate,382,385,,,,,unknown_from_static_bytecode,,unknown,no static frame edges found
061,Haohmaru,backstep_candidate,383,385,,,,,unknown_from_static_bytecode,,unknown,no static frame edges found
061,Haohmaru,backstep_candidate,483,484,,,,,unknown_from_static_bytecode,,unknown,no static frame edges found
061,Haohmaru,backstep_candidate,492,493,,,,,unknown_from_static_bytecode,,unknown,no static frame edges found
061,Haohmaru,backstep_candidate,519,484,,,,,unknown_from_static_bytecode,,unknown,no static frame edges found
061,Haohmaru,backstep_candidate,485,486,,,,,unknown_from_static_bytecode,,unknown,no static frame edges found
061,Haohmaru,backstep_candidate,2264,2461,,,,,unknown_from_static_bytecode,,unknown,no static frame edges found
061,Haohmaru,eight_way_or_ambiguous,161,164,,,,,unknown_from_static_bytecode,,unknown,no static frame edges found
061,Haohmaru,eight_way_or_ambiguous,166,169,,,,,unknown_from_static_bytecode,,unknown,no static frame edges found
061,Haohmaru,eight_way_or_ambiguous,378,385,,,,,unknown_from_static_bytecode,,unknown,no static frame edges found
061,Haohmaru,eight_way_or_ambiguous,379,385,,,,,unknown_from_static_bytecode,,unknown,no static frame edges found
061,Haohmaru,eight_way_or_ambiguous,380,385,,,,,unknown_from_static_bytecode,,unknown,no static frame edges found
061,Haohmaru,eight_way_or_ambiguous,3146,514,,,,,unknown_from_static_bytecode,,unknown,no static frame edges found
061,Haohmaru,eight_way_or_ambiguous,3146,516,,,,,unknown_from_static_bytecode,,unknown,no static frame edges found
061,Haohmaru,eight_way_or_ambiguous,3146,518,,,,,unknown_from_static_bytecode,,unknown,no static frame edges found
061,Haohmaru,forward_diagonal,561,562,,,,,unknown_from_static_bytecode,,unknown,no static frame edges found
061,Haohmaru,forward_step_candidate,265,268,,,,,unknown_from_static_bytecode,,unknown,no static frame edges found
061,Haohmaru,forward_step_candidate,357,359,,,,,unknown_from_static_bytecode,,unknown,no static frame edges found
061,Haohmaru,forward_step_candidate,365,366,,,,,unknown_from_static_bytecode,,unknown,no static frame edges found
061,Haohmaru,forward_step_candidate,557,558,,,,,unknown_from_static_bytecode,,unknown,no static frame edges found
061,Haohmaru,forward_step_candidate,558,559,,,,,unknown_from_static_bytecode,,unknown,no static frame edges found
061,Haohmaru,forward_step_candidate,559,560,,,,,unknown_from_static_bytecode,,unknown,no static frame edges found
061,Haohmaru,forward_step_candidate,560,561,,,,,unknown_from_static_bytecode,,unknown,no static frame edges found
061,Haohmaru,forward_step_candidate,3124,496,,,,,unknown_from_static_bytecode,,unknown,no static frame edges found
061,Haohmaru,forward_step_candidate,2263,1863,,,,,unknown_from_static_bytecode,,unknown,no static frame edges found
061,Haohmaru,forward_step_candidate,173,461,,,,,unknown_from_static_bytecode,,unknown,no static frame edges found
061,Haohmaru,forward_step_candidate,494,495,,,,,unknown_from_static_bytecode,,unknown,no static frame edges found
061,Haohmaru,forward_step_candidate,278,279,,,,,unknown_from_static_bytecode,,unknown,no static frame edges found
061,Haohmaru,forward_step_candidate,429,430,,,,,unknown_from_static_bytecode,,unknown,no static frame edges found
061,Haohmaru,forward_step_candidate,430,431,,,,,unknown_from_static_bytecode,,unknown,no static frame edges found
061,Haohmaru,forward_step_candidate,553,554,,,,,unknown_from_static_bytecode,,unknown,no static frame edges found
061,Haohmaru,forward_step_candidate,553,554,,,,,unknown_from_static_bytecode,,unknown,no static frame edges found
061,Haohmaru,forward_step_candidate,554,555,,,,,unknown_from_static_bytecode,,unknown,no static frame edges found
061,Haohmaru,forward_step_candidate,554,555,,,,,unknown_from_static_bytecode,,unknown,no static frame edges found
061,Haohmaru,forward_step_candidate,556,557,,,,,unknown_from_static_bytecode,,unknown,no static frame edges found
061,Haohmaru,forward_step_candidate,2264,2461,,,,,unknown_from_static_bytecode,,unknown,no static frame edges found
061,Haohmaru,sidestep_down_candidate,361,362,,,,,unknown_from_static_bytecode,,unknown,no static frame edges found
061,Haohmaru,sidestep_down_candidate,3124,491,,,,,unknown_from_static_bytecode,,unknown,no static frame edges found
061,Haohmaru,sidestep_down_candidate,525,6,,,,,unknown_from_static_bytecode,,unknown,no static frame edges found
061,Haohmaru,sidestep_down_candidate,1658,1638,,,,,unknown_from_static_bytecode,,unknown,no static frame edges found
061,Haohmaru,sidestep_down_candidate,2744,525,,,,,unknown_from_static_bytecode,,unknown,no static frame edges found
061,Haohmaru,sidestep_down_candidate,2744,525,,,,,unknown_from_static_bytecode,,unknown,no static frame edges found
061,Haohmaru,sidestep_down_candidate,3145,311,,,,,unknown_from_static_bytecode,,unknown,no static frame edges found
061,Haohmaru,sidestep_down_candidate,3145,312,,,,,unknown_from_static_bytecode,,unknown,no static frame edges found
061,Haohmaru,sidestep_down_candidate,3145,322,,,,,unknown_from_static_bytecode,,unknown,no static frame edges found
061,Haohmaru,sidestep_down_candidate,3145,533,,,,,unknown_from_static_bytecode,,unknown,no static frame edges found
061,Haohmaru,sidestep_down_candidate,3146,311,,,,,unknown_from_static_bytecode,,unknown,no static frame edges found
061,Haohmaru,sidestep_down_candidate,3146,311,,,,,unknown_from_static_bytecode,,unknown,no static frame edges found
061,Haohmaru,sidestep_down_candidate,3146,312,,,,,unknown_from_static_bytecode,,unknown,no static frame edges found
061,Haohmaru,sidestep_down_candidate,3146,321,,,,,unknown_from_static_bytecode,,unknown,no static frame edges found
061,Haohmaru,sidestep_down_candidate,3146,321,,,,,unknown_from_static_bytecode,,unknown,no static frame edges found
061,Haohmaru,sidestep_down_candidate,3146,321,,,,,unknown_from_static_bytecode,,unknown,no static frame edges found
061,Haohmaru,sidestep_down_candidate,3146,391,,,,,unknown_from_static_bytecode,,unknown,no static frame edges found
061,Haohmaru,sidestep_down_candidate,3146,458,,,,,unknown_from_static_bytecode,,unknown,no static frame edges found
061,Haohmaru,sidestep_down_candidate,3122,480,19,0,481,(frame window),attack_followup,offensive_attack:1,confirmed_static_data,frame edge target has offensive hit data
061,Haohmaru,sidestep_down_candidate,3122,482,,,,,unknown_from_static_bytecode,,unknown,no static frame edges found
061,Haohmaru,sidestep_down_candidate,3122,485,,,,,unknown_from_static_bytecode,,unknown,no static frame edges found
061,Haohmaru,sidestep_down_candidate,3145,308,,,,,unknown_from_static_bytecode,,unknown,no static frame edges found
061,Haohmaru,sidestep_down_candidate,3145,517,,,,,unknown_from_static_bytecode,,unknown,no static frame edges found
061,Haohmaru,sidestep_down_candidate,3146,308,,,,,unknown_from_static_bytecode,,unknown,no static frame edges found
061,Haohmaru,sidestep_down_candidate,3146,340,,,,,unknown_from_static_bytecode,,unknown,no static frame edges found
061,Haohmaru,sidestep_down_candidate,3146,341,,,,,unknown_from_static_bytecode,,unknown,no static frame edges found
061,Haohmaru,sidestep_down_candidate,3146,342,,,,,unknown_from_static_bytecode,,unknown,no static frame edges found
061,Haohmaru,sidestep_down_candidate,3146,381,,,,,unknown_from_static_bytecode,,unknown,no static frame edges found
061,Haohmaru,sidestep_down_candidate,3146,386,,,,,unknown_from_static_bytecode,,unknown,no static frame edges found
061,Haohmaru,sidestep_down_candidate,3146,393,,,,,unknown_from_static_bytecode,,unknown,no static frame edges found
061,Haohmaru,sidestep_down_candidate,3146,399,,,,,unknown_from_static_bytecode,,unknown,no static frame edges found
061,Haohmaru,sidestep_down_candidate,3146,409,,,,,unknown_from_static_bytecode,,unknown,no static frame edges found
061,Haohmaru,sidestep_down_candidate,3146,426,,,,,unknown_from_static_bytecode,,unknown,no static frame edges found
061,Haohmaru,sidestep_down_candidate,3146,435,,,,,unknown_from_static_bytecode,,unknown,no static frame edges found
061,Haohmaru,sidestep_down_candidate,3146,438,,,,,unknown_from_static_bytecode,,unknown,no static frame edges found
061,Haohmaru,sidestep_down_candidate,3146,441,,,,,unknown_from_static_bytecode,,unknown,no static frame edges found
061,Haohmaru,sidestep_down_candidate,3146,444,,,,,unknown_from_static_bytecode,,unknown,no static frame edges found
061,Haohmaru,sidestep_down_candidate,3146,516,,,,,unknown_from_static_bytecode,,unknown,no static frame edges found
061,Haohmaru,sidestep_up_candidate,555,556,,,,,unknown_from_static_bytecode,,unknown,no static frame edges found
061,Haohmaru,sidestep_up_candidate,557,558,,,,,unknown_from_static_bytecode,,unknown,no static frame edges found
061,Haohmaru,sidestep_up_candidate,558,559,,,,,unknown_from_static_bytecode,,unknown,no static frame edges found
061,Haohmaru,sidestep_up_candidate,559,560,,,,,unknown_from_static_bytecode,,unknown,no static frame edges found
061,Haohmaru,sidestep_up_candidate,560,561,,,,,unknown_from_static_bytecode,,unknown,no static frame edges found
061,Haohmaru,sidestep_up_candidate,561,563,,,,,unknown_from_static_bytecode,,unknown,no static frame edges found
061,Haohmaru,sidestep_up_candidate,3124,492,,,,,unknown_from_static_bytecode,,unknown,no static frame edges found
061,Haohmaru,sidestep_up_candidate,3124,494,,,,,unknown_from_static_bytecode,,unknown,no static frame edges found
061,Haohmaru,sidestep_up_candidate,2801,461,,,,,unknown_from_static_bytecode,,unknown,no static frame edges found
061,Haohmaru,sidestep_up_candidate,3122,487,,,,,unknown_from_static_bytecode,,unknown,no static frame edges found
061,Haohmaru,sidestep_up_candidate,3123,487,,,,,unknown_from_static_bytecode,,unknown,no static frame edges found
061,Haohmaru,sidestep_up_candidate,3146,161,,,,,unknown_from_static_bytecode,,unknown,no static frame edges found
061,Haohmaru,sidestep_up_candidate,3146,166,,,,,unknown_from_static_bytecode,,unknown,no static frame edges found
061,Haohmaru,sidestep_up_candidate,426,428,,,,,unknown_from_static_bytecode,,unknown,no static frame edges found
061,Haohmaru,sidestep_up_candidate,427,428,,,,,unknown_from_static_bytecode,,unknown,no static frame edges found
061,Haohmaru,sidestep_up_candidate,549,550,,,,,unknown_from_static_bytecode,,unknown,no static frame edges found
061,Haohmaru,sidestep_up_candidate,549,550,,,,,unknown_from_static_bytecode,,unknown,no static frame edges found
061,Haohmaru,sidestep_up_candidate,550,551,,,,,unknown_from_static_bytecode,,unknown,no static frame edges found
061,Haohmaru,sidestep_up_candidate,550,551,,,,,unknown_from_static_bytecode,,unknown,no static frame edges found
061,Haohmaru,sidestep_up_candidate,551,552,,,,,unknown_from_static_bytecode,,unknown,no static frame edges found
061,Haohmaru,sidestep_up_candidate,551,552,,,,,unknown_from_static_bytecode,,unknown,no static frame edges found
061,Haohmaru,sidestep_up_candidate,552,553,,,,,unknown_from_static_bytecode,,unknown,no static frame edges found
061,Haohmaru,sidestep_up_candidate,552,553,,,,,unknown_from_static_bytecode,,unknown,no static frame edges found
061,Haohmaru,sidestep_up_candidate,556,557,,,,,unknown_from_static_bytecode,,unknown,no static frame edges found
062,Groh,backstep_candidate,260,261,,,,,unknown_from_static_bytecode,,unknown,no static frame edges found
062,Groh,backstep_candidate,263,333,,,,,unknown_from_static_bytecode,,unknown,no static frame edges found
062,Groh,backstep_candidate,306,310,,,,,unknown_from_static_bytecode,,unknown,no static frame edges found
062,Groh,backstep_candidate,314,319,,,,,unknown_from_static_bytecode,,unknown,no static frame edges found
062,Groh,backstep_candidate,372,373,,,,,unknown_from_static_bytecode,,unknown,no static frame edges found
062,Groh,backstep_candidate,1924,1558,,,,,unknown_from_static_bytecode,,unknown,no static frame edges found
062,Groh,backstep_candidate,299,333,,,,,unknown_from_static_bytecode,,unknown,no static frame edges found
062,Groh,backstep_candidate,346,333,,,,,unknown_from_static_bytecode,,unknown,no static frame edges found
062,Groh,backstep_candidate,2831,321,,,,,unknown_from_static_bytecode,,unknown,no static frame edges found
062,Groh,backstep_candidate,1925,2227,,,,,unknown_from_static_bytecode,,unknown,no static frame edges found
062,Groh,backstep_candidate,2058,2233,,,,,unknown_from_static_bytecode,,unknown,no static frame edges found
062,Groh,backstep_candidate,2060,2233,,,,,unknown_from_static_bytecode,,unknown,no static frame edges found
062,Groh,backstep_candidate,2114,2236,,,,,unknown_from_static_bytecode,,unknown,no static frame edges found
062,Groh,backstep_candidate,2153,2238,,,,,unknown_from_static_bytecode,,unknown,no static frame edges found
062,Groh,eight_way_or_ambiguous,161,164,,,,,unknown_from_static_bytecode,,unknown,no static frame edges found
062,Groh,eight_way_or_ambiguous,315,316,,,,,unknown_from_static_bytecode,,unknown,no static frame edges found
062,Groh,eight_way_or_ambiguous,2831,319,,,,,unknown_from_static_bytecode,,unknown,no static frame edges found
062,Groh,forward_step_candidate,263,336,,,,,unknown_from_static_bytecode,,unknown,no static frame edges found
062,Groh,forward_step_candidate,274,275,,,,,unknown_from_static_bytecode,,unknown,no static frame edges found
062,Groh,forward_step_candidate,306,319,,,,,unknown_from_static_bytecode,,unknown,no static frame edges found
062,Groh,forward_step_candidate,376,377,,,,,unknown_from_static_bytecode,,unknown,no static frame edges found
062,Groh,forward_step_candidate,1924,1558,,,,,unknown_from_static_bytecode,,unknown,no static frame edges found
062,Groh,forward_step_candidate,168,396,,,,,unknown_from_static_bytecode,,unknown,no static frame edges found
062,Groh,forward_step_candidate,299,336,,,,,unknown_from_static_bytecode,,unknown,no static frame edges found
062,Groh,forward_step_candidate,318,321,,,,,unknown_from_static_bytecode,,unknown,no static frame edges found
062,Groh,forward_step_candidate,346,336,,,,,unknown_from_static_bytecode,,unknown,no static frame edges found
062,Groh,forward_step_candidate,2831,318,,,,,unknown_from_static_bytecode,,unknown,no static frame edges found
062,Groh,forward_step_candidate,1925,2227,,,,,unknown_from_static_bytecode,,unknown,no static frame edges found
062,Groh,forward_step_candidate,2058,2233,,,,,unknown_from_static_bytecode,,unknown,no static frame edges found
062,Groh,forward_step_candidate,2060,2233,,,,,unknown_from_static_bytecode,,unknown,no static frame edges found
062,Groh,forward_step_candidate,2115,2236,,,,,unknown_from_static_bytecode,,unknown,no static frame edges found
062,Groh,forward_step_candidate,2155,2238,,,,,unknown_from_static_bytecode,,unknown,no static frame edges found
062,Groh,sidestep_down_candidate,257,405,,,,,unknown_from_static_bytecode,,unknown,no static frame edges found
062,Groh,sidestep_down_candidate,271,406,,,,,unknown_from_static_bytecode,,unknown,no static frame edges found
062,Groh,sidestep_down_candidate,285,407,,,,,unknown_from_static_bytecode,,unknown,no static frame edges found
062,Groh,sidestep_down_candidate,435,6,,,,,unknown_from_static_bytecode,,unknown,no static frame edges found
062,Groh,sidestep_down_candidate,1390,1370,,,,,unknown_from_static_bytecode,,unknown,no static frame edges found
062,Groh,sidestep_down_candidate,2506,435,,,,,unknown_from_static_bytecode,,unknown,no static frame edges found
062,Groh,sidestep_down_candidate,2506,435,,,,,unknown_from_static_bytecode,,unknown,no static frame edges found
062,Groh,sidestep_up_candidate,263,340,,,,,unknown_from_static_bytecode,,unknown,no static frame edges found
062,Groh,sidestep_up_candidate,314,321,,,,,unknown_from_static_bytecode,,unknown,no static frame edges found
062,Groh,sidestep_up_candidate,299,340,,,,,unknown_from_static_bytecode,,unknown,no static frame edges found
062,Groh,sidestep_up_candidate,346,340,,,,,unknown_from_static_bytecode,,unknown,no static frame edges found
062,Groh,sidestep_up_candidate,2831,306,,,,,unknown_from_static_bytecode,,unknown,no static frame edges found
062,Groh,sidestep_up_candidate,2831,314,,,,,unknown_from_static_bytecode,,unknown,no static frame edges found
064,Azwel,backstep_candidate,256,259,,,,,unknown_from_static_bytecode,,unknown,no static frame edges found
064,Azwel,backstep_candidate,287,294,,,,,unknown_from_static_bytecode,,unknown,no static frame edges found
064,Azwel,backstep_candidate,478,479,,,,,unknown_from_static_bytecode,,unknown,no static frame edges found
064,Azwel,backstep_candidate,2030,1664,,,,,unknown_from_static_bytecode,,unknown,no static frame edges found
064,Azwel,backstep_candidate,257,259,,,,,unknown_from_static_bytecode,,unknown,no static frame edges found
064,Azwel,backstep_candidate,259,260,,,,,unknown_from_static_bytecode,,unknown,no static frame edges found
064,Azwel,backstep_candidate,288,294,,,,,unknown_from_static_bytecode,,unknown,no static frame edges found
064,Azwel,backstep_candidate,2031,2333,,,,,unknown_from_static_bytecode,,unknown,no static frame edges found
064,Azwel,backstep_candidate,2164,2339,,,,,unknown_from_static_bytecode,,unknown,no static frame edges found
064,Azwel,backstep_candidate,2166,2339,,,,,unknown_from_static_bytecode,,unknown,no static frame edges found
064,Azwel,backstep_candidate,2220,2342,,,,,unknown_from_static_bytecode,,unknown,no static frame edges found
064,Azwel,backstep_candidate,2259,2344,,,,,unknown_from_static_bytecode,,unknown,no static frame edges found
064,Azwel,eight_way_or_ambiguous,161,164,,,,,unknown_from_static_bytecode,,unknown,no static frame edges found
064,Azwel,eight_way_or_ambiguous,459,467,,,,,unknown_from_static_bytecode,,unknown,no static frame edges found
064,Azwel,eight_way_or_ambiguous,460,469,,,,,unknown_from_static_bytecode,,unknown,no static frame edges found
064,Azwel,eight_way_or_ambiguous,461,486,,,,,unknown_from_static_bytecode,,unknown,no static frame edges found
064,Azwel,eight_way_or_ambiguous,462,498,,,,,unknown_from_static_bytecode,,unknown,no static frame edges found
064,Azwel,eight_way_or_ambiguous,2937,477,,,,,unknown_from_static_bytecode,,unknown,no static frame edges found
064,Azwel,eight_way_or_ambiguous,2938,493,,,,,unknown_from_static_bytecode,,unknown,no static frame edges found
064,Azwel,eight_way_or_ambiguous,2938,494,,,,,unknown_from_static_bytecode,,unknown,no static frame edges found
064,Azwel,eight_way_or_ambiguous,2939,505,,,,,unknown_from_static_bytecode,,unknown,no static frame edges found
064,Azwel,forward_diagonal,2937,483,,,,,unknown_from_static_bytecode,,unknown,no static frame edges found
064,Azwel,forward_diagonal,2939,507,,,,,unknown_from_static_bytecode,,unknown,no static frame edges found
064,Azwel,forward_step_candidate,256,272,,,,,unknown_from_static_bytecode,,unknown,no static frame edges found
064,Azwel,forward_step_candidate,287,295,,,,,unknown_from_static_bytecode,,unknown,no static frame edges found
064,Azwel,forward_step_candidate,295,297,,,,,unknown_from_static_bytecode,,unknown,no static frame edges found
064,Azwel,forward_step_candidate,315,317,,,,,unknown_from_static_bytecode,,unknown,no static frame edges found
064,Azwel,forward_step_candidate,318,321,,,,,unknown_from_static_bytecode,,unknown,no static frame edges found
064,Azwel,forward_step_candidate,379,381,,,,,unknown_from_static_bytecode,,unknown,no static frame edges found
064,Azwel,forward_step_candidate,387,389,,,,,unknown_from_static_bytecode,,unknown,no static frame edges found
064,Azwel,forward_step_candidate,412,413,,,,,unknown_from_static_bytecode,,unknown,no static frame edges found
064,Azwel,forward_step_candidate,478,480,,,,,unknown_from_static_bytecode,,unknown,no static frame edges found
064,Azwel,forward_step_candidate,507,508,,,,,unknown_from_static_bytecode,,unknown,no static frame edges found
064,Azwel,forward_step_candidate,2030,1664,,,,,unknown_from_static_bytecode,,unknown,no static frame edges found
064,Azwel,forward_step_candidate,168,432,,,,,unknown_from_static_bytecode,,unknown,no static frame edges found
064,Azwel,forward_step_candidate,257,272,,,,,unknown_from_static_bytecode,,unknown,no static frame edges found
064,Azwel,forward_step_candidate,288,296,,,,,unknown_from_static_bytecode,,unknown,no static frame edges found
064,Azwel,forward_step_candidate,296,297,,,,,unknown_from_static_bytecode,,unknown,no static frame edges found
064,Azwel,forward_step_candidate,313,314,,,,,unknown_from_static_bytecode,,unknown,no static frame edges found
064,Azwel,forward_step_candidate,316,317,,,,,unknown_from_static_bytecode,,unknown,no static frame edges found
064,Azwel,forward_step_candidate,319,321,,,,,unknown_from_static_bytecode,,unknown,no static frame edges found
064,Azwel,forward_step_candidate,380,381,,,,,unknown_from_static_bytecode,,unknown,no static frame edges found
064,Azwel,forward_step_candidate,388,389,,,,,unknown_from_static_bytecode,,unknown,no static frame edges found
064,Azwel,forward_step_candidate,414,415,,,,,unknown_from_static_bytecode,,unknown,no static frame edges found
064,Azwel,forward_step_candidate,477,481,,,,,unknown_from_static_bytecode,,unknown,no static frame edges found
064,Azwel,forward_step_candidate,505,506,,,,,unknown_from_static_bytecode,,unknown,no static frame edges found
064,Azwel,forward_step_candidate,2031,2333,,,,,unknown_from_static_bytecode,,unknown,no static frame edges found
064,Azwel,forward_step_candidate,2164,2339,,,,,unknown_from_static_bytecode,,unknown,no static frame edges found
064,Azwel,forward_step_candidate,2166,2339,,,,,unknown_from_static_bytecode,,unknown,no static frame edges found
064,Azwel,forward_step_candidate,2221,2342,,,,,unknown_from_static_bytecode,,unknown,no static frame edges found
064,Azwel,forward_step_candidate,2261,2344,,,,,unknown_from_static_bytecode,,unknown,no static frame edges found
064,Azwel,sidestep_down_candidate,256,258,,,,,unknown_from_static_bytecode,,unknown,no static frame edges found
064,Azwel,sidestep_down_candidate,287,289,,,,,unknown_from_static_bytecode,,unknown,no static frame edges found
064,Azwel,sidestep_down_candidate,257,258,,,,,unknown_from_static_bytecode,,unknown,no static frame edges found
064,Azwel,sidestep_down_candidate,288,289,,,,,unknown_from_static_bytecode,,unknown,no static frame edges found
064,Azwel,sidestep_down_candidate,325,330,,,,,unknown_from_static_bytecode,,unknown,no static frame edges found
064,Azwel,sidestep_down_candidate,326,330,,,,,unknown_from_static_bytecode,,unknown,no static frame edges found
064,Azwel,sidestep_down_candidate,327,331,,,,,unknown_from_static_bytecode,,unknown,no static frame edges found
064,Azwel,sidestep_down_candidate,328,332,,,,,unknown_from_static_bytecode,,unknown,no static frame edges found
064,Azwel,sidestep_down_candidate,329,333,,,,,unknown_from_static_bytecode,,unknown,no static frame edges found
064,Azwel,sidestep_down_candidate,1496,1476,,,,,unknown_from_static_bytecode,,unknown,no static frame edges found
064,Azwel,sidestep_down_candidate,2612,528,,,,,unknown_from_static_bytecode,,unknown,no static frame edges found
064,Azwel,sidestep_down_candidate,2612,528,,,,,unknown_from_static_bytecode,,unknown,no static frame edges found
064,Azwel,sidestep_down_candidate,2940,344,,,,,unknown_from_static_bytecode,,unknown,no static frame edges found
064,Azwel,sidestep_down_candidate,2940,326,,,,,unknown_from_static_bytecode,,unknown,no static frame edges found
064,Azwel,sidestep_down_candidate,2940,326,,,,,unknown_from_static_bytecode,,unknown,no static frame edges found
064,Azwel,sidestep_down_candidate,2940,327,,,,,unknown_from_static_bytecode,,unknown,no static frame edges found
064,Azwel,sidestep_down_candidate,2940,327,,,,,unknown_from_static_bytecode,,unknown,no static frame edges found
064,Azwel,sidestep_down_candidate,2940,328,,,,,unknown_from_static_bytecode,,unknown,no static frame edges found
064,Azwel,sidestep_down_candidate,2940,328,,,,,unknown_from_static_bytecode,,unknown,no static frame edges found
064,Azwel,sidestep_down_candidate,2940,329,,,,,unknown_from_static_bytecode,,unknown,no static frame edges found
064,Azwel,sidestep_down_candidate,2940,329,,,,,unknown_from_static_bytecode,,unknown,no static frame edges found
064,Azwel,sidestep_down_candidate,2940,334,,,,,unknown_from_static_bytecode,,unknown,no static frame edges found
064,Azwel,sidestep_down_candidate,2940,345,,,,,unknown_from_static_bytecode,,unknown,no static frame edges found
064,Azwel,sidestep_down_candidate,2940,346,,,,,unknown_from_static_bytecode,,unknown,no static frame edges found
064,Azwel,sidestep_down_candidate,2940,416,,,,,unknown_from_static_bytecode,,unknown,no static frame edges found
064,Azwel,sidestep_down_candidate,2940,417,,,,,unknown_from_static_bytecode,,unknown,no static frame edges found
064,Azwel,sidestep_down_candidate,2940,418,,,,,unknown_from_static_bytecode,,unknown,no static frame edges found
064,Azwel,sidestep_down_candidate,2940,430,,,,,unknown_from_static_bytecode,,unknown,no static frame edges found
064,Azwel,sidestep_down_candidate,2940,430,,,,,unknown_from_static_bytecode,,unknown,no static frame edges found
064,Azwel,sidestep_down_candidate,2940,430,,,,,unknown_from_static_bytecode,,unknown,no static frame edges found
064,Azwel,sidestep_down_candidate,2940,463,,,,,unknown_from_static_bytecode,,unknown,no static frame edges found
064,Azwel,sidestep_down_candidate,2940,514,,,,,unknown_from_static_bytecode,,unknown,no static frame edges found
064,Azwel,sidestep_down_candidate,2940,514,,,,,unknown_from_static_bytecode,,unknown,no static frame edges found
064,Azwel,sidestep_down_candidate,2940,514,,,,,unknown_from_static_bytecode,,unknown,no static frame edges found
064,Azwel,sidestep_down_candidate,2940,514,,,,,unknown_from_static_bytecode,,unknown,no static frame edges found
064,Azwel,sidestep_down_candidate,2940,514,,,,,unknown_from_static_bytecode,,unknown,no static frame edges found
064,Azwel,sidestep_down_candidate,2940,514,,,,,unknown_from_static_bytecode,,unknown,no static frame edges found
064,Azwel,sidestep_down_candidate,2940,516,,,,,unknown_from_static_bytecode,,unknown,no static frame edges found
064,Azwel,sidestep_down_candidate,2940,516,,,,,unknown_from_static_bytecode,,unknown,no static frame edges found
064,Azwel,sidestep_down_candidate,2940,516,,,,,unknown_from_static_bytecode,,unknown,no static frame edges found
064,Azwel,sidestep_down_candidate,2940,516,,,,,unknown_from_static_bytecode,,unknown,no static frame edges found
064,Azwel,sidestep_down_candidate,2940,517,,,,,unknown_from_static_bytecode,,unknown,no static frame edges found
064,Azwel,sidestep_down_candidate,2940,517,,,,,unknown_from_static_bytecode,,unknown,no static frame edges found
064,Azwel,sidestep_down_candidate,2940,517,,,,,unknown_from_static_bytecode,,unknown,no static frame edges found
064,Azwel,sidestep_down_candidate,2940,517,,,,,unknown_from_static_bytecode,,unknown,no static frame edges found
064,Azwel,sidestep_down_candidate,2940,517,,,,,unknown_from_static_bytecode,,unknown,no static frame edges found
064,Azwel,sidestep_down_candidate,2940,519,,,,,unknown_from_static_bytecode,,unknown,no static frame edges found
064,Azwel,sidestep_down_candidate,2940,519,,,,,unknown_from_static_bytecode,,unknown,no static frame edges found
064,Azwel,sidestep_down_candidate,2940,519,,,,,unknown_from_static_bytecode,,unknown,no static frame edges found
064,Azwel,sidestep_down_candidate,2940,520,,,,,unknown_from_static_bytecode,,unknown,no static frame edges found
064,Azwel,sidestep_down_candidate,2940,520,,,,,unknown_from_static_bytecode,,unknown,no static frame edges found
064,Azwel,sidestep_down_candidate,2940,520,,,,,unknown_from_static_bytecode,,unknown,no static frame edges found
064,Azwel,sidestep_down_candidate,2940,520,,,,,unknown_from_static_bytecode,,unknown,no static frame edges found
064,Azwel,sidestep_down_candidate,2940,520,,,,,unknown_from_static_bytecode,,unknown,no static frame edges found
064,Azwel,sidestep_down_candidate,2940,523,,,,,unknown_from_static_bytecode,,unknown,no static frame edges found
064,Azwel,sidestep_down_candidate,2940,523,,,,,unknown_from_static_bytecode,,unknown,no static frame edges found
064,Azwel,sidestep_down_candidate,2940,523,,,,,unknown_from_static_bytecode,,unknown,no static frame edges found
064,Azwel,sidestep_up_candidate,370,280,,,,,unknown_from_static_bytecode,,unknown,no static frame edges found
064,Azwel,sidestep_up_candidate,2940,432,,,,,unknown_from_static_bytecode,,unknown,no static frame edges found
064,Azwel,sidestep_up_candidate,2940,433,,,,,unknown_from_static_bytecode,,unknown,no static frame edges found
064,Azwel,sidestep_up_candidate,2940,434,,,,,unknown_from_static_bytecode,,unknown,no static frame edges found
064,Azwel,sidestep_up_candidate,278,280,,,,,unknown_from_static_bytecode,,unknown,no static frame edges found
064,Azwel,sidestep_up_candidate,279,280,,,,,unknown_from_static_bytecode,,unknown,no static frame edges found
064,Azwel,sidestep_up_candidate,371,280,,,,,unknown_from_static_bytecode,,unknown,no static frame edges found
065,Geralt,backstep_candidate,303,308,,,,,unknown_from_static_bytecode,,unknown,no static frame edges found
065,Geralt,backstep_candidate,306,308,,,,,unknown_from_static_bytecode,,unknown,no static frame edges found
065,Geralt,backstep_candidate,307,308,,,,,unknown_from_static_bytecode,,unknown,no static frame edges found
065,Geralt,backstep_candidate,354,355,,,,,unknown_from_static_bytecode,,unknown,no static frame edges found
065,Geralt,backstep_candidate,359,308,,,,,unknown_from_static_bytecode,,unknown,no static frame edges found
065,Geralt,backstep_candidate,1915,1549,,,,,unknown_from_static_bytecode,,unknown,no static frame edges found
065,Geralt,backstep_candidate,268,269,,,,,unknown_from_static_bytecode,,unknown,no static frame edges found
065,Geralt,backstep_candidate,277,278,,,,,unknown_from_static_bytecode,,unknown,no static frame edges found
065,Geralt,backstep_candidate,277,279,,,,,unknown_from_static_bytecode,,unknown,no static frame edges found
065,Geralt,backstep_candidate,305,308,,,,,unknown_from_static_bytecode,,unknown,no static frame edges found
065,Geralt,backstep_candidate,410,419,,,,,unknown_from_static_bytecode,,unknown,no static frame edges found
065,Geralt,backstep_candidate,1916,2218,,,,,unknown_from_static_bytecode,,unknown,no static frame edges found
065,Geralt,backstep_candidate,2049,2224,,,,,unknown_from_static_bytecode,,unknown,no static frame edges found
065,Geralt,backstep_candidate,2051,2224,,,,,unknown_from_static_bytecode,,unknown,no static frame edges found
065,Geralt,backstep_candidate,2105,2227,,,,,unknown_from_static_bytecode,,unknown,no static frame edges found
065,Geralt,backstep_candidate,2144,2229,,,,,unknown_from_static_bytecode,,unknown,no static frame edges found
065,Geralt,eight_way_or_ambiguous,161,164,,,,,unknown_from_static_bytecode,,unknown,no static frame edges found
065,Geralt,eight_way_or_ambiguous,314,316,,,,,unknown_from_static_bytecode,,unknown,no static frame edges found
065,Geralt,forward_diagonal,303,310,,,,,unknown_from_static_bytecode,,unknown,no static frame edges found
065,Geralt,forward_diagonal,303,311,,,,,unknown_from_static_bytecode,,unknown,no static frame edges found
065,Geralt,forward_diagonal,306,310,,,,,unknown_from_static_bytecode,,unknown,no static frame edges found
065,Geralt,forward_diagonal,306,311,,,,,unknown_from_static_bytecode,,unknown,no static frame edges found
065,Geralt,forward_diagonal,323,325,,,,,unknown_from_static_bytecode,,unknown,no static frame edges found
065,Geralt,forward_diagonal,323,326,,,,,unknown_from_static_bytecode,,unknown,no static frame edges found
065,Geralt,forward_diagonal,359,310,,,,,unknown_from_static_bytecode,,unknown,no static frame edges found
065,Geralt,forward_diagonal,359,311,,,,,unknown_from_static_bytecode,,unknown,no static frame edges found
065,Geralt,forward_diagonal,305,310,,,,,unknown_from_static_bytecode,,unknown,no static frame edges found
065,Geralt,forward_diagonal,305,311,,,,,unknown_from_static_bytecode,,unknown,no static frame edges found
065,Geralt,forward_diagonal,324,325,,,,,unknown_from_static_bytecode,,unknown,no static frame edges found
065,Geralt,forward_diagonal,324,326,,,,,unknown_from_static_bytecode,,unknown,no static frame edges found
065,Geralt,forward_step_candidate,293,294,,,,,unknown_from_static_bytecode,,unknown,no static frame edges found
065,Geralt,forward_step_candidate,303,309,,,,,unknown_from_static_bytecode,,unknown,no static frame edges found
065,Geralt,forward_step_candidate,306,309,,,,,unknown_from_static_bytecode,,unknown,no static frame edges found
065,Geralt,forward_step_candidate,307,309,,,,,unknown_from_static_bytecode,,unknown,no static frame edges found
065,Geralt,forward_step_candidate,359,309,,,,,unknown_from_static_bytecode,,unknown,no static frame edges found
065,Geralt,forward_step_candidate,370,371,,,,,unknown_from_static_bytecode,,unknown,no static frame edges found
065,Geralt,forward_step_candidate,1915,1549,,,,,unknown_from_static_bytecode,,unknown,no static frame edges found
065,Geralt,forward_step_candidate,168,381,,,,,unknown_from_static_bytecode,,unknown,no static frame edges found
065,Geralt,forward_step_candidate,286,288,,,,,unknown_from_static_bytecode,,unknown,no static frame edges found
065,Geralt,forward_step_candidate,305,309,,,,,unknown_from_static_bytecode,,unknown,no static frame edges found
065,Geralt,forward_step_candidate,1916,2218,,,,,unknown_from_static_bytecode,,unknown,no static frame edges found
065,Geralt,forward_step_candidate,2049,2224,,,,,unknown_from_static_bytecode,,unknown,no static frame edges found
065,Geralt,forward_step_candidate,2051,2224,,,,,unknown_from_static_bytecode,,unknown,no static frame edges found
065,Geralt,forward_step_candidate,2106,2227,,,,,unknown_from_static_bytecode,,unknown,no static frame edges found
065,Geralt,forward_step_candidate,2146,2229,,,,,unknown_from_static_bytecode,,unknown,no static frame edges found
065,Geralt,sidestep_down_candidate,414,6,,,,,unknown_from_static_bytecode,,unknown,no static frame edges found
065,Geralt,sidestep_down_candidate,1381,1361,,,,,unknown_from_static_bytecode,,unknown,no static frame edges found
065,Geralt,sidestep_down_candidate,2497,414,,,,,unknown_from_static_bytecode,,unknown,no static frame edges found
065,Geralt,sidestep_down_candidate,2497,414,,,,,unknown_from_static_bytecode,,unknown,no static frame edges found
065,Geralt,sidestep_up_candidate,297,298,,,,,unknown_from_static_bytecode,,unknown,no static frame edges found
065,Geralt,sidestep_up_candidate,354,356,,,,,unknown_from_static_bytecode,,unknown,no static frame edges found
065,Geralt,sidestep_up_candidate,356,357,,,,,unknown_from_static_bytecode,,unknown,no static frame edges found
066,Unknown (cid 066),backstep_candidate,257,258,,,,,unknown_from_static_bytecode,,unknown,no static frame edges found
066,Unknown (cid 066),backstep_candidate,265,266,,,,,unknown_from_static_bytecode,,unknown,no static frame edges found
066,Unknown (cid 066),backstep_candidate,1870,1504,,,,,unknown_from_static_bytecode,,unknown,no static frame edges found
066,Unknown (cid 066),backstep_candidate,1871,2173,,,,,unknown_from_static_bytecode,,unknown,no static frame edges found
066,Unknown (cid 066),backstep_candidate,2004,2179,,,,,unknown_from_static_bytecode,,unknown,no static frame edges found
066,Unknown (cid 066),backstep_candidate,2006,2179,,,,,unknown_from_static_bytecode,,unknown,no static frame edges found
066,Unknown (cid 066),backstep_candidate,2060,2182,,,,,unknown_from_static_bytecode,,unknown,no static frame edges found
066,Unknown (cid 066),backstep_candidate,2099,2184,,,,,unknown_from_static_bytecode,,unknown,no static frame edges found
066,Unknown (cid 066),eight_way_or_ambiguous,161,164,,,,,unknown_from_static_bytecode,,unknown,no static frame edges found
066,Unknown (cid 066),forward_step_candidate,266,268,,,,,unknown_from_static_bytecode,,unknown,no static frame edges found
066,Unknown (cid 066),forward_step_candidate,269,270,,,,,unknown_from_static_bytecode,,unknown,no static frame edges found
066,Unknown (cid 066),forward_step_candidate,1870,1504,,,,,unknown_from_static_bytecode,,unknown,no static frame edges found
066,Unknown (cid 066),forward_step_candidate,168,336,,,,,unknown_from_static_bytecode,,unknown,no static frame edges found
066,Unknown (cid 066),forward_step_candidate,2777,361,,,,,unknown_from_static_bytecode,,unknown,no static frame edges found
066,Unknown (cid 066),forward_step_candidate,2777,364,,,,,unknown_from_static_bytecode,,unknown,no static frame edges found
066,Unknown (cid 066),forward_step_candidate,2777,367,,,,,unknown_from_static_bytecode,,unknown,no static frame edges found
066,Unknown (cid 066),forward_step_candidate,2777,370,,,,,unknown_from_static_bytecode,,unknown,no static frame edges found
066,Unknown (cid 066),forward_step_candidate,1871,2173,,,,,unknown_from_static_bytecode,,unknown,no static frame edges found
066,Unknown (cid 066),forward_step_candidate,2004,2179,,,,,unknown_from_static_bytecode,,unknown,no static frame edges found
066,Unknown (cid 066),forward_step_candidate,2006,2179,,,,,unknown_from_static_bytecode,,unknown,no static frame edges found
066,Unknown (cid 066),forward_step_candidate,2061,2182,,,,,unknown_from_static_bytecode,,unknown,no static frame edges found
066,Unknown (cid 066),forward_step_candidate,2101,2184,,,,,unknown_from_static_bytecode,,unknown,no static frame edges found
066,Unknown (cid 066),sidestep_down_candidate,257,259,,,,,unknown_from_static_bytecode,,unknown,no static frame edges found
066,Unknown (cid 066),sidestep_down_candidate,269,272,,,,,unknown_from_static_bytecode,,unknown,no static frame edges found
066,Unknown (cid 066),sidestep_down_candidate,1336,1316,,,,,unknown_from_static_bytecode,,unknown,no static frame edges found
066,Unknown (cid 066),sidestep_down_candidate,2452,383,,,,,unknown_from_static_bytecode,,unknown,no static frame edges found
066,Unknown (cid 066),sidestep_down_candidate,2452,383,,,,,unknown_from_static_bytecode,,unknown,no static frame edges found
066,Unknown (cid 066),sidestep_down_candidate,2779,361,,,,,unknown_from_static_bytecode,,unknown,no static frame edges found
066,Unknown (cid 066),sidestep_down_candidate,2779,363,,,,,unknown_from_static_bytecode,,unknown,no static frame edges found
066,Unknown (cid 066),sidestep_down_candidate,2779,364,,,,,unknown_from_static_bytecode,,unknown,no static frame edges found
066,Unknown (cid 066),sidestep_up_candidate,263,264,,,,,unknown_from_static_bytecode,,unknown,no static frame edges found
066,Unknown (cid 066),sidestep_up_candidate,266,267,,,,,unknown_from_static_bytecode,,unknown,no static frame edges found
066,Unknown (cid 066),sidestep_up_candidate,269,271,,,,,unknown_from_static_bytecode,,unknown,no static frame edges found
066,Unknown (cid 066),sidestep_up_candidate,275,276,,,,,unknown_from_static_bytecode,,unknown,no static frame edges found
066,Unknown (cid 066),sidestep_up_candidate,299,276,,,,,unknown_from_static_bytecode,,unknown,no static frame edges found
066,Unknown (cid 066),sidestep_up_candidate,308,276,,,,,unknown_from_static_bytecode,,unknown,no static frame edges found
066,Unknown (cid 066),sidestep_up_candidate,2777,363,,,,,unknown_from_static_bytecode,,unknown,no static frame edges found
066,Unknown (cid 066),sidestep_up_candidate,2777,369,,,,,unknown_from_static_bytecode,,unknown,no static frame edges found
