cid,character,movement_type,src_slot,dst_slot,animation_hex,predicate_text,source_is_neutral,source_is_stance_root,same_bank,motion_decoded,root_curve_status,cell_count,offensive_cell_count,earliest_offensive_cell_frame,earliest_return_or_guard_frame,earliest_stance_return_frame,earliest_unresolved_recovery_frame,recovery_trust_status,recovery_trust_confidence,target_cid,target_character,target_bank_kind,target_resolution_status,trust_status,trust_score,trust_reason
001,Mitsurugi,backstep_candidate,261,263,028F,(any:back),True,True,True,True,decoded_root_motion,0,0,,,,,unknown_from_static_bytecode,unknown,001,Mitsurugi,local,resolved_local,trusted_basic,205,direct movement predicate; same-bank route; root motion decoded; source is neutral-like; no active offensive cells on destination slot
001,Mitsurugi,backstep_candidate,372,374,01D4,(any:back),True,True,True,True,decoded_root_motion,0,0,,,,,unknown_from_static_bytecode,unknown,001,Mitsurugi,local,resolved_local,trusted_basic,205,direct movement predicate; same-bank route; root motion decoded; source is neutral-like; no active offensive cells on destination slot
001,Mitsurugi,backstep_candidate,418,419,028D,(any:back),True,True,True,True,decoded_root_motion,0,0,,,,,unknown_from_static_bytecode,unknown,001,Mitsurugi,local,resolved_local,trusted_basic,205,direct movement predicate; same-bank route; root motion decoded; source is neutral-like; no active offensive cells on destination slot
001,Mitsurugi,backstep_candidate,406,418,02DE,(any:back),True,True,True,True,decoded_root_motion,1,1,15,,,,unknown_from_static_bytecode,unknown,001,Mitsurugi,local,resolved_local,unresolved,155,offensive cells exist and no static return/recovery frame is known
001,Mitsurugi,backstep_candidate,413,418,02DE,(any:back),True,True,True,True,decoded_root_motion,1,1,15,,,,unknown_from_static_bytecode,unknown,001,Mitsurugi,local,resolved_local,unresolved,155,offensive cells exist and no static return/recovery frame is known
001,Mitsurugi,backstep_candidate,414,418,02DE,(any:back),True,False,True,True,decoded_root_motion,1,1,15,,,,unknown_from_static_bytecode,unknown,001,Mitsurugi,local,resolved_local,unresolved,155,offensive cells exist and no static return/recovery frame is known
001,Mitsurugi,backstep_candidate,415,418,02DE,(any:back),True,False,True,True,decoded_root_motion,1,1,15,,,,unknown_from_static_bytecode,unknown,001,Mitsurugi,local,resolved_local,unresolved,155,offensive cells exist and no static return/recovery frame is known
001,Mitsurugi,backstep_candidate,416,418,02DE,(any:back),True,True,True,True,decoded_root_motion,1,1,15,,,,unknown_from_static_bytecode,unknown,001,Mitsurugi,local,resolved_local,unresolved,155,offensive cells exist and no static return/recovery frame is known
001,Mitsurugi,backstep_candidate,418,418,02DE,(any:back),True,True,True,True,decoded_root_motion,1,1,15,,,,unknown_from_static_bytecode,unknown,001,Mitsurugi,local,resolved_local,unresolved,155,offensive cells exist and no static return/recovery frame is known
001,Mitsurugi,backstep_candidate,418,420,019D,(any:back),True,True,True,True,decoded_root_motion,1,1,9,,,,unknown_from_static_bytecode,unknown,001,Mitsurugi,local,resolved_local,unresolved,155,offensive cells exist and no static return/recovery frame is known
001,Mitsurugi,backstep_candidate,418,421,019D,(any:back),True,True,True,True,decoded_root_motion,1,1,9,,,,unknown_from_static_bytecode,unknown,001,Mitsurugi,local,resolved_local,unresolved,155,offensive cells exist and no static return/recovery frame is known
001,Mitsurugi,backstep_candidate,1974,1608,1490,(any:back),True,True,True,False,unknown_without_root_motion_decode,0,0,,,,,unknown_from_static_bytecode,unknown,001,Mitsurugi,move_bucket_2,resolved_move_bucket,unresolved,113,root motion did not decode with high confidence
001,Mitsurugi,backstep_candidate,268,269,01D4,(any:back),False,False,True,True,decoded_root_motion,0,0,,,,,unknown_from_static_bytecode,unknown,001,Mitsurugi,local,resolved_local,measured_but_not_basic,155,source is not proven neutral or stance-root basic movement
001,Mitsurugi,backstep_candidate,361,362,01D6,(any:back),False,False,True,True,decoded_root_motion,0,0,,,,,unknown_from_static_bytecode,unknown,001,Mitsurugi,local,resolved_local,measured_but_not_basic,155,source is not proven neutral or stance-root basic movement
001,Mitsurugi,backstep_candidate,474,476,028F,(any:back),False,False,True,True,decoded_root_motion,0,0,,,,,unknown_from_static_bytecode,unknown,001,Mitsurugi,local,resolved_local,measured_but_not_basic,155,source is not proven neutral or stance-root basic movement
001,Mitsurugi,backstep_candidate,258,259,0318,(any:back),False,False,True,True,decoded_root_motion,2,2,41,,,,unknown_from_static_bytecode,unknown,001,Mitsurugi,local,resolved_local,unresolved,155,offensive cells exist and no static return/recovery frame is known
001,Mitsurugi,backstep_candidate,465,474,01DC,(any:back),False,False,True,True,decoded_root_motion,1,1,28,,,,unknown_from_static_bytecode,unknown,001,Mitsurugi,local,resolved_local,unresolved,155,offensive cells exist and no static return/recovery frame is known
001,Mitsurugi,backstep_candidate,474,475,01DB,(any:back),False,False,True,True,decoded_root_motion,1,1,20,,,,unknown_from_static_bytecode,unknown,001,Mitsurugi,local,resolved_local,unresolved,155,offensive cells exist and no static return/recovery frame is known
001,Mitsurugi,backstep_candidate,1975,2277,1255,(any:back),False,False,True,False,unknown_without_root_motion_decode,0,0,,,,,unknown_from_static_bytecode,unknown,001,Mitsurugi,move_bucket_2,resolved_move_bucket,unresolved,113,root motion did not decode with high confidence
001,Mitsurugi,backstep_candidate,2108,2283,15DF,(any:back),False,False,True,False,unknown_without_root_motion_decode,0,0,,,,,unknown_from_static_bytecode,unknown,001,Mitsurugi,move_bucket_2,resolved_move_bucket,unresolved,113,root motion did not decode with high confidence
001,Mitsurugi,backstep_candidate,2110,2283,15DF,(any:back),False,False,True,False,unknown_without_root_motion_decode,0,0,,,,,unknown_from_static_bytecode,unknown,001,Mitsurugi,move_bucket_2,resolved_move_bucket,unresolved,113,root motion did not decode with high confidence
001,Mitsurugi,backstep_candidate,2164,2286,1167,(any:back),False,False,True,False,unknown_without_root_motion_decode,0,0,,,,,unknown_from_static_bytecode,unknown,001,Mitsurugi,move_bucket_2,resolved_move_bucket,unresolved,113,root motion did not decode with high confidence
001,Mitsurugi,backstep_candidate,2203,2288,1250,(any:back),False,False,True,False,unknown_without_root_motion_decode,0,0,,,,,unknown_from_static_bytecode,unknown,001,Mitsurugi,move_bucket_2,resolved_move_bucket,unresolved,113,root motion did not decode with high confidence
001,Mitsurugi,eight_way_or_ambiguous,161,164,0204,(any:back|forward|down),True,True,True,True,decoded_root_motion,0,0,,,,,unknown_from_static_bytecode,unknown,001,Mitsurugi,local,resolved_local,trusted_basic,182,direct movement predicate; same-bank route; root motion decoded; source is neutral-like; no active offensive cells on destination slot
001,Mitsurugi,eight_way_or_ambiguous,374,463,01C1,(back+forward+up+down;any:back|forward|up|down),True,True,True,True,decoded_root_motion,0,0,,,,,unknown_from_static_bytecode,unknown,001,Mitsurugi,local,resolved_local,trusted_basic,182,direct movement predicate; same-bank route; root motion decoded; source is neutral-like; no active offensive cells on destination slot
001,Mitsurugi,eight_way_or_ambiguous,406,424,019C,(back+forward),True,True,True,True,decoded_root_motion,1,0,,,,,unknown_from_static_bytecode,unknown,001,Mitsurugi,local,resolved_local,trusted_basic,182,direct movement predicate; same-bank route; root motion decoded; source is neutral-like; no active offensive cells on destination slot
001,Mitsurugi,eight_way_or_ambiguous,413,424,019C,(back+forward),True,True,True,True,decoded_root_motion,1,0,,,,,unknown_from_static_bytecode,unknown,001,Mitsurugi,local,resolved_local,trusted_basic,182,direct movement predicate; same-bank route; root motion decoded; source is neutral-like; no active offensive cells on destination slot
001,Mitsurugi,eight_way_or_ambiguous,414,424,019C,(back+forward),True,False,True,True,decoded_root_motion,1,0,,,,,unknown_from_static_bytecode,unknown,001,Mitsurugi,local,resolved_local,trusted_basic,182,direct movement predicate; same-bank route; root motion decoded; source is neutral-like; no active offensive cells on destination slot
001,Mitsurugi,eight_way_or_ambiguous,415,424,019C,(back+forward),True,False,True,True,decoded_root_motion,1,0,,,,,unknown_from_static_bytecode,unknown,001,Mitsurugi,local,resolved_local,trusted_basic,182,direct movement predicate; same-bank route; root motion decoded; source is neutral-like; no active offensive cells on destination slot
001,Mitsurugi,eight_way_or_ambiguous,416,424,019C,(back+forward),True,True,True,True,decoded_root_motion,1,0,,,,,unknown_from_static_bytecode,unknown,001,Mitsurugi,local,resolved_local,trusted_basic,182,direct movement predicate; same-bank route; root motion decoded; source is neutral-like; no active offensive cells on destination slot
001,Mitsurugi,eight_way_or_ambiguous,418,424,019C,(back+forward),True,True,True,True,decoded_root_motion,1,0,,,,,unknown_from_static_bytecode,unknown,001,Mitsurugi,local,resolved_local,trusted_basic,182,direct movement predicate; same-bank route; root motion decoded; source is neutral-like; no active offensive cells on destination slot
001,Mitsurugi,eight_way_or_ambiguous,439,436,01BF,(back+forward+up+down;any:back|forward|up|down),False,False,True,True,decoded_root_motion,0,0,,,,,unknown_from_static_bytecode,unknown,001,Mitsurugi,local,resolved_local,measured_but_not_basic,132,source is not proven neutral or stance-root basic movement
001,Mitsurugi,eight_way_or_ambiguous,2885,424,019C,(back+forward),False,False,True,True,decoded_root_motion,1,0,,,,,unknown_from_static_bytecode,unknown,001,Mitsurugi,local,resolved_local,measured_but_not_basic,132,source is not proven neutral or stance-root basic movement
001,Mitsurugi,eight_way_or_ambiguous,2886,424,019C,(back+forward),False,False,True,True,decoded_root_motion,1,0,,,,,unknown_from_static_bytecode,unknown,001,Mitsurugi,local,resolved_local,measured_but_not_basic,132,source is not proven neutral or stance-root basic movement
001,Mitsurugi,eight_way_or_ambiguous,424,425,019E,(back+forward),False,False,True,True,decoded_root_motion,1,1,11,,,,unknown_from_static_bytecode,unknown,001,Mitsurugi,local,resolved_local,unresolved,132,offensive cells exist and no static return/recovery frame is known
001,Mitsurugi,eight_way_or_ambiguous,424,425,019E,(back+forward),False,False,True,True,decoded_root_motion,1,1,11,,,,unknown_from_static_bytecode,unknown,001,Mitsurugi,local,resolved_local,unresolved,132,offensive cells exist and no static return/recovery frame is known
001,Mitsurugi,eight_way_or_ambiguous,2889,456,01C4,(back+forward),False,False,True,True,decoded_root_motion,1,1,27,,,,unknown_from_static_bytecode,unknown,001,Mitsurugi,local,resolved_local,unresolved,132,offensive cells exist and no static return/recovery frame is known
001,Mitsurugi,eight_way_or_ambiguous,2891,456,01C4,(back+forward),False,False,True,True,decoded_root_motion,1,1,27,,,,unknown_from_static_bytecode,unknown,001,Mitsurugi,local,resolved_local,unresolved,132,offensive cells exist and no static return/recovery frame is known
001,Mitsurugi,forward_diagonal,406,427,01A1,(forward+up),True,True,True,True,decoded_root_motion,0,0,,,,,unknown_from_static_bytecode,unknown,001,Mitsurugi,local,resolved_local,trusted_basic,198,direct movement predicate; same-bank route; root motion decoded; source is neutral-like; no active offensive cells on destination slot
001,Mitsurugi,forward_diagonal,413,427,01A1,(forward+up),True,True,True,True,decoded_root_motion,0,0,,,,,unknown_from_static_bytecode,unknown,001,Mitsurugi,local,resolved_local,trusted_basic,198,direct movement predicate; same-bank route; root motion decoded; source is neutral-like; no active offensive cells on destination slot
001,Mitsurugi,forward_diagonal,414,427,01A1,(forward+up),True,False,True,True,decoded_root_motion,0,0,,,,,unknown_from_static_bytecode,unknown,001,Mitsurugi,local,resolved_local,trusted_basic,198,direct movement predicate; same-bank route; root motion decoded; source is neutral-like; no active offensive cells on destination slot
001,Mitsurugi,forward_diagonal,415,427,01A1,(forward+up),True,False,True,True,decoded_root_motion,0,0,,,,,unknown_from_static_bytecode,unknown,001,Mitsurugi,local,resolved_local,trusted_basic,198,direct movement predicate; same-bank route; root motion decoded; source is neutral-like; no active offensive cells on destination slot
001,Mitsurugi,forward_diagonal,416,427,01A1,(forward+up),True,True,True,True,decoded_root_motion,0,0,,,,,unknown_from_static_bytecode,unknown,001,Mitsurugi,local,resolved_local,trusted_basic,198,direct movement predicate; same-bank route; root motion decoded; source is neutral-like; no active offensive cells on destination slot
001,Mitsurugi,forward_diagonal,418,427,01A1,(forward+up),True,True,True,True,decoded_root_motion,0,0,,,,,unknown_from_static_bytecode,unknown,001,Mitsurugi,local,resolved_local,trusted_basic,198,direct movement predicate; same-bank route; root motion decoded; source is neutral-like; no active offensive cells on destination slot
001,Mitsurugi,forward_diagonal,314,315,0191,(forward+up),True,True,True,True,decoded_root_motion,2,2,25,,,,unknown_from_static_bytecode,unknown,001,Mitsurugi,local,resolved_local,unresolved,148,offensive cells exist and no static return/recovery frame is known
001,Mitsurugi,forward_diagonal,2885,427,01A1,(forward+up),False,False,True,True,decoded_root_motion,0,0,,,,,unknown_from_static_bytecode,unknown,001,Mitsurugi,local,resolved_local,measured_but_not_basic,148,source is not proven neutral or stance-root basic movement
001,Mitsurugi,forward_diagonal,2886,427,01A1,(forward+up),False,False,True,True,decoded_root_motion,0,0,,,,,unknown_from_static_bytecode,unknown,001,Mitsurugi,local,resolved_local,measured_but_not_basic,148,source is not proven neutral or stance-root basic movement
001,Mitsurugi,forward_diagonal,2889,462,01A2,(forward+up),False,False,True,True,decoded_root_motion,0,0,,,,,unknown_from_static_bytecode,unknown,001,Mitsurugi,local,resolved_local,measured_but_not_basic,148,source is not proven neutral or stance-root basic movement
001,Mitsurugi,forward_diagonal,2891,462,01A2,(forward+up),False,False,True,True,decoded_root_motion,0,0,,,,,unknown_from_static_bytecode,unknown,001,Mitsurugi,local,resolved_local,measured_but_not_basic,148,source is not proven neutral or stance-root basic movement
001,Mitsurugi,forward_step_candidate,363,366,01D5,(any:forward),True,True,True,True,decoded_root_motion,0,0,,,,,unknown_from_static_bytecode,unknown,001,Mitsurugi,local,resolved_local,trusted_basic,205,direct movement predicate; same-bank route; root motion decoded; source is neutral-like; no active offensive cells on destination slot
001,Mitsurugi,forward_step_candidate,447,451,01A2,(any:forward),True,True,True,True,decoded_root_motion,0,0,,,,,unknown_from_static_bytecode,unknown,001,Mitsurugi,local,resolved_local,trusted_basic,205,direct movement predicate; same-bank route; root motion decoded; source is neutral-like; no active offensive cells on destination slot
001,Mitsurugi,forward_step_candidate,406,422,02D0,(any:forward),True,True,True,True,decoded_root_motion,1,1,19,,,,unknown_from_static_bytecode,unknown,001,Mitsurugi,local,resolved_local,unresolved,155,offensive cells exist and no static return/recovery frame is known
001,Mitsurugi,forward_step_candidate,413,422,02D0,(any:forward),True,True,True,True,decoded_root_motion,1,1,19,,,,unknown_from_static_bytecode,unknown,001,Mitsurugi,local,resolved_local,unresolved,155,offensive cells exist and no static return/recovery frame is known
001,Mitsurugi,forward_step_candidate,414,422,02D0,(any:forward),True,False,True,True,decoded_root_motion,1,1,19,,,,unknown_from_static_bytecode,unknown,001,Mitsurugi,local,resolved_local,unresolved,155,offensive cells exist and no static return/recovery frame is known
001,Mitsurugi,forward_step_candidate,415,422,02D0,(any:forward),True,False,True,True,decoded_root_motion,1,1,19,,,,unknown_from_static_bytecode,unknown,001,Mitsurugi,local,resolved_local,unresolved,155,offensive cells exist and no static return/recovery frame is known
001,Mitsurugi,forward_step_candidate,416,422,02D0,(any:forward),True,True,True,True,decoded_root_motion,1,1,19,,,,unknown_from_static_bytecode,unknown,001,Mitsurugi,local,resolved_local,unresolved,155,offensive cells exist and no static return/recovery frame is known
001,Mitsurugi,forward_step_candidate,418,418,02DE,(any:forward),True,True,True,True,decoded_root_motion,1,1,15,,,,unknown_from_static_bytecode,unknown,001,Mitsurugi,local,resolved_local,unresolved,155,offensive cells exist and no static return/recovery frame is known
001,Mitsurugi,forward_step_candidate,418,423,0316,(any:forward),True,True,True,True,decoded_root_motion,2,2,13,,,,unknown_from_static_bytecode,unknown,001,Mitsurugi,local,resolved_local,unresolved,155,offensive cells exist and no static return/recovery frame is known
001,Mitsurugi,forward_step_candidate,447,448,01E7,(any:forward),True,True,True,True,decoded_root_motion,2,2,10,,,,unknown_from_static_bytecode,unknown,001,Mitsurugi,local,resolved_local,unresolved,155,offensive cells exist and no static return/recovery frame is known
001,Mitsurugi,forward_step_candidate,1974,1608,1490,(any:forward),True,True,True,False,unknown_without_root_motion_decode,0,0,,,,,unknown_from_static_bytecode,unknown,001,Mitsurugi,move_bucket_2,resolved_move_bucket,unresolved,113,root motion did not decode with high confidence
001,Mitsurugi,forward_step_candidate,168,385,0203,(any:forward),False,False,True,True,decoded_root_motion,1,0,,,,,unknown_from_static_bytecode,unknown,001,Mitsurugi,local,resolved_local,measured_but_not_basic,155,source is not proven neutral or stance-root basic movement
001,Mitsurugi,forward_step_candidate,271,272,02EC,(any:forward),False,False,True,True,decoded_root_motion,0,0,,,,,unknown_from_static_bytecode,unknown,001,Mitsurugi,local,resolved_local,measured_but_not_basic,155,source is not proven neutral or stance-root basic movement
001,Mitsurugi,forward_step_candidate,271,273,00A5,(any:forward),False,False,True,True,decoded_root_motion,0,0,,,,,unknown_from_static_bytecode,unknown,001,Mitsurugi,local,resolved_local,measured_but_not_basic,155,source is not proven neutral or stance-root basic movement
001,Mitsurugi,forward_step_candidate,280,436,01BF,(any:forward),False,False,True,True,decoded_root_motion,0,0,,,,,unknown_from_static_bytecode,unknown,001,Mitsurugi,local,resolved_local,measured_but_not_basic,155,source is not proven neutral or stance-root basic movement
001,Mitsurugi,forward_step_candidate,298,301,00A5,(any:forward),False,False,True,True,decoded_root_motion,0,0,,,,,unknown_from_static_bytecode,unknown,001,Mitsurugi,local,resolved_local,measured_but_not_basic,155,source is not proven neutral or stance-root basic movement
001,Mitsurugi,forward_step_candidate,300,302,00A5,(any:forward),False,False,True,True,decoded_root_motion,0,0,,,,,unknown_from_static_bytecode,unknown,001,Mitsurugi,local,resolved_local,measured_but_not_basic,155,source is not proven neutral or stance-root basic movement
001,Mitsurugi,forward_step_candidate,300,303,02D6,(any:forward),False,False,True,True,decoded_root_motion,2,2,26,,,,unknown_from_static_bytecode,unknown,001,Mitsurugi,local,resolved_local,unresolved,155,offensive cells exist and no static return/recovery frame is known
001,Mitsurugi,forward_step_candidate,400,401,016F,(any:forward),False,False,True,True,decoded_root_motion,1,1,13,,,,unknown_from_static_bytecode,unknown,001,Mitsurugi,local,resolved_local,unresolved,155,offensive cells exist and no static return/recovery frame is known
001,Mitsurugi,forward_step_candidate,402,403,016F,(any:forward),False,False,True,True,decoded_root_motion,1,1,13,,,,unknown_from_static_bytecode,unknown,001,Mitsurugi,local,resolved_local,unresolved,155,offensive cells exist and no static return/recovery frame is known
001,Mitsurugi,forward_step_candidate,454,455,0282,(any:forward),False,False,True,True,decoded_root_motion,1,1,16,,,,unknown_from_static_bytecode,unknown,001,Mitsurugi,local,resolved_local,unresolved,155,offensive cells exist and no static return/recovery frame is known
001,Mitsurugi,forward_step_candidate,2885,418,02DE,(any:forward),False,False,True,True,decoded_root_motion,1,1,15,,,,unknown_from_static_bytecode,unknown,001,Mitsurugi,local,resolved_local,unresolved,155,offensive cells exist and no static return/recovery frame is known
001,Mitsurugi,forward_step_candidate,2885,423,0316,(any:forward),False,False,True,True,decoded_root_motion,2,2,13,,,,unknown_from_static_bytecode,unknown,001,Mitsurugi,local,resolved_local,unresolved,155,offensive cells exist and no static return/recovery frame is known
001,Mitsurugi,forward_step_candidate,2886,418,02DE,(any:forward),False,False,True,True,decoded_root_motion,1,1,15,,,,unknown_from_static_bytecode,unknown,001,Mitsurugi,local,resolved_local,unresolved,155,offensive cells exist and no static return/recovery frame is known
001,Mitsurugi,forward_step_candidate,2886,423,0316,(any:forward),False,False,True,True,decoded_root_motion,2,2,13,,,,unknown_from_static_bytecode,unknown,001,Mitsurugi,local,resolved_local,unresolved,155,offensive cells exist and no static return/recovery frame is known
001,Mitsurugi,forward_step_candidate,2889,446,028A,(any:forward),False,False,True,True,decoded_root_motion,1,1,23,,,,unknown_from_static_bytecode,unknown,001,Mitsurugi,local,resolved_local,unresolved,155,offensive cells exist and no static return/recovery frame is known
001,Mitsurugi,forward_step_candidate,2889,454,01CD,(any:forward),False,False,True,True,decoded_root_motion,1,1,15,,,,unknown_from_static_bytecode,unknown,001,Mitsurugi,local,resolved_local,unresolved,155,offensive cells exist and no static return/recovery frame is known
001,Mitsurugi,forward_step_candidate,2891,446,028A,(any:forward),False,False,True,True,decoded_root_motion,1,1,23,,,,unknown_from_static_bytecode,unknown,001,Mitsurugi,local,resolved_local,unresolved,155,offensive cells exist and no static return/recovery frame is known
001,Mitsurugi,forward_step_candidate,2891,454,01CD,(any:forward),False,False,True,True,decoded_root_motion,1,1,15,,,,unknown_from_static_bytecode,unknown,001,Mitsurugi,local,resolved_local,unresolved,155,offensive cells exist and no static return/recovery frame is known
001,Mitsurugi,forward_step_candidate,2892,396,0259,(any:forward),False,False,True,True,decoded_root_motion,1,1,13,,,,unknown_from_static_bytecode,unknown,001,Mitsurugi,local,resolved_local,unresolved,155,offensive cells exist and no static return/recovery frame is known
001,Mitsurugi,forward_step_candidate,2892,404,026D,(any:forward),False,False,True,True,decoded_root_motion,1,1,17,,,,unknown_from_static_bytecode,unknown,001,Mitsurugi,local,resolved_local,unresolved,155,offensive cells exist and no static return/recovery frame is known
001,Mitsurugi,forward_step_candidate,1975,2277,1255,(any:forward),False,False,True,False,unknown_without_root_motion_decode,0,0,,,,,unknown_from_static_bytecode,unknown,001,Mitsurugi,move_bucket_2,resolved_move_bucket,unresolved,113,root motion did not decode with high confidence
001,Mitsurugi,forward_step_candidate,2108,2283,15DF,(any:forward),False,False,True,False,unknown_without_root_motion_decode,0,0,,,,,unknown_from_static_bytecode,unknown,001,Mitsurugi,move_bucket_2,resolved_move_bucket,unresolved,113,root motion did not decode with high confidence
001,Mitsurugi,forward_step_candidate,2110,2283,15DF,(any:forward),False,False,True,False,unknown_without_root_motion_decode,0,0,,,,,unknown_from_static_bytecode,unknown,001,Mitsurugi,move_bucket_2,resolved_move_bucket,unresolved,113,root motion did not decode with high confidence
001,Mitsurugi,forward_step_candidate,2165,2286,1167,(any:forward),False,False,True,False,unknown_without_root_motion_decode,0,0,,,,,unknown_from_static_bytecode,unknown,001,Mitsurugi,move_bucket_2,resolved_move_bucket,unresolved,113,root motion did not decode with high confidence
001,Mitsurugi,forward_step_candidate,2205,2288,1250,(any:forward),False,False,True,False,unknown_without_root_motion_decode,0,0,,,,,unknown_from_static_bytecode,unknown,001,Mitsurugi,move_bucket_2,resolved_move_bucket,unresolved,113,root motion did not decode with high confidence
001,Mitsurugi,sidestep_down_candidate,406,428,01AF,(any:down),True,True,True,True,decoded_root_motion,0,0,,,,,unknown_from_static_bytecode,unknown,001,Mitsurugi,local,resolved_local,trusted_basic,205,direct movement predicate; same-bank route; root motion decoded; source is neutral-like; no active offensive cells on destination slot
001,Mitsurugi,sidestep_down_candidate,406,433,0197,(any:down),True,True,True,True,decoded_root_motion,0,0,,,,,unknown_from_static_bytecode,unknown,001,Mitsurugi,local,resolved_local,trusted_basic,205,direct movement predicate; same-bank route; root motion decoded; source is neutral-like; no active offensive cells on destination slot
001,Mitsurugi,sidestep_down_candidate,410,433,0197,(any:down),True,True,True,True,decoded_root_motion,0,0,,,,,unknown_from_static_bytecode,unknown,001,Mitsurugi,local,resolved_local,trusted_basic,205,direct movement predicate; same-bank route; root motion decoded; source is neutral-like; no active offensive cells on destination slot
001,Mitsurugi,sidestep_down_candidate,411,433,0197,(any:down),True,True,True,True,decoded_root_motion,0,0,,,,,unknown_from_static_bytecode,unknown,001,Mitsurugi,local,resolved_local,trusted_basic,205,direct movement predicate; same-bank route; root motion decoded; source is neutral-like; no active offensive cells on destination slot
001,Mitsurugi,sidestep_down_candidate,412,433,0197,(any:down),True,True,True,True,decoded_root_motion,0,0,,,,,unknown_from_static_bytecode,unknown,001,Mitsurugi,local,resolved_local,trusted_basic,205,direct movement predicate; same-bank route; root motion decoded; source is neutral-like; no active offensive cells on destination slot
001,Mitsurugi,sidestep_down_candidate,413,428,01AF,(any:down),True,True,True,True,decoded_root_motion,0,0,,,,,unknown_from_static_bytecode,unknown,001,Mitsurugi,local,resolved_local,trusted_basic,205,direct movement predicate; same-bank route; root motion decoded; source is neutral-like; no active offensive cells on destination slot
001,Mitsurugi,sidestep_down_candidate,414,428,01AF,(any:down),True,False,True,True,decoded_root_motion,0,0,,,,,unknown_from_static_bytecode,unknown,001,Mitsurugi,local,resolved_local,trusted_basic,205,direct movement predicate; same-bank route; root motion decoded; source is neutral-like; no active offensive cells on destination slot
001,Mitsurugi,sidestep_down_candidate,415,428,01AF,(any:down),True,False,True,True,decoded_root_motion,0,0,,,,,unknown_from_static_bytecode,unknown,001,Mitsurugi,local,resolved_local,trusted_basic,205,direct movement predicate; same-bank route; root motion decoded; source is neutral-like; no active offensive cells on destination slot
001,Mitsurugi,sidestep_down_candidate,416,428,01AF,(any:down),True,True,True,True,decoded_root_motion,0,0,,,,,unknown_from_static_bytecode,unknown,001,Mitsurugi,local,resolved_local,trusted_basic,205,direct movement predicate; same-bank route; root motion decoded; source is neutral-like; no active offensive cells on destination slot
001,Mitsurugi,sidestep_down_candidate,417,433,0197,(any:down),True,True,True,True,decoded_root_motion,0,0,,,,,unknown_from_static_bytecode,unknown,001,Mitsurugi,local,resolved_local,trusted_basic,205,direct movement predicate; same-bank route; root motion decoded; source is neutral-like; no active offensive cells on destination slot
001,Mitsurugi,sidestep_down_candidate,418,428,01AF,(any:down),True,True,True,True,decoded_root_motion,0,0,,,,,unknown_from_static_bytecode,unknown,001,Mitsurugi,local,resolved_local,trusted_basic,205,direct movement predicate; same-bank route; root motion decoded; source is neutral-like; no active offensive cells on destination slot
001,Mitsurugi,sidestep_down_candidate,447,463,01C1,(any:down),True,True,True,True,decoded_root_motion,0,0,,,,,unknown_from_static_bytecode,unknown,001,Mitsurugi,local,resolved_local,trusted_basic,205,direct movement predicate; same-bank route; root motion decoded; source is neutral-like; no active offensive cells on destination slot
001,Mitsurugi,sidestep_down_candidate,407,433,0197,(any:down),False,False,True,True,decoded_root_motion,0,0,,,,,unknown_from_static_bytecode,unknown,001,Mitsurugi,local,resolved_local,measured_but_not_basic,155,source is not proven neutral or stance-root basic movement
001,Mitsurugi,sidestep_down_candidate,420,433,0197,(any:down),False,False,True,True,decoded_root_motion,0,0,,,,,unknown_from_static_bytecode,unknown,001,Mitsurugi,local,resolved_local,measured_but_not_basic,155,source is not proven neutral or stance-root basic movement
001,Mitsurugi,sidestep_down_candidate,421,433,0197,(any:down),False,False,True,True,decoded_root_motion,0,0,,,,,unknown_from_static_bytecode,unknown,001,Mitsurugi,local,resolved_local,measured_but_not_basic,155,source is not proven neutral or stance-root basic movement
001,Mitsurugi,sidestep_down_candidate,451,433,0197,(any:down),False,False,True,True,decoded_root_motion,0,0,,,,,unknown_from_static_bytecode,unknown,001,Mitsurugi,local,resolved_local,measured_but_not_basic,155,source is not proven neutral or stance-root basic movement
001,Mitsurugi,sidestep_down_candidate,462,433,0197,(any:down),False,False,True,True,decoded_root_motion,0,0,,,,,unknown_from_static_bytecode,unknown,001,Mitsurugi,local,resolved_local,measured_but_not_basic,155,source is not proven neutral or stance-root basic movement
001,Mitsurugi,sidestep_down_candidate,469,6,00EE,(any:down),False,False,True,True,decoded_root_motion,0,0,,,,,unknown_from_static_bytecode,unknown,001,Mitsurugi,local,resolved_local,measured_but_not_basic,155,source is not proven neutral or stance-root basic movement
001,Mitsurugi,sidestep_down_candidate,1440,1420,0174,(any:down),False,False,True,True,decoded_root_motion,0,0,,,,,unknown_from_static_bytecode,unknown,001,Mitsurugi,move_bucket_2,resolved_move_bucket,measured_but_not_basic,155,source is not proven neutral or stance-root basic movement
001,Mitsurugi,sidestep_down_candidate,2556,469,02F8,(any:down),False,False,True,True,decoded_root_motion,0,0,,,,,unknown_from_static_bytecode,unknown,001,Mitsurugi,local,resolved_local,measured_but_not_basic,155,source is not proven neutral or stance-root basic movement
001,Mitsurugi,sidestep_down_candidate,2556,469,02F8,(any:down),False,False,True,True,decoded_root_motion,0,0,,,,,unknown_from_static_bytecode,unknown,001,Mitsurugi,local,resolved_local,measured_but_not_basic,155,source is not proven neutral or stance-root basic movement
001,Mitsurugi,sidestep_down_candidate,2885,428,01AF,(any:down),False,False,True,True,decoded_root_motion,0,0,,,,,unknown_from_static_bytecode,unknown,001,Mitsurugi,local,resolved_local,measured_but_not_basic,155,source is not proven neutral or stance-root basic movement
001,Mitsurugi,sidestep_down_candidate,2887,437,01C3,(any:down),False,False,True,True,decoded_root_motion,0,0,,,,,unknown_from_static_bytecode,unknown,001,Mitsurugi,local,resolved_local,measured_but_not_basic,155,source is not proven neutral or stance-root basic movement
001,Mitsurugi,sidestep_down_candidate,2889,463,01C1,(any:down),False,False,True,True,decoded_root_motion,0,0,,,,,unknown_from_static_bytecode,unknown,001,Mitsurugi,local,resolved_local,measured_but_not_basic,155,source is not proven neutral or stance-root basic movement
001,Mitsurugi,sidestep_down_candidate,2893,396,0259,(any:down),False,False,True,True,decoded_root_motion,1,1,13,,,,unknown_from_static_bytecode,unknown,001,Mitsurugi,local,resolved_local,unresolved,155,offensive cells exist and no static return/recovery frame is known
001,Mitsurugi,sidestep_down_candidate,2893,400,016F,(any:down),False,False,True,True,decoded_root_motion,1,1,15,,,,unknown_from_static_bytecode,unknown,001,Mitsurugi,local,resolved_local,unresolved,155,offensive cells exist and no static return/recovery frame is known
001,Mitsurugi,sidestep_up_candidate,406,423,0316,(any:up),True,True,True,True,decoded_root_motion,2,2,13,,,,unknown_from_static_bytecode,unknown,001,Mitsurugi,local,resolved_local,unresolved,155,offensive cells exist and no static return/recovery frame is known
001,Mitsurugi,sidestep_up_candidate,413,423,0316,(any:up),True,True,True,True,decoded_root_motion,2,2,13,,,,unknown_from_static_bytecode,unknown,001,Mitsurugi,local,resolved_local,unresolved,155,offensive cells exist and no static return/recovery frame is known
001,Mitsurugi,sidestep_up_candidate,414,423,0316,(any:up),True,False,True,True,decoded_root_motion,2,2,13,,,,unknown_from_static_bytecode,unknown,001,Mitsurugi,local,resolved_local,unresolved,155,offensive cells exist and no static return/recovery frame is known
001,Mitsurugi,sidestep_up_candidate,415,423,0316,(any:up),True,False,True,True,decoded_root_motion,2,2,13,,,,unknown_from_static_bytecode,unknown,001,Mitsurugi,local,resolved_local,unresolved,155,offensive cells exist and no static return/recovery frame is known
001,Mitsurugi,sidestep_up_candidate,416,423,0316,(any:up),True,True,True,True,decoded_root_motion,2,2,13,,,,unknown_from_static_bytecode,unknown,001,Mitsurugi,local,resolved_local,unresolved,155,offensive cells exist and no static return/recovery frame is known
001,Mitsurugi,sidestep_up_candidate,418,422,02D0,(any:up),True,True,True,True,decoded_root_motion,1,1,19,,,,unknown_from_static_bytecode,unknown,001,Mitsurugi,local,resolved_local,unresolved,155,offensive cells exist and no static return/recovery frame is known
001,Mitsurugi,sidestep_up_candidate,404,405,0294,(any:up),False,False,True,True,decoded_root_motion,1,1,17,,,,unknown_from_static_bytecode,unknown,001,Mitsurugi,local,resolved_local,unresolved,155,offensive cells exist and no static return/recovery frame is known
001,Mitsurugi,sidestep_up_candidate,2885,422,02D0,(any:up),False,False,True,True,decoded_root_motion,1,1,19,,,,unknown_from_static_bytecode,unknown,001,Mitsurugi,local,resolved_local,unresolved,155,offensive cells exist and no static return/recovery frame is known
001,Mitsurugi,sidestep_up_candidate,2886,422,02D0,(any:up),False,False,True,True,decoded_root_motion,1,1,19,,,,unknown_from_static_bytecode,unknown,001,Mitsurugi,local,resolved_local,unresolved,155,offensive cells exist and no static return/recovery frame is known
001,Mitsurugi,sidestep_up_candidate,2892,400,016F,(any:up),False,False,True,True,decoded_root_motion,1,1,15,,,,unknown_from_static_bytecode,unknown,001,Mitsurugi,local,resolved_local,unresolved,155,offensive cells exist and no static return/recovery frame is known
002,Seong Mi-na,backstep_candidate,258,259,00FE,(any:back),True,True,True,True,decoded_root_motion,1,1,35,,,,unknown_from_static_bytecode,unknown,002,Seong Mi-na,local,resolved_local,unresolved,155,offensive cells exist and no static return/recovery frame is known
002,Seong Mi-na,backstep_candidate,267,270,0188,(any:back),True,True,True,True,decoded_root_motion,1,1,23,,,,unknown_from_static_bytecode,unknown,002,Seong Mi-na,local,resolved_local,unresolved,155,offensive cells exist and no static return/recovery frame is known
002,Seong Mi-na,backstep_candidate,283,284,0285,(any:back),True,True,True,True,decoded_root_motion,2,2,19,,,,unknown_from_static_bytecode,unknown,002,Seong Mi-na,local,resolved_local,unresolved,155,offensive cells exist and no static return/recovery frame is known
002,Seong Mi-na,backstep_candidate,343,344,0200,(any:back),True,True,True,True,decoded_root_motion,1,1,27,,,,unknown_from_static_bytecode,unknown,002,Seong Mi-na,local,resolved_local,unresolved,155,offensive cells exist and no static return/recovery frame is known
002,Seong Mi-na,backstep_candidate,443,455,0177,(any:back),True,True,True,True,decoded_root_motion,1,1,37,,,,unknown_from_static_bytecode,unknown,002,Seong Mi-na,local,resolved_local,unresolved,155,offensive cells exist and no static return/recovery frame is known
002,Seong Mi-na,backstep_candidate,1949,1583,1491,(any:back),True,True,True,False,unknown_without_root_motion_decode,0,0,,,,,unknown_from_static_bytecode,unknown,002,Seong Mi-na,move_bucket_2,resolved_move_bucket,unresolved,113,root motion did not decode with high confidence
002,Seong Mi-na,backstep_candidate,1950,2252,1254,(any:back),False,False,True,False,unknown_without_root_motion_decode,0,0,,,,,unknown_from_static_bytecode,unknown,002,Seong Mi-na,move_bucket_2,resolved_move_bucket,unresolved,113,root motion did not decode with high confidence
002,Seong Mi-na,backstep_candidate,2083,2258,15DF,(any:back),False,False,True,False,unknown_without_root_motion_decode,0,0,,,,,unknown_from_static_bytecode,unknown,002,Seong Mi-na,move_bucket_2,resolved_move_bucket,unresolved,113,root motion did not decode with high confidence
002,Seong Mi-na,backstep_candidate,2085,2258,15DF,(any:back),False,False,True,False,unknown_without_root_motion_decode,0,0,,,,,unknown_from_static_bytecode,unknown,002,Seong Mi-na,move_bucket_2,resolved_move_bucket,unresolved,113,root motion did not decode with high confidence
002,Seong Mi-na,backstep_candidate,2139,2261,1168,(any:back),False,False,True,False,unknown_without_root_motion_decode,0,0,,,,,unknown_from_static_bytecode,unknown,002,Seong Mi-na,move_bucket_2,resolved_move_bucket,unresolved,113,root motion did not decode with high confidence
002,Seong Mi-na,backstep_candidate,2178,2263,1251,(any:back),False,False,True,False,unknown_without_root_motion_decode,0,0,,,,,unknown_from_static_bytecode,unknown,002,Seong Mi-na,move_bucket_2,resolved_move_bucket,unresolved,113,root motion did not decode with high confidence
002,Seong Mi-na,eight_way_or_ambiguous,161,164,00F2,(any:back|forward|down),True,True,True,True,decoded_root_motion,0,0,,,,,unknown_from_static_bytecode,unknown,002,Seong Mi-na,local,resolved_local,trusted_basic,182,direct movement predicate; same-bank route; root motion decoded; source is neutral-like; no active offensive cells on destination slot
002,Seong Mi-na,eight_way_or_ambiguous,312,316,017A,(back+forward),False,False,True,True,decoded_root_motion,1,1,9,,,,unknown_from_static_bytecode,unknown,002,Seong Mi-na,local,resolved_local,unresolved,132,offensive cells exist and no static return/recovery frame is known
002,Seong Mi-na,eight_way_or_ambiguous,2859,430,02F7,(back+forward),False,False,True,True,decoded_root_motion,2,2,19,,,,unknown_from_static_bytecode,unknown,002,Seong Mi-na,local,resolved_local,unresolved,132,offensive cells exist and no static return/recovery frame is known
002,Seong Mi-na,eight_way_or_ambiguous,2859,431,02F8,(back+forward),False,False,True,True,decoded_root_motion,2,2,21,,,,unknown_from_static_bytecode,unknown,002,Seong Mi-na,local,resolved_local,unresolved,132,offensive cells exist and no static return/recovery frame is known
002,Seong Mi-na,eight_way_or_ambiguous,2860,434,02F7,(back+forward),False,False,True,True,decoded_root_motion,2,2,19,,,,unknown_from_static_bytecode,unknown,002,Seong Mi-na,local,resolved_local,unresolved,132,offensive cells exist and no static return/recovery frame is known
002,Seong Mi-na,eight_way_or_ambiguous,2860,435,02F8,(back+forward),False,False,True,True,decoded_root_motion,2,2,21,,,,unknown_from_static_bytecode,unknown,002,Seong Mi-na,local,resolved_local,unresolved,132,offensive cells exist and no static return/recovery frame is known
002,Seong Mi-na,forward_diagonal,392,393,02EE,(forward+up),True,True,True,True,decoded_root_motion,1,1,17,,,,unknown_from_static_bytecode,unknown,002,Seong Mi-na,local,resolved_local,unresolved,148,offensive cells exist and no static return/recovery frame is known
002,Seong Mi-na,forward_diagonal,397,398,00BC,(forward+up),False,False,True,True,decoded_root_motion,1,1,37,,,,unknown_from_static_bytecode,unknown,002,Seong Mi-na,local,resolved_local,unresolved,148,offensive cells exist and no static return/recovery frame is known
002,Seong Mi-na,forward_diagonal,399,400,00BC,(forward+up),False,False,True,True,decoded_root_motion,1,1,37,,,,unknown_from_static_bytecode,unknown,002,Seong Mi-na,local,resolved_local,unresolved,148,offensive cells exist and no static return/recovery frame is known
002,Seong Mi-na,forward_diagonal,2859,432,02F2,(forward+up),False,False,True,True,decoded_root_motion,1,1,35,,,,unknown_from_static_bytecode,unknown,002,Seong Mi-na,local,resolved_local,unresolved,148,offensive cells exist and no static return/recovery frame is known
002,Seong Mi-na,forward_diagonal,2860,436,02F2,(forward+up),False,False,True,True,decoded_root_motion,1,1,30,,,,unknown_from_static_bytecode,unknown,002,Seong Mi-na,local,resolved_local,unresolved,148,offensive cells exist and no static return/recovery frame is known
002,Seong Mi-na,forward_step_candidate,258,260,0006,(any:forward),True,True,True,True,decoded_root_motion,1,1,26,,,,unknown_from_static_bytecode,unknown,002,Seong Mi-na,local,resolved_local,unresolved,155,offensive cells exist and no static return/recovery frame is known
002,Seong Mi-na,forward_step_candidate,274,275,0287,(any:forward),True,True,True,True,decoded_root_motion,2,2,21,,,,unknown_from_static_bytecode,unknown,002,Seong Mi-na,local,resolved_local,unresolved,155,offensive cells exist and no static return/recovery frame is known
002,Seong Mi-na,forward_step_candidate,335,336,016A,(any:forward),True,True,True,True,decoded_root_motion,1,1,30,,,,unknown_from_static_bytecode,unknown,002,Seong Mi-na,local,resolved_local,unresolved,155,offensive cells exist and no static return/recovery frame is known
002,Seong Mi-na,forward_step_candidate,358,359,016E,(any:forward),True,True,True,True,decoded_root_motion,1,1,86,,,,unknown_from_static_bytecode,unknown,002,Seong Mi-na,local,resolved_local,unresolved,155,offensive cells exist and no static return/recovery frame is known
002,Seong Mi-na,forward_step_candidate,378,379,02EF,(any:forward),True,True,True,True,decoded_root_motion,2,2,19,,,,unknown_from_static_bytecode,unknown,002,Seong Mi-na,local,resolved_local,unresolved,155,offensive cells exist and no static return/recovery frame is known
002,Seong Mi-na,forward_step_candidate,443,453,02E5,(any:forward),True,True,True,True,decoded_root_motion,2,2,36,,,,unknown_from_static_bytecode,unknown,002,Seong Mi-na,local,resolved_local,unresolved,155,offensive cells exist and no static return/recovery frame is known
002,Seong Mi-na,forward_step_candidate,1949,1583,1491,(any:forward),True,True,True,False,unknown_without_root_motion_decode,0,0,,,,,unknown_from_static_bytecode,unknown,002,Seong Mi-na,move_bucket_2,resolved_move_bucket,unresolved,113,root motion did not decode with high confidence
002,Seong Mi-na,forward_step_candidate,168,402,0279,(any:forward),False,False,True,True,decoded_root_motion,1,0,,,,,unknown_from_static_bytecode,unknown,002,Seong Mi-na,local,resolved_local,measured_but_not_basic,155,source is not proven neutral or stance-root basic movement
002,Seong Mi-na,forward_step_candidate,311,313,00DC,(any:forward),False,False,True,True,decoded_root_motion,1,1,26,,,,unknown_from_static_bytecode,unknown,002,Seong Mi-na,local,resolved_local,unresolved,155,offensive cells exist and no static return/recovery frame is known
002,Seong Mi-na,forward_step_candidate,412,413,00D1,(any:forward),False,False,True,True,decoded_root_motion,2,2,15,,,,unknown_from_static_bytecode,unknown,002,Seong Mi-na,local,resolved_local,unresolved,155,offensive cells exist and no static return/recovery frame is known
002,Seong Mi-na,forward_step_candidate,413,414,00D1,(any:forward),False,False,True,True,decoded_root_motion,1,1,15,,,,unknown_from_static_bytecode,unknown,002,Seong Mi-na,local,resolved_local,unresolved,155,offensive cells exist and no static return/recovery frame is known
002,Seong Mi-na,forward_step_candidate,453,454,02E5,(any:forward),False,False,True,True,decoded_root_motion,2,2,39,,,,unknown_from_static_bytecode,unknown,002,Seong Mi-na,local,resolved_local,unresolved,155,offensive cells exist and no static return/recovery frame is known
002,Seong Mi-na,forward_step_candidate,1950,2252,1254,(any:forward),False,False,True,False,unknown_without_root_motion_decode,0,0,,,,,unknown_from_static_bytecode,unknown,002,Seong Mi-na,move_bucket_2,resolved_move_bucket,unresolved,113,root motion did not decode with high confidence
002,Seong Mi-na,forward_step_candidate,2083,2258,15DF,(any:forward),False,False,True,False,unknown_without_root_motion_decode,0,0,,,,,unknown_from_static_bytecode,unknown,002,Seong Mi-na,move_bucket_2,resolved_move_bucket,unresolved,113,root motion did not decode with high confidence
002,Seong Mi-na,forward_step_candidate,2085,2258,15DF,(any:forward),False,False,True,False,unknown_without_root_motion_decode,0,0,,,,,unknown_from_static_bytecode,unknown,002,Seong Mi-na,move_bucket_2,resolved_move_bucket,unresolved,113,root motion did not decode with high confidence
002,Seong Mi-na,forward_step_candidate,2140,2261,1168,(any:forward),False,False,True,False,unknown_without_root_motion_decode,0,0,,,,,unknown_from_static_bytecode,unknown,002,Seong Mi-na,move_bucket_2,resolved_move_bucket,unresolved,113,root motion did not decode with high confidence
002,Seong Mi-na,forward_step_candidate,2180,2263,1251,(any:forward),False,False,True,False,unknown_without_root_motion_decode,0,0,,,,,unknown_from_static_bytecode,unknown,002,Seong Mi-na,move_bucket_2,resolved_move_bucket,unresolved,113,root motion did not decode with high confidence
002,Seong Mi-na,sidestep_down_candidate,358,360,016F,(any:down),True,True,True,True,decoded_root_motion,0,0,,,,,unknown_from_static_bytecode,unknown,002,Seong Mi-na,local,resolved_local,trusted_basic,205,direct movement predicate; same-bank route; root motion decoded; source is neutral-like; no active offensive cells on destination slot
002,Seong Mi-na,sidestep_down_candidate,448,6,0260,(any:down),False,False,True,True,decoded_root_motion,0,0,,,,,unknown_from_static_bytecode,unknown,002,Seong Mi-na,local,resolved_local,measured_but_not_basic,155,source is not proven neutral or stance-root basic movement
002,Seong Mi-na,sidestep_down_candidate,1415,1395,02B6,(any:down),False,False,True,True,decoded_root_motion,0,0,,,,,unknown_from_static_bytecode,unknown,002,Seong Mi-na,move_bucket_2,resolved_move_bucket,measured_but_not_basic,155,source is not proven neutral or stance-root basic movement
002,Seong Mi-na,sidestep_down_candidate,2531,448,02BE,(any:down),False,False,True,True,decoded_root_motion,0,0,,,,,unknown_from_static_bytecode,unknown,002,Seong Mi-na,local,resolved_local,measured_but_not_basic,155,source is not proven neutral or stance-root basic movement
002,Seong Mi-na,sidestep_down_candidate,2531,448,02BE,(any:down),False,False,True,True,decoded_root_motion,0,0,,,,,unknown_from_static_bytecode,unknown,002,Seong Mi-na,local,resolved_local,measured_but_not_basic,155,source is not proven neutral or stance-root basic movement
002,Seong Mi-na,sidestep_down_candidate,2856,390,0227,(any:down),False,False,True,True,decoded_root_motion,2,2,37,,,,unknown_from_static_bytecode,unknown,002,Seong Mi-na,local,resolved_local,unresolved,155,offensive cells exist and no static return/recovery frame is known
002,Seong Mi-na,sidestep_down_candidate,2856,390,0227,(any:down),False,False,True,True,decoded_root_motion,2,2,37,,,,unknown_from_static_bytecode,unknown,002,Seong Mi-na,local,resolved_local,unresolved,155,offensive cells exist and no static return/recovery frame is known
002,Seong Mi-na,sidestep_down_candidate,2856,397,00BC,(any:down),False,False,True,True,decoded_root_motion,1,1,37,,,,unknown_from_static_bytecode,unknown,002,Seong Mi-na,local,resolved_local,unresolved,155,offensive cells exist and no static return/recovery frame is known
002,Seong Mi-na,sidestep_up_candidate,383,384,002D,(any:up),True,True,True,True,decoded_root_motion,1,1,21,,,,unknown_from_static_bytecode,unknown,002,Seong Mi-na,local,resolved_local,unresolved,155,offensive cells exist and no static return/recovery frame is known
003,Taki,back_diagonal,486,493,01A8,(back+down),True,True,True,True,decoded_root_motion,1,0,,,,,unknown_from_static_bytecode,unknown,003,Taki,local,resolved_local,trusted_basic,198,direct movement predicate; same-bank route; root motion decoded; source is neutral-like; no active offensive cells on destination slot
003,Taki,back_diagonal,526,430,01E9,(back+down),True,True,True,True,decoded_root_motion,1,0,,,,,unknown_from_static_bytecode,unknown,003,Taki,local,resolved_local,trusted_basic,198,direct movement predicate; same-bank route; root motion decoded; source is neutral-like; no active offensive cells on destination slot
003,Taki,back_diagonal,305,430,01E9,(back+down),False,False,True,True,decoded_root_motion,1,0,,,,,unknown_from_static_bytecode,unknown,003,Taki,local,resolved_local,measured_but_not_basic,148,source is not proven neutral or stance-root basic movement
003,Taki,back_diagonal,369,430,01E9,(back+down),False,False,True,True,decoded_root_motion,1,0,,,,,unknown_from_static_bytecode,unknown,003,Taki,local,resolved_local,measured_but_not_basic,148,source is not proven neutral or stance-root basic movement
003,Taki,back_diagonal,378,430,01E9,(back+down),False,False,True,True,decoded_root_motion,1,0,,,,,unknown_from_static_bytecode,unknown,003,Taki,local,resolved_local,measured_but_not_basic,148,source is not proven neutral or stance-root basic movement
003,Taki,back_diagonal,416,430,01E9,(back+down),False,False,True,True,decoded_root_motion,1,0,,,,,unknown_from_static_bytecode,unknown,003,Taki,local,resolved_local,measured_but_not_basic,148,source is not proven neutral or stance-root basic movement
003,Taki,backstep_candidate,273,274,01AC,(any:back),True,True,True,True,decoded_root_motion,1,1,21,,,,unknown_from_static_bytecode,unknown,003,Taki,local,resolved_local,unresolved,155,offensive cells exist and no static return/recovery frame is known
003,Taki,backstep_candidate,289,290,0188,(any:back),True,True,True,True,decoded_root_motion,2,2,14,,,,unknown_from_static_bytecode,unknown,003,Taki,local,resolved_local,unresolved,155,offensive cells exist and no static return/recovery frame is known
003,Taki,backstep_candidate,483,495,002C,(any:back),True,True,True,True,decoded_root_motion,1,1,21,,,,unknown_from_static_bytecode,unknown,003,Taki,local,resolved_local,unresolved,155,offensive cells exist and no static return/recovery frame is known
003,Taki,backstep_candidate,483,498,00C6,(any:back),True,True,True,True,decoded_root_motion,1,1,21,,,,unknown_from_static_bytecode,unknown,003,Taki,local,resolved_local,unresolved,155,offensive cells exist and no static return/recovery frame is known
003,Taki,backstep_candidate,484,486,012A,(any:back),True,True,True,True,decoded_root_motion,1,1,19,,,,unknown_from_static_bytecode,unknown,003,Taki,local,resolved_local,unresolved,155,offensive cells exist and no static return/recovery frame is known
003,Taki,backstep_candidate,484,495,002C,(any:back),True,True,True,True,decoded_root_motion,1,1,21,,,,unknown_from_static_bytecode,unknown,003,Taki,local,resolved_local,unresolved,155,offensive cells exist and no static return/recovery frame is known
003,Taki,backstep_candidate,484,498,00C6,(any:back),True,True,True,True,decoded_root_motion,1,1,21,,,,unknown_from_static_bytecode,unknown,003,Taki,local,resolved_local,unresolved,155,offensive cells exist and no static return/recovery frame is known
003,Taki,backstep_candidate,485,486,012A,(any:back),True,True,True,True,decoded_root_motion,1,1,19,,,,unknown_from_static_bytecode,unknown,003,Taki,local,resolved_local,unresolved,155,offensive cells exist and no static return/recovery frame is known
003,Taki,backstep_candidate,485,495,002C,(any:back),True,True,True,True,decoded_root_motion,1,1,21,,,,unknown_from_static_bytecode,unknown,003,Taki,local,resolved_local,unresolved,155,offensive cells exist and no static return/recovery frame is known
003,Taki,backstep_candidate,485,498,00C6,(any:back),True,True,True,True,decoded_root_motion,1,1,21,,,,unknown_from_static_bytecode,unknown,003,Taki,local,resolved_local,unresolved,155,offensive cells exist and no static return/recovery frame is known
003,Taki,backstep_candidate,516,519,0133,(any:back),True,True,True,True,decoded_root_motion,1,1,17,,,,unknown_from_static_bytecode,unknown,003,Taki,local,resolved_local,unresolved,155,offensive cells exist and no static return/recovery frame is known
003,Taki,backstep_candidate,517,520,01A5,(any:back),True,True,True,True,decoded_root_motion,1,1,17,,,,unknown_from_static_bytecode,unknown,003,Taki,local,resolved_local,unresolved,155,offensive cells exist and no static return/recovery frame is known
003,Taki,backstep_candidate,526,530,0272,(any:back),True,True,True,True,decoded_root_motion,1,1,46,,,,unknown_from_static_bytecode,unknown,003,Taki,local,resolved_local,unresolved,155,offensive cells exist and no static return/recovery frame is known
003,Taki,backstep_candidate,526,530,0272,(any:back),True,True,True,True,decoded_root_motion,1,1,46,,,,unknown_from_static_bytecode,unknown,003,Taki,local,resolved_local,unresolved,155,offensive cells exist and no static return/recovery frame is known
003,Taki,backstep_candidate,559,569,0217,(any:back),True,True,True,True,decoded_root_motion,1,1,27,,,,unknown_from_static_bytecode,unknown,003,Taki,local,resolved_local,unresolved,155,offensive cells exist and no static return/recovery frame is known
003,Taki,backstep_candidate,569,570,01AE,(any:back),True,True,True,True,decoded_root_motion,1,1,25,,,,unknown_from_static_bytecode,unknown,003,Taki,local,resolved_local,unresolved,155,offensive cells exist and no static return/recovery frame is known
003,Taki,backstep_candidate,271,520,01A5,(any:back),False,False,True,True,decoded_root_motion,1,1,17,,,,unknown_from_static_bytecode,unknown,003,Taki,local,resolved_local,unresolved,155,offensive cells exist and no static return/recovery frame is known
003,Taki,backstep_candidate,272,519,0133,(any:back),False,False,True,True,decoded_root_motion,1,1,17,,,,unknown_from_static_bytecode,unknown,003,Taki,local,resolved_local,unresolved,155,offensive cells exist and no static return/recovery frame is known
003,Taki,backstep_candidate,305,530,0272,(any:back),False,False,True,True,decoded_root_motion,1,1,46,,,,unknown_from_static_bytecode,unknown,003,Taki,local,resolved_local,unresolved,155,offensive cells exist and no static return/recovery frame is known
003,Taki,backstep_candidate,305,530,0272,(any:back),False,False,True,True,decoded_root_motion,1,1,46,,,,unknown_from_static_bytecode,unknown,003,Taki,local,resolved_local,unresolved,155,offensive cells exist and no static return/recovery frame is known
003,Taki,backstep_candidate,338,486,012A,(any:back),False,False,True,True,decoded_root_motion,1,1,19,,,,unknown_from_static_bytecode,unknown,003,Taki,local,resolved_local,unresolved,155,offensive cells exist and no static return/recovery frame is known
003,Taki,backstep_candidate,338,495,002C,(any:back),False,False,True,True,decoded_root_motion,1,1,21,,,,unknown_from_static_bytecode,unknown,003,Taki,local,resolved_local,unresolved,155,offensive cells exist and no static return/recovery frame is known
003,Taki,backstep_candidate,338,498,00C6,(any:back),False,False,True,True,decoded_root_motion,1,1,21,,,,unknown_from_static_bytecode,unknown,003,Taki,local,resolved_local,unresolved,155,offensive cells exist and no static return/recovery frame is known
003,Taki,backstep_candidate,340,486,012A,(any:back),False,False,True,True,decoded_root_motion,1,1,19,,,,unknown_from_static_bytecode,unknown,003,Taki,local,resolved_local,unresolved,155,offensive cells exist and no static return/recovery frame is known
003,Taki,backstep_candidate,340,495,002C,(any:back),False,False,True,True,decoded_root_motion,1,1,21,,,,unknown_from_static_bytecode,unknown,003,Taki,local,resolved_local,unresolved,155,offensive cells exist and no static return/recovery frame is known
003,Taki,backstep_candidate,340,498,00C6,(any:back),False,False,True,True,decoded_root_motion,1,1,21,,,,unknown_from_static_bytecode,unknown,003,Taki,local,resolved_local,unresolved,155,offensive cells exist and no static return/recovery frame is known
003,Taki,backstep_candidate,369,530,0272,(any:back),False,False,True,True,decoded_root_motion,1,1,46,,,,unknown_from_static_bytecode,unknown,003,Taki,local,resolved_local,unresolved,155,offensive cells exist and no static return/recovery frame is known
003,Taki,backstep_candidate,369,530,0272,(any:back),False,False,True,True,decoded_root_motion,1,1,46,,,,unknown_from_static_bytecode,unknown,003,Taki,local,resolved_local,unresolved,155,offensive cells exist and no static return/recovery frame is known
003,Taki,backstep_candidate,378,530,0272,(any:back),False,False,True,True,decoded_root_motion,1,1,46,,,,unknown_from_static_bytecode,unknown,003,Taki,local,resolved_local,unresolved,155,offensive cells exist and no static return/recovery frame is known
003,Taki,backstep_candidate,378,530,0272,(any:back),False,False,True,True,decoded_root_motion,1,1,46,,,,unknown_from_static_bytecode,unknown,003,Taki,local,resolved_local,unresolved,155,offensive cells exist and no static return/recovery frame is known
003,Taki,backstep_candidate,412,415,012A,(any:back),False,False,True,True,decoded_root_motion,1,1,18,,,,unknown_from_static_bytecode,unknown,003,Taki,local,resolved_local,unresolved,155,offensive cells exist and no static return/recovery frame is known
003,Taki,backstep_candidate,414,415,012A,(any:back),False,False,True,True,decoded_root_motion,1,1,18,,,,unknown_from_static_bytecode,unknown,003,Taki,local,resolved_local,unresolved,155,offensive cells exist and no static return/recovery frame is known
003,Taki,backstep_candidate,416,530,0272,(any:back),False,False,True,True,decoded_root_motion,1,1,46,,,,unknown_from_static_bytecode,unknown,003,Taki,local,resolved_local,unresolved,155,offensive cells exist and no static return/recovery frame is known
003,Taki,backstep_candidate,416,530,0272,(any:back),False,False,True,True,decoded_root_motion,1,1,46,,,,unknown_from_static_bytecode,unknown,003,Taki,local,resolved_local,unresolved,155,offensive cells exist and no static return/recovery frame is known
003,Taki,backstep_candidate,418,520,01A5,(any:back),False,False,True,True,decoded_root_motion,1,1,17,,,,unknown_from_static_bytecode,unknown,003,Taki,local,resolved_local,unresolved,155,offensive cells exist and no static return/recovery frame is known
003,Taki,backstep_candidate,419,519,0133,(any:back),False,False,True,True,decoded_root_motion,1,1,17,,,,unknown_from_static_bytecode,unknown,003,Taki,local,resolved_local,unresolved,155,offensive cells exist and no static return/recovery frame is known
003,Taki,backstep_candidate,452,454,002A,(any:back),False,False,True,True,decoded_root_motion,1,1,5,,,,unknown_from_static_bytecode,unknown,003,Taki,local,resolved_local,unresolved,155,offensive cells exist and no static return/recovery frame is known
003,Taki,backstep_candidate,453,454,002A,(any:back),False,False,True,True,decoded_root_motion,1,1,5,,,,unknown_from_static_bytecode,unknown,003,Taki,local,resolved_local,unresolved,155,offensive cells exist and no static return/recovery frame is known
003,Taki,backstep_candidate,523,415,012A,(any:back),False,False,True,True,decoded_root_motion,1,1,18,,,,unknown_from_static_bytecode,unknown,003,Taki,local,resolved_local,unresolved,155,offensive cells exist and no static return/recovery frame is known
003,Taki,backstep_candidate,525,415,012A,(any:back),False,False,True,True,decoded_root_motion,1,1,18,,,,unknown_from_static_bytecode,unknown,003,Taki,local,resolved_local,unresolved,155,offensive cells exist and no static return/recovery frame is known
003,Taki,backstep_candidate,534,536,002F,(any:back),False,False,True,True,decoded_root_motion,1,1,43,,,,unknown_from_static_bytecode,unknown,003,Taki,local,resolved_local,unresolved,155,offensive cells exist and no static return/recovery frame is known
003,Taki,backstep_candidate,549,520,01A5,(any:back),False,False,True,True,decoded_root_motion,1,1,17,,,,unknown_from_static_bytecode,unknown,003,Taki,local,resolved_local,unresolved,155,offensive cells exist and no static return/recovery frame is known
003,Taki,backstep_candidate,550,519,0133,(any:back),False,False,True,True,decoded_root_motion,1,1,17,,,,unknown_from_static_bytecode,unknown,003,Taki,local,resolved_local,unresolved,155,offensive cells exist and no static return/recovery frame is known
003,Taki,backstep_candidate,2978,470,02B2,(any:back),False,False,True,True,decoded_root_motion,1,1,11,,,,unknown_from_static_bytecode,unknown,003,Taki,local,resolved_local,unresolved,155,offensive cells exist and no static return/recovery frame is known
003,Taki,backstep_candidate,2978,486,012A,(any:back),False,False,True,True,decoded_root_motion,1,1,19,,,,unknown_from_static_bytecode,unknown,003,Taki,local,resolved_local,unresolved,155,offensive cells exist and no static return/recovery frame is known
003,Taki,backstep_candidate,2978,495,002C,(any:back),False,False,True,True,decoded_root_motion,1,1,21,,,,unknown_from_static_bytecode,unknown,003,Taki,local,resolved_local,unresolved,155,offensive cells exist and no static return/recovery frame is known
003,Taki,backstep_candidate,2978,498,00C6,(any:back),False,False,True,True,decoded_root_motion,1,1,21,,,,unknown_from_static_bytecode,unknown,003,Taki,local,resolved_local,unresolved,155,offensive cells exist and no static return/recovery frame is known
003,Taki,backstep_candidate,2979,470,02B2,(any:back),False,False,True,True,decoded_root_motion,1,1,11,,,,unknown_from_static_bytecode,unknown,003,Taki,local,resolved_local,unresolved,155,offensive cells exist and no static return/recovery frame is known
003,Taki,backstep_candidate,2979,486,012A,(any:back),False,False,True,True,decoded_root_motion,1,1,19,,,,unknown_from_static_bytecode,unknown,003,Taki,local,resolved_local,unresolved,155,offensive cells exist and no static return/recovery frame is known
003,Taki,backstep_candidate,2979,495,002C,(any:back),False,False,True,True,decoded_root_motion,1,1,21,,,,unknown_from_static_bytecode,unknown,003,Taki,local,resolved_local,unresolved,155,offensive cells exist and no static return/recovery frame is known
003,Taki,backstep_candidate,2979,498,00C6,(any:back),False,False,True,True,decoded_root_motion,1,1,21,,,,unknown_from_static_bytecode,unknown,003,Taki,local,resolved_local,unresolved,155,offensive cells exist and no static return/recovery frame is known
003,Taki,backstep_candidate,2981,507,01AE,(any:back),False,False,True,True,decoded_root_motion,1,1,22,,,,unknown_from_static_bytecode,unknown,003,Taki,local,resolved_local,unresolved,155,offensive cells exist and no static return/recovery frame is known
003,Taki,backstep_candidate,2984,544,00DE,(any:back),False,False,True,True,decoded_root_motion,1,1,21,,,,unknown_from_static_bytecode,unknown,003,Taki,local,resolved_local,unresolved,155,offensive cells exist and no static return/recovery frame is known
003,Taki,backstep_candidate,2071,1705,1491,(any:back),False,False,True,False,unknown_without_root_motion_decode,0,0,,,,,unknown_from_static_bytecode,unknown,003,Taki,move_bucket_2,resolved_move_bucket,unresolved,113,root motion did not decode with high confidence
003,Taki,backstep_candidate,2072,2374,1254,(any:back),False,False,True,False,unknown_without_root_motion_decode,0,0,,,,,unknown_from_static_bytecode,unknown,003,Taki,move_bucket_2,resolved_move_bucket,unresolved,113,root motion did not decode with high confidence
003,Taki,backstep_candidate,2205,2380,15DF,(any:back),False,False,True,False,unknown_without_root_motion_decode,0,0,,,,,unknown_from_static_bytecode,unknown,003,Taki,move_bucket_2,resolved_move_bucket,unresolved,113,root motion did not decode with high confidence
003,Taki,backstep_candidate,2207,2380,15DF,(any:back),False,False,True,False,unknown_without_root_motion_decode,0,0,,,,,unknown_from_static_bytecode,unknown,003,Taki,move_bucket_2,resolved_move_bucket,unresolved,113,root motion did not decode with high confidence
003,Taki,backstep_candidate,2261,2383,1168,(any:back),False,False,True,False,unknown_without_root_motion_decode,0,0,,,,,unknown_from_static_bytecode,unknown,003,Taki,move_bucket_2,resolved_move_bucket,unresolved,113,root motion did not decode with high confidence
003,Taki,backstep_candidate,2300,2385,1251,(any:back),False,False,True,False,unknown_without_root_motion_decode,0,0,,,,,unknown_from_static_bytecode,unknown,003,Taki,move_bucket_2,resolved_move_bucket,unresolved,113,root motion did not decode with high confidence
003,Taki,eight_way_or_ambiguous,161,164,0139,(any:back|forward|down),False,False,True,True,decoded_root_motion,0,0,,,,,unknown_from_static_bytecode,unknown,003,Taki,local,resolved_local,measured_but_not_basic,132,source is not proven neutral or stance-root basic movement
003,Taki,eight_way_or_ambiguous,2978,479,012D,(back+forward),False,False,True,True,decoded_root_motion,1,1,45,,,,unknown_from_static_bytecode,unknown,003,Taki,local,resolved_local,unresolved,132,offensive cells exist and no static return/recovery frame is known
003,Taki,eight_way_or_ambiguous,2979,479,012D,(back+forward),False,False,True,True,decoded_root_motion,1,1,45,,,,unknown_from_static_bytecode,unknown,003,Taki,local,resolved_local,unresolved,132,offensive cells exist and no static return/recovery frame is known
003,Taki,forward_diagonal,327,329,0264,(forward+up),True,True,True,True,decoded_root_motion,0,0,,,,,unknown_from_static_bytecode,unknown,003,Taki,local,resolved_local,trusted_basic,198,direct movement predicate; same-bank route; root motion decoded; source is neutral-like; no active offensive cells on destination slot
003,Taki,forward_diagonal,374,378,0256,(forward+up),True,True,True,True,decoded_root_motion,0,0,,,,,unknown_from_static_bytecode,unknown,003,Taki,local,resolved_local,trusted_basic,198,direct movement predicate; same-bank route; root motion decoded; source is neutral-like; no active offensive cells on destination slot
003,Taki,forward_diagonal,486,526,0256,(forward+up),True,True,True,True,decoded_root_motion,0,0,,,,,unknown_from_static_bytecode,unknown,003,Taki,local,resolved_local,trusted_basic,198,direct movement predicate; same-bank route; root motion decoded; source is neutral-like; no active offensive cells on destination slot
003,Taki,forward_diagonal,526,527,01EB,(forward+up),True,True,True,True,decoded_root_motion,0,0,,,,,unknown_from_static_bytecode,unknown,003,Taki,local,resolved_local,trusted_basic,198,direct movement predicate; same-bank route; root motion decoded; source is neutral-like; no active offensive cells on destination slot
003,Taki,forward_diagonal,559,573,0264,(forward+up),True,True,True,True,decoded_root_motion,0,0,,,,,unknown_from_static_bytecode,unknown,003,Taki,local,resolved_local,trusted_basic,198,direct movement predicate; same-bank route; root motion decoded; source is neutral-like; no active offensive cells on destination slot
003,Taki,forward_diagonal,304,305,0256,(forward+up),False,False,True,True,decoded_root_motion,0,0,,,,,unknown_from_static_bytecode,unknown,003,Taki,local,resolved_local,measured_but_not_basic,148,source is not proven neutral or stance-root basic movement
003,Taki,forward_diagonal,305,527,01EB,(forward+up),False,False,True,True,decoded_root_motion,0,0,,,,,unknown_from_static_bytecode,unknown,003,Taki,local,resolved_local,measured_but_not_basic,148,source is not proven neutral or stance-root basic movement
003,Taki,forward_diagonal,367,369,0256,(forward+up),False,False,True,True,decoded_root_motion,0,0,,,,,unknown_from_static_bytecode,unknown,003,Taki,local,resolved_local,measured_but_not_basic,148,source is not proven neutral or stance-root basic movement
003,Taki,forward_diagonal,369,527,01EB,(forward+up),False,False,True,True,decoded_root_motion,0,0,,,,,unknown_from_static_bytecode,unknown,003,Taki,local,resolved_local,measured_but_not_basic,148,source is not proven neutral or stance-root basic movement
003,Taki,forward_diagonal,375,378,0256,(forward+up),False,False,True,True,decoded_root_motion,0,0,,,,,unknown_from_static_bytecode,unknown,003,Taki,local,resolved_local,measured_but_not_basic,148,source is not proven neutral or stance-root basic movement
003,Taki,forward_diagonal,376,378,0256,(forward+up),False,False,True,True,decoded_root_motion,0,0,,,,,unknown_from_static_bytecode,unknown,003,Taki,local,resolved_local,measured_but_not_basic,148,source is not proven neutral or stance-root basic movement
003,Taki,forward_diagonal,378,527,01EB,(forward+up),False,False,True,True,decoded_root_motion,0,0,,,,,unknown_from_static_bytecode,unknown,003,Taki,local,resolved_local,measured_but_not_basic,148,source is not proven neutral or stance-root basic movement
003,Taki,forward_diagonal,416,527,01EB,(forward+up),False,False,True,True,decoded_root_motion,0,0,,,,,unknown_from_static_bytecode,unknown,003,Taki,local,resolved_local,measured_but_not_basic,148,source is not proven neutral or stance-root basic movement
003,Taki,forward_diagonal,2978,480,0261,(forward+up),False,False,True,True,decoded_root_motion,0,0,,,,,unknown_from_static_bytecode,unknown,003,Taki,local,resolved_local,measured_but_not_basic,148,source is not proven neutral or stance-root basic movement
003,Taki,forward_diagonal,2979,480,0261,(forward+up),False,False,True,True,decoded_root_motion,0,0,,,,,unknown_from_static_bytecode,unknown,003,Taki,local,resolved_local,measured_but_not_basic,148,source is not proven neutral or stance-root basic movement
003,Taki,forward_step_candidate,273,277,01B9,(any:forward),True,True,True,True,decoded_root_motion,1,1,14,,,,unknown_from_static_bytecode,unknown,003,Taki,local,resolved_local,unresolved,155,offensive cells exist and no static return/recovery frame is known
003,Taki,forward_step_candidate,289,293,012E,(any:forward),True,True,True,True,decoded_root_motion,1,1,15,,,,unknown_from_static_bytecode,unknown,003,Taki,local,resolved_local,unresolved,155,offensive cells exist and no static return/recovery frame is known
003,Taki,forward_step_candidate,293,296,02B4,(any:forward),True,True,True,True,decoded_root_motion,2,2,19,,,,unknown_from_static_bytecode,unknown,003,Taki,local,resolved_local,unresolved,155,offensive cells exist and no static return/recovery frame is known
003,Taki,forward_step_candidate,483,487,0219,(any:forward),True,True,True,True,decoded_root_motion,1,1,19,,,,unknown_from_static_bytecode,unknown,003,Taki,local,resolved_local,unresolved,155,offensive cells exist and no static return/recovery frame is known
003,Taki,forward_step_candidate,483,501,0025,(any:forward),True,True,True,True,decoded_root_motion,1,1,19,,,,unknown_from_static_bytecode,unknown,003,Taki,local,resolved_local,unresolved,155,offensive cells exist and no static return/recovery frame is known
003,Taki,forward_step_candidate,483,501,0025,(any:forward),True,True,True,True,decoded_root_motion,1,1,19,,,,unknown_from_static_bytecode,unknown,003,Taki,local,resolved_local,unresolved,155,offensive cells exist and no static return/recovery frame is known
003,Taki,forward_step_candidate,484,487,0219,(any:forward),True,True,True,True,decoded_root_motion,1,1,19,,,,unknown_from_static_bytecode,unknown,003,Taki,local,resolved_local,unresolved,155,offensive cells exist and no static return/recovery frame is known
003,Taki,forward_step_candidate,484,501,0025,(any:forward),True,True,True,True,decoded_root_motion,1,1,19,,,,unknown_from_static_bytecode,unknown,003,Taki,local,resolved_local,unresolved,155,offensive cells exist and no static return/recovery frame is known
003,Taki,forward_step_candidate,484,501,0025,(any:forward),True,True,True,True,decoded_root_motion,1,1,19,,,,unknown_from_static_bytecode,unknown,003,Taki,local,resolved_local,unresolved,155,offensive cells exist and no static return/recovery frame is known
003,Taki,forward_step_candidate,485,487,0219,(any:forward),True,True,True,True,decoded_root_motion,1,1,19,,,,unknown_from_static_bytecode,unknown,003,Taki,local,resolved_local,unresolved,155,offensive cells exist and no static return/recovery frame is known
003,Taki,forward_step_candidate,485,501,0025,(any:forward),True,True,True,True,decoded_root_motion,1,1,19,,,,unknown_from_static_bytecode,unknown,003,Taki,local,resolved_local,unresolved,155,offensive cells exist and no static return/recovery frame is known
003,Taki,forward_step_candidate,485,501,0025,(any:forward),True,True,True,True,decoded_root_motion,1,1,19,,,,unknown_from_static_bytecode,unknown,003,Taki,local,resolved_local,unresolved,155,offensive cells exist and no static return/recovery frame is known
003,Taki,forward_step_candidate,516,521,00CA,(any:forward),True,True,True,True,decoded_root_motion,1,1,25,,,,unknown_from_static_bytecode,unknown,003,Taki,local,resolved_local,unresolved,155,offensive cells exist and no static return/recovery frame is known
003,Taki,forward_step_candidate,517,521,00CA,(any:forward),True,True,True,True,decoded_root_motion,1,1,25,,,,unknown_from_static_bytecode,unknown,003,Taki,local,resolved_local,unresolved,155,offensive cells exist and no static return/recovery frame is known
003,Taki,forward_step_candidate,526,531,0275,(any:forward),True,True,True,True,decoded_root_motion,1,1,52,,,,unknown_from_static_bytecode,unknown,003,Taki,local,resolved_local,unresolved,155,offensive cells exist and no static return/recovery frame is known
003,Taki,forward_step_candidate,526,531,0275,(any:forward),True,True,True,True,decoded_root_motion,1,1,52,,,,unknown_from_static_bytecode,unknown,003,Taki,local,resolved_local,unresolved,155,offensive cells exist and no static return/recovery frame is known
003,Taki,forward_step_candidate,168,425,0109,(any:forward),False,False,True,True,decoded_root_motion,2,0,,,,,unknown_from_static_bytecode,unknown,003,Taki,local,resolved_local,measured_but_not_basic,155,source is not proven neutral or stance-root basic movement
003,Taki,forward_step_candidate,271,521,00CA,(any:forward),False,False,True,True,decoded_root_motion,1,1,25,,,,unknown_from_static_bytecode,unknown,003,Taki,local,resolved_local,unresolved,155,offensive cells exist and no static return/recovery frame is known
003,Taki,forward_step_candidate,272,521,00CA,(any:forward),False,False,True,True,decoded_root_motion,1,1,25,,,,unknown_from_static_bytecode,unknown,003,Taki,local,resolved_local,unresolved,155,offensive cells exist and no static return/recovery frame is known
003,Taki,forward_step_candidate,300,301,02D4,(any:forward),False,False,True,True,decoded_root_motion,1,1,36,,,,unknown_from_static_bytecode,unknown,003,Taki,local,resolved_local,unresolved,155,offensive cells exist and no static return/recovery frame is known
003,Taki,forward_step_candidate,305,531,0275,(any:forward),False,False,True,True,decoded_root_motion,1,1,52,,,,unknown_from_static_bytecode,unknown,003,Taki,local,resolved_local,unresolved,155,offensive cells exist and no static return/recovery frame is known
003,Taki,forward_step_candidate,305,531,0275,(any:forward),False,False,True,True,decoded_root_motion,1,1,52,,,,unknown_from_static_bytecode,unknown,003,Taki,local,resolved_local,unresolved,155,offensive cells exist and no static return/recovery frame is known
003,Taki,forward_step_candidate,338,487,0219,(any:forward),False,False,True,True,decoded_root_motion,1,1,19,,,,unknown_from_static_bytecode,unknown,003,Taki,local,resolved_local,unresolved,155,offensive cells exist and no static return/recovery frame is known
003,Taki,forward_step_candidate,338,501,0025,(any:forward),False,False,True,True,decoded_root_motion,1,1,19,,,,unknown_from_static_bytecode,unknown,003,Taki,local,resolved_local,unresolved,155,offensive cells exist and no static return/recovery frame is known
003,Taki,forward_step_candidate,338,501,0025,(any:forward),False,False,True,True,decoded_root_motion,1,1,19,,,,unknown_from_static_bytecode,unknown,003,Taki,local,resolved_local,unresolved,155,offensive cells exist and no static return/recovery frame is known
003,Taki,forward_step_candidate,340,487,0219,(any:forward),False,False,True,True,decoded_root_motion,1,1,19,,,,unknown_from_static_bytecode,unknown,003,Taki,local,resolved_local,unresolved,155,offensive cells exist and no static return/recovery frame is known
003,Taki,forward_step_candidate,340,501,0025,(any:forward),False,False,True,True,decoded_root_motion,1,1,19,,,,unknown_from_static_bytecode,unknown,003,Taki,local,resolved_local,unresolved,155,offensive cells exist and no static return/recovery frame is known
003,Taki,forward_step_candidate,340,501,0025,(any:forward),False,False,True,True,decoded_root_motion,1,1,19,,,,unknown_from_static_bytecode,unknown,003,Taki,local,resolved_local,unresolved,155,offensive cells exist and no static return/recovery frame is known
003,Taki,forward_step_candidate,369,531,0275,(any:forward),False,False,True,True,decoded_root_motion,1,1,52,,,,unknown_from_static_bytecode,unknown,003,Taki,local,resolved_local,unresolved,155,offensive cells exist and no static return/recovery frame is known
003,Taki,forward_step_candidate,369,531,0275,(any:forward),False,False,True,True,decoded_root_motion,1,1,52,,,,unknown_from_static_bytecode,unknown,003,Taki,local,resolved_local,unresolved,155,offensive cells exist and no static return/recovery frame is known
003,Taki,forward_step_candidate,378,531,0275,(any:forward),False,False,True,True,decoded_root_motion,1,1,52,,,,unknown_from_static_bytecode,unknown,003,Taki,local,resolved_local,unresolved,155,offensive cells exist and no static return/recovery frame is known
003,Taki,forward_step_candidate,378,531,0275,(any:forward),False,False,True,True,decoded_root_motion,1,1,52,,,,unknown_from_static_bytecode,unknown,003,Taki,local,resolved_local,unresolved,155,offensive cells exist and no static return/recovery frame is known
003,Taki,forward_step_candidate,416,531,0275,(any:forward),False,False,True,True,decoded_root_motion,1,1,52,,,,unknown_from_static_bytecode,unknown,003,Taki,local,resolved_local,unresolved,155,offensive cells exist and no static return/recovery frame is known
003,Taki,forward_step_candidate,416,531,0275,(any:forward),False,False,True,True,decoded_root_motion,1,1,52,,,,unknown_from_static_bytecode,unknown,003,Taki,local,resolved_local,unresolved,155,offensive cells exist and no static return/recovery frame is known
003,Taki,forward_step_candidate,418,521,00CA,(any:forward),False,False,True,True,decoded_root_motion,1,1,25,,,,unknown_from_static_bytecode,unknown,003,Taki,local,resolved_local,unresolved,155,offensive cells exist and no static return/recovery frame is known
003,Taki,forward_step_candidate,419,521,00CA,(any:forward),False,False,True,True,decoded_root_motion,1,1,25,,,,unknown_from_static_bytecode,unknown,003,Taki,local,resolved_local,unresolved,155,offensive cells exist and no static return/recovery frame is known
003,Taki,forward_step_candidate,549,521,00CA,(any:forward),False,False,True,True,decoded_root_motion,1,1,25,,,,unknown_from_static_bytecode,unknown,003,Taki,local,resolved_local,unresolved,155,offensive cells exist and no static return/recovery frame is known
003,Taki,forward_step_candidate,550,521,00CA,(any:forward),False,False,True,True,decoded_root_motion,1,1,25,,,,unknown_from_static_bytecode,unknown,003,Taki,local,resolved_local,unresolved,155,offensive cells exist and no static return/recovery frame is known
003,Taki,forward_step_candidate,2978,472,012F,(any:forward),False,False,True,True,decoded_root_motion,1,1,21,,,,unknown_from_static_bytecode,unknown,003,Taki,local,resolved_local,unresolved,155,offensive cells exist and no static return/recovery frame is known
003,Taki,forward_step_candidate,2978,487,0219,(any:forward),False,False,True,True,decoded_root_motion,1,1,19,,,,unknown_from_static_bytecode,unknown,003,Taki,local,resolved_local,unresolved,155,offensive cells exist and no static return/recovery frame is known
003,Taki,forward_step_candidate,2978,501,0025,(any:forward),False,False,True,True,decoded_root_motion,1,1,19,,,,unknown_from_static_bytecode,unknown,003,Taki,local,resolved_local,unresolved,155,offensive cells exist and no static return/recovery frame is known
003,Taki,forward_step_candidate,2978,501,0025,(any:forward),False,False,True,True,decoded_root_motion,1,1,19,,,,unknown_from_static_bytecode,unknown,003,Taki,local,resolved_local,unresolved,155,offensive cells exist and no static return/recovery frame is known
003,Taki,forward_step_candidate,2979,472,012F,(any:forward),False,False,True,True,decoded_root_motion,1,1,21,,,,unknown_from_static_bytecode,unknown,003,Taki,local,resolved_local,unresolved,155,offensive cells exist and no static return/recovery frame is known
003,Taki,forward_step_candidate,2979,487,0219,(any:forward),False,False,True,True,decoded_root_motion,1,1,19,,,,unknown_from_static_bytecode,unknown,003,Taki,local,resolved_local,unresolved,155,offensive cells exist and no static return/recovery frame is known
003,Taki,forward_step_candidate,2979,501,0025,(any:forward),False,False,True,True,decoded_root_motion,1,1,19,,,,unknown_from_static_bytecode,unknown,003,Taki,local,resolved_local,unresolved,155,offensive cells exist and no static return/recovery frame is known
003,Taki,forward_step_candidate,2979,501,0025,(any:forward),False,False,True,True,decoded_root_motion,1,1,19,,,,unknown_from_static_bytecode,unknown,003,Taki,local,resolved_local,unresolved,155,offensive cells exist and no static return/recovery frame is known
003,Taki,forward_step_candidate,2981,509,01C0,(any:forward),False,False,True,True,decoded_root_motion,1,1,9,,,,unknown_from_static_bytecode,unknown,003,Taki,local,resolved_local,unresolved,155,offensive cells exist and no static return/recovery frame is known
003,Taki,forward_step_candidate,2984,546,0175,(any:forward),False,False,True,True,decoded_root_motion,1,1,14,,,,unknown_from_static_bytecode,unknown,003,Taki,local,resolved_local,unresolved,155,offensive cells exist and no static return/recovery frame is known
003,Taki,forward_step_candidate,2071,1705,1491,(any:forward),False,False,True,False,unknown_without_root_motion_decode,0,0,,,,,unknown_from_static_bytecode,unknown,003,Taki,move_bucket_2,resolved_move_bucket,unresolved,113,root motion did not decode with high confidence
003,Taki,forward_step_candidate,2072,2374,1254,(any:forward),False,False,True,False,unknown_without_root_motion_decode,0,0,,,,,unknown_from_static_bytecode,unknown,003,Taki,move_bucket_2,resolved_move_bucket,unresolved,113,root motion did not decode with high confidence
003,Taki,forward_step_candidate,2205,2380,15DF,(any:forward),False,False,True,False,unknown_without_root_motion_decode,0,0,,,,,unknown_from_static_bytecode,unknown,003,Taki,move_bucket_2,resolved_move_bucket,unresolved,113,root motion did not decode with high confidence
003,Taki,forward_step_candidate,2207,2380,15DF,(any:forward),False,False,True,False,unknown_without_root_motion_decode,0,0,,,,,unknown_from_static_bytecode,unknown,003,Taki,move_bucket_2,resolved_move_bucket,unresolved,113,root motion did not decode with high confidence
003,Taki,forward_step_candidate,2262,2383,1168,(any:forward),False,False,True,False,unknown_without_root_motion_decode,0,0,,,,,unknown_from_static_bytecode,unknown,003,Taki,move_bucket_2,resolved_move_bucket,unresolved,113,root motion did not decode with high confidence
003,Taki,forward_step_candidate,2302,2385,1251,(any:forward),False,False,True,False,unknown_without_root_motion_decode,0,0,,,,,unknown_from_static_bytecode,unknown,003,Taki,move_bucket_2,resolved_move_bucket,unresolved,113,root motion did not decode with high confidence
003,Taki,sidestep_down_candidate,316,447,0145,(any:down),True,True,True,True,decoded_root_motion,0,0,,,,,unknown_from_static_bytecode,unknown,003,Taki,local,resolved_local,trusted_basic,205,direct movement predicate; same-bank route; root motion decoded; source is neutral-like; no active offensive cells on destination slot
003,Taki,sidestep_down_candidate,483,486,012A,(any:down),True,True,True,True,decoded_root_motion,1,1,19,,,,unknown_from_static_bytecode,unknown,003,Taki,local,resolved_local,unresolved,155,offensive cells exist and no static return/recovery frame is known
003,Taki,sidestep_down_candidate,564,6,00FC,(any:down),False,False,True,True,decoded_root_motion,0,0,,,,,unknown_from_static_bytecode,unknown,003,Taki,local,resolved_local,measured_but_not_basic,155,source is not proven neutral or stance-root basic movement
003,Taki,sidestep_down_candidate,1537,1517,019C,(any:down),False,False,True,True,decoded_root_motion,0,0,,,,,unknown_from_static_bytecode,unknown,003,Taki,move_bucket_2,resolved_move_bucket,measured_but_not_basic,155,source is not proven neutral or stance-root basic movement
003,Taki,sidestep_down_candidate,2653,564,02AA,(any:down),False,False,True,True,decoded_root_motion,0,0,,,,,unknown_from_static_bytecode,unknown,003,Taki,local,resolved_local,measured_but_not_basic,155,source is not proven neutral or stance-root basic movement
003,Taki,sidestep_down_candidate,2653,564,02AA,(any:down),False,False,True,True,decoded_root_motion,0,0,,,,,unknown_from_static_bytecode,unknown,003,Taki,local,resolved_local,measured_but_not_basic,155,source is not proven neutral or stance-root basic movement
003,Taki,sidestep_down_candidate,354,357,0283,(any:down),False,False,True,True,decoded_root_motion,1,1,15,,,,unknown_from_static_bytecode,unresolved_static_data,003,Taki,local,resolved_local,unresolved,155,offensive cells exist and no static return/recovery frame is known
003,Taki,sidestep_down_candidate,355,357,0283,(any:down),False,False,True,True,decoded_root_motion,1,1,15,,,,unknown_from_static_bytecode,unresolved_static_data,003,Taki,local,resolved_local,unresolved,155,offensive cells exist and no static return/recovery frame is known
003,Taki,sidestep_up_candidate,284,285,0210,(any:up),True,True,True,True,decoded_root_motion,1,1,18,,,,unknown_from_static_bytecode,unknown,003,Taki,local,resolved_local,unresolved,155,offensive cells exist and no static return/recovery frame is known
003,Taki,sidestep_up_candidate,289,298,0034,(any:up),True,True,True,True,decoded_root_motion,1,1,18,,,,unknown_from_static_bytecode,unknown,003,Taki,local,resolved_local,unresolved,155,offensive cells exist and no static return/recovery frame is known
003,Taki,sidestep_up_candidate,290,291,0036,(any:up),True,True,True,True,decoded_root_motion,1,1,20,,,,unknown_from_static_bytecode,unknown,003,Taki,local,resolved_local,unresolved,155,offensive cells exist and no static return/recovery frame is known
003,Taki,sidestep_up_candidate,316,317,0128,(any:up),True,True,True,True,decoded_root_motion,2,2,17,,,,unknown_from_static_bytecode,unknown,003,Taki,local,resolved_local,unresolved,155,offensive cells exist and no static return/recovery frame is known
003,Taki,sidestep_up_candidate,317,319,0131,(any:up),True,True,True,True,decoded_root_motion,1,1,18,,,,unknown_from_static_bytecode,unknown,003,Taki,local,resolved_local,unresolved,155,offensive cells exist and no static return/recovery frame is known
003,Taki,sidestep_up_candidate,317,320,0134,(any:up),True,True,True,True,decoded_root_motion,1,1,25,,,,unknown_from_static_bytecode,unknown,003,Taki,local,resolved_local,unresolved,155,offensive cells exist and no static return/recovery frame is known
003,Taki,sidestep_up_candidate,327,328,01C6,(any:up),True,True,True,True,decoded_root_motion,1,1,22,,,,unknown_from_static_bytecode,unknown,003,Taki,local,resolved_local,unresolved,155,offensive cells exist and no static return/recovery frame is known
003,Taki,sidestep_up_candidate,483,490,0215,(any:up),True,True,True,True,decoded_root_motion,2,2,16,,,,attack_followup_only,confirmed_static_data,003,Taki,local,resolved_local,unresolved,155,offensive cells exist and no static return/recovery frame is known
003,Taki,sidestep_up_candidate,483,504,01C4,(any:up),True,True,True,True,decoded_root_motion,2,2,13,,,,unknown_from_static_bytecode,unknown,003,Taki,local,resolved_local,unresolved,155,offensive cells exist and no static return/recovery frame is known
003,Taki,sidestep_up_candidate,483,504,01C4,(any:up),True,True,True,True,decoded_root_motion,2,2,13,,,,unknown_from_static_bytecode,unknown,003,Taki,local,resolved_local,unresolved,155,offensive cells exist and no static return/recovery frame is known
003,Taki,sidestep_up_candidate,484,490,0215,(any:up),True,True,True,True,decoded_root_motion,2,2,16,,,,attack_followup_only,confirmed_static_data,003,Taki,local,resolved_local,unresolved,155,offensive cells exist and no static return/recovery frame is known
003,Taki,sidestep_up_candidate,484,504,01C4,(any:up),True,True,True,True,decoded_root_motion,2,2,13,,,,unknown_from_static_bytecode,unknown,003,Taki,local,resolved_local,unresolved,155,offensive cells exist and no static return/recovery frame is known
003,Taki,sidestep_up_candidate,484,504,01C4,(any:up),True,True,True,True,decoded_root_motion,2,2,13,,,,unknown_from_static_bytecode,unknown,003,Taki,local,resolved_local,unresolved,155,offensive cells exist and no static return/recovery frame is known
003,Taki,sidestep_up_candidate,485,490,0215,(any:up),True,True,True,True,decoded_root_motion,2,2,16,,,,attack_followup_only,confirmed_static_data,003,Taki,local,resolved_local,unresolved,155,offensive cells exist and no static return/recovery frame is known
003,Taki,sidestep_up_candidate,485,504,01C4,(any:up),True,True,True,True,decoded_root_motion,2,2,13,,,,unknown_from_static_bytecode,unknown,003,Taki,local,resolved_local,unresolved,155,offensive cells exist and no static return/recovery frame is known
003,Taki,sidestep_up_candidate,485,504,01C4,(any:up),True,True,True,True,decoded_root_motion,2,2,13,,,,unknown_from_static_bytecode,unknown,003,Taki,local,resolved_local,unresolved,155,offensive cells exist and no static return/recovery frame is known
003,Taki,sidestep_up_candidate,516,522,0185,(any:up),True,True,True,True,decoded_root_motion,1,1,12,,,,unknown_from_static_bytecode,unknown,003,Taki,local,resolved_local,unresolved,155,offensive cells exist and no static return/recovery frame is known
003,Taki,sidestep_up_candidate,517,524,0186,(any:up),True,True,True,True,decoded_root_motion,1,1,12,,,,unknown_from_static_bytecode,unknown,003,Taki,local,resolved_local,unresolved,155,offensive cells exist and no static return/recovery frame is known
003,Taki,sidestep_up_candidate,526,533,0274,(any:up),True,True,True,True,decoded_root_motion,1,1,41,,,,unknown_from_static_bytecode,unknown,003,Taki,local,resolved_local,unresolved,155,offensive cells exist and no static return/recovery frame is known
003,Taki,sidestep_up_candidate,526,533,0274,(any:up),True,True,True,True,decoded_root_motion,1,1,41,,,,unknown_from_static_bytecode,unknown,003,Taki,local,resolved_local,unresolved,155,offensive cells exist and no static return/recovery frame is known
003,Taki,sidestep_up_candidate,2994,427,0109,(any:up),False,False,True,True,decoded_root_motion,2,0,,,,,unknown_from_static_bytecode,unknown,003,Taki,local,resolved_local,measured_but_not_basic,155,source is not proven neutral or stance-root basic movement
003,Taki,sidestep_up_candidate,2995,493,01A8,(any:up),False,False,True,True,decoded_root_motion,1,0,,,,,unknown_from_static_bytecode,unknown,003,Taki,local,resolved_local,measured_but_not_basic,155,source is not proven neutral or stance-root basic movement
003,Taki,sidestep_up_candidate,2995,493,01A8,(any:up),False,False,True,True,decoded_root_motion,1,0,,,,,unknown_from_static_bytecode,unknown,003,Taki,local,resolved_local,measured_but_not_basic,155,source is not proven neutral or stance-root basic movement
003,Taki,sidestep_up_candidate,271,524,0186,(any:up),False,False,True,True,decoded_root_motion,1,1,12,,,,unknown_from_static_bytecode,unknown,003,Taki,local,resolved_local,unresolved,155,offensive cells exist and no static return/recovery frame is known
003,Taki,sidestep_up_candidate,272,522,0185,(any:up),False,False,True,True,decoded_root_motion,1,1,12,,,,unknown_from_static_bytecode,unknown,003,Taki,local,resolved_local,unresolved,155,offensive cells exist and no static return/recovery frame is known
003,Taki,sidestep_up_candidate,298,299,0034,(any:up),False,False,True,True,decoded_root_motion,2,2,18,,,,unknown_from_static_bytecode,unknown,003,Taki,local,resolved_local,unresolved,155,offensive cells exist and no static return/recovery frame is known
003,Taki,sidestep_up_candidate,305,533,0274,(any:up),False,False,True,True,decoded_root_motion,1,1,41,,,,unknown_from_static_bytecode,unknown,003,Taki,local,resolved_local,unresolved,155,offensive cells exist and no static return/recovery frame is known
003,Taki,sidestep_up_candidate,305,533,0274,(any:up),False,False,True,True,decoded_root_motion,1,1,41,,,,unknown_from_static_bytecode,unknown,003,Taki,local,resolved_local,unresolved,155,offensive cells exist and no static return/recovery frame is known
003,Taki,sidestep_up_candidate,323,325,0287,(any:up),False,False,True,True,decoded_root_motion,1,1,21,,,,unknown_from_static_bytecode,unknown,003,Taki,local,resolved_local,unresolved,155,offensive cells exist and no static return/recovery frame is known
003,Taki,sidestep_up_candidate,326,327,01C3,(any:up),False,False,True,True,decoded_root_motion,1,1,22,,,,unknown_from_static_bytecode,unknown,003,Taki,local,resolved_local,unresolved,155,offensive cells exist and no static return/recovery frame is known
003,Taki,sidestep_up_candidate,338,490,0215,(any:up),False,False,True,True,decoded_root_motion,2,2,16,,,,attack_followup_only,confirmed_static_data,003,Taki,local,resolved_local,unresolved,155,offensive cells exist and no static return/recovery frame is known
003,Taki,sidestep_up_candidate,338,504,01C4,(any:up),False,False,True,True,decoded_root_motion,2,2,13,,,,unknown_from_static_bytecode,unknown,003,Taki,local,resolved_local,unresolved,155,offensive cells exist and no static return/recovery frame is known
003,Taki,sidestep_up_candidate,338,504,01C4,(any:up),False,False,True,True,decoded_root_motion,2,2,13,,,,unknown_from_static_bytecode,unknown,003,Taki,local,resolved_local,unresolved,155,offensive cells exist and no static return/recovery frame is known
003,Taki,sidestep_up_candidate,340,490,0215,(any:up),False,False,True,True,decoded_root_motion,2,2,16,,,,attack_followup_only,confirmed_static_data,003,Taki,local,resolved_local,unresolved,155,offensive cells exist and no static return/recovery frame is known
003,Taki,sidestep_up_candidate,340,504,01C4,(any:up),False,False,True,True,decoded_root_motion,2,2,13,,,,unknown_from_static_bytecode,unknown,003,Taki,local,resolved_local,unresolved,155,offensive cells exist and no static return/recovery frame is known
003,Taki,sidestep_up_candidate,340,504,01C4,(any:up),False,False,True,True,decoded_root_motion,2,2,13,,,,unknown_from_static_bytecode,unknown,003,Taki,local,resolved_local,unresolved,155,offensive cells exist and no static return/recovery frame is known
003,Taki,sidestep_up_candidate,369,533,0274,(any:up),False,False,True,True,decoded_root_motion,1,1,41,,,,unknown_from_static_bytecode,unknown,003,Taki,local,resolved_local,unresolved,155,offensive cells exist and no static return/recovery frame is known
003,Taki,sidestep_up_candidate,369,533,0274,(any:up),False,False,True,True,decoded_root_motion,1,1,41,,,,unknown_from_static_bytecode,unknown,003,Taki,local,resolved_local,unresolved,155,offensive cells exist and no static return/recovery frame is known
003,Taki,sidestep_up_candidate,378,533,0274,(any:up),False,False,True,True,decoded_root_motion,1,1,41,,,,unknown_from_static_bytecode,unknown,003,Taki,local,resolved_local,unresolved,155,offensive cells exist and no static return/recovery frame is known
003,Taki,sidestep_up_candidate,378,533,0274,(any:up),False,False,True,True,decoded_root_motion,1,1,41,,,,unknown_from_static_bytecode,unknown,003,Taki,local,resolved_local,unresolved,155,offensive cells exist and no static return/recovery frame is known
003,Taki,sidestep_up_candidate,416,533,0274,(any:up),False,False,True,True,decoded_root_motion,1,1,41,,,,unknown_from_static_bytecode,unknown,003,Taki,local,resolved_local,unresolved,155,offensive cells exist and no static return/recovery frame is known
003,Taki,sidestep_up_candidate,416,533,0274,(any:up),False,False,True,True,decoded_root_motion,1,1,41,,,,unknown_from_static_bytecode,unknown,003,Taki,local,resolved_local,unresolved,155,offensive cells exist and no static return/recovery frame is known
003,Taki,sidestep_up_candidate,418,524,0186,(any:up),False,False,True,True,decoded_root_motion,1,1,12,,,,unknown_from_static_bytecode,unknown,003,Taki,local,resolved_local,unresolved,155,offensive cells exist and no static return/recovery frame is known
003,Taki,sidestep_up_candidate,419,522,0185,(any:up),False,False,True,True,decoded_root_motion,1,1,12,,,,unknown_from_static_bytecode,unknown,003,Taki,local,resolved_local,unresolved,155,offensive cells exist and no static return/recovery frame is known
003,Taki,sidestep_up_candidate,509,512,01D1,(any:up),False,False,True,True,decoded_root_motion,1,1,15,,,,unknown_from_static_bytecode,unknown,003,Taki,local,resolved_local,unresolved,155,offensive cells exist and no static return/recovery frame is known
003,Taki,sidestep_up_candidate,549,524,0186,(any:up),False,False,True,True,decoded_root_motion,1,1,12,,,,unknown_from_static_bytecode,unknown,003,Taki,local,resolved_local,unresolved,155,offensive cells exist and no static return/recovery frame is known
003,Taki,sidestep_up_candidate,550,522,0185,(any:up),False,False,True,True,decoded_root_motion,1,1,12,,,,unknown_from_static_bytecode,unknown,003,Taki,local,resolved_local,unresolved,155,offensive cells exist and no static return/recovery frame is known
003,Taki,sidestep_up_candidate,2978,477,0148,(any:up),False,False,True,True,decoded_root_motion,2,2,27,,,,unknown_from_static_bytecode,unknown,003,Taki,local,resolved_local,unresolved,155,offensive cells exist and no static return/recovery frame is known
003,Taki,sidestep_up_candidate,2978,490,0215,(any:up),False,False,True,True,decoded_root_motion,2,2,16,,,,attack_followup_only,confirmed_static_data,003,Taki,local,resolved_local,unresolved,155,offensive cells exist and no static return/recovery frame is known
003,Taki,sidestep_up_candidate,2978,504,01C4,(any:up),False,False,True,True,decoded_root_motion,2,2,13,,,,unknown_from_static_bytecode,unknown,003,Taki,local,resolved_local,unresolved,155,offensive cells exist and no static return/recovery frame is known
003,Taki,sidestep_up_candidate,2978,504,01C4,(any:up),False,False,True,True,decoded_root_motion,2,2,13,,,,unknown_from_static_bytecode,unknown,003,Taki,local,resolved_local,unresolved,155,offensive cells exist and no static return/recovery frame is known
003,Taki,sidestep_up_candidate,2979,477,0148,(any:up),False,False,True,True,decoded_root_motion,2,2,27,,,,unknown_from_static_bytecode,unknown,003,Taki,local,resolved_local,unresolved,155,offensive cells exist and no static return/recovery frame is known
003,Taki,sidestep_up_candidate,2979,490,0215,(any:up),False,False,True,True,decoded_root_motion,2,2,16,,,,attack_followup_only,confirmed_static_data,003,Taki,local,resolved_local,unresolved,155,offensive cells exist and no static return/recovery frame is known
003,Taki,sidestep_up_candidate,2979,504,01C4,(any:up),False,False,True,True,decoded_root_motion,2,2,13,,,,unknown_from_static_bytecode,unknown,003,Taki,local,resolved_local,unresolved,155,offensive cells exist and no static return/recovery frame is known
003,Taki,sidestep_up_candidate,2979,504,01C4,(any:up),False,False,True,True,decoded_root_motion,2,2,13,,,,unknown_from_static_bytecode,unknown,003,Taki,local,resolved_local,unresolved,155,offensive cells exist and no static return/recovery frame is known
003,Taki,sidestep_up_candidate,2984,547,027F,(any:up),False,False,True,True,decoded_root_motion,1,1,37,,,,unknown_from_static_bytecode,unknown,003,Taki,local,resolved_local,unresolved,155,offensive cells exist and no static return/recovery frame is known
004,Maxi,back_diagonal,324,333,00F1,(back+up),True,True,True,True,decoded_root_motion,2,2,19,,,,unknown_from_static_bytecode,unknown,004,Maxi,local,resolved_local,unresolved,148,offensive cells exist and no static return/recovery frame is known
004,Maxi,backstep_candidate,266,267,0283,(any:back),True,True,True,True,decoded_root_motion,0,0,,,,,unknown_from_static_bytecode,unknown,004,Maxi,local,resolved_local,trusted_basic,205,direct movement predicate; same-bank route; root motion decoded; source is neutral-like; no active offensive cells on destination slot
004,Maxi,backstep_candidate,257,258,003A,(any:back),True,True,True,True,decoded_root_motion,1,1,13,,,,unknown_from_static_bytecode,unknown,004,Maxi,local,resolved_local,unresolved,155,offensive cells exist and no static return/recovery frame is known
004,Maxi,backstep_candidate,266,268,0200,(any:back),True,True,True,True,decoded_root_motion,1,1,16,,,,unknown_from_static_bytecode,unknown,004,Maxi,local,resolved_local,unresolved,155,offensive cells exist and no static return/recovery frame is known
004,Maxi,backstep_candidate,298,299,0288,(any:back),True,True,True,True,decoded_root_motion,1,1,15,,,,unknown_from_static_bytecode,unknown,004,Maxi,local,resolved_local,unresolved,155,offensive cells exist and no static return/recovery frame is known
004,Maxi,backstep_candidate,357,359,0228,(any:back),True,True,True,True,decoded_root_motion,1,1,18,,,,unknown_from_static_bytecode,unknown,004,Maxi,local,resolved_local,unresolved,155,offensive cells exist and no static return/recovery frame is known
004,Maxi,backstep_candidate,455,457,027B,(any:back),True,True,True,True,decoded_root_motion,1,1,27,,,,unknown_from_static_bytecode,unknown,004,Maxi,local,resolved_local,unresolved,155,offensive cells exist and no static return/recovery frame is known
004,Maxi,backstep_candidate,2021,1655,1490,(any:back),True,True,True,False,unknown_without_root_motion_decode,0,0,,,,,unknown_from_static_bytecode,unknown,004,Maxi,move_bucket_2,resolved_move_bucket,unresolved,113,root motion did not decode with high confidence
004,Maxi,backstep_candidate,457,458,027E,(any:back),False,False,True,True,decoded_root_motion,0,0,,,,,unknown_from_static_bytecode,unknown,004,Maxi,local,resolved_local,measured_but_not_basic,155,source is not proven neutral or stance-root basic movement
004,Maxi,backstep_candidate,268,269,00E1,(any:back),False,False,True,True,decoded_root_motion,1,1,25,,,,unknown_from_static_bytecode,unknown,004,Maxi,local,resolved_local,unresolved,155,offensive cells exist and no static return/recovery frame is known
004,Maxi,backstep_candidate,340,341,00F5,(any:back),False,False,True,True,decoded_root_motion,2,2,17,,,,unknown_from_static_bytecode,unknown,004,Maxi,local,resolved_local,unresolved,155,offensive cells exist and no static return/recovery frame is known
004,Maxi,backstep_candidate,340,341,00F5,(any:back),False,False,True,True,decoded_root_motion,2,2,17,,,,unknown_from_static_bytecode,unknown,004,Maxi,local,resolved_local,unresolved,155,offensive cells exist and no static return/recovery frame is known
004,Maxi,backstep_candidate,340,341,00F5,(any:back),False,False,True,True,decoded_root_motion,2,2,17,,,,unknown_from_static_bytecode,unknown,004,Maxi,local,resolved_local,unresolved,155,offensive cells exist and no static return/recovery frame is known
004,Maxi,backstep_candidate,515,524,00C7,(any:back),False,False,True,True,decoded_root_motion,1,1,26,,,,unknown_from_static_bytecode,unknown,004,Maxi,local,resolved_local,unresolved,155,offensive cells exist and no static return/recovery frame is known
004,Maxi,backstep_candidate,2928,443,0097,(any:back),False,False,True,True,decoded_root_motion,2,2,13,,,,unknown_from_static_bytecode,unknown,004,Maxi,local,resolved_local,unresolved,155,offensive cells exist and no static return/recovery frame is known
004,Maxi,backstep_candidate,2929,486,00E3,(any:back),False,False,True,True,decoded_root_motion,1,1,17,,,,unknown_from_static_bytecode,unknown,004,Maxi,local,resolved_local,unresolved,155,offensive cells exist and no static return/recovery frame is known
004,Maxi,backstep_candidate,2930,477,022A,(any:back),False,False,True,True,decoded_root_motion,1,1,31,,,,unknown_from_static_bytecode,unknown,004,Maxi,local,resolved_local,unresolved,155,offensive cells exist and no static return/recovery frame is known
004,Maxi,backstep_candidate,2931,455,00D5,(any:back),False,False,True,True,decoded_root_motion,1,1,21,,,,unknown_from_static_bytecode,unknown,004,Maxi,local,resolved_local,unresolved,155,offensive cells exist and no static return/recovery frame is known
004,Maxi,backstep_candidate,2932,468,0021,(any:back),False,False,True,True,decoded_root_motion,1,1,15,,,,unknown_from_static_bytecode,unknown,004,Maxi,local,resolved_local,unresolved,155,offensive cells exist and no static return/recovery frame is known
004,Maxi,backstep_candidate,2933,495,020F,(any:back),False,False,True,True,decoded_root_motion,1,1,15,,,,unknown_from_static_bytecode,unknown,004,Maxi,local,resolved_local,unresolved,155,offensive cells exist and no static return/recovery frame is known
004,Maxi,backstep_candidate,2933,495,020F,(any:back),False,False,True,True,decoded_root_motion,1,1,15,,,,unknown_from_static_bytecode,unknown,004,Maxi,local,resolved_local,unresolved,155,offensive cells exist and no static return/recovery frame is known
004,Maxi,backstep_candidate,2022,2324,1255,(any:back),False,False,True,False,unknown_without_root_motion_decode,0,0,,,,,unknown_from_static_bytecode,unknown,004,Maxi,move_bucket_2,resolved_move_bucket,unresolved,113,root motion did not decode with high confidence
004,Maxi,backstep_candidate,2155,2330,15DF,(any:back),False,False,True,False,unknown_without_root_motion_decode,0,0,,,,,unknown_from_static_bytecode,unknown,004,Maxi,move_bucket_2,resolved_move_bucket,unresolved,113,root motion did not decode with high confidence
004,Maxi,backstep_candidate,2157,2330,15DF,(any:back),False,False,True,False,unknown_without_root_motion_decode,0,0,,,,,unknown_from_static_bytecode,unknown,004,Maxi,move_bucket_2,resolved_move_bucket,unresolved,113,root motion did not decode with high confidence
004,Maxi,backstep_candidate,2211,2333,1167,(any:back),False,False,True,False,unknown_without_root_motion_decode,0,0,,,,,unknown_from_static_bytecode,unknown,004,Maxi,move_bucket_2,resolved_move_bucket,unresolved,113,root motion did not decode with high confidence
004,Maxi,backstep_candidate,2250,2335,1250,(any:back),False,False,True,False,unknown_without_root_motion_decode,0,0,,,,,unknown_from_static_bytecode,unknown,004,Maxi,move_bucket_2,resolved_move_bucket,unresolved,113,root motion did not decode with high confidence
004,Maxi,eight_way_or_ambiguous,161,164,00D7,(any:back|forward|down),True,True,True,True,decoded_root_motion,0,0,,,,,unknown_from_static_bytecode,unknown,004,Maxi,local,resolved_local,trusted_basic,182,direct movement predicate; same-bank route; root motion decoded; source is neutral-like; no active offensive cells on destination slot
004,Maxi,eight_way_or_ambiguous,317,318,0106,(back+forward),True,True,True,True,decoded_root_motion,1,1,30,,,,unknown_from_static_bytecode,unknown,004,Maxi,local,resolved_local,unresolved,132,offensive cells exist and no static return/recovery frame is known
004,Maxi,eight_way_or_ambiguous,415,416,027F,(back+forward),True,True,True,True,decoded_root_motion,1,1,41,,,,unknown_from_static_bytecode,unknown,004,Maxi,local,resolved_local,unresolved,132,offensive cells exist and no static return/recovery frame is known
004,Maxi,eight_way_or_ambiguous,318,319,0106,(back+forward),False,False,True,True,decoded_root_motion,1,1,31,,,,unknown_from_static_bytecode,unknown,004,Maxi,local,resolved_local,unresolved,132,offensive cells exist and no static return/recovery frame is known
004,Maxi,eight_way_or_ambiguous,2937,342,00F1,(back+forward+up),False,False,True,True,decoded_root_motion,2,2,19,,,,unknown_from_static_bytecode,unknown,004,Maxi,local,resolved_local,unresolved,132,offensive cells exist and no static return/recovery frame is known
004,Maxi,forward_diagonal,344,345,009A,(forward+up),False,False,True,True,decoded_root_motion,1,1,32,,,,unknown_from_static_bytecode,unknown,004,Maxi,local,resolved_local,unresolved,148,offensive cells exist and no static return/recovery frame is known
004,Maxi,forward_diagonal,448,449,0119,(forward+up),False,False,True,True,decoded_root_motion,1,1,27,,,,unknown_from_static_bytecode,unknown,004,Maxi,local,resolved_local,unresolved,148,offensive cells exist and no static return/recovery frame is known
004,Maxi,forward_diagonal,479,480,0119,(forward+up),False,False,True,True,decoded_root_motion,1,1,27,,,,unknown_from_static_bytecode,unknown,004,Maxi,local,resolved_local,unresolved,148,offensive cells exist and no static return/recovery frame is known
004,Maxi,forward_diagonal,2934,502,020E,(forward+up),False,False,True,True,decoded_root_motion,1,1,16,,,,unknown_from_static_bytecode,unknown,004,Maxi,local,resolved_local,unresolved,148,offensive cells exist and no static return/recovery frame is known
004,Maxi,forward_step_candidate,264,265,00FB,(any:forward),True,True,True,True,decoded_root_motion,1,1,30,,,,unknown_from_static_bytecode,unknown,004,Maxi,local,resolved_local,unresolved,155,offensive cells exist and no static return/recovery frame is known
004,Maxi,forward_step_candidate,266,273,00DF,(any:forward),True,True,True,True,decoded_root_motion,2,2,17,,,,unknown_from_static_bytecode,unknown,004,Maxi,local,resolved_local,unresolved,155,offensive cell: damage-bearing High cell has invalid active window 998-999
004,Maxi,forward_step_candidate,282,283,01CC,(any:forward),True,True,True,True,decoded_root_motion,2,2,14,,,,unknown_from_static_bytecode,unknown,004,Maxi,local,resolved_local,unresolved,155,offensive cells exist and no static return/recovery frame is known
004,Maxi,forward_step_candidate,298,301,006C,(any:forward),True,True,True,True,decoded_root_motion,2,2,34,,,,unknown_from_static_bytecode,unknown,004,Maxi,local,resolved_local,unresolved,155,offensive cells exist and no static return/recovery frame is known
004,Maxi,forward_step_candidate,347,348,01E3,(any:forward),True,True,True,True,decoded_root_motion,1,1,20,,,,unknown_from_static_bytecode,unknown,004,Maxi,local,resolved_local,unresolved,155,offensive cells exist and no static return/recovery frame is known
004,Maxi,forward_step_candidate,347,348,01E3,(any:forward),True,True,True,True,decoded_root_motion,1,1,20,,,,unknown_from_static_bytecode,unknown,004,Maxi,local,resolved_local,unresolved,155,offensive cells exist and no static return/recovery frame is known
004,Maxi,forward_step_candidate,415,418,0281,(any:forward),True,True,True,True,decoded_root_motion,1,1,25,,,,unknown_from_static_bytecode,unknown,004,Maxi,local,resolved_local,unresolved,155,offensive cells exist and no static return/recovery frame is known
004,Maxi,forward_step_candidate,455,459,0105,(any:forward),True,True,True,True,decoded_root_motion,1,1,23,,,,unknown_from_static_bytecode,unknown,004,Maxi,local,resolved_local,unresolved,155,offensive cells exist and no static return/recovery frame is known
004,Maxi,forward_step_candidate,2021,1655,1490,(any:forward),True,True,True,False,unknown_without_root_motion_decode,0,0,,,,,unknown_from_static_bytecode,unknown,004,Maxi,move_bucket_2,resolved_move_bucket,unresolved,113,root motion did not decode with high confidence
004,Maxi,forward_step_candidate,168,421,0183,(any:forward),False,False,True,True,decoded_root_motion,1,0,,,,,unknown_from_static_bytecode,unknown,004,Maxi,local,resolved_local,measured_but_not_basic,155,source is not proven neutral or stance-root basic movement
004,Maxi,forward_step_candidate,469,470,0236,(any:forward),False,False,True,True,decoded_root_motion,0,0,,,,,unknown_from_static_bytecode,unknown,004,Maxi,local,resolved_local,measured_but_not_basic,155,source is not proven neutral or stance-root basic movement
004,Maxi,forward_step_candidate,497,498,0236,(any:forward),False,False,True,True,decoded_root_motion,0,0,,,,,unknown_from_static_bytecode,unknown,004,Maxi,local,resolved_local,measured_but_not_basic,155,source is not proven neutral or stance-root basic movement
004,Maxi,forward_step_candidate,269,271,0105,(any:forward),False,False,True,True,decoded_root_motion,1,1,23,,,,unknown_from_static_bytecode,unknown,004,Maxi,local,resolved_local,unresolved,155,offensive cells exist and no static return/recovery frame is known
004,Maxi,forward_step_candidate,283,284,01BB,(any:forward),False,False,True,True,decoded_root_motion,1,1,10,,,,unknown_from_static_bytecode,unknown,004,Maxi,local,resolved_local,unresolved,155,offensive cells exist and no static return/recovery frame is known
004,Maxi,forward_step_candidate,334,335,00F2,(any:forward),False,False,True,True,decoded_root_motion,2,2,5,,,,attack_followup_only,confirmed_static_data,004,Maxi,local,resolved_local,unresolved,155,offensive cells exist and no static return/recovery frame is known
004,Maxi,forward_step_candidate,334,335,00F2,(any:forward),False,False,True,True,decoded_root_motion,2,2,5,,,,attack_followup_only,confirmed_static_data,004,Maxi,local,resolved_local,unresolved,155,offensive cells exist and no static return/recovery frame is known
004,Maxi,forward_step_candidate,336,337,00F3,(any:forward),False,False,True,True,decoded_root_motion,2,2,5,,,,unknown_from_static_bytecode,unknown,004,Maxi,local,resolved_local,unresolved,155,offensive cells exist and no static return/recovery frame is known
004,Maxi,forward_step_candidate,336,337,00F3,(any:forward),False,False,True,True,decoded_root_motion,2,2,5,,,,unknown_from_static_bytecode,unknown,004,Maxi,local,resolved_local,unresolved,155,offensive cells exist and no static return/recovery frame is known
004,Maxi,forward_step_candidate,336,337,00F3,(any:forward),False,False,True,True,decoded_root_motion,2,2,5,,,,unknown_from_static_bytecode,unknown,004,Maxi,local,resolved_local,unresolved,155,offensive cells exist and no static return/recovery frame is known
004,Maxi,forward_step_candidate,338,339,00F4,(any:forward),False,False,True,True,decoded_root_motion,1,1,3,,,,unknown_from_static_bytecode,unknown,004,Maxi,local,resolved_local,unresolved,155,offensive cells exist and no static return/recovery frame is known
004,Maxi,forward_step_candidate,338,339,00F4,(any:forward),False,False,True,True,decoded_root_motion,1,1,3,,,,unknown_from_static_bytecode,unknown,004,Maxi,local,resolved_local,unresolved,155,offensive cells exist and no static return/recovery frame is known
004,Maxi,forward_step_candidate,338,339,00F4,(any:forward),False,False,True,True,decoded_root_motion,1,1,3,,,,unknown_from_static_bytecode,unknown,004,Maxi,local,resolved_local,unresolved,155,offensive cells exist and no static return/recovery frame is known
004,Maxi,forward_step_candidate,447,448,0284,(any:forward),False,False,True,True,decoded_root_motion,2,2,15,,,,unknown_from_static_bytecode,unknown,004,Maxi,local,resolved_local,unresolved,155,offensive cells exist and no static return/recovery frame is known
004,Maxi,forward_step_candidate,496,497,0236,(any:forward),False,False,True,True,decoded_root_motion,3,3,21,,,,unknown_from_static_bytecode,unknown,004,Maxi,local,resolved_local,unresolved,155,offensive cells exist and no static return/recovery frame is known
004,Maxi,forward_step_candidate,2928,447,0229,(any:forward),False,False,True,True,decoded_root_motion,2,2,17,,,,unknown_from_static_bytecode,unknown,004,Maxi,local,resolved_local,unresolved,155,offensive cells exist and no static return/recovery frame is known
004,Maxi,forward_step_candidate,2929,488,023A,(any:forward),False,False,True,True,decoded_root_motion,1,1,15,,,,unknown_from_static_bytecode,unknown,004,Maxi,local,resolved_local,unresolved,155,offensive cells exist and no static return/recovery frame is known
004,Maxi,forward_step_candidate,2930,479,0065,(any:forward),False,False,True,True,decoded_root_motion,2,2,15,,,,unknown_from_static_bytecode,unknown,004,Maxi,local,resolved_local,unresolved,155,offensive cells exist and no static return/recovery frame is known
004,Maxi,forward_step_candidate,2931,461,023B,(any:forward),False,False,True,True,decoded_root_motion,1,1,25,,,,unknown_from_static_bytecode,unknown,004,Maxi,local,resolved_local,unresolved,155,offensive cells exist and no static return/recovery frame is known
004,Maxi,forward_step_candidate,2932,469,0282,(any:forward),False,False,True,True,decoded_root_motion,3,3,21,,,,unknown_from_static_bytecode,unknown,004,Maxi,local,resolved_local,unresolved,155,offensive cells exist and no static return/recovery frame is known
004,Maxi,forward_step_candidate,2933,496,0287,(any:forward),False,False,True,True,decoded_root_motion,2,2,19,,,,unknown_from_static_bytecode,unknown,004,Maxi,local,resolved_local,unresolved,155,offensive cells exist and no static return/recovery frame is known
004,Maxi,forward_step_candidate,2933,496,0287,(any:forward),False,False,True,True,decoded_root_motion,2,2,19,,,,unknown_from_static_bytecode,unknown,004,Maxi,local,resolved_local,unresolved,155,offensive cells exist and no static return/recovery frame is known
004,Maxi,forward_step_candidate,2022,2324,1255,(any:forward),False,False,True,False,unknown_without_root_motion_decode,0,0,,,,,unknown_from_static_bytecode,unknown,004,Maxi,move_bucket_2,resolved_move_bucket,unresolved,113,root motion did not decode with high confidence
004,Maxi,forward_step_candidate,2155,2330,15DF,(any:forward),False,False,True,False,unknown_without_root_motion_decode,0,0,,,,,unknown_from_static_bytecode,unknown,004,Maxi,move_bucket_2,resolved_move_bucket,unresolved,113,root motion did not decode with high confidence
004,Maxi,forward_step_candidate,2157,2330,15DF,(any:forward),False,False,True,False,unknown_without_root_motion_decode,0,0,,,,,unknown_from_static_bytecode,unknown,004,Maxi,move_bucket_2,resolved_move_bucket,unresolved,113,root motion did not decode with high confidence
004,Maxi,forward_step_candidate,2212,2333,1167,(any:forward),False,False,True,False,unknown_without_root_motion_decode,0,0,,,,,unknown_from_static_bytecode,unknown,004,Maxi,move_bucket_2,resolved_move_bucket,unresolved,113,root motion did not decode with high confidence
004,Maxi,forward_step_candidate,2252,2335,1250,(any:forward),False,False,True,False,unknown_without_root_motion_decode,0,0,,,,,unknown_from_static_bytecode,unknown,004,Maxi,move_bucket_2,resolved_move_bucket,unresolved,113,root motion did not decode with high confidence
004,Maxi,sidestep_down_candidate,257,259,0066,(any:down),True,True,True,True,decoded_root_motion,0,0,,,,,unknown_from_static_bytecode,unknown,004,Maxi,local,resolved_local,trusted_basic,205,direct movement predicate; same-bank route; root motion decoded; source is neutral-like; no active offensive cells on destination slot
004,Maxi,sidestep_down_candidate,280,281,0067,(any:down),True,True,True,True,decoded_root_motion,0,0,,,,,unknown_from_static_bytecode,unknown,004,Maxi,local,resolved_local,trusted_basic,205,direct movement predicate; same-bank route; root motion decoded; source is neutral-like; no active offensive cells on destination slot
004,Maxi,sidestep_down_candidate,293,294,0068,(any:down),True,True,True,True,decoded_root_motion,0,0,,,,,unknown_from_static_bytecode,unknown,004,Maxi,local,resolved_local,trusted_basic,205,direct movement predicate; same-bank route; root motion decoded; source is neutral-like; no active offensive cells on destination slot
004,Maxi,sidestep_down_candidate,343,346,0104,(any:down),True,True,True,True,decoded_root_motion,0,0,,,,,unknown_from_static_bytecode,unknown,004,Maxi,local,resolved_local,trusted_basic,205,direct movement predicate; same-bank route; root motion decoded; source is neutral-like; no active offensive cells on destination slot
004,Maxi,sidestep_down_candidate,369,371,00F8,(any:down),True,True,True,True,decoded_root_motion,0,0,,,,,unknown_from_static_bytecode,unknown,004,Maxi,local,resolved_local,trusted_basic,205,direct movement predicate; same-bank route; root motion decoded; source is neutral-like; no active offensive cells on destination slot
004,Maxi,sidestep_down_candidate,289,317,0106,(any:down),True,True,True,True,decoded_root_motion,1,1,31,,,,unknown_from_static_bytecode,unknown,004,Maxi,local,resolved_local,unresolved,155,offensive cells exist and no static return/recovery frame is known
004,Maxi,sidestep_down_candidate,289,349,009F,(any:down),True,True,True,True,decoded_root_motion,1,1,63,,,,unknown_from_static_bytecode,unknown,004,Maxi,local,resolved_local,unresolved,155,offensive cells exist and no static return/recovery frame is known
004,Maxi,sidestep_down_candidate,304,311,0098,(any:down),False,False,True,True,decoded_root_motion,0,0,,,,,unknown_from_static_bytecode,unknown,004,Maxi,local,resolved_local,measured_but_not_basic,155,source is not proven neutral or stance-root basic movement
004,Maxi,sidestep_down_candidate,305,311,0098,(any:down),False,False,True,True,decoded_root_motion,0,0,,,,,unknown_from_static_bytecode,unknown,004,Maxi,local,resolved_local,measured_but_not_basic,155,source is not proven neutral or stance-root basic movement
004,Maxi,sidestep_down_candidate,306,311,0098,(any:down),False,False,True,True,decoded_root_motion,0,0,,,,,unknown_from_static_bytecode,unknown,004,Maxi,local,resolved_local,measured_but_not_basic,155,source is not proven neutral or stance-root basic movement
004,Maxi,sidestep_down_candidate,307,311,0098,(any:down),False,False,True,True,decoded_root_motion,0,0,,,,,unknown_from_static_bytecode,unknown,004,Maxi,local,resolved_local,measured_but_not_basic,155,source is not proven neutral or stance-root basic movement
004,Maxi,sidestep_down_candidate,308,311,0098,(any:down),False,False,True,True,decoded_root_motion,0,0,,,,,unknown_from_static_bytecode,unknown,004,Maxi,local,resolved_local,measured_but_not_basic,155,source is not proven neutral or stance-root basic movement
004,Maxi,sidestep_down_candidate,309,311,0098,(any:down),False,False,True,True,decoded_root_motion,0,0,,,,,unknown_from_static_bytecode,unknown,004,Maxi,local,resolved_local,measured_but_not_basic,155,source is not proven neutral or stance-root basic movement
004,Maxi,sidestep_down_candidate,519,6,0082,(any:down),False,False,True,True,decoded_root_motion,0,0,,,,,unknown_from_static_bytecode,unknown,004,Maxi,local,resolved_local,measured_but_not_basic,155,source is not proven neutral or stance-root basic movement
004,Maxi,sidestep_down_candidate,1487,1467,0113,(any:down),False,False,True,True,decoded_root_motion,0,0,,,,,unknown_from_static_bytecode,unknown,004,Maxi,move_bucket_2,resolved_move_bucket,measured_but_not_basic,155,source is not proven neutral or stance-root basic movement
004,Maxi,sidestep_down_candidate,2603,519,025F,(any:down),False,False,True,True,decoded_root_motion,0,0,,,,,unknown_from_static_bytecode,unknown,004,Maxi,local,resolved_local,measured_but_not_basic,155,source is not proven neutral or stance-root basic movement
004,Maxi,sidestep_down_candidate,2603,519,025F,(any:down),False,False,True,True,decoded_root_motion,0,0,,,,,unknown_from_static_bytecode,unknown,004,Maxi,local,resolved_local,measured_but_not_basic,155,source is not proven neutral or stance-root basic movement
004,Maxi,sidestep_down_candidate,2936,290,017B,(any:down),False,False,True,True,decoded_root_motion,1,1,23,,,,unknown_from_static_bytecode,unknown,004,Maxi,local,resolved_local,unresolved,155,offensive cells exist and no static return/recovery frame is known
004,Maxi,sidestep_down_candidate,2936,304,0096,(any:down),False,False,True,True,decoded_root_motion,1,1,25,,,,unknown_from_static_bytecode,unknown,004,Maxi,local,resolved_local,unresolved,155,offensive cells exist and no static return/recovery frame is known
004,Maxi,sidestep_up_candidate,298,302,0064,(any:up),True,True,True,True,decoded_root_motion,1,1,24,,,,unknown_from_static_bytecode,unknown,004,Maxi,local,resolved_local,unresolved,155,offensive cells exist and no static return/recovery frame is known
004,Maxi,sidestep_up_candidate,367,368,0176,(any:up),True,True,True,True,decoded_root_motion,1,1,20,,,,unknown_from_static_bytecode,unknown,004,Maxi,local,resolved_local,unresolved,155,offensive cells exist and no static return/recovery frame is known
004,Maxi,sidestep_up_candidate,411,412,0118,(any:up),False,False,True,True,decoded_root_motion,1,1,13,,,,unknown_from_static_bytecode,unknown,004,Maxi,local,resolved_local,unresolved,155,offensive cells exist and no static return/recovery frame is known
004,Maxi,sidestep_up_candidate,412,413,01C4,(any:up),False,False,True,True,decoded_root_motion,1,1,23,,,,unknown_from_static_bytecode,unknown,004,Maxi,local,resolved_local,unresolved,155,offensive cells exist and no static return/recovery frame is known
004,Maxi,sidestep_up_candidate,471,472,00D2,(any:up),False,False,True,True,decoded_root_motion,1,1,9,,,,unknown_from_static_bytecode,unknown,004,Maxi,local,resolved_local,unresolved,155,offensive cells exist and no static return/recovery frame is known
004,Maxi,sidestep_up_candidate,473,474,01C4,(any:up),False,False,True,True,decoded_root_motion,1,1,15,,,,unknown_from_static_bytecode,unknown,004,Maxi,local,resolved_local,unresolved,155,offensive cells exist and no static return/recovery frame is known
004,Maxi,sidestep_up_candidate,477,478,0020,(any:up),False,False,True,True,decoded_root_motion,1,1,30,,,,unknown_from_static_bytecode,unknown,004,Maxi,local,resolved_local,unresolved,155,offensive cells exist and no static return/recovery frame is known
004,Maxi,sidestep_up_candidate,489,490,0039,(any:up),False,False,True,True,decoded_root_motion,2,2,25,,,,unknown_from_static_bytecode,unknown,004,Maxi,local,resolved_local,unresolved,155,offensive cells exist and no static return/recovery frame is known
004,Maxi,sidestep_up_candidate,499,500,01E4,(any:up),False,False,True,True,decoded_root_motion,1,1,25,,,,unknown_from_static_bytecode,unknown,004,Maxi,local,resolved_local,unresolved,155,offensive cells exist and no static return/recovery frame is known
004,Maxi,sidestep_up_candidate,2928,451,01C4,(any:up),False,False,True,True,decoded_root_motion,1,1,23,,,,unknown_from_static_bytecode,unknown,004,Maxi,local,resolved_local,unresolved,155,offensive cells exist and no static return/recovery frame is known
004,Maxi,sidestep_up_candidate,2929,489,00A0,(any:up),False,False,True,True,decoded_root_motion,3,3,29,,,,unknown_from_static_bytecode,unknown,004,Maxi,local,resolved_local,unresolved,155,offensive cells exist and no static return/recovery frame is known
004,Maxi,sidestep_up_candidate,2930,482,023C,(any:up),False,False,True,True,decoded_root_motion,1,1,19,,,,unknown_from_static_bytecode,unknown,004,Maxi,local,resolved_local,unresolved,155,offensive cells exist and no static return/recovery frame is known
004,Maxi,sidestep_up_candidate,2931,462,001D,(any:up),False,False,True,True,decoded_root_motion,1,1,17,,,,unknown_from_static_bytecode,unknown,004,Maxi,local,resolved_local,unresolved,155,offensive cells exist and no static return/recovery frame is known
004,Maxi,sidestep_up_candidate,2932,471,001C,(any:up),False,False,True,True,decoded_root_motion,1,1,23,,,,unknown_from_static_bytecode,unknown,004,Maxi,local,resolved_local,unresolved,155,offensive cells exist and no static return/recovery frame is known
004,Maxi,sidestep_up_candidate,2933,499,01CD,(any:up),False,False,True,True,decoded_root_motion,1,1,21,,,,unknown_from_static_bytecode,unknown,004,Maxi,local,resolved_local,unresolved,155,offensive cells exist and no static return/recovery frame is known
004,Maxi,sidestep_up_candidate,2933,499,01CD,(any:up),False,False,True,True,decoded_root_motion,1,1,21,,,,unknown_from_static_bytecode,unknown,004,Maxi,local,resolved_local,unresolved,155,offensive cells exist and no static return/recovery frame is known
005,Voldo,back_diagonal,488,504,0307,(back+down),False,False,True,True,decoded_root_motion,1,0,,,,,unknown_from_static_bytecode,unknown,005,Voldo,local,resolved_local,measured_but_not_basic,148,source is not proven neutral or stance-root basic movement
005,Voldo,backstep_candidate,256,257,00F7,(any:back),True,True,True,True,decoded_root_motion,1,1,18,,,,unknown_from_static_bytecode,unknown,005,Voldo,local,resolved_local,unresolved,155,offensive cells exist and no static return/recovery frame is known
005,Voldo,backstep_candidate,263,264,0059,(any:back),True,True,True,True,decoded_root_motion,1,1,26,,,,unknown_from_static_bytecode,unknown,005,Voldo,local,resolved_local,unresolved,155,offensive cells exist and no static return/recovery frame is known
005,Voldo,backstep_candidate,427,428,030B,(any:back),True,True,True,True,decoded_root_motion,1,1,17,,,,unknown_from_static_bytecode,unknown,005,Voldo,local,resolved_local,unresolved,155,offensive cells exist and no static return/recovery frame is known
005,Voldo,backstep_candidate,3038,547,01D8,(any:back),True,False,True,True,decoded_root_motion,1,1,15,,,,unknown_from_static_bytecode,unknown,005,Voldo,local,resolved_local,unresolved,155,offensive cells exist and no static return/recovery frame is known
005,Voldo,backstep_candidate,3038,561,02A0,(any:back),True,False,True,True,decoded_root_motion,1,1,19,,,,unknown_from_static_bytecode,unknown,005,Voldo,local,resolved_local,unresolved,155,offensive cells exist and no static return/recovery frame is known
005,Voldo,backstep_candidate,3040,513,0350,(any:back),True,False,True,True,decoded_root_motion,2,2,21,,,,unknown_from_static_bytecode,unknown,005,Voldo,local,resolved_local,unresolved,155,offensive cells exist and no static return/recovery frame is known
005,Voldo,backstep_candidate,3040,513,0350,(any:back),True,False,True,True,decoded_root_motion,2,2,21,,,,unknown_from_static_bytecode,unknown,005,Voldo,local,resolved_local,unresolved,155,offensive cells exist and no static return/recovery frame is known
005,Voldo,backstep_candidate,3041,583,01C1,(any:back),True,False,True,True,decoded_root_motion,1,1,37,,,,unknown_from_static_bytecode,unknown,005,Voldo,local,resolved_local,unresolved,155,offensive cells exist and no static return/recovery frame is known
005,Voldo,backstep_candidate,2131,1765,1490,(any:back),True,True,True,False,unknown_without_root_motion_decode,0,0,,,,,unknown_from_static_bytecode,unknown,005,Voldo,move_bucket_2,resolved_move_bucket,unresolved,113,root motion did not decode with high confidence
005,Voldo,backstep_candidate,260,261,019C,(any:back),False,False,True,True,decoded_root_motion,0,0,,,,,unknown_from_static_bytecode,unknown,005,Voldo,local,resolved_local,measured_but_not_basic,155,source is not proven neutral or stance-root basic movement
005,Voldo,backstep_candidate,612,613,0332,(any:back),False,False,True,True,decoded_root_motion,0,0,,,,,unknown_from_static_bytecode,unknown,005,Voldo,local,resolved_local,measured_but_not_basic,155,source is not proven neutral or stance-root basic movement
005,Voldo,backstep_candidate,259,260,01E4,(any:back),False,False,True,True,decoded_root_motion,2,2,19,,,,unknown_from_static_bytecode,unknown,005,Voldo,local,resolved_local,unresolved,155,offensive cells exist and no static return/recovery frame is known
005,Voldo,backstep_candidate,264,268,0059,(any:back),False,False,True,True,decoded_root_motion,1,1,26,,,,unknown_from_static_bytecode,unknown,005,Voldo,local,resolved_local,unresolved,155,offensive cells exist and no static return/recovery frame is known
005,Voldo,backstep_candidate,423,425,022F,(any:back),False,False,True,True,decoded_root_motion,1,1,15,,,,unknown_from_static_bytecode,unknown,005,Voldo,local,resolved_local,unresolved,155,offensive cells exist and no static return/recovery frame is known
005,Voldo,backstep_candidate,547,548,01D9,(any:back),False,False,True,True,decoded_root_motion,1,1,13,,,,unknown_from_static_bytecode,unknown,005,Voldo,local,resolved_local,unresolved,155,offensive cells exist and no static return/recovery frame is known
005,Voldo,backstep_candidate,2132,2434,1255,(any:back),False,False,True,False,unknown_without_root_motion_decode,0,0,,,,,unknown_from_static_bytecode,unknown,005,Voldo,move_bucket_2,resolved_move_bucket,unresolved,113,root motion did not decode with high confidence
005,Voldo,backstep_candidate,2265,2440,15DF,(any:back),False,False,True,False,unknown_without_root_motion_decode,0,0,,,,,unknown_from_static_bytecode,unknown,005,Voldo,move_bucket_2,resolved_move_bucket,unresolved,113,root motion did not decode with high confidence
005,Voldo,backstep_candidate,2267,2440,15DF,(any:back),False,False,True,False,unknown_without_root_motion_decode,0,0,,,,,unknown_from_static_bytecode,unknown,005,Voldo,move_bucket_2,resolved_move_bucket,unresolved,113,root motion did not decode with high confidence
005,Voldo,backstep_candidate,2321,2443,1167,(any:back),False,False,True,False,unknown_without_root_motion_decode,0,0,,,,,unknown_from_static_bytecode,unknown,005,Voldo,move_bucket_2,resolved_move_bucket,unresolved,113,root motion did not decode with high confidence
005,Voldo,backstep_candidate,2360,2445,1250,(any:back),False,False,True,False,unknown_without_root_motion_decode,0,0,,,,,unknown_from_static_bytecode,unknown,005,Voldo,move_bucket_2,resolved_move_bucket,unresolved,113,root motion did not decode with high confidence
005,Voldo,eight_way_or_ambiguous,161,164,00E7,(any:back|forward|down),True,True,True,True,decoded_root_motion,0,0,,,,,unknown_from_static_bytecode,unknown,005,Voldo,local,resolved_local,trusted_basic,182,direct movement predicate; same-bank route; root motion decoded; source is neutral-like; no active offensive cells on destination slot
005,Voldo,eight_way_or_ambiguous,529,522,02A8,(back+forward),True,True,True,True,decoded_root_motion,0,0,,,,,unknown_from_static_bytecode,unknown,005,Voldo,local,resolved_local,trusted_basic,182,direct movement predicate; same-bank route; root motion decoded; source is neutral-like; no active offensive cells on destination slot
005,Voldo,eight_way_or_ambiguous,356,357,00A1,(back+forward),True,True,True,True,decoded_root_motion,2,2,17,,,,unknown_from_static_bytecode,unknown,005,Voldo,local,resolved_local,unresolved,132,offensive cells exist and no static return/recovery frame is known
005,Voldo,eight_way_or_ambiguous,364,367,00F2,(back+forward+up+down;any:back|forward|up|down),True,True,True,True,decoded_root_motion,1,1,38,,,,unknown_from_static_bytecode,unknown,005,Voldo,local,resolved_local,unresolved,132,offensive cells exist and no static return/recovery frame is known
005,Voldo,eight_way_or_ambiguous,392,394,02CB,(back+forward),True,True,True,True,decoded_root_motion,1,1,25,,,,unknown_from_static_bytecode,unknown,005,Voldo,local,resolved_local,unresolved,132,offensive cells exist and no static return/recovery frame is known
005,Voldo,eight_way_or_ambiguous,397,401,0059,(back+forward),True,True,True,True,decoded_root_motion,1,1,30,,,,unknown_from_static_bytecode,unknown,005,Voldo,local,resolved_local,unresolved,132,offensive cells exist and no static return/recovery frame is known
005,Voldo,eight_way_or_ambiguous,3038,553,01DD,(back+forward),True,False,True,True,decoded_root_motion,1,1,21,,,,unknown_from_static_bytecode,unknown,005,Voldo,local,resolved_local,unresolved,132,offensive cells exist and no static return/recovery frame is known
005,Voldo,eight_way_or_ambiguous,3041,590,01C3,(back+forward),True,False,True,True,decoded_root_motion,1,1,77,,,,unknown_from_static_bytecode,unknown,005,Voldo,local,resolved_local,unresolved,132,offensive cells exist and no static return/recovery frame is known
005,Voldo,eight_way_or_ambiguous,455,457,035A,(back+forward),False,False,True,True,decoded_root_motion,0,0,,,,,unknown_from_static_bytecode,unknown,005,Voldo,local,resolved_local,measured_but_not_basic,132,source is not proven neutral or stance-root basic movement
005,Voldo,eight_way_or_ambiguous,456,457,035A,(back+forward),False,False,True,True,decoded_root_motion,0,0,,,,,unknown_from_static_bytecode,unknown,005,Voldo,local,resolved_local,measured_but_not_basic,132,source is not proven neutral or stance-root basic movement
005,Voldo,eight_way_or_ambiguous,530,522,02A8,(back+forward),False,False,True,True,decoded_root_motion,0,0,,,,,unknown_from_static_bytecode,unknown,005,Voldo,local,resolved_local,measured_but_not_basic,132,source is not proven neutral or stance-root basic movement
005,Voldo,eight_way_or_ambiguous,531,522,02A8,(back+forward),False,False,True,True,decoded_root_motion,0,0,,,,,unknown_from_static_bytecode,unknown,005,Voldo,local,resolved_local,measured_but_not_basic,132,source is not proven neutral or stance-root basic movement
005,Voldo,eight_way_or_ambiguous,532,522,02A8,(back+forward),False,False,True,True,decoded_root_motion,0,0,,,,,unknown_from_static_bytecode,unknown,005,Voldo,local,resolved_local,measured_but_not_basic,132,source is not proven neutral or stance-root basic movement
005,Voldo,eight_way_or_ambiguous,266,267,005A,(back+forward+up+down;any:back|forward|up|down),False,False,True,True,decoded_root_motion,1,1,14,,,,unknown_from_static_bytecode,unknown,005,Voldo,local,resolved_local,unresolved,132,offensive cells exist and no static return/recovery frame is known
005,Voldo,eight_way_or_ambiguous,270,271,005A,(back+forward+up+down;any:back|forward|up|down),False,False,True,True,decoded_root_motion,1,1,14,,,,unknown_from_static_bytecode,unknown,005,Voldo,local,resolved_local,unresolved,132,offensive cells exist and no static return/recovery frame is known
005,Voldo,eight_way_or_ambiguous,319,320,0056,(back+forward),False,False,True,True,decoded_root_motion,1,1,16,,,,unknown_from_static_bytecode,unknown,005,Voldo,local,resolved_local,unresolved,132,offensive cells exist and no static return/recovery frame is known
005,Voldo,eight_way_or_ambiguous,366,367,00F2,(back+forward+up+down;any:back|forward|up|down),False,False,True,True,decoded_root_motion,1,1,38,,,,unknown_from_static_bytecode,unknown,005,Voldo,local,resolved_local,unresolved,132,offensive cells exist and no static return/recovery frame is known
005,Voldo,eight_way_or_ambiguous,399,400,005A,(back+forward+up+down;any:back|forward|up|down),False,False,True,True,decoded_root_motion,1,1,14,,,,unknown_from_static_bytecode,unknown,005,Voldo,local,resolved_local,unresolved,132,offensive cells exist and no static return/recovery frame is known
005,Voldo,eight_way_or_ambiguous,403,404,005A,(back+forward+up+down;any:back|forward|up|down),False,False,True,True,decoded_root_motion,1,1,14,,,,unknown_from_static_bytecode,unknown,005,Voldo,local,resolved_local,unresolved,132,offensive cells exist and no static return/recovery frame is known
005,Voldo,eight_way_or_ambiguous,445,446,01E1,(back+forward+up+down;any:back|forward|up|down),False,False,True,True,decoded_root_motion,1,1,4,,,,unknown_from_static_bytecode,unknown,005,Voldo,local,resolved_local,unresolved,132,offensive cells exist and no static return/recovery frame is known
005,Voldo,forward_diagonal,3038,554,02B3,(forward+up),True,False,True,True,decoded_root_motion,0,0,,,,,unknown_from_static_bytecode,unknown,005,Voldo,local,resolved_local,trusted_basic,198,direct movement predicate; same-bank route; root motion decoded; source is neutral-like; no active offensive cells on destination slot
005,Voldo,forward_diagonal,3038,565,02B3,(forward+up),True,False,True,True,decoded_root_motion,0,0,,,,,unknown_from_static_bytecode,unknown,005,Voldo,local,resolved_local,trusted_basic,198,direct movement predicate; same-bank route; root motion decoded; source is neutral-like; no active offensive cells on destination slot
005,Voldo,forward_diagonal,529,523,0015,(forward+up),True,True,True,True,decoded_root_motion,1,1,13,,,,unknown_from_static_bytecode,unknown,005,Voldo,local,resolved_local,unresolved,148,offensive cells exist and no static return/recovery frame is known
005,Voldo,forward_diagonal,3040,523,0015,(forward+up),True,False,True,True,decoded_root_motion,1,1,13,,,,unknown_from_static_bytecode,unknown,005,Voldo,local,resolved_local,unresolved,148,offensive cells exist and no static return/recovery frame is known
005,Voldo,forward_diagonal,3040,523,0015,(forward+up),True,False,True,True,decoded_root_motion,1,1,13,,,,unknown_from_static_bytecode,unknown,005,Voldo,local,resolved_local,unresolved,148,offensive cells exist and no static return/recovery frame is known
005,Voldo,forward_diagonal,3041,591,026A,(forward+up),True,False,True,True,decoded_root_motion,1,1,19,,,,unknown_from_static_bytecode,unknown,005,Voldo,local,resolved_local,unresolved,148,offensive cells exist and no static return/recovery frame is known
005,Voldo,forward_diagonal,335,336,0358,(forward+up),False,False,True,True,decoded_root_motion,0,0,,,,,unknown_from_static_bytecode,unknown,005,Voldo,local,resolved_local,measured_but_not_basic,148,source is not proven neutral or stance-root basic movement
005,Voldo,forward_diagonal,337,338,0303,(forward+up),False,False,True,True,decoded_root_motion,0,0,,,,,unknown_from_static_bytecode,unknown,005,Voldo,local,resolved_local,measured_but_not_basic,148,source is not proven neutral or stance-root basic movement
005,Voldo,forward_diagonal,339,340,0301,(forward+up),False,False,True,True,decoded_root_motion,0,0,,,,,unknown_from_static_bytecode,unknown,005,Voldo,local,resolved_local,measured_but_not_basic,148,source is not proven neutral or stance-root basic movement
005,Voldo,forward_diagonal,405,336,0358,(forward+up),False,False,True,True,decoded_root_motion,0,0,,,,,unknown_from_static_bytecode,unknown,005,Voldo,local,resolved_local,measured_but_not_basic,148,source is not proven neutral or stance-root basic movement
005,Voldo,forward_diagonal,406,338,0303,(forward+up),False,False,True,True,decoded_root_motion,0,0,,,,,unknown_from_static_bytecode,unknown,005,Voldo,local,resolved_local,measured_but_not_basic,148,source is not proven neutral or stance-root basic movement
005,Voldo,forward_diagonal,407,340,0301,(forward+up),False,False,True,True,decoded_root_motion,0,0,,,,,unknown_from_static_bytecode,unknown,005,Voldo,local,resolved_local,measured_but_not_basic,148,source is not proven neutral or stance-root basic movement
005,Voldo,forward_diagonal,465,338,0303,(forward+up),False,False,True,True,decoded_root_motion,0,0,,,,,unknown_from_static_bytecode,unknown,005,Voldo,local,resolved_local,measured_but_not_basic,148,source is not proven neutral or stance-root basic movement
005,Voldo,forward_diagonal,466,340,0301,(forward+up),False,False,True,True,decoded_root_motion,0,0,,,,,unknown_from_static_bytecode,unknown,005,Voldo,local,resolved_local,measured_but_not_basic,148,source is not proven neutral or stance-root basic movement
005,Voldo,forward_diagonal,467,336,0358,(forward+up),False,False,True,True,decoded_root_motion,0,0,,,,,unknown_from_static_bytecode,unknown,005,Voldo,local,resolved_local,measured_but_not_basic,148,source is not proven neutral or stance-root basic movement
005,Voldo,forward_diagonal,499,338,0303,(forward+up),False,False,True,True,decoded_root_motion,0,0,,,,,unknown_from_static_bytecode,unknown,005,Voldo,local,resolved_local,measured_but_not_basic,148,source is not proven neutral or stance-root basic movement
005,Voldo,forward_diagonal,500,340,0301,(forward+up),False,False,True,True,decoded_root_motion,0,0,,,,,unknown_from_static_bytecode,unknown,005,Voldo,local,resolved_local,measured_but_not_basic,148,source is not proven neutral or stance-root basic movement
005,Voldo,forward_diagonal,501,336,0358,(forward+up),False,False,True,True,decoded_root_motion,0,0,,,,,unknown_from_static_bytecode,unknown,005,Voldo,local,resolved_local,measured_but_not_basic,148,source is not proven neutral or stance-root basic movement
005,Voldo,forward_diagonal,341,342,035D,(forward+up),False,False,True,True,decoded_root_motion,1,1,27,,,,unknown_from_static_bytecode,unknown,005,Voldo,local,resolved_local,unresolved,148,offensive cells exist and no static return/recovery frame is known
005,Voldo,forward_diagonal,408,342,035D,(forward+up),False,False,True,True,decoded_root_motion,1,1,27,,,,unknown_from_static_bytecode,unknown,005,Voldo,local,resolved_local,unresolved,148,offensive cells exist and no static return/recovery frame is known
005,Voldo,forward_diagonal,464,342,035D,(forward+up),False,False,True,True,decoded_root_motion,1,1,27,,,,unknown_from_static_bytecode,unknown,005,Voldo,local,resolved_local,unresolved,148,offensive cells exist and no static return/recovery frame is known
005,Voldo,forward_diagonal,498,342,035D,(forward+up),False,False,True,True,decoded_root_motion,1,1,27,,,,unknown_from_static_bytecode,unknown,005,Voldo,local,resolved_local,unresolved,148,offensive cells exist and no static return/recovery frame is known
005,Voldo,forward_diagonal,530,523,0015,(forward+up),False,False,True,True,decoded_root_motion,1,1,13,,,,unknown_from_static_bytecode,unknown,005,Voldo,local,resolved_local,unresolved,148,offensive cells exist and no static return/recovery frame is known
005,Voldo,forward_diagonal,531,523,0015,(forward+up),False,False,True,True,decoded_root_motion,1,1,13,,,,unknown_from_static_bytecode,unknown,005,Voldo,local,resolved_local,unresolved,148,offensive cells exist and no static return/recovery frame is known
005,Voldo,forward_diagonal,532,523,0015,(forward+up),False,False,True,True,decoded_root_motion,1,1,13,,,,unknown_from_static_bytecode,unknown,005,Voldo,local,resolved_local,unresolved,148,offensive cells exist and no static return/recovery frame is known
005,Voldo,forward_step_candidate,287,289,021E,(any:forward),True,True,True,True,decoded_root_motion,0,0,,,,,unknown_from_static_bytecode,unknown,005,Voldo,local,resolved_local,trusted_basic,205,direct movement predicate; same-bank route; root motion decoded; source is neutral-like; no active offensive cells on destination slot
005,Voldo,forward_step_candidate,294,296,01E7,(any:forward),True,True,True,True,decoded_root_motion,0,0,,,,,unknown_from_static_bytecode,unknown,005,Voldo,local,resolved_local,trusted_basic,205,direct movement predicate; same-bank route; root motion decoded; source is neutral-like; no active offensive cells on destination slot
005,Voldo,forward_step_candidate,359,360,0336,(any:forward),True,True,True,True,decoded_root_motion,0,0,,,,,unknown_from_static_bytecode,unknown,005,Voldo,local,resolved_local,trusted_basic,205,direct movement predicate; same-bank route; root motion decoded; source is neutral-like; no active offensive cells on destination slot
005,Voldo,forward_step_candidate,256,259,01E2,(any:forward),True,True,True,True,decoded_root_motion,2,2,20,,,,unknown_from_static_bytecode,unknown,005,Voldo,local,resolved_local,unresolved,155,offensive cells exist and no static return/recovery frame is known
005,Voldo,forward_step_candidate,274,275,0199,(any:forward),True,True,True,True,decoded_root_motion,1,1,21,,,,unknown_from_static_bytecode,unknown,005,Voldo,local,resolved_local,unresolved,155,offensive cells exist and no static return/recovery frame is known
005,Voldo,forward_step_candidate,279,280,0048,(any:forward),True,True,True,True,decoded_root_motion,1,1,17,,,,unknown_from_static_bytecode,unknown,005,Voldo,local,resolved_local,unresolved,155,offensive cells exist and no static return/recovery frame is known
005,Voldo,forward_step_candidate,287,288,035B,(any:forward),True,True,True,True,decoded_root_motion,2,2,22,,,,unknown_from_static_bytecode,unknown,005,Voldo,local,resolved_local,unresolved,155,offensive cells exist and no static return/recovery frame is known
005,Voldo,forward_step_candidate,291,292,0185,(any:forward),True,True,True,True,decoded_root_motion,2,2,20,,,,unknown_from_static_bytecode,unknown,005,Voldo,local,resolved_local,unresolved,155,offensive cells exist and no static return/recovery frame is known
005,Voldo,forward_step_candidate,294,295,009C,(any:forward),True,True,True,True,decoded_root_motion,1,1,15,,,,unknown_from_static_bytecode,unknown,005,Voldo,local,resolved_local,unresolved,155,offensive cells exist and no static return/recovery frame is known
005,Voldo,forward_step_candidate,298,299,00A9,(any:forward),True,True,True,True,decoded_root_motion,1,1,16,,,,unknown_from_static_bytecode,unknown,005,Voldo,local,resolved_local,unresolved,155,offensive cells exist and no static return/recovery frame is known
005,Voldo,forward_step_candidate,427,429,02AC,(any:forward),True,True,True,True,decoded_root_motion,2,2,24,,,,unknown_from_static_bytecode,unknown,005,Voldo,local,resolved_local,unresolved,155,offensive cells exist and no static return/recovery frame is known
005,Voldo,forward_step_candidate,3038,549,032D,(any:forward),True,False,True,True,decoded_root_motion,2,2,29,,,,unknown_from_static_bytecode,unknown,005,Voldo,local,resolved_local,unresolved,155,offensive cells exist and no static return/recovery frame is known
005,Voldo,forward_step_candidate,3038,562,0103,(any:forward),True,False,True,True,decoded_root_motion,1,1,17,,,,unknown_from_static_bytecode,unknown,005,Voldo,local,resolved_local,unresolved,155,offensive cells exist and no static return/recovery frame is known
005,Voldo,forward_step_candidate,3040,514,035C,(any:forward),True,False,True,True,decoded_root_motion,1,1,13,,,,unknown_from_static_bytecode,unknown,005,Voldo,local,resolved_local,unresolved,155,offensive cells exist and no static return/recovery frame is known
005,Voldo,forward_step_candidate,3040,534,02D9,(any:forward),True,False,True,True,decoded_root_motion,1,1,17,,,,unknown_from_static_bytecode,unknown,005,Voldo,local,resolved_local,unresolved,155,offensive cells exist and no static return/recovery frame is known
005,Voldo,forward_step_candidate,3041,586,01BC,(any:forward),True,False,True,True,decoded_root_motion,1,1,27,,,,unknown_from_static_bytecode,unknown,005,Voldo,local,resolved_local,unresolved,155,offensive cells exist and no static return/recovery frame is known
005,Voldo,forward_step_candidate,2131,1765,1490,(any:forward),True,True,True,False,unknown_without_root_motion_decode,0,0,,,,,unknown_from_static_bytecode,unknown,005,Voldo,move_bucket_2,resolved_move_bucket,unresolved,113,root motion did not decode with high confidence
005,Voldo,forward_step_candidate,168,410,005B,(any:forward),False,False,True,True,decoded_root_motion,1,0,,,,,unknown_from_static_bytecode,unknown,005,Voldo,local,resolved_local,measured_but_not_basic,155,source is not proven neutral or stance-root basic movement
005,Voldo,forward_step_candidate,288,290,001E,(any:forward),False,False,True,True,decoded_root_motion,0,0,,,,,unknown_from_static_bytecode,unknown,005,Voldo,local,resolved_local,measured_but_not_basic,155,source is not proven neutral or stance-root basic movement
005,Voldo,forward_step_candidate,436,437,0354,(any:forward),False,False,True,True,decoded_root_motion,0,0,,,,,unknown_from_static_bytecode,unknown,005,Voldo,local,resolved_local,measured_but_not_basic,155,source is not proven neutral or stance-root basic movement
005,Voldo,forward_step_candidate,458,459,0022,(any:forward),False,False,True,True,decoded_root_motion,0,0,,,,,unknown_from_static_bytecode,unknown,005,Voldo,local,resolved_local,measured_but_not_basic,155,source is not proven neutral or stance-root basic movement
005,Voldo,forward_step_candidate,604,614,0336,(any:forward),False,False,True,True,decoded_root_motion,0,0,,,,,unknown_from_static_bytecode,unknown,005,Voldo,local,resolved_local,measured_but_not_basic,155,source is not proven neutral or stance-root basic movement
005,Voldo,forward_step_candidate,3044,577,010E,(any:forward),False,False,True,True,decoded_root_motion,0,0,,,,,unknown_from_static_bytecode,unknown,005,Voldo,local,resolved_local,measured_but_not_basic,155,source is not proven neutral or stance-root basic movement
005,Voldo,forward_step_candidate,3044,577,010E,(any:forward),False,False,True,True,decoded_root_motion,0,0,,,,,unknown_from_static_bytecode,unknown,005,Voldo,local,resolved_local,measured_but_not_basic,155,source is not proven neutral or stance-root basic movement
005,Voldo,forward_step_candidate,280,281,01AD,(any:forward),False,False,True,True,decoded_root_motion,1,1,31,,,,unknown_from_static_bytecode,unknown,005,Voldo,local,resolved_local,unresolved,155,offensive cells exist and no static return/recovery frame is known
005,Voldo,forward_step_candidate,281,282,01AD,(any:forward),False,False,True,True,decoded_root_motion,1,1,18,,,,unknown_from_static_bytecode,unknown,005,Voldo,local,resolved_local,unresolved,155,offensive cells exist and no static return/recovery frame is known
005,Voldo,forward_step_candidate,292,293,0185,(any:forward),False,False,True,True,decoded_root_motion,2,2,20,,,,unknown_from_static_bytecode,unknown,005,Voldo,local,resolved_local,unresolved,155,offensive cells exist and no static return/recovery frame is known
005,Voldo,forward_step_candidate,304,305,0351,(any:forward),False,False,True,True,decoded_root_motion,1,1,21,,,,unknown_from_static_bytecode,unknown,005,Voldo,local,resolved_local,unresolved,155,offensive cells exist and no static return/recovery frame is known
005,Voldo,forward_step_candidate,381,382,026B,(any:forward),False,False,True,True,decoded_root_motion,1,1,19,,,,unknown_from_static_bytecode,unknown,005,Voldo,local,resolved_local,unresolved,155,offensive cells exist and no static return/recovery frame is known
005,Voldo,forward_step_candidate,429,430,01E1,(any:forward),False,False,True,True,decoded_root_motion,1,1,14,,,,unknown_from_static_bytecode,unknown,005,Voldo,local,resolved_local,unresolved,155,offensive cells exist and no static return/recovery frame is known
005,Voldo,forward_step_candidate,435,436,02E6,(any:forward),False,False,True,True,decoded_root_motion,1,1,17,,,,unknown_from_static_bytecode,unknown,005,Voldo,local,resolved_local,unresolved,155,offensive cells exist and no static return/recovery frame is known
005,Voldo,forward_step_candidate,438,439,02AA,(any:forward),False,False,True,True,decoded_root_motion,2,2,20,,,,unknown_from_static_bytecode,unknown,005,Voldo,local,resolved_local,unresolved,155,offensive cells exist and no static return/recovery frame is known
005,Voldo,forward_step_candidate,438,440,01E1,(any:forward),False,False,True,True,decoded_root_motion,1,1,14,,,,unknown_from_static_bytecode,unknown,005,Voldo,local,resolved_local,unresolved,155,offensive cells exist and no static return/recovery frame is known
005,Voldo,forward_step_candidate,446,447,0281,(any:forward),False,False,True,True,decoded_root_motion,1,1,21,,,,unknown_from_static_bytecode,unknown,005,Voldo,local,resolved_local,unresolved,155,offensive cells exist and no static return/recovery frame is known
005,Voldo,forward_step_candidate,490,491,0351,(any:forward),False,False,True,True,decoded_root_motion,1,1,21,,,,unknown_from_static_bytecode,unknown,005,Voldo,local,resolved_local,unresolved,155,offensive cells exist and no static return/recovery frame is known
005,Voldo,forward_step_candidate,550,551,01B1,(any:forward),False,False,True,True,decoded_root_motion,2,2,22,,,,unknown_from_static_bytecode,unknown,005,Voldo,local,resolved_local,unresolved,155,offensive cells exist and no static return/recovery frame is known
005,Voldo,forward_step_candidate,549,550,01B0,(any:forward),False,False,True,False,unknown_without_root_motion_decode,2,2,26,,,,unknown_from_static_bytecode,unknown,005,Voldo,local,resolved_local,unresolved,135,root motion did not decode with high confidence
005,Voldo,forward_step_candidate,2132,2434,1255,(any:forward),False,False,True,False,unknown_without_root_motion_decode,0,0,,,,,unknown_from_static_bytecode,unknown,005,Voldo,move_bucket_2,resolved_move_bucket,unresolved,113,root motion did not decode with high confidence
005,Voldo,forward_step_candidate,2265,2440,15DF,(any:forward),False,False,True,False,unknown_without_root_motion_decode,0,0,,,,,unknown_from_static_bytecode,unknown,005,Voldo,move_bucket_2,resolved_move_bucket,unresolved,113,root motion did not decode with high confidence
005,Voldo,forward_step_candidate,2267,2440,15DF,(any:forward),False,False,True,False,unknown_without_root_motion_decode,0,0,,,,,unknown_from_static_bytecode,unknown,005,Voldo,move_bucket_2,resolved_move_bucket,unresolved,113,root motion did not decode with high confidence
005,Voldo,forward_step_candidate,2322,2443,1167,(any:forward),False,False,True,False,unknown_without_root_motion_decode,0,0,,,,,unknown_from_static_bytecode,unknown,005,Voldo,move_bucket_2,resolved_move_bucket,unresolved,113,root motion did not decode with high confidence
005,Voldo,forward_step_candidate,2362,2445,1250,(any:forward),False,False,True,False,unknown_without_root_motion_decode,0,0,,,,,unknown_from_static_bytecode,unknown,005,Voldo,move_bucket_2,resolved_move_bucket,unresolved,113,root motion did not decode with high confidence
005,Voldo,sidestep_down_candidate,256,262,004A,(any:down),True,True,True,True,decoded_root_motion,0,0,,,,,unknown_from_static_bytecode,unknown,005,Voldo,local,resolved_local,trusted_basic,205,direct movement predicate; same-bank route; root motion decoded; source is neutral-like; no active offensive cells on destination slot
005,Voldo,sidestep_down_candidate,279,286,004B,(any:down),True,True,True,True,decoded_root_motion,0,0,,,,,unknown_from_static_bytecode,unknown,005,Voldo,local,resolved_local,trusted_basic,205,direct movement predicate; same-bank route; root motion decoded; source is neutral-like; no active offensive cells on destination slot
005,Voldo,sidestep_down_candidate,310,311,004C,(any:down),True,True,True,True,decoded_root_motion,0,0,,,,,unknown_from_static_bytecode,unknown,005,Voldo,local,resolved_local,trusted_basic,205,direct movement predicate; same-bank route; root motion decoded; source is neutral-like; no active offensive cells on destination slot
005,Voldo,sidestep_down_candidate,3038,546,01D7,(any:down),True,False,True,True,decoded_root_motion,0,0,,,,,unknown_from_static_bytecode,unknown,005,Voldo,local,resolved_local,trusted_basic,205,direct movement predicate; same-bank route; root motion decoded; source is neutral-like; no active offensive cells on destination slot
005,Voldo,sidestep_down_candidate,3038,546,01D7,(any:down),True,False,True,True,decoded_root_motion,0,0,,,,,unknown_from_static_bytecode,unknown,005,Voldo,local,resolved_local,trusted_basic,205,direct movement predicate; same-bank route; root motion decoded; source is neutral-like; no active offensive cells on destination slot
005,Voldo,sidestep_down_candidate,3040,512,0020,(any:down),True,False,True,True,decoded_root_motion,0,0,,,,,unknown_from_static_bytecode,unknown,005,Voldo,local,resolved_local,trusted_basic,205,direct movement predicate; same-bank route; root motion decoded; source is neutral-like; no active offensive cells on destination slot
005,Voldo,sidestep_down_candidate,3040,512,0020,(any:down),True,False,True,True,decoded_root_motion,0,0,,,,,unknown_from_static_bytecode,unknown,005,Voldo,local,resolved_local,trusted_basic,205,direct movement predicate; same-bank route; root motion decoded; source is neutral-like; no active offensive cells on destination slot
005,Voldo,sidestep_down_candidate,3041,597,01BD,(any:down),True,False,True,True,decoded_root_motion,0,0,,,,,unknown_from_static_bytecode,unknown,005,Voldo,local,resolved_local,trusted_basic,205,direct movement predicate; same-bank route; root motion decoded; source is neutral-like; no active offensive cells on destination slot
005,Voldo,sidestep_down_candidate,607,6,007F,(any:down),False,False,True,True,decoded_root_motion,0,0,,,,,unknown_from_static_bytecode,unknown,005,Voldo,local,resolved_local,measured_but_not_basic,155,source is not proven neutral or stance-root basic movement
005,Voldo,sidestep_down_candidate,1597,1577,013C,(any:down),False,False,True,True,decoded_root_motion,0,0,,,,,unknown_from_static_bytecode,unknown,005,Voldo,move_bucket_2,resolved_move_bucket,measured_but_not_basic,155,source is not proven neutral or stance-root basic movement
005,Voldo,sidestep_down_candidate,2713,607,033B,(any:down),False,False,True,True,decoded_root_motion,0,0,,,,,unknown_from_static_bytecode,unknown,005,Voldo,local,resolved_local,measured_but_not_basic,155,source is not proven neutral or stance-root basic movement
005,Voldo,sidestep_down_candidate,2713,607,033B,(any:down),False,False,True,True,decoded_root_motion,0,0,,,,,unknown_from_static_bytecode,unknown,005,Voldo,local,resolved_local,measured_but_not_basic,155,source is not proven neutral or stance-root basic movement
005,Voldo,sidestep_down_candidate,3039,512,0020,(any:down),False,False,True,True,decoded_root_motion,0,0,,,,,unknown_from_static_bytecode,unknown,005,Voldo,local,resolved_local,measured_but_not_basic,155,source is not proven neutral or stance-root basic movement
005,Voldo,sidestep_down_candidate,3039,522,02A8,(any:down),False,False,True,True,decoded_root_motion,0,0,,,,,unknown_from_static_bytecode,unknown,005,Voldo,local,resolved_local,measured_but_not_basic,155,source is not proven neutral or stance-root basic movement
005,Voldo,sidestep_down_candidate,3039,522,02A8,(any:down),False,False,True,True,decoded_root_motion,0,0,,,,,unknown_from_static_bytecode,unknown,005,Voldo,local,resolved_local,measured_but_not_basic,155,source is not proven neutral or stance-root basic movement
005,Voldo,sidestep_down_candidate,3044,210,032B,(any:down),False,False,True,True,decoded_root_motion,0,0,,,,,unknown_from_static_bytecode,unknown,005,Voldo,local,resolved_local,measured_but_not_basic,155,source is not proven neutral or stance-root basic movement
005,Voldo,sidestep_down_candidate,3044,210,032B,(any:down),False,False,True,True,decoded_root_motion,0,0,,,,,unknown_from_static_bytecode,unknown,005,Voldo,local,resolved_local,measured_but_not_basic,155,source is not proven neutral or stance-root basic movement
005,Voldo,sidestep_down_candidate,3044,210,032B,(any:down),False,False,True,True,decoded_root_motion,0,0,,,,,unknown_from_static_bytecode,unknown,005,Voldo,local,resolved_local,measured_but_not_basic,155,source is not proven neutral or stance-root basic movement
005,Voldo,sidestep_down_candidate,3044,339,0302,(any:down),False,False,True,True,decoded_root_motion,0,0,,,,,unknown_from_static_bytecode,unknown,005,Voldo,local,resolved_local,measured_but_not_basic,155,source is not proven neutral or stance-root basic movement
005,Voldo,sidestep_down_candidate,3044,405,00D7,(any:down),False,False,True,True,decoded_root_motion,0,0,,,,,unknown_from_static_bytecode,unknown,005,Voldo,local,resolved_local,measured_but_not_basic,155,source is not proven neutral or stance-root basic movement
005,Voldo,sidestep_down_candidate,3044,408,00D8,(any:down),False,False,True,True,decoded_root_motion,0,0,,,,,unknown_from_static_bytecode,unknown,005,Voldo,local,resolved_local,measured_but_not_basic,155,source is not proven neutral or stance-root basic movement
005,Voldo,sidestep_down_candidate,3044,466,0302,(any:down),False,False,True,True,decoded_root_motion,0,0,,,,,unknown_from_static_bytecode,unknown,005,Voldo,local,resolved_local,measured_but_not_basic,155,source is not proven neutral or stance-root basic movement
005,Voldo,sidestep_down_candidate,3047,522,02A8,(any:down),False,False,True,True,decoded_root_motion,0,0,,,,,unknown_from_static_bytecode,unknown,005,Voldo,local,resolved_local,measured_but_not_basic,155,source is not proven neutral or stance-root basic movement
005,Voldo,sidestep_down_candidate,3047,522,02A8,(any:down),False,False,True,True,decoded_root_motion,0,0,,,,,unknown_from_static_bytecode,unknown,005,Voldo,local,resolved_local,measured_but_not_basic,155,source is not proven neutral or stance-root basic movement
005,Voldo,sidestep_down_candidate,3039,523,0015,(any:down),False,False,True,True,decoded_root_motion,1,1,13,,,,unknown_from_static_bytecode,unknown,005,Voldo,local,resolved_local,unresolved,155,offensive cells exist and no static return/recovery frame is known
005,Voldo,sidestep_down_candidate,3044,397,0059,(any:down),False,False,True,True,decoded_root_motion,1,1,27,,,,unknown_from_static_bytecode,unknown,005,Voldo,local,resolved_local,unresolved,155,offensive cells exist and no static return/recovery frame is known
005,Voldo,sidestep_down_candidate,3044,455,02B2,(any:down),False,False,True,True,decoded_root_motion,1,1,29,,,,unknown_from_static_bytecode,unknown,005,Voldo,local,resolved_local,unresolved,155,offensive cells exist and no static return/recovery frame is known
005,Voldo,sidestep_down_candidate,3044,455,02B2,(any:down),False,False,True,True,decoded_root_motion,1,1,29,,,,unknown_from_static_bytecode,unknown,005,Voldo,local,resolved_local,unresolved,155,offensive cells exist and no static return/recovery frame is known
005,Voldo,sidestep_down_candidate,3044,460,0209,(any:down),False,False,True,True,decoded_root_motion,1,1,37,,,,unknown_from_static_bytecode,unknown,005,Voldo,local,resolved_local,unresolved,155,offensive cells exist and no static return/recovery frame is known
005,Voldo,sidestep_down_candidate,3044,460,0209,(any:down),False,False,True,True,decoded_root_motion,1,1,37,,,,unknown_from_static_bytecode,unknown,005,Voldo,local,resolved_local,unresolved,155,offensive cells exist and no static return/recovery frame is known
005,Voldo,sidestep_down_candidate,3044,462,035D,(any:down),False,False,True,True,decoded_root_motion,1,1,33,,,,unknown_from_static_bytecode,unknown,005,Voldo,local,resolved_local,unresolved,155,offensive cells exist and no static return/recovery frame is known
005,Voldo,sidestep_down_candidate,3044,462,035D,(any:down),False,False,True,True,decoded_root_motion,1,1,33,,,,unknown_from_static_bytecode,unknown,005,Voldo,local,resolved_local,unresolved,155,offensive cells exist and no static return/recovery frame is known
005,Voldo,sidestep_down_candidate,3047,523,0015,(any:down),False,False,True,True,decoded_root_motion,1,1,13,,,,unknown_from_static_bytecode,unknown,005,Voldo,local,resolved_local,unresolved,155,offensive cells exist and no static return/recovery frame is known
005,Voldo,sidestep_down_candidate,3048,590,01C3,(any:down),False,False,True,True,decoded_root_motion,1,1,77,,,,unknown_from_static_bytecode,unknown,005,Voldo,local,resolved_local,unresolved,155,offensive cells exist and no static return/recovery frame is known
005,Voldo,sidestep_down_candidate,3048,591,026A,(any:down),False,False,True,True,decoded_root_motion,1,1,19,,,,unknown_from_static_bytecode,unknown,005,Voldo,local,resolved_local,unresolved,155,offensive cells exist and no static return/recovery frame is known
005,Voldo,sidestep_up_candidate,354,355,01D7,(any:up),True,True,True,True,decoded_root_motion,0,0,,,,,unknown_from_static_bytecode,unknown,005,Voldo,local,resolved_local,trusted_basic,205,direct movement predicate; same-bank route; root motion decoded; source is neutral-like; no active offensive cells on destination slot
005,Voldo,sidestep_up_candidate,390,391,0022,(any:up),True,True,True,True,decoded_root_motion,0,0,,,,,unknown_from_static_bytecode,unknown,005,Voldo,local,resolved_local,trusted_basic,205,direct movement predicate; same-bank route; root motion decoded; source is neutral-like; no active offensive cells on destination slot
005,Voldo,sidestep_up_candidate,3038,552,0222,(any:up),True,False,True,True,decoded_root_motion,1,1,23,,,,unknown_from_static_bytecode,unknown,005,Voldo,local,resolved_local,unresolved,155,offensive cells exist and no static return/recovery frame is known
005,Voldo,sidestep_up_candidate,3038,563,029D,(any:up),True,False,True,True,decoded_root_motion,1,1,25,,,,unknown_from_static_bytecode,unknown,005,Voldo,local,resolved_local,unresolved,155,offensive cells exist and no static return/recovery frame is known
005,Voldo,sidestep_up_candidate,3040,516,0359,(any:up),True,False,True,True,decoded_root_motion,1,1,9,,,,unknown_from_static_bytecode,unknown,005,Voldo,local,resolved_local,unresolved,155,offensive cells exist and no static return/recovery frame is known
005,Voldo,sidestep_up_candidate,3040,521,001F,(any:up),True,False,True,True,decoded_root_motion,1,1,17,,,,unknown_from_static_bytecode,unknown,005,Voldo,local,resolved_local,unresolved,155,offensive cells exist and no static return/recovery frame is known
005,Voldo,sidestep_up_candidate,3040,521,001F,(any:up),True,False,True,True,decoded_root_motion,1,1,17,,,,unknown_from_static_bytecode,unknown,005,Voldo,local,resolved_local,unresolved,155,offensive cells exist and no static return/recovery frame is known
005,Voldo,sidestep_up_candidate,3040,535,035A,(any:up),True,False,True,True,decoded_root_motion,1,1,9,,,,unknown_from_static_bytecode,unknown,005,Voldo,local,resolved_local,unresolved,155,offensive cells exist and no static return/recovery frame is known
005,Voldo,sidestep_up_candidate,3041,589,0230,(any:up),True,False,True,True,decoded_root_motion,2,2,23,,,,unknown_from_static_bytecode,unknown,005,Voldo,local,resolved_local,unresolved,155,offensive cells exist and no static return/recovery frame is known
005,Voldo,sidestep_up_candidate,3044,412,0307,(any:up),False,False,True,True,decoded_root_motion,1,0,,,,,unknown_from_static_bytecode,unknown,005,Voldo,local,resolved_local,measured_but_not_basic,155,source is not proven neutral or stance-root basic movement
005,Voldo,sidestep_up_candidate,3044,468,0354,(any:up),False,False,True,True,decoded_root_motion,0,0,,,,,unknown_from_static_bytecode,unknown,005,Voldo,local,resolved_local,measured_but_not_basic,155,source is not proven neutral or stance-root basic movement
005,Voldo,sidestep_up_candidate,448,449,0014,(any:up),False,False,True,True,decoded_root_motion,2,2,31,,,,unknown_from_static_bytecode,unknown,005,Voldo,local,resolved_local,unresolved,155,offensive cells exist and no static return/recovery frame is known
005,Voldo,sidestep_up_candidate,470,449,0014,(any:up),False,False,True,True,decoded_root_motion,2,2,31,,,,unknown_from_static_bytecode,unknown,005,Voldo,local,resolved_local,unresolved,155,offensive cells exist and no static return/recovery frame is known
006,Sophitia,backstep_candidate,259,260,015D,(any:back),True,True,True,True,decoded_root_motion,0,0,,,,,unknown_from_static_bytecode,unknown,006,Sophitia,local,resolved_local,trusted_basic,205,direct movement predicate; same-bank route; root motion decoded; source is neutral-like; no active offensive cells on destination slot
006,Sophitia,backstep_candidate,264,265,015D,(any:back),True,True,True,True,decoded_root_motion,0,0,,,,,unknown_from_static_bytecode,unknown,006,Sophitia,local,resolved_local,trusted_basic,205,direct movement predicate; same-bank route; root motion decoded; source is neutral-like; no active offensive cells on destination slot
006,Sophitia,backstep_candidate,362,365,015D,(any:back),True,True,True,True,decoded_root_motion,0,0,,,,,unknown_from_static_bytecode,unknown,006,Sophitia,local,resolved_local,trusted_basic,205,direct movement predicate; same-bank route; root motion decoded; source is neutral-like; no active offensive cells on destination slot
006,Sophitia,backstep_candidate,473,483,015D,(any:back),True,True,True,True,decoded_root_motion,0,0,,,,,unknown_from_static_bytecode,unknown,006,Sophitia,local,resolved_local,trusted_basic,205,direct movement predicate; same-bank route; root motion decoded; source is neutral-like; no active offensive cells on destination slot
006,Sophitia,backstep_candidate,257,258,0185,(any:back),True,True,True,True,decoded_root_motion,2,2,13,,,,unknown_from_static_bytecode,unknown,006,Sophitia,local,resolved_local,unresolved,155,offensive cells exist and no static return/recovery frame is known
006,Sophitia,backstep_candidate,263,264,0326,(any:back),True,True,True,True,decoded_root_motion,1,1,24,,,,unknown_from_static_bytecode,unknown,006,Sophitia,local,resolved_local,unresolved,155,offensive cells exist and no static return/recovery frame is known
006,Sophitia,backstep_candidate,268,269,0173,(any:back),True,True,True,True,decoded_root_motion,1,1,23,,,,unknown_from_static_bytecode,unknown,006,Sophitia,local,resolved_local,unresolved,155,offensive cells exist and no static return/recovery frame is known
006,Sophitia,backstep_candidate,270,271,0177,(any:back),True,True,True,True,decoded_root_motion,1,1,37,,,,unknown_from_static_bytecode,unknown,006,Sophitia,local,resolved_local,unresolved,155,offensive cells exist and no static return/recovery frame is known
006,Sophitia,backstep_candidate,270,275,02C6,(any:back),True,True,True,True,decoded_root_motion,1,1,17,,,,unknown_from_static_bytecode,unknown,006,Sophitia,local,resolved_local,unresolved,155,offensive cells exist and no static return/recovery frame is known
006,Sophitia,backstep_candidate,286,287,02F4,(any:back),True,True,True,True,decoded_root_motion,1,1,25,,,,unknown_from_static_bytecode,unknown,006,Sophitia,local,resolved_local,unresolved,155,offensive cells exist and no static return/recovery frame is known
006,Sophitia,backstep_candidate,286,288,02F4,(any:back),True,True,True,True,decoded_root_motion,1,1,25,,,,unknown_from_static_bytecode,unknown,006,Sophitia,local,resolved_local,unresolved,155,offensive cells exist and no static return/recovery frame is known
006,Sophitia,backstep_candidate,335,336,00F9,(any:back),True,True,True,True,decoded_root_motion,1,1,45,,,,unknown_from_static_bytecode,unknown,006,Sophitia,local,resolved_local,unresolved,155,offensive cells exist and no static return/recovery frame is known
006,Sophitia,backstep_candidate,366,367,014C,(any:back),True,True,True,True,decoded_root_motion,1,1,33,,,,unknown_from_static_bytecode,unknown,006,Sophitia,local,resolved_local,unresolved,155,offensive cells exist and no static return/recovery frame is known
006,Sophitia,backstep_candidate,1974,1608,1491,(any:back),True,True,True,False,unknown_without_root_motion_decode,0,0,,,,,unknown_from_static_bytecode,unknown,006,Sophitia,move_bucket_2,resolved_move_bucket,unresolved,113,root motion did not decode with high confidence
006,Sophitia,backstep_candidate,258,259,031C,(any:back),False,False,True,True,decoded_root_motion,1,1,27,,,,unknown_from_static_bytecode,unknown,006,Sophitia,local,resolved_local,unresolved,155,offensive cells exist and no static return/recovery frame is known
006,Sophitia,backstep_candidate,271,272,0173,(any:back),False,False,True,True,decoded_root_motion,1,1,23,,,,unknown_from_static_bytecode,unknown,006,Sophitia,local,resolved_local,unresolved,155,offensive cells exist and no static return/recovery frame is known
006,Sophitia,backstep_candidate,275,276,0177,(any:back),False,False,True,True,decoded_root_motion,1,1,37,,,,unknown_from_static_bytecode,unknown,006,Sophitia,local,resolved_local,unresolved,155,offensive cells exist and no static return/recovery frame is known
006,Sophitia,backstep_candidate,276,277,0173,(any:back),False,False,True,True,decoded_root_motion,1,1,23,,,,unknown_from_static_bytecode,unknown,006,Sophitia,local,resolved_local,unresolved,155,offensive cells exist and no static return/recovery frame is known
006,Sophitia,backstep_candidate,367,368,014C,(any:back),False,False,True,True,decoded_root_motion,1,1,33,,,,unknown_from_static_bytecode,unknown,006,Sophitia,local,resolved_local,unresolved,155,offensive cells exist and no static return/recovery frame is known
006,Sophitia,backstep_candidate,2882,425,022B,(any:back),False,False,True,True,decoded_root_motion,1,1,17,,,,unknown_from_static_bytecode,unknown,006,Sophitia,local,resolved_local,unresolved,155,offensive cells exist and no static return/recovery frame is known
006,Sophitia,backstep_candidate,1975,2277,1254,(any:back),False,False,True,False,unknown_without_root_motion_decode,0,0,,,,,unknown_from_static_bytecode,unknown,006,Sophitia,move_bucket_2,resolved_move_bucket,unresolved,113,root motion did not decode with high confidence
006,Sophitia,backstep_candidate,2108,2283,15DF,(any:back),False,False,True,False,unknown_without_root_motion_decode,0,0,,,,,unknown_from_static_bytecode,unknown,006,Sophitia,move_bucket_2,resolved_move_bucket,unresolved,113,root motion did not decode with high confidence
006,Sophitia,backstep_candidate,2110,2283,15DF,(any:back),False,False,True,False,unknown_without_root_motion_decode,0,0,,,,,unknown_from_static_bytecode,unknown,006,Sophitia,move_bucket_2,resolved_move_bucket,unresolved,113,root motion did not decode with high confidence
006,Sophitia,backstep_candidate,2164,2286,1168,(any:back),False,False,True,False,unknown_without_root_motion_decode,0,0,,,,,unknown_from_static_bytecode,unknown,006,Sophitia,move_bucket_2,resolved_move_bucket,unresolved,113,root motion did not decode with high confidence
006,Sophitia,backstep_candidate,2203,2288,1251,(any:back),False,False,True,False,unknown_without_root_motion_decode,0,0,,,,,unknown_from_static_bytecode,unknown,006,Sophitia,move_bucket_2,resolved_move_bucket,unresolved,113,root motion did not decode with high confidence
006,Sophitia,eight_way_or_ambiguous,161,164,00D0,(any:back|forward|down),True,True,True,True,decoded_root_motion,0,0,,,,,unknown_from_static_bytecode,unknown,006,Sophitia,local,resolved_local,trusted_basic,182,direct movement predicate; same-bank route; root motion decoded; source is neutral-like; no active offensive cells on destination slot
006,Sophitia,eight_way_or_ambiguous,322,323,01C3,(back+forward),False,False,True,True,decoded_root_motion,2,1,37,,,,unknown_from_static_bytecode,unknown,006,Sophitia,local,resolved_local,unresolved,132,offensive cells exist and no static return/recovery frame is known
006,Sophitia,forward_step_candidate,259,260,015D,(any:forward),True,True,True,True,decoded_root_motion,0,0,,,,,unknown_from_static_bytecode,unknown,006,Sophitia,local,resolved_local,trusted_basic,205,direct movement predicate; same-bank route; root motion decoded; source is neutral-like; no active offensive cells on destination slot
006,Sophitia,forward_step_candidate,264,265,015D,(any:forward),True,True,True,True,decoded_root_motion,0,0,,,,,unknown_from_static_bytecode,unknown,006,Sophitia,local,resolved_local,trusted_basic,205,direct movement predicate; same-bank route; root motion decoded; source is neutral-like; no active offensive cells on destination slot
006,Sophitia,forward_step_candidate,362,365,015D,(any:forward),True,True,True,True,decoded_root_motion,0,0,,,,,unknown_from_static_bytecode,unknown,006,Sophitia,local,resolved_local,trusted_basic,205,direct movement predicate; same-bank route; root motion decoded; source is neutral-like; no active offensive cells on destination slot
006,Sophitia,forward_step_candidate,473,483,015D,(any:forward),True,True,True,True,decoded_root_motion,0,0,,,,,unknown_from_static_bytecode,unknown,006,Sophitia,local,resolved_local,trusted_basic,205,direct movement predicate; same-bank route; root motion decoded; source is neutral-like; no active offensive cells on destination slot
006,Sophitia,forward_step_candidate,270,273,017A,(any:forward),True,True,True,True,decoded_root_motion,1,1,27,,,,unknown_from_static_bytecode,unknown,006,Sophitia,local,resolved_local,unresolved,155,offensive cells exist and no static return/recovery frame is known
006,Sophitia,forward_step_candidate,279,280,0327,(any:forward),True,True,True,True,decoded_root_motion,2,2,15,,,,unknown_from_static_bytecode,unknown,006,Sophitia,local,resolved_local,unresolved,155,offensive cells exist and no static return/recovery frame is known
006,Sophitia,forward_step_candidate,286,291,0197,(any:forward),True,True,True,True,decoded_root_motion,1,1,21,,,,unknown_from_static_bytecode,unknown,006,Sophitia,local,resolved_local,unresolved,155,offensive cells exist and no static return/recovery frame is known
006,Sophitia,forward_step_candidate,297,298,022D,(any:forward),True,True,True,True,decoded_root_motion,2,2,15,,,,unknown_from_static_bytecode,unknown,006,Sophitia,local,resolved_local,unresolved,155,offensive cells exist and no static return/recovery frame is known
006,Sophitia,forward_step_candidate,335,338,0175,(any:forward),True,True,True,True,decoded_root_motion,1,1,47,,,,unknown_from_static_bytecode,unknown,006,Sophitia,local,resolved_local,unresolved,155,offensive cells exist and no static return/recovery frame is known
006,Sophitia,forward_step_candidate,341,294,0188,(any:forward),True,True,True,True,decoded_root_motion,2,2,13,,,,unknown_from_static_bytecode,unknown,006,Sophitia,local,resolved_local,unresolved,155,offensive cells exist and no static return/recovery frame is known
006,Sophitia,forward_step_candidate,1974,1608,1491,(any:forward),True,True,True,False,unknown_without_root_motion_decode,0,0,,,,,unknown_from_static_bytecode,unknown,006,Sophitia,move_bucket_2,resolved_move_bucket,unresolved,113,root motion did not decode with high confidence
006,Sophitia,forward_step_candidate,168,390,0030,(any:forward),False,False,True,True,decoded_root_motion,1,0,,,,,unknown_from_static_bytecode,unknown,006,Sophitia,local,resolved_local,measured_but_not_basic,155,source is not proven neutral or stance-root basic movement
006,Sophitia,forward_step_candidate,275,273,017A,(any:forward),False,False,True,True,decoded_root_motion,1,1,27,,,,unknown_from_static_bytecode,unknown,006,Sophitia,local,resolved_local,unresolved,155,offensive cells exist and no static return/recovery frame is known
006,Sophitia,forward_step_candidate,280,281,0165,(any:forward),False,False,True,True,decoded_root_motion,2,2,17,,,,unknown_from_static_bytecode,unknown,006,Sophitia,local,resolved_local,unresolved,155,offensive cells exist and no static return/recovery frame is known
006,Sophitia,forward_step_candidate,293,294,0188,(any:forward),False,False,True,True,decoded_root_motion,2,2,13,,,,unknown_from_static_bytecode,unknown,006,Sophitia,local,resolved_local,unresolved,155,offensive cells exist and no static return/recovery frame is known
006,Sophitia,forward_step_candidate,298,299,022D,(any:forward),False,False,True,True,decoded_root_motion,1,1,15,,,,unknown_from_static_bytecode,unknown,006,Sophitia,local,resolved_local,unresolved,155,offensive cells exist and no static return/recovery frame is known
006,Sophitia,forward_step_candidate,299,300,022D,(any:forward),False,False,True,True,decoded_root_motion,1,1,15,,,,unknown_from_static_bytecode,unknown,006,Sophitia,local,resolved_local,unresolved,155,offensive cells exist and no static return/recovery frame is known
006,Sophitia,forward_step_candidate,330,294,0188,(any:forward),False,False,True,True,decoded_root_motion,2,2,13,,,,unknown_from_static_bytecode,unknown,006,Sophitia,local,resolved_local,unresolved,155,offensive cells exist and no static return/recovery frame is known
006,Sophitia,forward_step_candidate,336,337,0102,(any:forward),False,False,True,True,decoded_root_motion,1,1,17,,,,unknown_from_static_bytecode,unknown,006,Sophitia,local,resolved_local,unresolved,155,offensive cells exist and no static return/recovery frame is known
006,Sophitia,forward_step_candidate,427,428,00F8,(any:forward),False,False,True,True,decoded_root_motion,1,1,19,,,,unknown_from_static_bytecode,unknown,006,Sophitia,local,resolved_local,unresolved,155,offensive cells exist and no static return/recovery frame is known
006,Sophitia,forward_step_candidate,2881,453,0227,(any:forward),False,False,True,True,decoded_root_motion,1,1,17,,,,unknown_from_static_bytecode,unknown,006,Sophitia,local,resolved_local,unresolved,155,offensive cells exist and no static return/recovery frame is known
006,Sophitia,forward_step_candidate,2881,453,0227,(any:forward),False,False,True,True,decoded_root_motion,1,1,17,,,,unknown_from_static_bytecode,unknown,006,Sophitia,local,resolved_local,unresolved,155,offensive cells exist and no static return/recovery frame is known
006,Sophitia,forward_step_candidate,2881,465,00B9,(any:forward),False,False,True,True,decoded_root_motion,1,1,33,,,,unknown_from_static_bytecode,unknown,006,Sophitia,local,resolved_local,unresolved,155,offensive cells exist and no static return/recovery frame is known
006,Sophitia,forward_step_candidate,2881,465,00B9,(any:forward),False,False,True,True,decoded_root_motion,1,1,33,,,,unknown_from_static_bytecode,unknown,006,Sophitia,local,resolved_local,unresolved,155,offensive cells exist and no static return/recovery frame is known
006,Sophitia,forward_step_candidate,2882,429,0188,(any:forward),False,False,True,True,decoded_root_motion,2,2,13,,,,unknown_from_static_bytecode,unknown,006,Sophitia,local,resolved_local,unresolved,155,offensive cells exist and no static return/recovery frame is known
006,Sophitia,forward_step_candidate,1975,2277,1254,(any:forward),False,False,True,False,unknown_without_root_motion_decode,0,0,,,,,unknown_from_static_bytecode,unknown,006,Sophitia,move_bucket_2,resolved_move_bucket,unresolved,113,root motion did not decode with high confidence
006,Sophitia,forward_step_candidate,2108,2283,15DF,(any:forward),False,False,True,False,unknown_without_root_motion_decode,0,0,,,,,unknown_from_static_bytecode,unknown,006,Sophitia,move_bucket_2,resolved_move_bucket,unresolved,113,root motion did not decode with high confidence
006,Sophitia,forward_step_candidate,2110,2283,15DF,(any:forward),False,False,True,False,unknown_without_root_motion_decode,0,0,,,,,unknown_from_static_bytecode,unknown,006,Sophitia,move_bucket_2,resolved_move_bucket,unresolved,113,root motion did not decode with high confidence
006,Sophitia,forward_step_candidate,2165,2286,1168,(any:forward),False,False,True,False,unknown_without_root_motion_decode,0,0,,,,,unknown_from_static_bytecode,unknown,006,Sophitia,move_bucket_2,resolved_move_bucket,unresolved,113,root motion did not decode with high confidence
006,Sophitia,forward_step_candidate,2205,2288,1251,(any:forward),False,False,True,False,unknown_without_root_motion_decode,0,0,,,,,unknown_from_static_bytecode,unknown,006,Sophitia,move_bucket_2,resolved_move_bucket,unresolved,113,root motion did not decode with high confidence
006,Sophitia,sidestep_down_candidate,257,262,012D,(any:down),True,True,True,True,decoded_root_motion,0,0,,,,,unknown_from_static_bytecode,unknown,006,Sophitia,local,resolved_local,trusted_basic,205,direct movement predicate; same-bank route; root motion decoded; source is neutral-like; no active offensive cells on destination slot
006,Sophitia,sidestep_down_candidate,279,285,012E,(any:down),True,True,True,True,decoded_root_motion,0,0,,,,,unknown_from_static_bytecode,unknown,006,Sophitia,local,resolved_local,trusted_basic,205,direct movement predicate; same-bank route; root motion decoded; source is neutral-like; no active offensive cells on destination slot
006,Sophitia,sidestep_down_candidate,478,6,0015,(any:down),False,False,True,True,decoded_root_motion,0,0,,,,,unknown_from_static_bytecode,unknown,006,Sophitia,local,resolved_local,measured_but_not_basic,155,source is not proven neutral or stance-root basic movement
006,Sophitia,sidestep_down_candidate,1440,1420,0057,(any:down),False,False,True,True,decoded_root_motion,0,0,,,,,unknown_from_static_bytecode,unknown,006,Sophitia,move_bucket_2,resolved_move_bucket,measured_but_not_basic,155,source is not proven neutral or stance-root basic movement
006,Sophitia,sidestep_down_candidate,2556,478,030B,(any:down),False,False,True,True,decoded_root_motion,0,0,,,,,unknown_from_static_bytecode,unknown,006,Sophitia,local,resolved_local,measured_but_not_basic,155,source is not proven neutral or stance-root basic movement
006,Sophitia,sidestep_down_candidate,2556,478,030B,(any:down),False,False,True,True,decoded_root_motion,0,0,,,,,unknown_from_static_bytecode,unknown,006,Sophitia,local,resolved_local,measured_but_not_basic,155,source is not proven neutral or stance-root basic movement
006,Sophitia,sidestep_down_candidate,2885,425,022B,(any:down),False,False,True,True,decoded_root_motion,1,1,17,,,,unknown_from_static_bytecode,unknown,006,Sophitia,local,resolved_local,unresolved,155,offensive cells exist and no static return/recovery frame is known
006,Sophitia,sidestep_down_candidate,2885,429,0188,(any:down),False,False,True,True,decoded_root_motion,2,2,13,,,,unknown_from_static_bytecode,unknown,006,Sophitia,local,resolved_local,unresolved,155,offensive cells exist and no static return/recovery frame is known
006,Sophitia,sidestep_down_candidate,2885,440,0230,(any:down),False,False,True,True,decoded_root_motion,1,1,15,,,,unknown_from_static_bytecode,unknown,006,Sophitia,local,resolved_local,unresolved,155,offensive cells exist and no static return/recovery frame is known
006,Sophitia,sidestep_up_candidate,259,260,015D,(any:up),True,True,True,True,decoded_root_motion,0,0,,,,,unknown_from_static_bytecode,unknown,006,Sophitia,local,resolved_local,trusted_basic,205,direct movement predicate; same-bank route; root motion decoded; source is neutral-like; no active offensive cells on destination slot
006,Sophitia,sidestep_up_candidate,264,265,015D,(any:up),True,True,True,True,decoded_root_motion,0,0,,,,,unknown_from_static_bytecode,unknown,006,Sophitia,local,resolved_local,trusted_basic,205,direct movement predicate; same-bank route; root motion decoded; source is neutral-like; no active offensive cells on destination slot
006,Sophitia,sidestep_up_candidate,362,365,015D,(any:up),True,True,True,True,decoded_root_motion,0,0,,,,,unknown_from_static_bytecode,unknown,006,Sophitia,local,resolved_local,trusted_basic,205,direct movement predicate; same-bank route; root motion decoded; source is neutral-like; no active offensive cells on destination slot
006,Sophitia,sidestep_up_candidate,473,483,015D,(any:up),True,True,True,True,decoded_root_motion,0,0,,,,,unknown_from_static_bytecode,unknown,006,Sophitia,local,resolved_local,trusted_basic,205,direct movement predicate; same-bank route; root motion decoded; source is neutral-like; no active offensive cells on destination slot
006,Sophitia,sidestep_up_candidate,257,261,0174,(any:up),True,True,True,True,decoded_root_motion,1,1,25,,,,unknown_from_static_bytecode,unknown,006,Sophitia,local,resolved_local,unresolved,155,offensive cells exist and no static return/recovery frame is known
006,Sophitia,sidestep_up_candidate,279,284,0206,(any:up),True,True,True,True,decoded_root_motion,1,1,22,,,,unknown_from_static_bytecode,unknown,006,Sophitia,local,resolved_local,unresolved,155,offensive cells exist and no static return/recovery frame is known
006,Sophitia,sidestep_up_candidate,335,339,017B,(any:up),True,True,True,True,decoded_root_motion,2,2,14,,,,unknown_from_static_bytecode,unknown,006,Sophitia,local,resolved_local,unresolved,155,offensive cells exist and no static return/recovery frame is known
006,Sophitia,sidestep_up_candidate,341,296,02F7,(any:up),True,True,True,True,decoded_root_motion,1,1,14,,,,unknown_from_static_bytecode,unknown,006,Sophitia,local,resolved_local,unresolved,155,offensive cells exist and no static return/recovery frame is known
006,Sophitia,sidestep_up_candidate,376,377,00B9,(any:up),True,True,True,True,decoded_root_motion,1,1,31,,,,unknown_from_static_bytecode,unknown,006,Sophitia,local,resolved_local,unresolved,155,offensive cells exist and no static return/recovery frame is known
006,Sophitia,sidestep_up_candidate,2881,443,0164,(any:up),False,False,True,True,decoded_root_motion,0,0,,,,,unknown_from_static_bytecode,unknown,006,Sophitia,local,resolved_local,measured_but_not_basic,155,source is not proven neutral or stance-root basic movement
006,Sophitia,sidestep_up_candidate,2885,395,0030,(any:up),False,False,True,True,decoded_root_motion,1,0,,,,,unknown_from_static_bytecode,unknown,006,Sophitia,local,resolved_local,measured_but_not_basic,155,source is not proven neutral or stance-root basic movement
006,Sophitia,sidestep_up_candidate,293,296,02F7,(any:up),False,False,True,True,decoded_root_motion,1,1,14,,,,unknown_from_static_bytecode,unknown,006,Sophitia,local,resolved_local,unresolved,155,offensive cells exist and no static return/recovery frame is known
006,Sophitia,sidestep_up_candidate,308,309,0087,(any:up),False,False,True,True,decoded_root_motion,1,1,19,,,,unknown_from_static_bytecode,unknown,006,Sophitia,local,resolved_local,unresolved,155,offensive cells exist and no static return/recovery frame is known
006,Sophitia,sidestep_up_candidate,2881,456,01A7,(any:up),False,False,True,True,decoded_root_motion,2,2,13,,,,unknown_from_static_bytecode,unknown,006,Sophitia,local,resolved_local,unresolved,155,offensive cells exist and no static return/recovery frame is known
006,Sophitia,sidestep_up_candidate,2881,456,01A7,(any:up),False,False,True,True,decoded_root_motion,2,2,13,,,,unknown_from_static_bytecode,unknown,006,Sophitia,local,resolved_local,unresolved,155,offensive cells exist and no static return/recovery frame is known
006,Sophitia,sidestep_up_candidate,2882,440,0230,(any:up),False,False,True,True,decoded_root_motion,1,1,15,,,,unknown_from_static_bytecode,unknown,006,Sophitia,local,resolved_local,unresolved,155,offensive cells exist and no static return/recovery frame is known
007,Siegfried,backstep_candidate,257,258,00CC,(any:back),True,True,True,True,decoded_root_motion,0,0,,,,,unknown_from_static_bytecode,unknown,007,Siegfried,local,resolved_local,trusted_basic,205,direct movement predicate; same-bank route; root motion decoded; source is neutral-like; no active offensive cells on destination slot
007,Siegfried,backstep_candidate,272,275,0183,(any:back),True,True,True,True,decoded_root_motion,0,0,,,,,unknown_from_static_bytecode,unknown,007,Siegfried,local,resolved_local,trusted_basic,205,direct movement predicate; same-bank route; root motion decoded; source is neutral-like; no active offensive cells on destination slot
007,Siegfried,backstep_candidate,281,282,0119,(any:back),True,True,True,True,decoded_root_motion,0,0,,,,,unknown_from_static_bytecode,unknown,007,Siegfried,local,resolved_local,trusted_basic,205,direct movement predicate; same-bank route; root motion decoded; source is neutral-like; no active offensive cells on destination slot
007,Siegfried,backstep_candidate,315,316,0209,(any:back),True,True,True,True,decoded_root_motion,0,0,,,,,unknown_from_static_bytecode,unknown,007,Siegfried,local,resolved_local,trusted_basic,205,direct movement predicate; same-bank route; root motion decoded; source is neutral-like; no active offensive cells on destination slot
007,Siegfried,backstep_candidate,351,352,0174,(any:back),True,True,True,True,decoded_root_motion,0,0,,,,,unknown_from_static_bytecode,unknown,007,Siegfried,local,resolved_local,trusted_basic,205,direct movement predicate; same-bank route; root motion decoded; source is neutral-like; no active offensive cells on destination slot
007,Siegfried,backstep_candidate,513,514,0182,(any:back),True,True,True,True,decoded_root_motion,0,0,,,,,unknown_from_static_bytecode,unknown,007,Siegfried,local,resolved_local,trusted_basic,205,direct movement predicate; same-bank route; root motion decoded; source is neutral-like; no active offensive cells on destination slot
007,Siegfried,backstep_candidate,257,259,0128,(any:back),True,True,True,True,decoded_root_motion,1,1,22,,,,unknown_from_static_bytecode,unknown,007,Siegfried,local,resolved_local,unresolved,155,offensive cells exist and no static return/recovery frame is known
007,Siegfried,backstep_candidate,259,263,01E1,(any:back),True,True,True,True,decoded_root_motion,1,1,22,,,,unknown_from_static_bytecode,unknown,007,Siegfried,local,resolved_local,unresolved,155,offensive cells exist and no static return/recovery frame is known
007,Siegfried,backstep_candidate,272,273,018C,(any:back),True,True,True,True,decoded_root_motion,1,1,14,,,,unknown_from_static_bytecode,unknown,007,Siegfried,local,resolved_local,unresolved,155,offensive cells exist and no static return/recovery frame is known
007,Siegfried,backstep_candidate,314,315,0067,(any:back),True,True,True,True,decoded_root_motion,1,1,23,,,,unknown_from_static_bytecode,unknown,007,Siegfried,local,resolved_local,unresolved,155,offensive cells exist and no static return/recovery frame is known
007,Siegfried,backstep_candidate,337,338,015E,(any:back),True,True,True,True,decoded_root_motion,1,1,36,,,,unknown_from_static_bytecode,unknown,007,Siegfried,local,resolved_local,unresolved,155,offensive cells exist and no static return/recovery frame is known
007,Siegfried,backstep_candidate,2941,513,012F,(any:back),True,False,True,True,decoded_root_motion,1,1,21,,,,unknown_from_static_bytecode,unknown,007,Siegfried,local,resolved_local,unresolved,155,offensive cells exist and no static return/recovery frame is known
007,Siegfried,backstep_candidate,2942,458,024A,(any:back),True,False,True,True,decoded_root_motion,2,2,27,,,,unknown_from_static_bytecode,unknown,007,Siegfried,local,resolved_local,unresolved,155,offensive cells exist and no static return/recovery frame is known
007,Siegfried,backstep_candidate,2943,441,0245,(any:back),True,False,True,True,decoded_root_motion,1,1,27,,,,unknown_from_static_bytecode,unknown,007,Siegfried,local,resolved_local,unresolved,155,offensive cells exist and no static return/recovery frame is known
007,Siegfried,backstep_candidate,2033,1667,1490,(any:back),True,True,True,False,unknown_without_root_motion_decode,0,0,,,,,unknown_from_static_bytecode,unknown,007,Siegfried,move_bucket_2,resolved_move_bucket,unresolved,113,root motion did not decode with high confidence
007,Siegfried,backstep_candidate,269,271,0081,(any:back),False,False,True,True,decoded_root_motion,0,0,,,,,unknown_from_static_bytecode,unknown,007,Siegfried,local,resolved_local,measured_but_not_basic,155,source is not proven neutral or stance-root basic movement
007,Siegfried,backstep_candidate,270,271,0081,(any:back),False,False,True,True,decoded_root_motion,0,0,,,,,unknown_from_static_bytecode,unknown,007,Siegfried,local,resolved_local,measured_but_not_basic,155,source is not proven neutral or stance-root basic movement
007,Siegfried,backstep_candidate,370,371,0226,(any:back),False,False,True,True,decoded_root_motion,0,0,,,,,unknown_from_static_bytecode,unknown,007,Siegfried,local,resolved_local,measured_but_not_basic,155,source is not proven neutral or stance-root basic movement
007,Siegfried,backstep_candidate,373,374,0081,(any:back),False,False,True,True,decoded_root_motion,0,0,,,,,unknown_from_static_bytecode,unknown,007,Siegfried,local,resolved_local,measured_but_not_basic,155,source is not proven neutral or stance-root basic movement
007,Siegfried,backstep_candidate,483,487,00CF,(any:back),False,False,True,True,decoded_root_motion,0,0,,,,,unknown_from_static_bytecode,unknown,007,Siegfried,local,resolved_local,measured_but_not_basic,155,source is not proven neutral or stance-root basic movement
007,Siegfried,backstep_candidate,484,487,00CF,(any:back),False,False,True,True,decoded_root_motion,0,0,,,,,unknown_from_static_bytecode,unknown,007,Siegfried,local,resolved_local,measured_but_not_basic,155,source is not proven neutral or stance-root basic movement
007,Siegfried,backstep_candidate,488,489,028D,(any:back),False,False,True,True,decoded_root_motion,0,0,,,,,unknown_from_static_bytecode,unknown,007,Siegfried,local,resolved_local,measured_but_not_basic,155,source is not proven neutral or stance-root basic movement
007,Siegfried,backstep_candidate,267,269,0115,(any:back),False,False,True,True,decoded_root_motion,1,1,13,,,,unknown_from_static_bytecode,unknown,007,Siegfried,local,resolved_local,unresolved,155,offensive cells exist and no static return/recovery frame is known
007,Siegfried,backstep_candidate,317,318,0063,(any:back),False,False,True,True,decoded_root_motion,1,1,28,,,,unknown_from_static_bytecode,unknown,007,Siegfried,local,resolved_local,unresolved,155,offensive cells exist and no static return/recovery frame is known
007,Siegfried,backstep_candidate,338,339,015E,(any:back),False,False,True,True,decoded_root_motion,1,1,54,,,,unknown_from_static_bytecode,unknown,007,Siegfried,local,resolved_local,unresolved,155,offensive cells exist and no static return/recovery frame is known
007,Siegfried,backstep_candidate,339,340,015F,(any:back),False,False,True,True,decoded_root_motion,1,1,31,,,,unknown_from_static_bytecode,unknown,007,Siegfried,local,resolved_local,unresolved,155,offensive cells exist and no static return/recovery frame is known
007,Siegfried,backstep_candidate,483,488,028C,(any:back),False,False,True,True,decoded_root_motion,1,1,23,,,,unknown_from_static_bytecode,unknown,007,Siegfried,local,resolved_local,unresolved,155,offensive cells exist and no static return/recovery frame is known
007,Siegfried,backstep_candidate,2034,2336,1255,(any:back),False,False,True,False,unknown_without_root_motion_decode,0,0,,,,,unknown_from_static_bytecode,unknown,007,Siegfried,move_bucket_2,resolved_move_bucket,unresolved,113,root motion did not decode with high confidence
007,Siegfried,backstep_candidate,2167,2342,15DF,(any:back),False,False,True,False,unknown_without_root_motion_decode,0,0,,,,,unknown_from_static_bytecode,unknown,007,Siegfried,move_bucket_2,resolved_move_bucket,unresolved,113,root motion did not decode with high confidence
007,Siegfried,backstep_candidate,2169,2342,15DF,(any:back),False,False,True,False,unknown_without_root_motion_decode,0,0,,,,,unknown_from_static_bytecode,unknown,007,Siegfried,move_bucket_2,resolved_move_bucket,unresolved,113,root motion did not decode with high confidence
007,Siegfried,backstep_candidate,2223,2345,1167,(any:back),False,False,True,False,unknown_without_root_motion_decode,0,0,,,,,unknown_from_static_bytecode,unknown,007,Siegfried,move_bucket_2,resolved_move_bucket,unresolved,113,root motion did not decode with high confidence
007,Siegfried,backstep_candidate,2262,2347,1250,(any:back),False,False,True,False,unknown_without_root_motion_decode,0,0,,,,,unknown_from_static_bytecode,unknown,007,Siegfried,move_bucket_2,resolved_move_bucket,unresolved,113,root motion did not decode with high confidence
007,Siegfried,eight_way_or_ambiguous,161,164,006F,(any:back|forward|down),True,True,True,True,decoded_root_motion,0,0,,,,,unknown_from_static_bytecode,unknown,007,Siegfried,local,resolved_local,trusted_basic,182,direct movement predicate; same-bank route; root motion decoded; source is neutral-like; no active offensive cells on destination slot
007,Siegfried,eight_way_or_ambiguous,2942,465,01C6,(back+forward),True,False,True,True,decoded_root_motion,1,0,,,,,unknown_from_static_bytecode,unknown,007,Siegfried,local,resolved_local,trusted_basic,182,direct movement predicate; same-bank route; root motion decoded; source is neutral-like; no active offensive cells on destination slot
007,Siegfried,eight_way_or_ambiguous,2941,521,0186,(back+forward),True,False,True,True,decoded_root_motion,3,3,17,,,,unknown_from_static_bytecode,unknown,007,Siegfried,local,resolved_local,unresolved,132,offensive cells exist and no static return/recovery frame is known
007,Siegfried,eight_way_or_ambiguous,2943,448,01B2,(back+forward),True,False,True,True,decoded_root_motion,1,1,35,,,,unknown_from_static_bytecode,unknown,007,Siegfried,local,resolved_local,unresolved,132,offensive cells exist and no static return/recovery frame is known
007,Siegfried,eight_way_or_ambiguous,258,512,00CA,(back+forward+up+down;any:back|forward|up|down),False,False,True,True,decoded_root_motion,0,0,,,,,unknown_from_static_bytecode,unknown,007,Siegfried,local,resolved_local,measured_but_not_basic,132,source is not proven neutral or stance-root basic movement
007,Siegfried,eight_way_or_ambiguous,297,440,0163,(back+forward+up+down;any:back|forward|up|down),False,False,True,True,decoded_root_motion,0,0,,,,,unknown_from_static_bytecode,unknown,007,Siegfried,local,resolved_local,measured_but_not_basic,132,source is not proven neutral or stance-root basic movement
007,Siegfried,eight_way_or_ambiguous,316,482,00C5,(back+forward+up+down;any:back|forward|up|down),False,False,True,True,decoded_root_motion,0,0,,,,,unknown_from_static_bytecode,unknown,007,Siegfried,local,resolved_local,measured_but_not_basic,132,source is not proven neutral or stance-root basic movement
007,Siegfried,eight_way_or_ambiguous,344,440,0163,(back+forward+up+down;any:back|forward|up|down),False,False,True,True,decoded_root_motion,0,0,,,,,unknown_from_static_bytecode,unknown,007,Siegfried,local,resolved_local,measured_but_not_basic,132,source is not proven neutral or stance-root basic movement
007,Siegfried,eight_way_or_ambiguous,380,440,0163,(back+forward+up+down;any:back|forward|up|down),False,False,True,True,decoded_root_motion,0,0,,,,,unknown_from_static_bytecode,unknown,007,Siegfried,local,resolved_local,measured_but_not_basic,132,source is not proven neutral or stance-root basic movement
007,Siegfried,eight_way_or_ambiguous,450,457,0004,(back+forward+up+down;any:back|forward|up|down),False,False,True,True,decoded_root_motion,0,0,,,,,unknown_from_static_bytecode,unknown,007,Siegfried,local,resolved_local,measured_but_not_basic,132,source is not proven neutral or stance-root basic movement
007,Siegfried,eight_way_or_ambiguous,451,482,00C5,(back+forward+up+down;any:back|forward|up|down),False,False,True,True,decoded_root_motion,0,0,,,,,unknown_from_static_bytecode,unknown,007,Siegfried,local,resolved_local,measured_but_not_basic,132,source is not proven neutral or stance-root basic movement
007,Siegfried,eight_way_or_ambiguous,452,482,00C5,(back+forward+up+down;any:back|forward|up|down),False,False,True,True,decoded_root_motion,0,0,,,,,unknown_from_static_bytecode,unknown,007,Siegfried,local,resolved_local,measured_but_not_basic,132,source is not proven neutral or stance-root basic movement
007,Siegfried,eight_way_or_ambiguous,453,512,00CA,(back+forward+up+down;any:back|forward|up|down),False,False,True,True,decoded_root_motion,0,0,,,,,unknown_from_static_bytecode,unknown,007,Siegfried,local,resolved_local,measured_but_not_basic,132,source is not proven neutral or stance-root basic movement
007,Siegfried,eight_way_or_ambiguous,467,457,0004,(back+forward+up+down;any:back|forward|up|down),False,False,True,True,decoded_root_motion,0,0,,,,,unknown_from_static_bytecode,unknown,007,Siegfried,local,resolved_local,measured_but_not_basic,132,source is not proven neutral or stance-root basic movement
007,Siegfried,eight_way_or_ambiguous,468,482,00C5,(back+forward+up+down;any:back|forward|up|down),False,False,True,True,decoded_root_motion,0,0,,,,,unknown_from_static_bytecode,unknown,007,Siegfried,local,resolved_local,measured_but_not_basic,132,source is not proven neutral or stance-root basic movement
007,Siegfried,eight_way_or_ambiguous,469,482,00C5,(back+forward+up+down;any:back|forward|up|down),False,False,True,True,decoded_root_motion,0,0,,,,,unknown_from_static_bytecode,unknown,007,Siegfried,local,resolved_local,measured_but_not_basic,132,source is not proven neutral or stance-root basic movement
007,Siegfried,eight_way_or_ambiguous,470,512,00CA,(back+forward+up+down;any:back|forward|up|down),False,False,True,True,decoded_root_motion,0,0,,,,,unknown_from_static_bytecode,unknown,007,Siegfried,local,resolved_local,measured_but_not_basic,132,source is not proven neutral or stance-root basic movement
007,Siegfried,eight_way_or_ambiguous,471,440,0163,(back+forward+up+down;any:back|forward|up|down),False,False,True,True,decoded_root_motion,0,0,,,,,unknown_from_static_bytecode,unknown,007,Siegfried,local,resolved_local,measured_but_not_basic,132,source is not proven neutral or stance-root basic movement
007,Siegfried,eight_way_or_ambiguous,500,457,0004,(back+forward+up+down;any:back|forward|up|down),False,False,True,True,decoded_root_motion,0,0,,,,,unknown_from_static_bytecode,unknown,007,Siegfried,local,resolved_local,measured_but_not_basic,132,source is not proven neutral or stance-root basic movement
007,Siegfried,eight_way_or_ambiguous,501,482,00C5,(back+forward+up+down;any:back|forward|up|down),False,False,True,True,decoded_root_motion,0,0,,,,,unknown_from_static_bytecode,unknown,007,Siegfried,local,resolved_local,measured_but_not_basic,132,source is not proven neutral or stance-root basic movement
007,Siegfried,eight_way_or_ambiguous,502,482,00C5,(back+forward+up+down;any:back|forward|up|down),False,False,True,True,decoded_root_motion,0,0,,,,,unknown_from_static_bytecode,unknown,007,Siegfried,local,resolved_local,measured_but_not_basic,132,source is not proven neutral or stance-root basic movement
007,Siegfried,eight_way_or_ambiguous,503,512,00CA,(back+forward+up+down;any:back|forward|up|down),False,False,True,True,decoded_root_motion,0,0,,,,,unknown_from_static_bytecode,unknown,007,Siegfried,local,resolved_local,measured_but_not_basic,132,source is not proven neutral or stance-root basic movement
007,Siegfried,eight_way_or_ambiguous,504,440,0163,(back+forward+up+down;any:back|forward|up|down),False,False,True,True,decoded_root_motion,0,0,,,,,unknown_from_static_bytecode,unknown,007,Siegfried,local,resolved_local,measured_but_not_basic,132,source is not proven neutral or stance-root basic movement
007,Siegfried,eight_way_or_ambiguous,522,457,0004,(back+forward+up+down;any:back|forward|up|down),False,False,True,True,decoded_root_motion,0,0,,,,,unknown_from_static_bytecode,unknown,007,Siegfried,local,resolved_local,measured_but_not_basic,132,source is not proven neutral or stance-root basic movement
007,Siegfried,eight_way_or_ambiguous,523,482,00C5,(back+forward+up+down;any:back|forward|up|down),False,False,True,True,decoded_root_motion,0,0,,,,,unknown_from_static_bytecode,unknown,007,Siegfried,local,resolved_local,measured_but_not_basic,132,source is not proven neutral or stance-root basic movement
007,Siegfried,eight_way_or_ambiguous,524,482,00C5,(back+forward+up+down;any:back|forward|up|down),False,False,True,True,decoded_root_motion,0,0,,,,,unknown_from_static_bytecode,unknown,007,Siegfried,local,resolved_local,measured_but_not_basic,132,source is not proven neutral or stance-root basic movement
007,Siegfried,eight_way_or_ambiguous,525,512,00CA,(back+forward+up+down;any:back|forward|up|down),False,False,True,True,decoded_root_motion,0,0,,,,,unknown_from_static_bytecode,unknown,007,Siegfried,local,resolved_local,measured_but_not_basic,132,source is not proven neutral or stance-root basic movement
007,Siegfried,eight_way_or_ambiguous,526,440,0163,(back+forward+up+down;any:back|forward|up|down),False,False,True,True,decoded_root_motion,0,0,,,,,unknown_from_static_bytecode,unknown,007,Siegfried,local,resolved_local,measured_but_not_basic,132,source is not proven neutral or stance-root basic movement
007,Siegfried,eight_way_or_ambiguous,537,482,00C5,(back+forward),False,False,True,True,decoded_root_motion,0,0,,,,,unknown_from_static_bytecode,unknown,007,Siegfried,local,resolved_local,measured_but_not_basic,132,source is not proven neutral or stance-root basic movement
007,Siegfried,eight_way_or_ambiguous,400,401,027E,(back+forward),False,False,True,True,decoded_root_motion,3,3,47,,,,unknown_from_static_bytecode,unknown,007,Siegfried,local,resolved_local,unresolved,132,offensive cells exist and no static return/recovery frame is known
007,Siegfried,eight_way_or_ambiguous,402,403,027E,(back+forward),False,False,True,True,decoded_root_motion,3,3,47,,,,unknown_from_static_bytecode,unknown,007,Siegfried,local,resolved_local,unresolved,132,offensive cells exist and no static return/recovery frame is known
007,Siegfried,eight_way_or_ambiguous,2940,499,0215,(back+forward),False,False,True,True,decoded_root_motion,1,1,21,,,,unknown_from_static_bytecode,unknown,007,Siegfried,local,resolved_local,unresolved,132,offensive cells exist and no static return/recovery frame is known
007,Siegfried,forward_step_candidate,290,292,018D,(any:forward),True,True,True,True,decoded_root_motion,0,0,,,,,unknown_from_static_bytecode,unknown,007,Siegfried,local,resolved_local,trusted_basic,205,direct movement predicate; same-bank route; root motion decoded; source is neutral-like; no active offensive cells on destination slot
007,Siegfried,forward_step_candidate,293,295,012D,(any:forward),True,True,True,True,decoded_root_motion,0,0,,,,,unknown_from_static_bytecode,unknown,007,Siegfried,local,resolved_local,trusted_basic,205,direct movement predicate; same-bank route; root motion decoded; source is neutral-like; no active offensive cells on destination slot
007,Siegfried,forward_step_candidate,296,297,0172,(any:forward),True,True,True,True,decoded_root_motion,0,0,,,,,unknown_from_static_bytecode,unknown,007,Siegfried,local,resolved_local,trusted_basic,205,direct movement predicate; same-bank route; root motion decoded; source is neutral-like; no active offensive cells on destination slot
007,Siegfried,forward_step_candidate,298,299,016D,(any:forward),True,True,True,True,decoded_root_motion,0,0,,,,,unknown_from_static_bytecode,unknown,007,Siegfried,local,resolved_local,trusted_basic,205,direct movement predicate; same-bank route; root motion decoded; source is neutral-like; no active offensive cells on destination slot
007,Siegfried,forward_step_candidate,343,344,0172,(any:forward),True,True,True,True,decoded_root_motion,0,0,,,,,unknown_from_static_bytecode,unknown,007,Siegfried,local,resolved_local,trusted_basic,205,direct movement predicate; same-bank route; root motion decoded; source is neutral-like; no active offensive cells on destination slot
007,Siegfried,forward_step_candidate,355,356,012B,(any:forward),True,True,True,True,decoded_root_motion,0,0,,,,,unknown_from_static_bytecode,unknown,007,Siegfried,local,resolved_local,trusted_basic,205,direct movement predicate; same-bank route; root motion decoded; source is neutral-like; no active offensive cells on destination slot
007,Siegfried,forward_step_candidate,362,365,012B,(any:forward),True,True,True,True,decoded_root_motion,0,0,,,,,unknown_from_static_bytecode,unknown,007,Siegfried,local,resolved_local,trusted_basic,205,direct movement predicate; same-bank route; root motion decoded; source is neutral-like; no active offensive cells on destination slot
007,Siegfried,forward_step_candidate,377,378,0243,(any:forward),True,True,True,True,decoded_root_motion,0,0,,,,,unknown_from_static_bytecode,unknown,007,Siegfried,local,resolved_local,trusted_basic,205,direct movement predicate; same-bank route; root motion decoded; source is neutral-like; no active offensive cells on destination slot
007,Siegfried,forward_step_candidate,379,380,0172,(any:forward),True,True,True,True,decoded_root_motion,0,0,,,,,unknown_from_static_bytecode,unknown,007,Siegfried,local,resolved_local,trusted_basic,205,direct movement predicate; same-bank route; root motion decoded; source is neutral-like; no active offensive cells on destination slot
007,Siegfried,forward_step_candidate,385,387,0177,(any:forward),True,True,True,True,decoded_root_motion,0,0,,,,,unknown_from_static_bytecode,unknown,007,Siegfried,local,resolved_local,trusted_basic,205,direct movement predicate; same-bank route; root motion decoded; source is neutral-like; no active offensive cells on destination slot
007,Siegfried,forward_step_candidate,257,264,02B1,(any:forward),True,True,True,True,decoded_root_motion,1,1,15,,,,unknown_from_static_bytecode,unknown,007,Siegfried,local,resolved_local,unresolved,155,offensive cells exist and no static return/recovery frame is known
007,Siegfried,forward_step_candidate,257,265,02B1,(any:forward),True,True,True,True,decoded_root_motion,1,1,15,,,,unknown_from_static_bytecode,unknown,007,Siegfried,local,resolved_local,unresolved,155,offensive cells exist and no static return/recovery frame is known
007,Siegfried,forward_step_candidate,259,261,0164,(any:forward),True,True,True,True,decoded_root_motion,2,2,36,,,,unknown_from_static_bytecode,unknown,007,Siegfried,local,resolved_local,unresolved,155,offensive cells exist and no static return/recovery frame is known
007,Siegfried,forward_step_candidate,272,274,01AC,(any:forward),True,True,True,True,decoded_root_motion,1,1,17,,,,unknown_from_static_bytecode,unknown,007,Siegfried,local,resolved_local,unresolved,155,offensive cells exist and no static return/recovery frame is known
007,Siegfried,forward_step_candidate,290,291,0240,(any:forward),True,True,True,True,decoded_root_motion,2,2,17,,,,unknown_from_static_bytecode,unknown,007,Siegfried,local,resolved_local,unresolved,155,offensive cells exist and no static return/recovery frame is known
007,Siegfried,forward_step_candidate,315,319,0122,(any:forward),True,True,True,True,decoded_root_motion,1,1,31,,,,unknown_from_static_bytecode,unknown,007,Siegfried,local,resolved_local,unresolved,155,offensive cells exist and no static return/recovery frame is known
007,Siegfried,forward_step_candidate,337,338,015E,(any:forward),True,True,True,True,decoded_root_motion,1,1,36,,,,unknown_from_static_bytecode,unknown,007,Siegfried,local,resolved_local,unresolved,155,offensive cells exist and no static return/recovery frame is known
007,Siegfried,forward_step_candidate,379,381,00C3,(any:forward),True,True,True,True,decoded_root_motion,1,1,21,,,,unknown_from_static_bytecode,unknown,007,Siegfried,local,resolved_local,unresolved,155,offensive cells exist and no static return/recovery frame is known
007,Siegfried,forward_step_candidate,385,388,00EF,(any:forward),True,True,True,True,decoded_root_motion,1,1,27,,,,unknown_from_static_bytecode,unknown,007,Siegfried,local,resolved_local,unresolved,155,offensive cells exist and no static return/recovery frame is known
007,Siegfried,forward_step_candidate,2941,516,023B,(any:forward),True,False,True,True,decoded_root_motion,2,2,25,,,,unknown_from_static_bytecode,unknown,007,Siegfried,local,resolved_local,unresolved,155,offensive cells exist and no static return/recovery frame is known
007,Siegfried,forward_step_candidate,2942,461,01C1,(any:forward),True,False,True,True,decoded_root_motion,1,1,17,,,,unknown_from_static_bytecode,unknown,007,Siegfried,local,resolved_local,unresolved,155,offensive cells exist and no static return/recovery frame is known
007,Siegfried,forward_step_candidate,2943,443,019B,(any:forward),True,False,True,True,decoded_root_motion,2,2,33,,,,unknown_from_static_bytecode,unknown,007,Siegfried,local,resolved_local,unresolved,155,offensive cells exist and no static return/recovery frame is known
007,Siegfried,forward_step_candidate,2033,1667,1490,(any:forward),True,True,True,False,unknown_without_root_motion_decode,0,0,,,,,unknown_from_static_bytecode,unknown,007,Siegfried,move_bucket_2,resolved_move_bucket,unresolved,113,root motion did not decode with high confidence
007,Siegfried,forward_step_candidate,168,405,00A5,(any:forward),False,False,True,True,decoded_root_motion,1,0,,,,,unknown_from_static_bytecode,unknown,007,Siegfried,local,resolved_local,measured_but_not_basic,155,source is not proven neutral or stance-root basic movement
007,Siegfried,forward_step_candidate,261,262,016D,(any:forward),False,False,True,True,decoded_root_motion,0,0,,,,,unknown_from_static_bytecode,unknown,007,Siegfried,local,resolved_local,measured_but_not_basic,155,source is not proven neutral or stance-root basic movement
007,Siegfried,forward_step_candidate,264,266,02B2,(any:forward),False,False,True,True,decoded_root_motion,0,0,,,,,unknown_from_static_bytecode,unknown,007,Siegfried,local,resolved_local,measured_but_not_basic,155,source is not proven neutral or stance-root basic movement
007,Siegfried,forward_step_candidate,265,266,02B2,(any:forward),False,False,True,True,decoded_root_motion,0,0,,,,,unknown_from_static_bytecode,unknown,007,Siegfried,local,resolved_local,measured_but_not_basic,155,source is not proven neutral or stance-root basic movement
007,Siegfried,forward_step_candidate,294,295,012D,(any:forward),False,False,True,True,decoded_root_motion,0,0,,,,,unknown_from_static_bytecode,unknown,007,Siegfried,local,resolved_local,measured_but_not_basic,155,source is not proven neutral or stance-root basic movement
007,Siegfried,forward_step_candidate,363,365,012B,(any:forward),False,False,True,True,decoded_root_motion,0,0,,,,,unknown_from_static_bytecode,unknown,007,Siegfried,local,resolved_local,measured_but_not_basic,155,source is not proven neutral or stance-root basic movement
007,Siegfried,forward_step_candidate,364,365,012B,(any:forward),False,False,True,True,decoded_root_motion,0,0,,,,,unknown_from_static_bytecode,unknown,007,Siegfried,local,resolved_local,measured_but_not_basic,155,source is not proven neutral or stance-root basic movement
007,Siegfried,forward_step_candidate,382,383,012E,(any:forward),False,False,True,True,decoded_root_motion,0,0,,,,,unknown_from_static_bytecode,unknown,007,Siegfried,local,resolved_local,measured_but_not_basic,155,source is not proven neutral or stance-root basic movement
007,Siegfried,forward_step_candidate,388,389,012E,(any:forward),False,False,True,True,decoded_root_motion,0,0,,,,,unknown_from_static_bytecode,unknown,007,Siegfried,local,resolved_local,measured_but_not_basic,155,source is not proven neutral or stance-root basic movement
007,Siegfried,forward_step_candidate,494,495,021F,(any:forward),False,False,True,True,decoded_root_motion,0,0,,,,,unknown_from_static_bytecode,unknown,007,Siegfried,local,resolved_local,measured_but_not_basic,155,source is not proven neutral or stance-root basic movement
007,Siegfried,forward_step_candidate,518,519,012E,(any:forward),False,False,True,True,decoded_root_motion,0,0,,,,,unknown_from_static_bytecode,unknown,007,Siegfried,local,resolved_local,measured_but_not_basic,155,source is not proven neutral or stance-root basic movement
007,Siegfried,forward_step_candidate,283,284,00EC,(any:forward),False,False,True,True,decoded_root_motion,1,1,28,,,,unknown_from_static_bytecode,unknown,007,Siegfried,local,resolved_local,unresolved,155,offensive cells exist and no static return/recovery frame is known
007,Siegfried,forward_step_candidate,288,289,00EC,(any:forward),False,False,True,True,decoded_root_motion,1,1,23,,,,unknown_from_static_bytecode,unknown,007,Siegfried,local,resolved_local,unresolved,155,offensive cells exist and no static return/recovery frame is known
007,Siegfried,forward_step_candidate,338,339,015E,(any:forward),False,False,True,True,decoded_root_motion,1,1,54,,,,unknown_from_static_bytecode,unknown,007,Siegfried,local,resolved_local,unresolved,155,offensive cells exist and no static return/recovery frame is known
007,Siegfried,forward_step_candidate,490,491,00C9,(any:forward),False,False,True,True,decoded_root_motion,2,2,16,,,,unknown_from_static_bytecode,unknown,007,Siegfried,local,resolved_local,unresolved,155,offensive cells exist and no static return/recovery frame is known
007,Siegfried,forward_step_candidate,516,517,01C7,(any:forward),False,False,True,True,decoded_root_motion,1,1,37,,,,unknown_from_static_bytecode,unknown,007,Siegfried,local,resolved_local,unresolved,155,offensive cells exist and no static return/recovery frame is known
007,Siegfried,forward_step_candidate,517,518,00EF,(any:forward),False,False,True,True,decoded_root_motion,1,1,19,,,,unknown_from_static_bytecode,unknown,007,Siegfried,local,resolved_local,unresolved,155,offensive cells exist and no static return/recovery frame is known
007,Siegfried,forward_step_candidate,2034,2336,1255,(any:forward),False,False,True,False,unknown_without_root_motion_decode,0,0,,,,,unknown_from_static_bytecode,unknown,007,Siegfried,move_bucket_2,resolved_move_bucket,unresolved,113,root motion did not decode with high confidence
007,Siegfried,forward_step_candidate,2167,2342,15DF,(any:forward),False,False,True,False,unknown_without_root_motion_decode,0,0,,,,,unknown_from_static_bytecode,unknown,007,Siegfried,move_bucket_2,resolved_move_bucket,unresolved,113,root motion did not decode with high confidence
007,Siegfried,forward_step_candidate,2169,2342,15DF,(any:forward),False,False,True,False,unknown_without_root_motion_decode,0,0,,,,,unknown_from_static_bytecode,unknown,007,Siegfried,move_bucket_2,resolved_move_bucket,unresolved,113,root motion did not decode with high confidence
007,Siegfried,forward_step_candidate,2224,2345,1167,(any:forward),False,False,True,False,unknown_without_root_motion_decode,0,0,,,,,unknown_from_static_bytecode,unknown,007,Siegfried,move_bucket_2,resolved_move_bucket,unresolved,113,root motion did not decode with high confidence
007,Siegfried,forward_step_candidate,2264,2347,1250,(any:forward),False,False,True,False,unknown_without_root_motion_decode,0,0,,,,,unknown_from_static_bytecode,unknown,007,Siegfried,move_bucket_2,resolved_move_bucket,unresolved,113,root motion did not decode with high confidence
007,Siegfried,sidestep_down_candidate,385,386,0213,(any:down),True,True,True,True,decoded_root_motion,0,0,,,,,unknown_from_static_bytecode,unknown,007,Siegfried,local,resolved_local,trusted_basic,205,direct movement predicate; same-bank route; root motion decoded; source is neutral-like; no active offensive cells on destination slot
007,Siegfried,sidestep_down_candidate,2941,527,007F,(any:down),True,False,True,True,decoded_root_motion,0,0,,,,,unknown_from_static_bytecode,unknown,007,Siegfried,local,resolved_local,trusted_basic,205,direct movement predicate; same-bank route; root motion decoded; source is neutral-like; no active offensive cells on destination slot
007,Siegfried,sidestep_down_candidate,2942,472,0082,(any:down),True,False,True,True,decoded_root_motion,0,0,,,,,unknown_from_static_bytecode,unknown,007,Siegfried,local,resolved_local,trusted_basic,205,direct movement predicate; same-bank route; root motion decoded; source is neutral-like; no active offensive cells on destination slot
007,Siegfried,sidestep_down_candidate,2943,454,01D9,(any:down),True,False,True,True,decoded_root_motion,0,0,,,,,unknown_from_static_bytecode,unknown,007,Siegfried,local,resolved_local,trusted_basic,205,direct movement predicate; same-bank route; root motion decoded; source is neutral-like; no active offensive cells on destination slot
007,Siegfried,sidestep_down_candidate,538,6,0097,(any:down),False,False,True,True,decoded_root_motion,0,0,,,,,unknown_from_static_bytecode,unknown,007,Siegfried,local,resolved_local,measured_but_not_basic,155,source is not proven neutral or stance-root basic movement
007,Siegfried,sidestep_down_candidate,1499,1479,014D,(any:down),False,False,True,True,decoded_root_motion,0,0,,,,,unknown_from_static_bytecode,unknown,007,Siegfried,move_bucket_2,resolved_move_bucket,measured_but_not_basic,155,source is not proven neutral or stance-root basic movement
007,Siegfried,sidestep_down_candidate,2615,538,02C1,(any:down),False,False,True,True,decoded_root_motion,0,0,,,,,unknown_from_static_bytecode,unknown,007,Siegfried,local,resolved_local,measured_but_not_basic,155,source is not proven neutral or stance-root basic movement
007,Siegfried,sidestep_down_candidate,2615,538,02C1,(any:down),False,False,True,True,decoded_root_motion,0,0,,,,,unknown_from_static_bytecode,unknown,007,Siegfried,local,resolved_local,measured_but_not_basic,155,source is not proven neutral or stance-root basic movement
007,Siegfried,sidestep_down_candidate,2940,505,00C6,(any:down),False,False,True,True,decoded_root_motion,0,0,,,,,unknown_from_static_bytecode,unknown,007,Siegfried,local,resolved_local,measured_but_not_basic,155,source is not proven neutral or stance-root basic movement
007,Siegfried,sidestep_up_candidate,2941,520,0131,(any:up),True,False,True,True,decoded_root_motion,1,1,9,,,,unknown_from_static_bytecode,unknown,007,Siegfried,local,resolved_local,unresolved,155,offensive cells exist and no static return/recovery frame is known
007,Siegfried,sidestep_up_candidate,2942,463,01B1,(any:up),True,False,True,True,decoded_root_motion,1,1,19,,,,unknown_from_static_bytecode,unknown,007,Siegfried,local,resolved_local,unresolved,155,offensive cells exist and no static return/recovery frame is known
007,Siegfried,sidestep_up_candidate,2943,444,01AE,(any:up),True,False,True,True,decoded_root_motion,1,1,15,,,,unknown_from_static_bytecode,unknown,007,Siegfried,local,resolved_local,unresolved,155,offensive cells exist and no static return/recovery frame is known
007,Siegfried,sidestep_up_candidate,312,313,0279,(any:up),False,False,True,True,decoded_root_motion,0,0,,,,,unknown_from_static_bytecode,unknown,007,Siegfried,local,resolved_local,measured_but_not_basic,155,source is not proven neutral or stance-root basic movement
007,Siegfried,sidestep_up_candidate,394,395,0249,(any:up),False,False,True,True,decoded_root_motion,0,0,,,,,unknown_from_static_bytecode,unknown,007,Siegfried,local,resolved_local,measured_but_not_basic,155,source is not proven neutral or stance-root basic movement
007,Siegfried,sidestep_up_candidate,462,464,01B3,(any:up),False,False,True,True,decoded_root_motion,0,0,,,,,unknown_from_static_bytecode,unknown,007,Siegfried,local,resolved_local,measured_but_not_basic,155,source is not proven neutral or stance-root basic movement
007,Siegfried,sidestep_up_candidate,463,464,01B3,(any:up),False,False,True,True,decoded_root_motion,0,0,,,,,unknown_from_static_bytecode,unknown,007,Siegfried,local,resolved_local,measured_but_not_basic,155,source is not proven neutral or stance-root basic movement
007,Siegfried,sidestep_up_candidate,496,497,0279,(any:up),False,False,True,True,decoded_root_motion,0,0,,,,,unknown_from_static_bytecode,unknown,007,Siegfried,local,resolved_local,measured_but_not_basic,155,source is not proven neutral or stance-root basic movement
007,Siegfried,sidestep_up_candidate,308,309,0117,(any:up),False,False,True,True,decoded_root_motion,1,1,31,,,,unknown_from_static_bytecode,unknown,007,Siegfried,local,resolved_local,unresolved,155,offensive cells exist and no static return/recovery frame is known
007,Siegfried,sidestep_up_candidate,309,310,0118,(any:up),False,False,True,True,decoded_root_motion,1,1,26,,,,unknown_from_static_bytecode,unknown,007,Siegfried,local,resolved_local,unresolved,155,offensive cells exist and no static return/recovery frame is known
007,Siegfried,sidestep_up_candidate,321,322,00F1,(any:up),False,False,True,True,decoded_root_motion,1,1,3,,,,unknown_from_static_bytecode,unknown,007,Siegfried,local,resolved_local,unresolved,155,offensive cells exist and no static return/recovery frame is known
007,Siegfried,sidestep_up_candidate,322,323,00F1,(any:up),False,False,True,True,decoded_root_motion,1,1,3,,,,unknown_from_static_bytecode,unknown,007,Siegfried,local,resolved_local,unresolved,155,offensive cells exist and no static return/recovery frame is known
007,Siegfried,sidestep_up_candidate,323,324,00F1,(any:up),False,False,True,True,decoded_root_motion,1,1,3,,,,unknown_from_static_bytecode,unknown,007,Siegfried,local,resolved_local,unresolved,155,offensive cells exist and no static return/recovery frame is known
007,Siegfried,sidestep_up_candidate,324,325,00F1,(any:up),False,False,True,True,decoded_root_motion,1,1,3,,,,unknown_from_static_bytecode,unknown,007,Siegfried,local,resolved_local,unresolved,155,offensive cells exist and no static return/recovery frame is known
007,Siegfried,sidestep_up_candidate,366,369,0118,(any:up),False,False,True,True,decoded_root_motion,1,1,26,,,,unknown_from_static_bytecode,unknown,007,Siegfried,local,resolved_local,unresolved,155,offensive cells exist and no static return/recovery frame is known
007,Siegfried,sidestep_up_candidate,367,369,0118,(any:up),False,False,True,True,decoded_root_motion,1,1,26,,,,unknown_from_static_bytecode,unknown,007,Siegfried,local,resolved_local,unresolved,155,offensive cells exist and no static return/recovery frame is known
007,Siegfried,sidestep_up_candidate,368,369,0118,(any:up),False,False,True,True,decoded_root_motion,1,1,26,,,,unknown_from_static_bytecode,unknown,007,Siegfried,local,resolved_local,unresolved,155,offensive cells exist and no static return/recovery frame is known
007,Siegfried,sidestep_up_candidate,390,391,0221,(any:up),False,False,True,True,decoded_root_motion,1,1,20,,,,unknown_from_static_bytecode,unknown,007,Siegfried,local,resolved_local,unresolved,155,offensive cells exist and no static return/recovery frame is known
007,Siegfried,sidestep_up_candidate,2940,493,0130,(any:up),False,False,True,True,decoded_root_motion,2,2,9,,,,unknown_from_static_bytecode,unknown,007,Siegfried,local,resolved_local,unresolved,155,offensive cells exist and no static return/recovery frame is known
009,Hwang,back_diagonal,459,518,02A0,(back+up),False,False,True,True,decoded_root_motion,0,0,,,,,unknown_from_static_bytecode,unknown,009,Hwang,local,resolved_local,measured_but_not_basic,148,source is not proven neutral or stance-root basic movement
009,Hwang,backstep_candidate,265,469,02E1,(any:back),True,True,True,True,decoded_root_motion,0,0,,,,,unknown_from_static_bytecode,unknown,009,Hwang,local,resolved_local,trusted_basic,205,direct movement predicate; same-bank route; root motion decoded; source is neutral-like; no active offensive cells on destination slot
009,Hwang,backstep_candidate,264,272,02C6,(any:back),True,True,True,True,decoded_root_motion,2,2,19,,,,unknown_from_static_bytecode,unknown,009,Hwang,local,resolved_local,unresolved,155,offensive cells exist and no static return/recovery frame is known
009,Hwang,backstep_candidate,416,417,02D3,(any:back),True,True,True,True,decoded_root_motion,1,1,17,,,,unknown_from_static_bytecode,unknown,009,Hwang,local,resolved_local,unresolved,155,offensive cells exist and no static return/recovery frame is known
009,Hwang,backstep_candidate,492,496,02E6,(any:back),True,True,True,True,decoded_root_motion,1,1,19,,,,unknown_from_static_bytecode,unknown,009,Hwang,local,resolved_local,unresolved,155,offensive cells exist and no static return/recovery frame is known
009,Hwang,backstep_candidate,503,507,02EE,(any:back),True,True,True,True,decoded_root_motion,1,1,15,,,,unknown_from_static_bytecode,unknown,009,Hwang,local,resolved_local,unresolved,155,offensive cells exist and no static return/recovery frame is known
009,Hwang,backstep_candidate,2260,1860,1491,(any:back),True,True,True,False,unknown_without_root_motion_decode,0,0,,,,,unknown_from_static_bytecode,unknown,009,Hwang,move_bucket_2,resolved_move_bucket,unresolved,113,root motion did not decode with high confidence
009,Hwang,backstep_candidate,411,471,073F,(any:back),False,False,True,True,decoded_root_motion,0,0,,,,,unknown_from_static_bytecode,unknown,009,Hwang,local,resolved_local,measured_but_not_basic,155,source is not proven neutral or stance-root basic movement
009,Hwang,backstep_candidate,285,286,01F6,(any:back),False,False,True,True,decoded_root_motion,2,2,17,,,,unknown_from_static_bytecode,unknown,009,Hwang,local,resolved_local,unresolved,155,offensive cells exist and no static return/recovery frame is known
009,Hwang,backstep_candidate,314,315,02CD,(any:back),False,False,True,True,decoded_root_motion,2,2,29,,,,unknown_from_static_bytecode,unknown,009,Hwang,local,resolved_local,unresolved,155,offensive cells exist and no static return/recovery frame is known
009,Hwang,backstep_candidate,429,430,02D3,(any:back),False,False,True,True,decoded_root_motion,1,1,17,,,,unknown_from_static_bytecode,unknown,009,Hwang,local,resolved_local,unresolved,155,offensive cells exist and no static return/recovery frame is known
009,Hwang,backstep_candidate,491,496,02E6,(any:back),False,False,True,True,decoded_root_motion,1,1,19,,,,unknown_from_static_bytecode,unknown,009,Hwang,local,resolved_local,unresolved,155,offensive cells exist and no static return/recovery frame is known
009,Hwang,backstep_candidate,493,496,02E6,(any:back),False,False,True,True,decoded_root_motion,1,1,19,,,,unknown_from_static_bytecode,unknown,009,Hwang,local,resolved_local,unresolved,155,offensive cells exist and no static return/recovery frame is known
009,Hwang,backstep_candidate,494,496,02E6,(any:back),False,False,True,True,decoded_root_motion,1,1,19,,,,unknown_from_static_bytecode,unknown,009,Hwang,local,resolved_local,unresolved,155,offensive cells exist and no static return/recovery frame is known
009,Hwang,backstep_candidate,495,496,02E6,(any:back),False,False,True,True,decoded_root_motion,1,1,19,,,,unknown_from_static_bytecode,unknown,009,Hwang,local,resolved_local,unresolved,155,offensive cells exist and no static return/recovery frame is known
009,Hwang,backstep_candidate,502,507,02EE,(any:back),False,False,True,True,decoded_root_motion,1,1,15,,,,unknown_from_static_bytecode,unknown,009,Hwang,local,resolved_local,unresolved,155,offensive cells exist and no static return/recovery frame is known
009,Hwang,backstep_candidate,504,507,02EE,(any:back),False,False,True,True,decoded_root_motion,1,1,15,,,,unknown_from_static_bytecode,unknown,009,Hwang,local,resolved_local,unresolved,155,offensive cells exist and no static return/recovery frame is known
009,Hwang,backstep_candidate,505,507,02EE,(any:back),False,False,True,True,decoded_root_motion,1,1,15,,,,unknown_from_static_bytecode,unknown,009,Hwang,local,resolved_local,unresolved,155,offensive cells exist and no static return/recovery frame is known
009,Hwang,backstep_candidate,506,507,02EE,(any:back),False,False,True,True,decoded_root_motion,1,1,15,,,,unknown_from_static_bytecode,unknown,009,Hwang,local,resolved_local,unresolved,155,offensive cells exist and no static return/recovery frame is known
009,Hwang,backstep_candidate,3132,476,02E2,(any:back),False,False,True,True,decoded_root_motion,1,1,13,,,,unknown_from_static_bytecode,unknown,009,Hwang,local,resolved_local,unresolved,155,offensive cells exist and no static return/recovery frame is known
009,Hwang,backstep_candidate,3133,487,02EA,(any:back),False,False,True,True,decoded_root_motion,1,1,15,,,,unknown_from_static_bytecode,unknown,009,Hwang,local,resolved_local,unresolved,155,offensive cells exist and no static return/recovery frame is known
009,Hwang,backstep_candidate,2261,2458,1254,(any:back),False,False,True,False,unknown_without_root_motion_decode,0,0,,,,,unknown_from_static_bytecode,unknown,009,Hwang,move_bucket_2,resolved_move_bucket,unresolved,113,root motion did not decode with high confidence
009,Hwang,eight_way_or_ambiguous,350,470,02E1,(back+forward),True,True,True,True,decoded_root_motion,0,0,,,,,unknown_from_static_bytecode,unknown,009,Hwang,local,resolved_local,trusted_basic,182,direct movement predicate; same-bank route; root motion decoded; source is neutral-like; no active offensive cells on destination slot
009,Hwang,eight_way_or_ambiguous,356,360,0043,(back+forward),True,True,True,True,decoded_root_motion,1,1,25,,,,unknown_from_static_bytecode,unknown,009,Hwang,local,resolved_local,unresolved,132,offensive cells exist and no static return/recovery frame is known
009,Hwang,eight_way_or_ambiguous,161,164,06B2,(any:back|forward|down),False,False,True,True,decoded_root_motion,0,0,,,,,unknown_from_static_bytecode,unknown,009,Hwang,local,resolved_local,measured_but_not_basic,132,source is not proven neutral or stance-root basic movement
009,Hwang,eight_way_or_ambiguous,166,169,06B2,(any:back|forward|down),False,False,True,True,decoded_root_motion,0,0,,,,,unknown_from_static_bytecode,unknown,009,Hwang,local,resolved_local,measured_but_not_basic,132,source is not proven neutral or stance-root basic movement
009,Hwang,eight_way_or_ambiguous,3145,528,0740,(back+forward+up),False,False,True,True,decoded_root_motion,2,2,29,,,,unknown_from_static_bytecode,unknown,009,Hwang,local,resolved_local,unresolved,132,offensive cells exist and no static return/recovery frame is known
009,Hwang,eight_way_or_ambiguous,3145,529,0192,(back+forward+up),False,False,True,True,decoded_root_motion,1,1,17,,,,unknown_from_static_bytecode,unknown,009,Hwang,local,resolved_local,unresolved,132,offensive cells exist and no static return/recovery frame is known
009,Hwang,forward_diagonal,447,448,02DE,(forward+up),True,True,True,True,decoded_root_motion,1,1,39,,,,unknown_from_static_bytecode,unknown,009,Hwang,local,resolved_local,unresolved,148,offensive cells exist and no static return/recovery frame is known
009,Hwang,forward_diagonal,299,300,074D,(forward+up),False,False,True,True,decoded_root_motion,1,1,25,,,,unknown_from_static_bytecode,unknown,009,Hwang,local,resolved_local,unresolved,148,offensive cells exist and no static return/recovery frame is known
009,Hwang,forward_step_candidate,372,373,01A3,(any:forward),True,True,True,True,decoded_root_motion,0,0,,,,,unknown_from_static_bytecode,unknown,009,Hwang,local,resolved_local,trusted_basic,205,direct movement predicate; same-bank route; root motion decoded; source is neutral-like; no active offensive cells on destination slot
009,Hwang,forward_step_candidate,378,474,02E1,(any:forward),True,True,True,True,decoded_root_motion,0,0,,,,,unknown_from_static_bytecode,unknown,009,Hwang,local,resolved_local,trusted_basic,205,direct movement predicate; same-bank route; root motion decoded; source is neutral-like; no active offensive cells on destination slot
009,Hwang,forward_step_candidate,414,472,02E1,(any:forward),True,True,True,True,decoded_root_motion,0,0,,,,,unknown_from_static_bytecode,unknown,009,Hwang,local,resolved_local,trusted_basic,205,direct movement predicate; same-bank route; root motion decoded; source is neutral-like; no active offensive cells on destination slot
009,Hwang,forward_step_candidate,492,498,02E7,(any:forward),True,True,True,True,decoded_root_motion,2,2,23,,,,unknown_from_static_bytecode,unknown,009,Hwang,local,resolved_local,unresolved,155,offensive cells exist and no static return/recovery frame is known
009,Hwang,forward_step_candidate,503,509,02EF,(any:forward),True,True,True,True,decoded_root_motion,1,1,21,,,,unknown_from_static_bytecode,unknown,009,Hwang,local,resolved_local,unresolved,155,offensive cells exist and no static return/recovery frame is known
009,Hwang,forward_step_candidate,2260,1860,1491,(any:forward),True,True,True,False,unknown_without_root_motion_decode,0,0,,,,,unknown_from_static_bytecode,unknown,009,Hwang,move_bucket_2,resolved_move_bucket,unresolved,113,root motion did not decode with high confidence
009,Hwang,forward_step_candidate,173,452,0202,(any:forward),False,False,True,True,decoded_root_motion,1,0,,,,,unknown_from_static_bytecode,unknown,009,Hwang,local,resolved_local,measured_but_not_basic,155,source is not proven neutral or stance-root basic movement
009,Hwang,forward_step_candidate,286,287,01E9,(any:forward),False,False,True,True,decoded_root_motion,1,1,27,,,,unknown_from_static_bytecode,unknown,009,Hwang,local,resolved_local,unresolved,155,offensive cells exist and no static return/recovery frame is known
009,Hwang,forward_step_candidate,292,293,0155,(any:forward),False,False,True,True,decoded_root_motion,1,1,19,,,,unknown_from_static_bytecode,unknown,009,Hwang,local,resolved_local,unresolved,155,offensive cells exist and no static return/recovery frame is known
009,Hwang,forward_step_candidate,295,296,02C6,(any:forward),False,False,True,True,decoded_root_motion,2,2,27,,,,unknown_from_static_bytecode,unknown,009,Hwang,local,resolved_local,unresolved,155,offensive cells exist and no static return/recovery frame is known
009,Hwang,forward_step_candidate,491,498,02E7,(any:forward),False,False,True,True,decoded_root_motion,2,2,23,,,,unknown_from_static_bytecode,unknown,009,Hwang,local,resolved_local,unresolved,155,offensive cells exist and no static return/recovery frame is known
009,Hwang,forward_step_candidate,493,498,02E7,(any:forward),False,False,True,True,decoded_root_motion,2,2,23,,,,unknown_from_static_bytecode,unknown,009,Hwang,local,resolved_local,unresolved,155,offensive cells exist and no static return/recovery frame is known
009,Hwang,forward_step_candidate,494,498,02E7,(any:forward),False,False,True,True,decoded_root_motion,2,2,23,,,,unknown_from_static_bytecode,unknown,009,Hwang,local,resolved_local,unresolved,155,offensive cells exist and no static return/recovery frame is known
009,Hwang,forward_step_candidate,495,498,02E7,(any:forward),False,False,True,True,decoded_root_motion,2,2,23,,,,unknown_from_static_bytecode,unknown,009,Hwang,local,resolved_local,unresolved,155,offensive cells exist and no static return/recovery frame is known
009,Hwang,forward_step_candidate,502,509,02EF,(any:forward),False,False,True,True,decoded_root_motion,1,1,21,,,,unknown_from_static_bytecode,unknown,009,Hwang,local,resolved_local,unresolved,155,offensive cells exist and no static return/recovery frame is known
009,Hwang,forward_step_candidate,504,509,02EF,(any:forward),False,False,True,True,decoded_root_motion,1,1,21,,,,unknown_from_static_bytecode,unknown,009,Hwang,local,resolved_local,unresolved,155,offensive cells exist and no static return/recovery frame is known
009,Hwang,forward_step_candidate,505,509,02EF,(any:forward),False,False,True,True,decoded_root_motion,1,1,21,,,,unknown_from_static_bytecode,unknown,009,Hwang,local,resolved_local,unresolved,155,offensive cells exist and no static return/recovery frame is known
009,Hwang,forward_step_candidate,506,509,02EF,(any:forward),False,False,True,True,decoded_root_motion,1,1,21,,,,unknown_from_static_bytecode,unknown,009,Hwang,local,resolved_local,unresolved,155,offensive cells exist and no static return/recovery frame is known
009,Hwang,forward_step_candidate,510,511,073D,(any:forward),False,False,True,True,decoded_root_motion,6,6,27,,,,unknown_from_static_bytecode,unknown,009,Hwang,local,resolved_local,unresolved,155,offensive cells exist and no static return/recovery frame is known
009,Hwang,forward_step_candidate,3132,477,02E3,(any:forward),False,False,True,True,decoded_root_motion,3,3,15,,,,unknown_from_static_bytecode,unknown,009,Hwang,local,resolved_local,unresolved,155,offensive cells exist and no static return/recovery frame is known
009,Hwang,forward_step_candidate,3133,488,02EB,(any:forward),False,False,True,True,decoded_root_motion,1,1,19,,,,unknown_from_static_bytecode,unknown,009,Hwang,local,resolved_local,unresolved,155,offensive cells exist and no static return/recovery frame is known
009,Hwang,forward_step_candidate,2261,2458,1254,(any:forward),False,False,True,False,unknown_without_root_motion_decode,0,0,,,,,unknown_from_static_bytecode,unknown,009,Hwang,move_bucket_2,resolved_move_bucket,unresolved,113,root motion did not decode with high confidence
009,Hwang,sidestep_down_candidate,517,519,02A0,(any:down),True,True,True,True,decoded_root_motion,0,0,,,,,unknown_from_static_bytecode,unknown,009,Hwang,local,resolved_local,trusted_basic,205,direct movement predicate; same-bank route; root motion decoded; source is neutral-like; no active offensive cells on destination slot
009,Hwang,sidestep_down_candidate,516,519,02A0,(any:down),False,False,True,True,decoded_root_motion,0,0,,,,,unknown_from_static_bytecode,unknown,009,Hwang,local,resolved_local,measured_but_not_basic,155,source is not proven neutral or stance-root basic movement
009,Hwang,sidestep_down_candidate,518,519,02A0,(any:down),False,False,True,True,decoded_root_motion,0,0,,,,,unknown_from_static_bytecode,unknown,009,Hwang,local,resolved_local,measured_but_not_basic,155,source is not proven neutral or stance-root basic movement
009,Hwang,sidestep_down_candidate,532,519,02A0,(any:down),False,False,True,True,decoded_root_motion,0,0,,,,,unknown_from_static_bytecode,unknown,009,Hwang,local,resolved_local,measured_but_not_basic,155,source is not proven neutral or stance-root basic movement
009,Hwang,sidestep_down_candidate,536,6,0307,(any:down),False,False,True,True,decoded_root_motion,0,0,,,,,unknown_from_static_bytecode,unknown,009,Hwang,local,resolved_local,measured_but_not_basic,155,source is not proven neutral or stance-root basic movement
009,Hwang,sidestep_down_candidate,1655,1635,06C7,(any:down),False,False,True,True,decoded_root_motion,0,0,,,,,unknown_from_static_bytecode,unknown,009,Hwang,move_bucket_2,resolved_move_bucket,measured_but_not_basic,155,source is not proven neutral or stance-root basic movement
009,Hwang,sidestep_down_candidate,2741,536,02B7,(any:down),False,False,True,True,decoded_root_motion,0,0,,,,,unknown_from_static_bytecode,unknown,009,Hwang,local,resolved_local,measured_but_not_basic,155,source is not proven neutral or stance-root basic movement
009,Hwang,sidestep_down_candidate,2741,536,02B7,(any:down),False,False,True,True,decoded_root_motion,0,0,,,,,unknown_from_static_bytecode,unknown,009,Hwang,local,resolved_local,measured_but_not_basic,155,source is not proven neutral or stance-root basic movement
009,Hwang,sidestep_down_candidate,3145,491,02E5,(any:down),False,False,True,True,decoded_root_motion,0,0,,,,,unknown_from_static_bytecode,unknown,009,Hwang,local,resolved_local,measured_but_not_basic,155,source is not proven neutral or stance-root basic movement
009,Hwang,sidestep_down_candidate,3145,502,02ED,(any:down),False,False,True,True,decoded_root_motion,0,0,,,,,unknown_from_static_bytecode,unknown,009,Hwang,local,resolved_local,measured_but_not_basic,155,source is not proven neutral or stance-root basic movement
009,Hwang,sidestep_up_candidate,426,473,02E1,(any:up),True,True,True,True,decoded_root_motion,0,0,,,,,unknown_from_static_bytecode,unknown,009,Hwang,local,resolved_local,trusted_basic,205,direct movement predicate; same-bank route; root motion decoded; source is neutral-like; no active offensive cells on destination slot
009,Hwang,sidestep_up_candidate,427,473,02E1,(any:up),True,True,True,True,decoded_root_motion,0,0,,,,,unknown_from_static_bytecode,unknown,009,Hwang,local,resolved_local,trusted_basic,205,direct movement predicate; same-bank route; root motion decoded; source is neutral-like; no active offensive cells on destination slot
009,Hwang,sidestep_up_candidate,278,280,02C0,(any:up),True,True,True,True,decoded_root_motion,1,1,21,,,,unknown_from_static_bytecode,unknown,009,Hwang,local,resolved_local,unresolved,155,offensive cells exist and no static return/recovery frame is known
009,Hwang,sidestep_up_candidate,337,338,0024,(any:up),True,True,True,True,decoded_root_motion,1,1,17,,,,unknown_from_static_bytecode,unknown,009,Hwang,local,resolved_local,unresolved,155,offensive cells exist and no static return/recovery frame is known
009,Hwang,sidestep_up_candidate,414,415,02D2,(any:up),True,True,True,True,decoded_root_motion,1,1,22,,,,unknown_from_static_bytecode,unknown,009,Hwang,local,resolved_local,unresolved,155,offensive cells exist and no static return/recovery frame is known
009,Hwang,sidestep_up_candidate,426,427,0022,(any:up),True,True,True,True,decoded_root_motion,1,1,21,,,,unknown_from_static_bytecode,unknown,009,Hwang,local,resolved_local,unresolved,155,offensive cells exist and no static return/recovery frame is known
009,Hwang,sidestep_up_candidate,435,436,0746,(any:up),True,True,True,True,decoded_root_motion,2,2,28,,,,unknown_from_static_bytecode,unknown,009,Hwang,local,resolved_local,unresolved,155,offensive cells exist and no static return/recovery frame is known
009,Hwang,sidestep_up_candidate,492,500,02E8,(any:up),True,True,True,True,decoded_root_motion,1,1,33,,,,unknown_from_static_bytecode,unknown,009,Hwang,local,resolved_local,unresolved,155,offensive cells exist and no static return/recovery frame is known
009,Hwang,sidestep_up_candidate,503,512,02F2,(any:up),True,True,True,True,decoded_root_motion,1,1,11,,,,unknown_from_static_bytecode,unknown,009,Hwang,local,resolved_local,unresolved,155,offensive cells exist and no static return/recovery frame is known
009,Hwang,sidestep_up_candidate,376,475,02E1,(any:up),False,False,True,True,decoded_root_motion,0,0,,,,,unknown_from_static_bytecode,unknown,009,Hwang,local,resolved_local,measured_but_not_basic,155,source is not proven neutral or stance-root basic movement
009,Hwang,sidestep_up_candidate,2798,452,0202,(any:up),False,False,True,True,decoded_root_motion,1,0,,,,,unknown_from_static_bytecode,unknown,009,Hwang,local,resolved_local,measured_but_not_basic,155,source is not proven neutral or stance-root basic movement
009,Hwang,sidestep_up_candidate,3145,161,06B1,(any:up),False,False,True,True,decoded_root_motion,0,0,,,,,unknown_from_static_bytecode,unknown,009,Hwang,local,resolved_local,measured_but_not_basic,155,source is not proven neutral or stance-root basic movement
009,Hwang,sidestep_up_candidate,3145,166,06B1,(any:up),False,False,True,True,decoded_root_motion,0,0,,,,,unknown_from_static_bytecode,unknown,009,Hwang,local,resolved_local,measured_but_not_basic,155,source is not proven neutral or stance-root basic movement
009,Hwang,sidestep_up_candidate,491,500,02E8,(any:up),False,False,True,True,decoded_root_motion,1,1,33,,,,unknown_from_static_bytecode,unknown,009,Hwang,local,resolved_local,unresolved,155,offensive cells exist and no static return/recovery frame is known
009,Hwang,sidestep_up_candidate,493,500,02E8,(any:up),False,False,True,True,decoded_root_motion,1,1,33,,,,unknown_from_static_bytecode,unknown,009,Hwang,local,resolved_local,unresolved,155,offensive cells exist and no static return/recovery frame is known
009,Hwang,sidestep_up_candidate,494,500,02E8,(any:up),False,False,True,True,decoded_root_motion,1,1,33,,,,unknown_from_static_bytecode,unknown,009,Hwang,local,resolved_local,unresolved,155,offensive cells exist and no static return/recovery frame is known
009,Hwang,sidestep_up_candidate,495,500,02E8,(any:up),False,False,True,True,decoded_root_motion,1,1,33,,,,unknown_from_static_bytecode,unknown,009,Hwang,local,resolved_local,unresolved,155,offensive cells exist and no static return/recovery frame is known
009,Hwang,sidestep_up_candidate,502,512,02F2,(any:up),False,False,True,True,decoded_root_motion,1,1,11,,,,unknown_from_static_bytecode,unknown,009,Hwang,local,resolved_local,unresolved,155,offensive cells exist and no static return/recovery frame is known
009,Hwang,sidestep_up_candidate,504,512,02F2,(any:up),False,False,True,True,decoded_root_motion,1,1,11,,,,unknown_from_static_bytecode,unknown,009,Hwang,local,resolved_local,unresolved,155,offensive cells exist and no static return/recovery frame is known
009,Hwang,sidestep_up_candidate,505,512,02F2,(any:up),False,False,True,True,decoded_root_motion,1,1,11,,,,unknown_from_static_bytecode,unknown,009,Hwang,local,resolved_local,unresolved,155,offensive cells exist and no static return/recovery frame is known
009,Hwang,sidestep_up_candidate,506,512,02F2,(any:up),False,False,True,True,decoded_root_motion,1,1,11,,,,unknown_from_static_bytecode,unknown,009,Hwang,local,resolved_local,unresolved,155,offensive cells exist and no static return/recovery frame is known
009,Hwang,sidestep_up_candidate,3132,478,02E4,(any:up),False,False,True,True,decoded_root_motion,2,2,21,,,,unknown_from_static_bytecode,unknown,009,Hwang,local,resolved_local,unresolved,155,offensive cells exist and no static return/recovery frame is known
009,Hwang,sidestep_up_candidate,3133,490,02EC,(any:up),False,False,True,True,decoded_root_motion,1,1,15,,,,unknown_from_static_bytecode,unknown,009,Hwang,local,resolved_local,unresolved,155,offensive cells exist and no static return/recovery frame is known
00b,Ivy,backstep_candidate,261,262,0272,(any:back),True,True,True,True,decoded_root_motion,1,1,49,,,,unknown_from_static_bytecode,unknown,00b,Ivy,local,resolved_local,unresolved,155,offensive cells exist and no static return/recovery frame is known
00b,Ivy,backstep_candidate,261,267,02B4,(any:back),True,True,True,True,decoded_root_motion,1,1,19,,,,unknown_from_static_bytecode,unknown,00b,Ivy,local,resolved_local,unresolved,155,offensive cells exist and no static return/recovery frame is known
00b,Ivy,backstep_candidate,270,271,017D,(any:back),True,True,True,True,decoded_root_motion,2,2,21,,,,unknown_from_static_bytecode,unknown,00b,Ivy,local,resolved_local,unresolved,155,offensive cells exist and no static return/recovery frame is known
00b,Ivy,backstep_candidate,273,274,013A,(any:back),True,True,True,True,decoded_root_motion,1,1,6,,,,unknown_from_static_bytecode,unknown,00b,Ivy,local,resolved_local,unresolved,155,offensive cells exist and no static return/recovery frame is known
00b,Ivy,backstep_candidate,282,287,004E,(any:back),True,True,True,True,decoded_root_motion,1,1,17,,,,unknown_from_static_bytecode,unknown,00b,Ivy,local,resolved_local,unresolved,155,offensive cells exist and no static return/recovery frame is known
00b,Ivy,backstep_candidate,291,292,018B,(any:back),True,True,True,True,decoded_root_motion,2,2,27,,,,unknown_from_static_bytecode,unknown,00b,Ivy,local,resolved_local,unresolved,155,offensive cells exist and no static return/recovery frame is known
00b,Ivy,backstep_candidate,387,388,01F8,(any:back),True,True,True,True,decoded_root_motion,1,1,21,,,,unknown_from_static_bytecode,unknown,00b,Ivy,local,resolved_local,unresolved,155,offensive cells exist and no static return/recovery frame is known
00b,Ivy,backstep_candidate,424,425,030B,(any:back),True,True,True,True,decoded_root_motion,2,2,4,,,,unknown_from_static_bytecode,unknown,00b,Ivy,local,resolved_local,unresolved,155,offensive cells exist and no static return/recovery frame is known
00b,Ivy,backstep_candidate,438,439,02C5,(any:back),True,True,True,True,decoded_root_motion,1,1,30,,,,unknown_from_static_bytecode,unknown,00b,Ivy,local,resolved_local,unresolved,155,offensive cells exist and no static return/recovery frame is known
00b,Ivy,backstep_candidate,2063,1697,1491,(any:back),True,True,True,False,unknown_without_root_motion_decode,0,0,,,,,unknown_from_static_bytecode,unknown,00b,Ivy,move_bucket_2,resolved_move_bucket,unresolved,113,root motion did not decode with high confidence
00b,Ivy,backstep_candidate,276,279,0166,(any:back),False,False,True,True,decoded_root_motion,0,0,,,,,unknown_from_static_bytecode,unknown,00b,Ivy,local,resolved_local,measured_but_not_basic,155,source is not proven neutral or stance-root basic movement
00b,Ivy,backstep_candidate,278,279,0166,(any:back),False,False,True,True,decoded_root_motion,0,0,,,,,unknown_from_static_bytecode,unknown,00b,Ivy,local,resolved_local,measured_but_not_basic,155,source is not proven neutral or stance-root basic movement
00b,Ivy,backstep_candidate,292,293,013C,(any:back),False,False,True,True,decoded_root_motion,0,0,,,,,unknown_from_static_bytecode,unknown,00b,Ivy,local,resolved_local,measured_but_not_basic,155,source is not proven neutral or stance-root basic movement
00b,Ivy,backstep_candidate,546,555,013C,(any:back),False,False,True,True,decoded_root_motion,0,0,,,,,unknown_from_static_bytecode,unknown,00b,Ivy,local,resolved_local,measured_but_not_basic,155,source is not proven neutral or stance-root basic movement
00b,Ivy,backstep_candidate,287,288,01F6,(any:back),False,False,True,True,decoded_root_motion,1,1,11,,,,unknown_from_static_bytecode,unknown,00b,Ivy,local,resolved_local,unresolved,155,offensive cells exist and no static return/recovery frame is known
00b,Ivy,backstep_candidate,335,337,0112,(any:back),False,False,True,True,decoded_root_motion,1,1,13,,,,unknown_from_static_bytecode,unknown,00b,Ivy,local,resolved_local,unresolved,155,offensive cells exist and no static return/recovery frame is known
00b,Ivy,backstep_candidate,430,431,010E,(any:back),False,False,True,True,decoded_root_motion,2,2,27,,,,unknown_from_static_bytecode,unknown,00b,Ivy,local,resolved_local,unresolved,155,offensive cells exist and no static return/recovery frame is known
00b,Ivy,backstep_candidate,502,503,0272,(any:back),False,False,True,True,decoded_root_motion,1,1,49,,,,unknown_from_static_bytecode,unknown,00b,Ivy,local,resolved_local,unresolved,155,offensive cells exist and no static return/recovery frame is known
00b,Ivy,backstep_candidate,507,509,0238,(any:back),False,False,True,True,decoded_root_motion,1,1,23,,,,unknown_from_static_bytecode,unknown,00b,Ivy,local,resolved_local,unresolved,155,offensive cells exist and no static return/recovery frame is known
00b,Ivy,backstep_candidate,508,509,0238,(any:back),False,False,True,True,decoded_root_motion,1,1,23,,,,unknown_from_static_bytecode,unknown,00b,Ivy,local,resolved_local,unresolved,155,offensive cells exist and no static return/recovery frame is known
00b,Ivy,backstep_candidate,2064,2366,1254,(any:back),False,False,True,False,unknown_without_root_motion_decode,0,0,,,,,unknown_from_static_bytecode,unknown,00b,Ivy,move_bucket_2,resolved_move_bucket,unresolved,113,root motion did not decode with high confidence
00b,Ivy,backstep_candidate,2197,2372,15DF,(any:back),False,False,True,False,unknown_without_root_motion_decode,0,0,,,,,unknown_from_static_bytecode,unknown,00b,Ivy,move_bucket_2,resolved_move_bucket,unresolved,113,root motion did not decode with high confidence
00b,Ivy,backstep_candidate,2199,2372,15DF,(any:back),False,False,True,False,unknown_without_root_motion_decode,0,0,,,,,unknown_from_static_bytecode,unknown,00b,Ivy,move_bucket_2,resolved_move_bucket,unresolved,113,root motion did not decode with high confidence
00b,Ivy,backstep_candidate,2253,2375,1168,(any:back),False,False,True,False,unknown_without_root_motion_decode,0,0,,,,,unknown_from_static_bytecode,unknown,00b,Ivy,move_bucket_2,resolved_move_bucket,unresolved,113,root motion did not decode with high confidence
00b,Ivy,backstep_candidate,2292,2377,1251,(any:back),False,False,True,False,unknown_without_root_motion_decode,0,0,,,,,unknown_from_static_bytecode,unknown,00b,Ivy,move_bucket_2,resolved_move_bucket,unresolved,113,root motion did not decode with high confidence
00b,Ivy,eight_way_or_ambiguous,161,164,003D,(any:back|forward|down),True,True,True,True,decoded_root_motion,0,0,,,,,unknown_from_static_bytecode,unknown,00b,Ivy,local,resolved_local,trusted_basic,182,direct movement predicate; same-bank route; root motion decoded; source is neutral-like; no active offensive cells on destination slot
00b,Ivy,eight_way_or_ambiguous,312,313,0234,(back+forward+up+down;any:back|forward|up|down),False,False,True,True,decoded_root_motion,2,2,33,,,,unknown_from_static_bytecode,unknown,00b,Ivy,local,resolved_local,unresolved,132,offensive cells exist and no static return/recovery frame is known
00b,Ivy,eight_way_or_ambiguous,458,459,00E2,(back+forward),False,False,True,True,decoded_root_motion,1,1,47,,,,unknown_from_static_bytecode,unknown,00b,Ivy,local,resolved_local,unresolved,132,offensive cells exist and no static return/recovery frame is known
00b,Ivy,eight_way_or_ambiguous,2982,528,0139,(back+forward),False,False,True,True,decoded_root_motion,1,1,73,,,,attack_followup_only,confirmed_static_data,00b,Ivy,local,resolved_local,unresolved,132,offensive cells exist and no static return/recovery frame is known
00b,Ivy,forward_diagonal,357,359,0100,(forward+up),True,True,True,True,decoded_root_motion,1,1,27,,,,unknown_from_static_bytecode,unknown,00b,Ivy,local,resolved_local,unresolved,148,offensive cells exist and no static return/recovery frame is known
00b,Ivy,forward_diagonal,408,369,0173,(forward+up),False,False,True,True,decoded_root_motion,2,2,27,,,,unknown_from_static_bytecode,unknown,00b,Ivy,local,resolved_local,unresolved,148,offensive cells exist and no static return/recovery frame is known
00b,Ivy,forward_step_candidate,382,383,0151,(any:forward),True,True,True,True,decoded_root_motion,0,0,,,,,unknown_from_static_bytecode,unknown,00b,Ivy,local,resolved_local,trusted_basic,205,direct movement predicate; same-bank route; root motion decoded; source is neutral-like; no active offensive cells on destination slot
00b,Ivy,forward_step_candidate,282,283,029D,(any:forward),True,True,True,True,decoded_root_motion,1,1,38,,,,unknown_from_static_bytecode,unknown,00b,Ivy,local,resolved_local,unresolved,155,offensive cells exist and no static return/recovery frame is known
00b,Ivy,forward_step_candidate,282,285,0203,(any:forward),True,True,True,True,decoded_root_motion,1,1,14,,,,unknown_from_static_bytecode,unknown,00b,Ivy,local,resolved_local,unresolved,155,offensive cells exist and no static return/recovery frame is known
00b,Ivy,forward_step_candidate,291,294,00CE,(any:forward),True,True,True,True,decoded_root_motion,1,1,21,,,,unknown_from_static_bytecode,unknown,00b,Ivy,local,resolved_local,unresolved,155,offensive cells exist and no static return/recovery frame is known
00b,Ivy,forward_step_candidate,291,297,0263,(any:forward),True,True,True,True,decoded_root_motion,3,3,23,,,,unknown_from_static_bytecode,unknown,00b,Ivy,local,resolved_local,unresolved,155,offensive cells exist and no static return/recovery frame is known
00b,Ivy,forward_step_candidate,305,306,0265,(any:forward),True,True,True,True,decoded_root_motion,1,1,27,,,,unknown_from_static_bytecode,unknown,00b,Ivy,local,resolved_local,unresolved,155,offensive cells exist and no static return/recovery frame is known
00b,Ivy,forward_step_candidate,325,326,0310,(any:forward),True,True,True,True,decoded_root_motion,2,2,29,,,,unknown_from_static_bytecode,unknown,00b,Ivy,local,resolved_local,unresolved,155,offensive cells exist and no static return/recovery frame is known
00b,Ivy,forward_step_candidate,339,541,00CA,(any:forward),True,True,True,True,decoded_root_motion,1,1,3,,,,unknown_from_static_bytecode,unknown,00b,Ivy,local,resolved_local,unresolved,155,offensive cells exist and no static return/recovery frame is known
00b,Ivy,forward_step_candidate,339,542,00CA,(any:forward),True,True,True,True,decoded_root_motion,1,1,3,,,,unknown_from_static_bytecode,unknown,00b,Ivy,local,resolved_local,unresolved,155,offensive cells exist and no static return/recovery frame is known
00b,Ivy,forward_step_candidate,343,344,0047,(any:forward),True,True,True,True,decoded_root_motion,2,2,42,,,,unknown_from_static_bytecode,unknown,00b,Ivy,local,resolved_local,unresolved,155,offensive cells exist and no static return/recovery frame is known
00b,Ivy,forward_step_candidate,343,346,029E,(any:forward),True,True,True,True,decoded_root_motion,1,1,35,,,,unknown_from_static_bytecode,unknown,00b,Ivy,local,resolved_local,unresolved,155,offensive cells exist and no static return/recovery frame is known
00b,Ivy,forward_step_candidate,383,541,00CA,(any:forward),True,True,True,True,decoded_root_motion,1,1,3,,,,unknown_from_static_bytecode,unknown,00b,Ivy,local,resolved_local,unresolved,155,offensive cells exist and no static return/recovery frame is known
00b,Ivy,forward_step_candidate,383,542,00CA,(any:forward),True,True,True,True,decoded_root_motion,1,1,3,,,,unknown_from_static_bytecode,unknown,00b,Ivy,local,resolved_local,unresolved,155,offensive cells exist and no static return/recovery frame is known
00b,Ivy,forward_step_candidate,389,390,02B9,(any:forward),True,True,True,True,decoded_root_motion,2,2,21,,,,unknown_from_static_bytecode,unknown,00b,Ivy,local,resolved_local,unresolved,155,offensive cells exist and no static return/recovery frame is known
00b,Ivy,forward_step_candidate,402,404,02C1,(any:forward),True,True,True,True,decoded_root_motion,1,1,19,,,,unknown_from_static_bytecode,unknown,00b,Ivy,local,resolved_local,unresolved,155,offensive cells exist and no static return/recovery frame is known
00b,Ivy,forward_step_candidate,436,437,02AD,(any:forward),True,True,True,True,decoded_root_motion,1,1,27,,,,unknown_from_static_bytecode,unknown,00b,Ivy,local,resolved_local,unresolved,155,offensive cells exist and no static return/recovery frame is known
00b,Ivy,forward_step_candidate,438,440,02B5,(any:forward),True,True,True,True,decoded_root_motion,2,2,22,,,,unknown_from_static_bytecode,unknown,00b,Ivy,local,resolved_local,unresolved,155,offensive cells exist and no static return/recovery frame is known
00b,Ivy,forward_step_candidate,463,541,00CA,(any:forward),True,True,True,True,decoded_root_motion,1,1,3,,,,unknown_from_static_bytecode,unknown,00b,Ivy,local,resolved_local,unresolved,155,offensive cells exist and no static return/recovery frame is known
00b,Ivy,forward_step_candidate,463,542,00CA,(any:forward),True,True,True,True,decoded_root_motion,1,1,3,,,,unknown_from_static_bytecode,unknown,00b,Ivy,local,resolved_local,unresolved,155,offensive cells exist and no static return/recovery frame is known
00b,Ivy,forward_step_candidate,2063,1697,1491,(any:forward),True,True,True,False,unknown_without_root_motion_decode,0,0,,,,,unknown_from_static_bytecode,unknown,00b,Ivy,move_bucket_2,resolved_move_bucket,unresolved,113,root motion did not decode with high confidence
00b,Ivy,forward_step_candidate,168,465,0195,(any:forward),False,False,True,True,decoded_root_motion,2,0,,,,,unknown_from_static_bytecode,unknown,00b,Ivy,local,resolved_local,measured_but_not_basic,155,source is not proven neutral or stance-root basic movement
00b,Ivy,forward_step_candidate,283,284,02D2,(any:forward),False,False,True,True,decoded_root_motion,0,0,,,,,unknown_from_static_bytecode,unknown,00b,Ivy,local,resolved_local,measured_but_not_basic,155,source is not proven neutral or stance-root basic movement
00b,Ivy,forward_step_candidate,344,345,0047,(any:forward),False,False,True,True,decoded_root_motion,2,2,57,,,,unknown_from_static_bytecode,unknown,00b,Ivy,local,resolved_local,unresolved,155,offensive cells exist and no static return/recovery frame is known
00b,Ivy,forward_step_candidate,344,346,029E,(any:forward),False,False,True,True,decoded_root_motion,1,1,35,,,,unknown_from_static_bytecode,unknown,00b,Ivy,local,resolved_local,unresolved,155,offensive cells exist and no static return/recovery frame is known
00b,Ivy,forward_step_candidate,351,353,02C4,(any:forward),False,False,True,True,decoded_root_motion,1,1,29,,,,unknown_from_static_bytecode,unknown,00b,Ivy,local,resolved_local,unresolved,155,offensive cells exist and no static return/recovery frame is known
00b,Ivy,forward_step_candidate,353,352,022D,(any:forward),False,False,True,True,decoded_root_motion,1,1,9,,,,unknown_from_static_bytecode,unknown,00b,Ivy,local,resolved_local,unresolved,155,offensive cells exist and no static return/recovery frame is known
00b,Ivy,forward_step_candidate,401,404,02C1,(any:forward),False,False,True,True,decoded_root_motion,1,1,19,,,,unknown_from_static_bytecode,unknown,00b,Ivy,local,resolved_local,unresolved,155,offensive cells exist and no static return/recovery frame is known
00b,Ivy,forward_step_candidate,403,404,02C1,(any:forward),False,False,True,True,decoded_root_motion,1,1,19,,,,unknown_from_static_bytecode,unknown,00b,Ivy,local,resolved_local,unresolved,155,offensive cells exist and no static return/recovery frame is known
00b,Ivy,forward_step_candidate,404,405,01AD,(any:forward),False,False,True,True,decoded_root_motion,1,1,21,,,,unknown_from_static_bytecode,unknown,00b,Ivy,local,resolved_local,unresolved,155,offensive cells exist and no static return/recovery frame is known
00b,Ivy,forward_step_candidate,412,414,0198,(any:forward),False,False,True,True,decoded_root_motion,1,1,23,,,,unknown_from_static_bytecode,unknown,00b,Ivy,local,resolved_local,unresolved,155,offensive cells exist and no static return/recovery frame is known
00b,Ivy,forward_step_candidate,413,414,0198,(any:forward),False,False,True,True,decoded_root_motion,1,1,23,,,,unknown_from_static_bytecode,unknown,00b,Ivy,local,resolved_local,unresolved,155,offensive cells exist and no static return/recovery frame is known
00b,Ivy,forward_step_candidate,516,517,015A,(any:forward),False,False,True,True,decoded_root_motion,2,2,15,,,,unknown_from_static_bytecode,unknown,00b,Ivy,local,resolved_local,unresolved,155,offensive cells exist and no static return/recovery frame is known
00b,Ivy,forward_step_candidate,516,518,015A,(any:forward),False,False,True,True,decoded_root_motion,2,2,15,,,,unknown_from_static_bytecode,unknown,00b,Ivy,local,resolved_local,unresolved,155,offensive cells exist and no static return/recovery frame is known
00b,Ivy,forward_step_candidate,516,518,015A,(any:forward),False,False,True,True,decoded_root_motion,2,2,15,,,,unknown_from_static_bytecode,unknown,00b,Ivy,local,resolved_local,unresolved,155,offensive cells exist and no static return/recovery frame is known
00b,Ivy,forward_step_candidate,517,519,015B,(any:forward),False,False,True,True,decoded_root_motion,2,2,15,,,,unknown_from_static_bytecode,unknown,00b,Ivy,local,resolved_local,unresolved,155,offensive cells exist and no static return/recovery frame is known
00b,Ivy,forward_step_candidate,517,520,015B,(any:forward),False,False,True,True,decoded_root_motion,2,2,15,,,,unknown_from_static_bytecode,unknown,00b,Ivy,local,resolved_local,unresolved,155,offensive cells exist and no static return/recovery frame is known
00b,Ivy,forward_step_candidate,517,520,015B,(any:forward),False,False,True,True,decoded_root_motion,2,2,15,,,,unknown_from_static_bytecode,unknown,00b,Ivy,local,resolved_local,unresolved,155,offensive cells exist and no static return/recovery frame is known
00b,Ivy,forward_step_candidate,518,520,015B,(any:forward),False,False,True,True,decoded_root_motion,2,2,15,,,,unknown_from_static_bytecode,unknown,00b,Ivy,local,resolved_local,unresolved,155,offensive cells exist and no static return/recovery frame is known
00b,Ivy,forward_step_candidate,519,521,015A,(any:forward),False,False,True,True,decoded_root_motion,2,2,15,,,,unknown_from_static_bytecode,unknown,00b,Ivy,local,resolved_local,unresolved,155,offensive cells exist and no static return/recovery frame is known
00b,Ivy,forward_step_candidate,521,522,015B,(any:forward),False,False,True,True,decoded_root_motion,2,2,15,,,,unknown_from_static_bytecode,unknown,00b,Ivy,local,resolved_local,unresolved,155,offensive cells exist and no static return/recovery frame is known
00b,Ivy,forward_step_candidate,540,542,00CA,(any:forward),False,False,True,True,decoded_root_motion,1,1,3,,,,unknown_from_static_bytecode,unknown,00b,Ivy,local,resolved_local,unresolved,155,offensive cells exist and no static return/recovery frame is known
00b,Ivy,forward_step_candidate,540,543,00CA,(any:forward),False,False,True,True,decoded_root_motion,1,1,3,,,,unknown_from_static_bytecode,unknown,00b,Ivy,local,resolved_local,unresolved,155,offensive cells exist and no static return/recovery frame is known
00b,Ivy,forward_step_candidate,556,557,015A,(any:forward),False,False,True,True,decoded_root_motion,2,2,14,,,,unknown_from_static_bytecode,unknown,00b,Ivy,local,resolved_local,unresolved,155,offensive cells exist and no static return/recovery frame is known
00b,Ivy,forward_step_candidate,557,558,015B,(any:forward),False,False,True,True,decoded_root_motion,2,2,13,,,,unknown_from_static_bytecode,unknown,00b,Ivy,local,resolved_local,unresolved,155,offensive cells exist and no static return/recovery frame is known
00b,Ivy,forward_step_candidate,558,559,015A,(any:forward),False,False,True,True,decoded_root_motion,2,2,13,,,,unknown_from_static_bytecode,unknown,00b,Ivy,local,resolved_local,unresolved,155,offensive cells exist and no static return/recovery frame is known
00b,Ivy,forward_step_candidate,559,560,015B,(any:forward),False,False,True,True,decoded_root_motion,2,2,12,,,,unknown_from_static_bytecode,unknown,00b,Ivy,local,resolved_local,unresolved,155,offensive cells exist and no static return/recovery frame is known
00b,Ivy,forward_step_candidate,560,561,015A,(any:forward),False,False,True,True,decoded_root_motion,2,2,12,,,,unknown_from_static_bytecode,unknown,00b,Ivy,local,resolved_local,unresolved,155,offensive cells exist and no static return/recovery frame is known
00b,Ivy,forward_step_candidate,561,562,015B,(any:forward),False,False,True,True,decoded_root_motion,2,2,11,,,,unknown_from_static_bytecode,unknown,00b,Ivy,local,resolved_local,unresolved,155,offensive cells exist and no static return/recovery frame is known
00b,Ivy,forward_step_candidate,2064,2366,1254,(any:forward),False,False,True,False,unknown_without_root_motion_decode,0,0,,,,,unknown_from_static_bytecode,unknown,00b,Ivy,move_bucket_2,resolved_move_bucket,unresolved,113,root motion did not decode with high confidence
00b,Ivy,forward_step_candidate,2197,2372,15DF,(any:forward),False,False,True,False,unknown_without_root_motion_decode,0,0,,,,,unknown_from_static_bytecode,unknown,00b,Ivy,move_bucket_2,resolved_move_bucket,unresolved,113,root motion did not decode with high confidence
00b,Ivy,forward_step_candidate,2199,2372,15DF,(any:forward),False,False,True,False,unknown_without_root_motion_decode,0,0,,,,,unknown_from_static_bytecode,unknown,00b,Ivy,move_bucket_2,resolved_move_bucket,unresolved,113,root motion did not decode with high confidence
00b,Ivy,forward_step_candidate,2254,2375,1168,(any:forward),False,False,True,False,unknown_without_root_motion_decode,0,0,,,,,unknown_from_static_bytecode,unknown,00b,Ivy,move_bucket_2,resolved_move_bucket,unresolved,113,root motion did not decode with high confidence
00b,Ivy,forward_step_candidate,2294,2377,1251,(any:forward),False,False,True,False,unknown_without_root_motion_decode,0,0,,,,,unknown_from_static_bytecode,unknown,00b,Ivy,move_bucket_2,resolved_move_bucket,unresolved,113,root motion did not decode with high confidence
00b,Ivy,sidestep_down_candidate,325,327,0311,(any:down),True,True,True,True,decoded_root_motion,0,0,,,,,unknown_from_static_bytecode,unknown,00b,Ivy,local,resolved_local,trusted_basic,205,direct movement predicate; same-bank route; root motion decoded; source is neutral-like; no active offensive cells on destination slot
00b,Ivy,sidestep_down_candidate,339,544,0153,(any:down),True,True,True,True,decoded_root_motion,0,0,,,,,unknown_from_static_bytecode,unknown,00b,Ivy,local,resolved_local,trusted_basic,205,direct movement predicate; same-bank route; root motion decoded; source is neutral-like; no active offensive cells on destination slot
00b,Ivy,sidestep_down_candidate,383,544,0153,(any:down),True,True,True,True,decoded_root_motion,0,0,,,,,unknown_from_static_bytecode,unknown,00b,Ivy,local,resolved_local,trusted_basic,205,direct movement predicate; same-bank route; root motion decoded; source is neutral-like; no active offensive cells on destination slot
00b,Ivy,sidestep_down_candidate,463,544,0153,(any:down),True,True,True,True,decoded_root_motion,0,0,,,,,unknown_from_static_bytecode,unknown,00b,Ivy,local,resolved_local,trusted_basic,205,direct movement predicate; same-bank route; root motion decoded; source is neutral-like; no active offensive cells on destination slot
00b,Ivy,sidestep_down_candidate,367,368,0269,(any:down),False,False,True,True,decoded_root_motion,0,0,,,,,unknown_from_static_bytecode,unknown,00b,Ivy,local,resolved_local,measured_but_not_basic,155,source is not proven neutral or stance-root basic movement
00b,Ivy,sidestep_down_candidate,550,6,02D0,(any:down),False,False,True,True,decoded_root_motion,0,0,,,,,unknown_from_static_bytecode,unknown,00b,Ivy,local,resolved_local,measured_but_not_basic,155,source is not proven neutral or stance-root basic movement
00b,Ivy,sidestep_down_candidate,1529,1509,027F,(any:down),False,False,True,True,decoded_root_motion,0,0,,,,,unknown_from_static_bytecode,unknown,00b,Ivy,move_bucket_2,resolved_move_bucket,measured_but_not_basic,155,source is not proven neutral or stance-root basic movement
00b,Ivy,sidestep_down_candidate,2645,550,02F8,(any:down),False,False,True,True,decoded_root_motion,0,0,,,,,unknown_from_static_bytecode,unknown,00b,Ivy,local,resolved_local,measured_but_not_basic,155,source is not proven neutral or stance-root basic movement
00b,Ivy,sidestep_down_candidate,2645,550,02F8,(any:down),False,False,True,True,decoded_root_motion,0,0,,,,,unknown_from_static_bytecode,unknown,00b,Ivy,local,resolved_local,measured_but_not_basic,155,source is not proven neutral or stance-root basic movement
00b,Ivy,sidestep_down_candidate,2982,539,026E,(any:down),False,False,True,True,decoded_root_motion,0,0,,,,,unknown_from_static_bytecode,unknown,00b,Ivy,local,resolved_local,measured_but_not_basic,155,source is not proven neutral or stance-root basic movement
00b,Ivy,sidestep_up_candidate,261,266,023C,(any:up),True,True,True,True,decoded_root_motion,1,1,16,,,,unknown_from_static_bytecode,unknown,00b,Ivy,local,resolved_local,unresolved,155,offensive cells exist and no static return/recovery frame is known
00b,Ivy,sidestep_up_candidate,443,444,0166,(any:up),False,False,True,True,decoded_root_motion,0,0,,,,,unknown_from_static_bytecode,unknown,00b,Ivy,local,resolved_local,measured_but_not_basic,155,source is not proven neutral or stance-root basic movement
00b,Ivy,sidestep_up_candidate,445,446,01B7,(any:up),False,False,True,True,decoded_root_motion,0,0,,,,,unknown_from_static_bytecode,unknown,00b,Ivy,local,resolved_local,measured_but_not_basic,155,source is not proven neutral or stance-root basic movement
00b,Ivy,sidestep_up_candidate,526,527,013E,(any:up),False,False,True,True,decoded_root_motion,0,0,,,,,unknown_from_static_bytecode,unknown,00b,Ivy,local,resolved_local,measured_but_not_basic,155,source is not proven neutral or stance-root basic movement
00b,Ivy,sidestep_up_candidate,2986,469,0309,(any:up),False,False,True,True,decoded_root_motion,2,0,,,,,unknown_from_static_bytecode,unknown,00b,Ivy,local,resolved_local,measured_but_not_basic,155,source is not proven neutral or stance-root basic movement
00b,Ivy,sidestep_up_candidate,2986,470,0308,(any:up),False,False,True,True,decoded_root_motion,2,0,,,,,unknown_from_static_bytecode,unknown,00b,Ivy,local,resolved_local,measured_but_not_basic,155,source is not proven neutral or stance-root basic movement
00b,Ivy,sidestep_up_candidate,300,302,02C7,(any:up),False,False,True,True,decoded_root_motion,1,1,14,,,,unknown_from_static_bytecode,unknown,00b,Ivy,local,resolved_local,unresolved,155,offensive cells exist and no static return/recovery frame is known
00b,Ivy,sidestep_up_candidate,536,538,02C7,(any:up),False,False,True,True,decoded_root_motion,1,1,14,,,,unknown_from_static_bytecode,unknown,00b,Ivy,local,resolved_local,unresolved,155,offensive cells exist and no static return/recovery frame is known
00b,Ivy,sidestep_up_candidate,2982,526,023A,(any:up),False,False,True,True,decoded_root_motion,1,1,15,,,,unknown_from_static_bytecode,unknown,00b,Ivy,local,resolved_local,unresolved,155,offensive cells exist and no static return/recovery frame is known
00c,Kilik,backstep_candidate,272,275,0154,(any:back),True,True,True,True,decoded_root_motion,1,1,23,,,,unknown_from_static_bytecode,unknown,00c,Kilik,local,resolved_local,unresolved,155,offensive cells exist and no static return/recovery frame is known
00c,Kilik,backstep_candidate,382,383,0005,(any:back),True,True,True,True,decoded_root_motion,1,1,30,,,,unknown_from_static_bytecode,unknown,00c,Kilik,local,resolved_local,unresolved,155,offensive cells exist and no static return/recovery frame is known
00c,Kilik,backstep_candidate,2006,1640,1491,(any:back),True,True,True,False,unknown_without_root_motion_decode,0,0,,,,,unknown_from_static_bytecode,unknown,00c,Kilik,move_bucket_2,resolved_move_bucket,unresolved,113,root motion did not decode with high confidence
00c,Kilik,backstep_candidate,2913,468,0194,(any:back),False,False,True,True,decoded_root_motion,1,1,25,,,,unknown_from_static_bytecode,unknown,00c,Kilik,local,resolved_local,unresolved,155,offensive cells exist and no static return/recovery frame is known
00c,Kilik,backstep_candidate,2915,476,01C4,(any:back),False,False,True,True,decoded_root_motion,1,1,25,,,,unknown_from_static_bytecode,unknown,00c,Kilik,local,resolved_local,unresolved,155,offensive cells exist and no static return/recovery frame is known
00c,Kilik,backstep_candidate,2007,2309,1254,(any:back),False,False,True,False,unknown_without_root_motion_decode,0,0,,,,,unknown_from_static_bytecode,unknown,00c,Kilik,move_bucket_2,resolved_move_bucket,unresolved,113,root motion did not decode with high confidence
00c,Kilik,backstep_candidate,2140,2315,15DF,(any:back),False,False,True,False,unknown_without_root_motion_decode,0,0,,,,,unknown_from_static_bytecode,unknown,00c,Kilik,move_bucket_2,resolved_move_bucket,unresolved,113,root motion did not decode with high confidence
00c,Kilik,backstep_candidate,2142,2315,15DF,(any:back),False,False,True,False,unknown_without_root_motion_decode,0,0,,,,,unknown_from_static_bytecode,unknown,00c,Kilik,move_bucket_2,resolved_move_bucket,unresolved,113,root motion did not decode with high confidence
00c,Kilik,backstep_candidate,2196,2318,1168,(any:back),False,False,True,False,unknown_without_root_motion_decode,0,0,,,,,unknown_from_static_bytecode,unknown,00c,Kilik,move_bucket_2,resolved_move_bucket,unresolved,113,root motion did not decode with high confidence
00c,Kilik,backstep_candidate,2235,2320,1251,(any:back),False,False,True,False,unknown_without_root_motion_decode,0,0,,,,,unknown_from_static_bytecode,unknown,00c,Kilik,move_bucket_2,resolved_move_bucket,unresolved,113,root motion did not decode with high confidence
00c,Kilik,eight_way_or_ambiguous,161,164,00D0,(any:back|forward|down),True,True,True,True,decoded_root_motion,0,0,,,,,unknown_from_static_bytecode,unknown,00c,Kilik,local,resolved_local,trusted_basic,182,direct movement predicate; same-bank route; root motion decoded; source is neutral-like; no active offensive cells on destination slot
00c,Kilik,eight_way_or_ambiguous,315,317,00D4,(back+forward),True,True,True,True,decoded_root_motion,3,3,33,,,,unknown_from_static_bytecode,unknown,00c,Kilik,local,resolved_local,unresolved,132,offensive cells exist and no static return/recovery frame is known
00c,Kilik,eight_way_or_ambiguous,315,317,00D4,(back+forward),True,True,True,True,decoded_root_motion,3,3,33,,,,unknown_from_static_bytecode,unknown,00c,Kilik,local,resolved_local,unresolved,132,offensive cells exist and no static return/recovery frame is known
00c,Kilik,eight_way_or_ambiguous,402,403,01F9,(any:back|forward|up|down),True,True,True,True,decoded_root_motion,1,1,18,,,,unknown_from_static_bytecode,unknown,00c,Kilik,local,resolved_local,unresolved,132,offensive cells exist and no static return/recovery frame is known
00c,Kilik,forward_diagonal,337,339,020F,(forward+up),True,True,True,True,decoded_root_motion,1,1,21,,,,unknown_from_static_bytecode,unknown,00c,Kilik,local,resolved_local,unresolved,148,offensive cells exist and no static return/recovery frame is known
00c,Kilik,forward_diagonal,350,351,0207,(forward+up),False,False,True,True,decoded_root_motion,0,0,,,,,unknown_from_static_bytecode,unknown,00c,Kilik,local,resolved_local,measured_but_not_basic,148,source is not proven neutral or stance-root basic movement
00c,Kilik,forward_step_candidate,382,385,014D,(any:forward),True,True,True,True,decoded_root_motion,1,1,24,,,,unknown_from_static_bytecode,unknown,00c,Kilik,local,resolved_local,unresolved,155,offensive cells exist and no static return/recovery frame is known
00c,Kilik,forward_step_candidate,394,395,00B4,(any:forward),True,True,True,True,decoded_root_motion,1,1,19,,,,unknown_from_static_bytecode,unknown,00c,Kilik,local,resolved_local,unresolved,155,offensive cells exist and no static return/recovery frame is known
00c,Kilik,forward_step_candidate,449,450,01B0,(any:forward),True,True,True,True,decoded_root_motion,1,1,18,,,,unknown_from_static_bytecode,unknown,00c,Kilik,local,resolved_local,unresolved,155,offensive cells exist and no static return/recovery frame is known
00c,Kilik,forward_step_candidate,449,452,01B0,(any:forward),True,True,True,True,decoded_root_motion,1,1,18,,,,unknown_from_static_bytecode,unknown,00c,Kilik,local,resolved_local,unresolved,155,offensive cells exist and no static return/recovery frame is known
00c,Kilik,forward_step_candidate,2006,1640,1491,(any:forward),True,True,True,False,unknown_without_root_motion_decode,0,0,,,,,unknown_from_static_bytecode,unknown,00c,Kilik,move_bucket_2,resolved_move_bucket,unresolved,113,root motion did not decode with high confidence
00c,Kilik,forward_step_candidate,168,420,00C8,(any:forward),False,False,True,True,decoded_root_motion,1,0,,,,,unknown_from_static_bytecode,unknown,00c,Kilik,local,resolved_local,measured_but_not_basic,155,source is not proven neutral or stance-root basic movement
00c,Kilik,forward_step_candidate,466,467,0181,(any:forward),False,False,True,True,decoded_root_motion,0,0,,,,,unknown_from_static_bytecode,unknown,00c,Kilik,local,resolved_local,measured_but_not_basic,155,source is not proven neutral or stance-root basic movement
00c,Kilik,forward_step_candidate,352,353,0220,(any:forward),False,False,True,True,decoded_root_motion,2,2,44,,,,unknown_from_static_bytecode,unknown,00c,Kilik,local,resolved_local,unresolved,155,offensive cells exist and no static return/recovery frame is known
00c,Kilik,forward_step_candidate,353,356,00BA,(any:forward),False,False,True,True,decoded_root_motion,2,2,19,,,,unknown_from_static_bytecode,unknown,00c,Kilik,local,resolved_local,unresolved,155,offensive cells exist and no static return/recovery frame is known
00c,Kilik,forward_step_candidate,354,355,0220,(any:forward),False,False,True,True,decoded_root_motion,2,2,82,,,,unknown_from_static_bytecode,unknown,00c,Kilik,local,resolved_local,unresolved,155,offensive cells exist and no static return/recovery frame is known
00c,Kilik,forward_step_candidate,355,356,00BA,(any:forward),False,False,True,True,decoded_root_motion,2,2,19,,,,unknown_from_static_bytecode,unknown,00c,Kilik,local,resolved_local,unresolved,155,offensive cells exist and no static return/recovery frame is known
00c,Kilik,forward_step_candidate,455,457,01DE,(any:forward),False,False,True,True,decoded_root_motion,1,1,29,,,,unknown_from_static_bytecode,unknown,00c,Kilik,local,resolved_local,unresolved,155,offensive cells exist and no static return/recovery frame is known
00c,Kilik,forward_step_candidate,468,469,0196,(any:forward),False,False,True,True,decoded_root_motion,1,1,19,,,,unknown_from_static_bytecode,unknown,00c,Kilik,local,resolved_local,unresolved,155,offensive cells exist and no static return/recovery frame is known
00c,Kilik,forward_step_candidate,468,471,0196,(any:forward),False,False,True,True,decoded_root_motion,1,1,19,,,,unknown_from_static_bytecode,unknown,00c,Kilik,local,resolved_local,unresolved,155,offensive cells exist and no static return/recovery frame is known
00c,Kilik,forward_step_candidate,2913,455,0195,(any:forward),False,False,True,True,decoded_root_motion,2,2,17,,,,unknown_from_static_bytecode,unknown,00c,Kilik,local,resolved_local,unresolved,155,offensive cells exist and no static return/recovery frame is known
00c,Kilik,forward_step_candidate,2913,460,004B,(any:forward),False,False,True,True,decoded_root_motion,1,1,15,,,,unknown_from_static_bytecode,unknown,00c,Kilik,local,resolved_local,unresolved,155,offensive cells exist and no static return/recovery frame is known
00c,Kilik,forward_step_candidate,2915,477,01C2,(any:forward),False,False,True,True,decoded_root_motion,2,2,32,,,,unknown_from_static_bytecode,unknown,00c,Kilik,local,resolved_local,unresolved,155,offensive cells exist and no static return/recovery frame is known
00c,Kilik,forward_step_candidate,2007,2309,1254,(any:forward),False,False,True,False,unknown_without_root_motion_decode,0,0,,,,,unknown_from_static_bytecode,unknown,00c,Kilik,move_bucket_2,resolved_move_bucket,unresolved,113,root motion did not decode with high confidence
00c,Kilik,forward_step_candidate,2140,2315,15DF,(any:forward),False,False,True,False,unknown_without_root_motion_decode,0,0,,,,,unknown_from_static_bytecode,unknown,00c,Kilik,move_bucket_2,resolved_move_bucket,unresolved,113,root motion did not decode with high confidence
00c,Kilik,forward_step_candidate,2142,2315,15DF,(any:forward),False,False,True,False,unknown_without_root_motion_decode,0,0,,,,,unknown_from_static_bytecode,unknown,00c,Kilik,move_bucket_2,resolved_move_bucket,unresolved,113,root motion did not decode with high confidence
00c,Kilik,forward_step_candidate,2197,2318,1168,(any:forward),False,False,True,False,unknown_without_root_motion_decode,0,0,,,,,unknown_from_static_bytecode,unknown,00c,Kilik,move_bucket_2,resolved_move_bucket,unresolved,113,root motion did not decode with high confidence
00c,Kilik,forward_step_candidate,2237,2320,1251,(any:forward),False,False,True,False,unknown_without_root_motion_decode,0,0,,,,,unknown_from_static_bytecode,unknown,00c,Kilik,move_bucket_2,resolved_move_bucket,unresolved,113,root motion did not decode with high confidence
00c,Kilik,sidestep_down_candidate,337,338,0210,(any:down),True,True,True,True,decoded_root_motion,0,0,,,,,unknown_from_static_bytecode,unknown,00c,Kilik,local,resolved_local,trusted_basic,205,direct movement predicate; same-bank route; root motion decoded; source is neutral-like; no active offensive cells on destination slot
00c,Kilik,sidestep_down_candidate,388,391,0290,(any:down),True,True,True,True,decoded_root_motion,0,0,,,,,unknown_from_static_bytecode,unknown,00c,Kilik,local,resolved_local,trusted_basic,205,direct movement predicate; same-bank route; root motion decoded; source is neutral-like; no active offensive cells on destination slot
00c,Kilik,sidestep_down_candidate,388,391,0290,(any:down),True,True,True,True,decoded_root_motion,0,0,,,,,unknown_from_static_bytecode,unknown,00c,Kilik,local,resolved_local,trusted_basic,205,direct movement predicate; same-bank route; root motion decoded; source is neutral-like; no active offensive cells on destination slot
00c,Kilik,sidestep_down_candidate,339,340,0210,(any:down),False,False,True,True,decoded_root_motion,0,0,,,,,unknown_from_static_bytecode,unknown,00c,Kilik,local,resolved_local,measured_but_not_basic,155,source is not proven neutral or stance-root basic movement
00c,Kilik,sidestep_down_candidate,392,391,0290,(any:down),False,False,True,True,decoded_root_motion,0,0,,,,,unknown_from_static_bytecode,unknown,00c,Kilik,local,resolved_local,measured_but_not_basic,155,source is not proven neutral or stance-root basic movement
00c,Kilik,sidestep_down_candidate,392,391,0290,(any:down),False,False,True,True,decoded_root_motion,0,0,,,,,unknown_from_static_bytecode,unknown,00c,Kilik,local,resolved_local,measured_but_not_basic,155,source is not proven neutral or stance-root basic movement
00c,Kilik,sidestep_down_candidate,497,6,005C,(any:down),False,False,True,True,decoded_root_motion,0,0,,,,,unknown_from_static_bytecode,unknown,00c,Kilik,local,resolved_local,measured_but_not_basic,155,source is not proven neutral or stance-root basic movement
00c,Kilik,sidestep_down_candidate,1472,1452,001F,(any:down),False,False,True,True,decoded_root_motion,0,0,,,,,unknown_from_static_bytecode,unknown,00c,Kilik,move_bucket_2,resolved_move_bucket,measured_but_not_basic,155,source is not proven neutral or stance-root basic movement
00c,Kilik,sidestep_down_candidate,2588,497,0277,(any:down),False,False,True,True,decoded_root_motion,0,0,,,,,unknown_from_static_bytecode,unknown,00c,Kilik,local,resolved_local,measured_but_not_basic,155,source is not proven neutral or stance-root basic movement
00c,Kilik,sidestep_down_candidate,2588,497,0277,(any:down),False,False,True,True,decoded_root_motion,0,0,,,,,unknown_from_static_bytecode,unknown,00c,Kilik,local,resolved_local,measured_but_not_basic,155,source is not proven neutral or stance-root basic movement
00c,Kilik,sidestep_up_candidate,2914,473,0283,(any:up),False,False,True,True,decoded_root_motion,0,0,,,,,unknown_from_static_bytecode,unknown,00c,Kilik,local,resolved_local,measured_but_not_basic,155,source is not proven neutral or stance-root basic movement
00c,Kilik,sidestep_up_candidate,2914,474,0283,(any:up),False,False,True,True,decoded_root_motion,0,0,,,,,unknown_from_static_bytecode,unknown,00c,Kilik,local,resolved_local,measured_but_not_basic,155,source is not proven neutral or stance-root basic movement
00c,Kilik,sidestep_up_candidate,398,399,009A,(any:up),False,False,True,True,decoded_root_motion,2,2,30,,,,unknown_from_static_bytecode,unknown,00c,Kilik,local,resolved_local,unresolved,155,offensive cells exist and no static return/recovery frame is known
00c,Kilik,sidestep_up_candidate,450,451,01B1,(any:up),False,False,True,True,decoded_root_motion,1,1,19,,,,unknown_from_static_bytecode,unknown,00c,Kilik,local,resolved_local,unresolved,155,offensive cells exist and no static return/recovery frame is known
00c,Kilik,sidestep_up_candidate,452,451,01B1,(any:up),False,False,True,True,decoded_root_motion,1,1,19,,,,unknown_from_static_bytecode,unknown,00c,Kilik,local,resolved_local,unresolved,155,offensive cells exist and no static return/recovery frame is known
00c,Kilik,sidestep_up_candidate,452,451,01B1,(any:up),False,False,True,True,decoded_root_motion,1,1,19,,,,unknown_from_static_bytecode,unknown,00c,Kilik,local,resolved_local,unresolved,155,offensive cells exist and no static return/recovery frame is known
00c,Kilik,sidestep_up_candidate,452,453,01B1,(any:up),False,False,True,True,decoded_root_motion,1,1,19,,,,unknown_from_static_bytecode,unknown,00c,Kilik,local,resolved_local,unresolved,155,offensive cells exist and no static return/recovery frame is known
00c,Kilik,sidestep_up_candidate,462,463,0160,(any:up),False,False,True,True,decoded_root_motion,1,1,25,,,,unknown_from_static_bytecode,unknown,00c,Kilik,local,resolved_local,unresolved,155,offensive cells exist and no static return/recovery frame is known
00c,Kilik,sidestep_up_candidate,469,470,0197,(any:up),False,False,True,True,decoded_root_motion,1,1,19,,,,unknown_from_static_bytecode,unknown,00c,Kilik,local,resolved_local,unresolved,155,offensive cells exist and no static return/recovery frame is known
00c,Kilik,sidestep_up_candidate,471,470,0197,(any:up),False,False,True,True,decoded_root_motion,1,1,19,,,,unknown_from_static_bytecode,unknown,00c,Kilik,local,resolved_local,unresolved,155,offensive cells exist and no static return/recovery frame is known
00c,Kilik,sidestep_up_candidate,471,470,0197,(any:up),False,False,True,True,decoded_root_motion,1,1,19,,,,unknown_from_static_bytecode,unknown,00c,Kilik,local,resolved_local,unresolved,155,offensive cells exist and no static return/recovery frame is known
00c,Kilik,sidestep_up_candidate,471,472,0197,(any:up),False,False,True,True,decoded_root_motion,1,1,19,,,,unknown_from_static_bytecode,unknown,00c,Kilik,local,resolved_local,unresolved,155,offensive cells exist and no static return/recovery frame is known
00c,Kilik,sidestep_up_candidate,2913,459,014E,(any:up),False,False,True,True,decoded_root_motion,1,1,25,,,,unknown_from_static_bytecode,unknown,00c,Kilik,local,resolved_local,unresolved,155,offensive cells exist and no static return/recovery frame is known
00c,Kilik,sidestep_up_candidate,2913,462,01DF,(any:up),False,False,True,True,decoded_root_motion,1,1,63,,,,unknown_from_static_bytecode,unknown,00c,Kilik,local,resolved_local,unresolved,155,offensive cells exist and no static return/recovery frame is known
00c,Kilik,sidestep_up_candidate,2915,478,01C3,(any:up),False,False,True,True,decoded_root_motion,1,1,21,,,,unknown_from_static_bytecode,unknown,00c,Kilik,local,resolved_local,unresolved,155,offensive cells exist and no static return/recovery frame is known
00d,Xianghua,back_diagonal,2972,550,00E0,(back+down),True,False,True,True,decoded_root_motion,1,0,,,,,unknown_from_static_bytecode,unknown,00d,Xianghua,local,resolved_local,trusted_basic,198,direct movement predicate; same-bank route; root motion decoded; source is neutral-like; no active offensive cells on destination slot
00d,Xianghua,back_diagonal,2973,552,00E0,(back+down),True,False,True,True,decoded_root_motion,1,0,,,,,unknown_from_static_bytecode,unknown,00d,Xianghua,local,resolved_local,trusted_basic,198,direct movement predicate; same-bank route; root motion decoded; source is neutral-like; no active offensive cells on destination slot
00d,Xianghua,back_diagonal,2968,534,00E0,(back+down),False,False,True,True,decoded_root_motion,1,0,,,,,unknown_from_static_bytecode,unknown,00d,Xianghua,local,resolved_local,measured_but_not_basic,148,source is not proven neutral or stance-root basic movement
00d,Xianghua,back_diagonal,2969,536,00E0,(back+down),False,False,True,True,decoded_root_motion,1,0,,,,,unknown_from_static_bytecode,unknown,00d,Xianghua,local,resolved_local,measured_but_not_basic,148,source is not proven neutral or stance-root basic movement
00d,Xianghua,back_diagonal,2970,534,00E0,(back+down),False,False,True,True,decoded_root_motion,1,0,,,,,unknown_from_static_bytecode,unknown,00d,Xianghua,local,resolved_local,measured_but_not_basic,148,source is not proven neutral or stance-root basic movement
00d,Xianghua,back_diagonal,2971,536,00E0,(back+down),False,False,True,True,decoded_root_motion,1,0,,,,,unknown_from_static_bytecode,unknown,00d,Xianghua,local,resolved_local,measured_but_not_basic,148,source is not proven neutral or stance-root basic movement
00d,Xianghua,back_diagonal,2974,550,00E0,(back+down),False,False,True,True,decoded_root_motion,1,0,,,,,unknown_from_static_bytecode,unknown,00d,Xianghua,local,resolved_local,measured_but_not_basic,148,source is not proven neutral or stance-root basic movement
00d,Xianghua,back_diagonal,2975,552,00E0,(back+down),False,False,True,True,decoded_root_motion,1,0,,,,,unknown_from_static_bytecode,unknown,00d,Xianghua,local,resolved_local,measured_but_not_basic,148,source is not proven neutral or stance-root basic movement
00d,Xianghua,backstep_candidate,402,511,0256,(any:back),True,True,True,True,decoded_root_motion,0,0,,,,,unknown_from_static_bytecode,unknown,00d,Xianghua,local,resolved_local,trusted_basic,205,direct movement predicate; same-bank route; root motion decoded; source is neutral-like; no active offensive cells on destination slot
00d,Xianghua,backstep_candidate,257,259,0041,(any:back),True,True,True,True,decoded_root_motion,2,2,15,,,,unknown_from_static_bytecode,unknown,00d,Xianghua,local,resolved_local,unresolved,155,offensive cells exist and no static return/recovery frame is known
00d,Xianghua,backstep_candidate,259,260,003D,(any:back),True,True,True,True,decoded_root_motion,1,1,27,,,,unknown_from_static_bytecode,unknown,00d,Xianghua,local,resolved_local,unresolved,155,offensive cells exist and no static return/recovery frame is known
00d,Xianghua,backstep_candidate,259,261,01B1,(any:back),True,True,True,True,decoded_root_motion,1,1,24,,,,unknown_from_static_bytecode,unknown,00d,Xianghua,local,resolved_local,unresolved,155,offensive cells exist and no static return/recovery frame is known
00d,Xianghua,backstep_candidate,286,287,01E6,(any:back),True,True,True,True,decoded_root_motion,1,1,29,,,,unknown_from_static_bytecode,unknown,00d,Xianghua,local,resolved_local,unresolved,155,offensive cells exist and no static return/recovery frame is known
00d,Xianghua,backstep_candidate,286,287,01E6,(any:back),True,True,True,True,decoded_root_motion,1,1,29,,,,unknown_from_static_bytecode,unknown,00d,Xianghua,local,resolved_local,unresolved,155,offensive cells exist and no static return/recovery frame is known
00d,Xianghua,backstep_candidate,371,372,01F1,(any:back),True,True,True,True,decoded_root_motion,1,1,18,,,,unknown_from_static_bytecode,unknown,00d,Xianghua,local,resolved_local,unresolved,155,offensive cells exist and no static return/recovery frame is known
00d,Xianghua,backstep_candidate,2972,539,023F,(any:back),True,False,True,True,decoded_root_motion,1,1,17,,,,unknown_from_static_bytecode,unknown,00d,Xianghua,local,resolved_local,unresolved,155,offensive cells exist and no static return/recovery frame is known
00d,Xianghua,backstep_candidate,2973,539,023F,(any:back),True,False,True,True,decoded_root_motion,1,1,17,,,,unknown_from_static_bytecode,unknown,00d,Xianghua,local,resolved_local,unresolved,155,offensive cells exist and no static return/recovery frame is known
00d,Xianghua,backstep_candidate,2978,2979,00EF,(any:back),True,True,True,True,decoded_root_motion,1,1,99,,,,unknown_from_static_bytecode,unknown,00d,Xianghua,move_bucket_3,resolved_move_bucket,unresolved,155,offensive cells exist and no static return/recovery frame is known
00d,Xianghua,backstep_candidate,2061,1695,1491,(any:back),True,True,True,False,unknown_without_root_motion_decode,0,0,,,,,unknown_from_static_bytecode,unknown,00d,Xianghua,move_bucket_2,resolved_move_bucket,unresolved,113,root motion did not decode with high confidence
00d,Xianghua,backstep_candidate,315,316,01A4,(any:back),False,False,True,True,decoded_root_motion,0,0,,,,,unknown_from_static_bytecode,unknown,00d,Xianghua,local,resolved_local,measured_but_not_basic,155,source is not proven neutral or stance-root basic movement
00d,Xianghua,backstep_candidate,372,373,01A4,(any:back),False,False,True,True,decoded_root_motion,0,0,,,,,unknown_from_static_bytecode,unknown,00d,Xianghua,local,resolved_local,measured_but_not_basic,155,source is not proven neutral or stance-root basic movement
00d,Xianghua,backstep_candidate,382,383,003F,(any:back),False,False,True,True,decoded_root_motion,1,1,20,,,,unknown_from_static_bytecode,unknown,00d,Xianghua,local,resolved_local,unresolved,155,offensive cells exist and no static return/recovery frame is known
00d,Xianghua,backstep_candidate,408,409,00EE,(any:back),False,False,True,True,decoded_root_motion,2,2,25,,,,unknown_from_static_bytecode,unknown,00d,Xianghua,local,resolved_local,unresolved,155,offensive cells exist and no static return/recovery frame is known
00d,Xianghua,backstep_candidate,2968,523,023F,(any:back),False,False,True,True,decoded_root_motion,1,1,17,,,,unknown_from_static_bytecode,unknown,00d,Xianghua,local,resolved_local,unresolved,155,offensive cells exist and no static return/recovery frame is known
00d,Xianghua,backstep_candidate,2969,523,023F,(any:back),False,False,True,True,decoded_root_motion,1,1,17,,,,unknown_from_static_bytecode,unknown,00d,Xianghua,local,resolved_local,unresolved,155,offensive cells exist and no static return/recovery frame is known
00d,Xianghua,backstep_candidate,2970,523,023F,(any:back),False,False,True,True,decoded_root_motion,1,1,17,,,,unknown_from_static_bytecode,unknown,00d,Xianghua,local,resolved_local,unresolved,155,offensive cells exist and no static return/recovery frame is known
00d,Xianghua,backstep_candidate,2971,523,023F,(any:back),False,False,True,True,decoded_root_motion,1,1,17,,,,unknown_from_static_bytecode,unknown,00d,Xianghua,local,resolved_local,unresolved,155,offensive cells exist and no static return/recovery frame is known
00d,Xianghua,backstep_candidate,2974,539,023F,(any:back),False,False,True,True,decoded_root_motion,1,1,17,,,,unknown_from_static_bytecode,unknown,00d,Xianghua,local,resolved_local,unresolved,155,offensive cells exist and no static return/recovery frame is known
00d,Xianghua,backstep_candidate,2975,539,023F,(any:back),False,False,True,True,decoded_root_motion,1,1,17,,,,unknown_from_static_bytecode,unknown,00d,Xianghua,local,resolved_local,unresolved,155,offensive cells exist and no static return/recovery frame is known
00d,Xianghua,backstep_candidate,2062,2364,1254,(any:back),False,False,True,False,unknown_without_root_motion_decode,0,0,,,,,unknown_from_static_bytecode,unknown,00d,Xianghua,move_bucket_2,resolved_move_bucket,unresolved,113,root motion did not decode with high confidence
00d,Xianghua,backstep_candidate,2195,2370,15DF,(any:back),False,False,True,False,unknown_without_root_motion_decode,0,0,,,,,unknown_from_static_bytecode,unknown,00d,Xianghua,move_bucket_2,resolved_move_bucket,unresolved,113,root motion did not decode with high confidence
00d,Xianghua,backstep_candidate,2197,2370,15DF,(any:back),False,False,True,False,unknown_without_root_motion_decode,0,0,,,,,unknown_from_static_bytecode,unknown,00d,Xianghua,move_bucket_2,resolved_move_bucket,unresolved,113,root motion did not decode with high confidence
00d,Xianghua,backstep_candidate,2251,2373,1168,(any:back),False,False,True,False,unknown_without_root_motion_decode,0,0,,,,,unknown_from_static_bytecode,unknown,00d,Xianghua,move_bucket_2,resolved_move_bucket,unresolved,113,root motion did not decode with high confidence
00d,Xianghua,backstep_candidate,2290,2375,1251,(any:back),False,False,True,False,unknown_without_root_motion_decode,0,0,,,,,unknown_from_static_bytecode,unknown,00d,Xianghua,move_bucket_2,resolved_move_bucket,unresolved,113,root motion did not decode with high confidence
00d,Xianghua,eight_way_or_ambiguous,161,164,00E4,(any:back|forward|down),True,True,True,True,decoded_root_motion,0,0,,,,,unknown_from_static_bytecode,unknown,00d,Xianghua,local,resolved_local,trusted_basic,182,direct movement predicate; same-bank route; root motion decoded; source is neutral-like; no active offensive cells on destination slot
00d,Xianghua,eight_way_or_ambiguous,2972,545,00C3,(back+forward),True,False,True,True,decoded_root_motion,1,0,,,,,unknown_from_static_bytecode,unknown,00d,Xianghua,local,resolved_local,trusted_basic,182,direct movement predicate; same-bank route; root motion decoded; source is neutral-like; no active offensive cells on destination slot
00d,Xianghua,eight_way_or_ambiguous,2973,545,00C3,(back+forward),True,False,True,True,decoded_root_motion,1,0,,,,,unknown_from_static_bytecode,unknown,00d,Xianghua,local,resolved_local,trusted_basic,182,direct movement predicate; same-bank route; root motion decoded; source is neutral-like; no active offensive cells on destination slot
00d,Xianghua,eight_way_or_ambiguous,433,435,0195,(back+forward),True,True,True,True,decoded_root_motion,2,2,65,,,,unknown_from_static_bytecode,unknown,00d,Xianghua,local,resolved_local,unresolved,132,offensive cells exist and no static return/recovery frame is known
00d,Xianghua,eight_way_or_ambiguous,317,318,01A5,(back+forward),False,False,True,True,decoded_root_motion,0,0,,,,,unknown_from_static_bytecode,unknown,00d,Xianghua,local,resolved_local,measured_but_not_basic,132,source is not proven neutral or stance-root basic movement
00d,Xianghua,eight_way_or_ambiguous,2968,529,00C3,(back+forward),False,False,True,True,decoded_root_motion,1,0,,,,,unknown_from_static_bytecode,unknown,00d,Xianghua,local,resolved_local,measured_but_not_basic,132,source is not proven neutral or stance-root basic movement
00d,Xianghua,eight_way_or_ambiguous,2969,529,00C3,(back+forward),False,False,True,True,decoded_root_motion,1,0,,,,,unknown_from_static_bytecode,unknown,00d,Xianghua,local,resolved_local,measured_but_not_basic,132,source is not proven neutral or stance-root basic movement
00d,Xianghua,eight_way_or_ambiguous,2970,529,00C3,(back+forward),False,False,True,True,decoded_root_motion,1,0,,,,,unknown_from_static_bytecode,unknown,00d,Xianghua,local,resolved_local,measured_but_not_basic,132,source is not proven neutral or stance-root basic movement
00d,Xianghua,eight_way_or_ambiguous,2971,529,00C3,(back+forward),False,False,True,True,decoded_root_motion,1,0,,,,,unknown_from_static_bytecode,unknown,00d,Xianghua,local,resolved_local,measured_but_not_basic,132,source is not proven neutral or stance-root basic movement
00d,Xianghua,eight_way_or_ambiguous,2974,545,00C3,(back+forward),False,False,True,True,decoded_root_motion,1,0,,,,,unknown_from_static_bytecode,unknown,00d,Xianghua,local,resolved_local,measured_but_not_basic,132,source is not proven neutral or stance-root basic movement
00d,Xianghua,eight_way_or_ambiguous,2975,545,00C3,(back+forward),False,False,True,True,decoded_root_motion,1,0,,,,,unknown_from_static_bytecode,unknown,00d,Xianghua,local,resolved_local,measured_but_not_basic,132,source is not proven neutral or stance-root basic movement
00d,Xianghua,eight_way_or_ambiguous,409,410,00EF,(back+forward+up+down;any:back|forward|up|down),False,False,True,True,decoded_root_motion,1,1,18,,,,unknown_from_static_bytecode,unknown,00d,Xianghua,local,resolved_local,unresolved,132,offensive cells exist and no static return/recovery frame is known
00d,Xianghua,eight_way_or_ambiguous,434,436,0195,(back+forward),False,False,True,True,decoded_root_motion,2,2,65,,,,unknown_from_static_bytecode,unknown,00d,Xianghua,local,resolved_local,unresolved,132,offensive cells exist and no static return/recovery frame is known
00d,Xianghua,forward_diagonal,347,515,0256,(forward+up),True,True,True,True,decoded_root_motion,0,0,,,,,unknown_from_static_bytecode,unknown,00d,Xianghua,local,resolved_local,trusted_basic,198,direct movement predicate; same-bank route; root motion decoded; source is neutral-like; no active offensive cells on destination slot
00d,Xianghua,forward_diagonal,350,521,025F,(forward+up),True,True,True,True,decoded_root_motion,0,0,,,,,unknown_from_static_bytecode,unknown,00d,Xianghua,local,resolved_local,trusted_basic,198,direct movement predicate; same-bank route; root motion decoded; source is neutral-like; no active offensive cells on destination slot
00d,Xianghua,forward_diagonal,2972,549,01A4,(forward+up),True,False,True,True,decoded_root_motion,0,0,,,,,unknown_from_static_bytecode,unknown,00d,Xianghua,local,resolved_local,trusted_basic,198,direct movement predicate; same-bank route; root motion decoded; source is neutral-like; no active offensive cells on destination slot
00d,Xianghua,forward_diagonal,2973,549,01A4,(forward+up),True,False,True,True,decoded_root_motion,0,0,,,,,unknown_from_static_bytecode,unknown,00d,Xianghua,local,resolved_local,trusted_basic,198,direct movement predicate; same-bank route; root motion decoded; source is neutral-like; no active offensive cells on destination slot
00d,Xianghua,forward_diagonal,349,521,025F,(forward+up),False,False,True,True,decoded_root_motion,0,0,,,,,unknown_from_static_bytecode,unknown,00d,Xianghua,local,resolved_local,measured_but_not_basic,148,source is not proven neutral or stance-root basic movement
00d,Xianghua,forward_diagonal,359,503,0252,(forward+up),False,False,True,True,decoded_root_motion,0,0,,,,,unknown_from_static_bytecode,unknown,00d,Xianghua,local,resolved_local,measured_but_not_basic,148,source is not proven neutral or stance-root basic movement
00d,Xianghua,forward_diagonal,2968,533,01A4,(forward+up),False,False,True,True,decoded_root_motion,0,0,,,,,unknown_from_static_bytecode,unknown,00d,Xianghua,local,resolved_local,measured_but_not_basic,148,source is not proven neutral or stance-root basic movement
00d,Xianghua,forward_diagonal,2969,533,01A4,(forward+up),False,False,True,True,decoded_root_motion,0,0,,,,,unknown_from_static_bytecode,unknown,00d,Xianghua,local,resolved_local,measured_but_not_basic,148,source is not proven neutral or stance-root basic movement
00d,Xianghua,forward_diagonal,2970,533,01A4,(forward+up),False,False,True,True,decoded_root_motion,0,0,,,,,unknown_from_static_bytecode,unknown,00d,Xianghua,local,resolved_local,measured_but_not_basic,148,source is not proven neutral or stance-root basic movement
00d,Xianghua,forward_diagonal,2971,533,01A4,(forward+up),False,False,True,True,decoded_root_motion,0,0,,,,,unknown_from_static_bytecode,unknown,00d,Xianghua,local,resolved_local,measured_but_not_basic,148,source is not proven neutral or stance-root basic movement
00d,Xianghua,forward_diagonal,2974,549,01A4,(forward+up),False,False,True,True,decoded_root_motion,0,0,,,,,unknown_from_static_bytecode,unknown,00d,Xianghua,local,resolved_local,measured_but_not_basic,148,source is not proven neutral or stance-root basic movement
00d,Xianghua,forward_diagonal,2975,549,01A4,(forward+up),False,False,True,True,decoded_root_motion,0,0,,,,,unknown_from_static_bytecode,unknown,00d,Xianghua,local,resolved_local,measured_but_not_basic,148,source is not proven neutral or stance-root basic movement
00d,Xianghua,forward_diagonal,2984,2985,0044,(forward+up),False,False,True,True,decoded_root_motion,0,0,,,,,unknown_from_static_bytecode,unknown,00d,Xianghua,move_bucket_3,resolved_move_bucket,measured_but_not_basic,148,source is not proven neutral or stance-root basic movement
00d,Xianghua,forward_diagonal,2985,521,025F,(forward+up),False,False,True,True,decoded_root_motion,0,0,,,,,unknown_from_static_bytecode,unknown,00d,Xianghua,local,resolved_local,measured_but_not_basic,148,source is not proven neutral or stance-root basic movement
00d,Xianghua,forward_diagonal,355,356,0045,(forward+up),False,False,True,True,decoded_root_motion,1,1,39,,,,unknown_from_static_bytecode,unknown,00d,Xianghua,local,resolved_local,unresolved,148,offensive cells exist and no static return/recovery frame is known
00d,Xianghua,forward_step_candidate,292,517,024A,(any:forward),True,True,True,True,decoded_root_motion,0,0,,,,,unknown_from_static_bytecode,unknown,00d,Xianghua,local,resolved_local,trusted_basic,205,direct movement predicate; same-bank route; root motion decoded; source is neutral-like; no active offensive cells on destination slot
00d,Xianghua,forward_step_candidate,350,352,0044,(any:forward),True,True,True,True,decoded_root_motion,1,0,,,,,unknown_from_static_bytecode,unknown,00d,Xianghua,local,resolved_local,trusted_basic,205,direct movement predicate; same-bank route; root motion decoded; source is neutral-like; no active offensive cells on destination slot
00d,Xianghua,forward_step_candidate,403,513,0256,(any:forward),True,True,True,True,decoded_root_motion,0,0,,,,,unknown_from_static_bytecode,unknown,00d,Xianghua,local,resolved_local,trusted_basic,205,direct movement predicate; same-bank route; root motion decoded; source is neutral-like; no active offensive cells on destination slot
00d,Xianghua,forward_step_candidate,259,262,01B1,(any:forward),True,True,True,True,decoded_root_motion,1,1,24,,,,unknown_from_static_bytecode,unknown,00d,Xianghua,local,resolved_local,unresolved,155,offensive cells exist and no static return/recovery frame is known
00d,Xianghua,forward_step_candidate,327,328,00A9,(any:forward),True,True,True,True,decoded_root_motion,2,2,30,,,,unknown_from_static_bytecode,unknown,00d,Xianghua,local,resolved_local,unresolved,155,offensive cells exist and no static return/recovery frame is known
00d,Xianghua,forward_step_candidate,350,351,01AB,(any:forward),True,True,True,True,decoded_root_motion,1,1,19,,,,unknown_from_static_bytecode,unknown,00d,Xianghua,local,resolved_local,unresolved,155,offensive cells exist and no static return/recovery frame is known
00d,Xianghua,forward_step_candidate,371,374,0056,(any:forward),True,True,True,True,decoded_root_motion,1,1,28,,,,unknown_from_static_bytecode,unknown,00d,Xianghua,local,resolved_local,unresolved,155,offensive cells exist and no static return/recovery frame is known
00d,Xianghua,forward_step_candidate,386,387,01E0,(any:forward),True,True,True,True,decoded_root_motion,1,1,25,,,,unknown_from_static_bytecode,unknown,00d,Xianghua,local,resolved_local,unresolved,155,offensive cells exist and no static return/recovery frame is known
00d,Xianghua,forward_step_candidate,411,412,0054,(any:forward),True,True,True,True,decoded_root_motion,1,1,25,,,,unknown_from_static_bytecode,unknown,00d,Xianghua,local,resolved_local,unresolved,155,offensive cells exist and no static return/recovery frame is known
00d,Xianghua,forward_step_candidate,411,412,0054,(any:forward),True,True,True,True,decoded_root_motion,1,1,25,,,,unknown_from_static_bytecode,unknown,00d,Xianghua,local,resolved_local,unresolved,155,offensive cells exist and no static return/recovery frame is known
00d,Xianghua,forward_step_candidate,2972,540,023B,(any:forward),True,False,True,True,decoded_root_motion,2,2,27,,,,unknown_from_static_bytecode,unknown,00d,Xianghua,local,resolved_local,unresolved,155,offensive cells exist and no static return/recovery frame is known
00d,Xianghua,forward_step_candidate,2973,542,023B,(any:forward),True,False,True,True,decoded_root_motion,2,2,27,,,,unknown_from_static_bytecode,unknown,00d,Xianghua,local,resolved_local,unresolved,155,offensive cells exist and no static return/recovery frame is known
00d,Xianghua,forward_step_candidate,2978,2981,0286,(any:forward),True,True,True,True,decoded_root_motion,1,1,31,,,,unknown_from_static_bytecode,unknown,00d,Xianghua,move_bucket_3,resolved_move_bucket,unresolved,155,offensive cells exist and no static return/recovery frame is known
00d,Xianghua,forward_step_candidate,2061,1695,1491,(any:forward),True,True,True,False,unknown_without_root_motion_decode,0,0,,,,,unknown_from_static_bytecode,unknown,00d,Xianghua,move_bucket_2,resolved_move_bucket,unresolved,113,root motion did not decode with high confidence
00d,Xianghua,forward_step_candidate,168,457,00E0,(any:forward),False,False,True,True,decoded_root_motion,1,0,,,,,unknown_from_static_bytecode,unknown,00d,Xianghua,local,resolved_local,measured_but_not_basic,155,source is not proven neutral or stance-root basic movement
00d,Xianghua,forward_step_candidate,349,352,0044,(any:forward),False,False,True,True,decoded_root_motion,1,0,,,,,unknown_from_static_bytecode,unknown,00d,Xianghua,local,resolved_local,measured_but_not_basic,155,source is not proven neutral or stance-root basic movement
00d,Xianghua,forward_step_candidate,381,499,023D,(any:forward),False,False,True,True,decoded_root_motion,0,0,,,,,unknown_from_static_bytecode,unknown,00d,Xianghua,local,resolved_local,measured_but_not_basic,155,source is not proven neutral or stance-root basic movement
00d,Xianghua,forward_step_candidate,2985,352,0044,(any:forward),False,False,True,True,decoded_root_motion,1,0,,,,,unknown_from_static_bytecode,unknown,00d,Xianghua,local,resolved_local,measured_but_not_basic,155,source is not proven neutral or stance-root basic movement
00d,Xianghua,forward_step_candidate,319,320,022A,(any:forward),False,False,True,True,decoded_root_motion,2,2,17,,,,unknown_from_static_bytecode,unknown,00d,Xianghua,local,resolved_local,unresolved,155,offensive cells exist and no static return/recovery frame is known
00d,Xianghua,forward_step_candidate,319,321,022A,(any:forward),False,False,True,True,decoded_root_motion,1,1,18,,,,unknown_from_static_bytecode,unknown,00d,Xianghua,local,resolved_local,unresolved,155,offensive cells exist and no static return/recovery frame is known
00d,Xianghua,forward_step_candidate,349,351,01AB,(any:forward),False,False,True,True,decoded_root_motion,1,1,19,,,,unknown_from_static_bytecode,unknown,00d,Xianghua,local,resolved_local,unresolved,155,offensive cells exist and no static return/recovery frame is known
00d,Xianghua,forward_step_candidate,412,413,0054,(any:forward),False,False,True,True,decoded_root_motion,1,1,25,,,,unknown_from_static_bytecode,unknown,00d,Xianghua,local,resolved_local,unresolved,155,offensive cells exist and no static return/recovery frame is known
00d,Xianghua,forward_step_candidate,443,444,00CC,(any:forward),False,False,True,True,decoded_root_motion,1,1,29,,,,unknown_from_static_bytecode,unknown,00d,Xianghua,local,resolved_local,unresolved,155,offensive cells exist and no static return/recovery frame is known
00d,Xianghua,forward_step_candidate,524,525,023B,(any:forward),False,False,True,True,decoded_root_motion,2,2,28,,,,unknown_from_static_bytecode,unknown,00d,Xianghua,local,resolved_local,unresolved,155,offensive cells exist and no static return/recovery frame is known
00d,Xianghua,forward_step_candidate,526,527,023B,(any:forward),False,False,True,True,decoded_root_motion,2,2,28,,,,unknown_from_static_bytecode,unknown,00d,Xianghua,local,resolved_local,unresolved,155,offensive cells exist and no static return/recovery frame is known
00d,Xianghua,forward_step_candidate,540,541,023B,(any:forward),False,False,True,True,decoded_root_motion,2,2,28,,,,unknown_from_static_bytecode,unknown,00d,Xianghua,local,resolved_local,unresolved,155,offensive cells exist and no static return/recovery frame is known
00d,Xianghua,forward_step_candidate,542,543,023B,(any:forward),False,False,True,True,decoded_root_motion,2,2,28,,,,unknown_from_static_bytecode,unknown,00d,Xianghua,local,resolved_local,unresolved,155,offensive cells exist and no static return/recovery frame is known
00d,Xianghua,forward_step_candidate,2968,524,023B,(any:forward),False,False,True,True,decoded_root_motion,2,2,27,,,,unknown_from_static_bytecode,unknown,00d,Xianghua,local,resolved_local,unresolved,155,offensive cells exist and no static return/recovery frame is known
00d,Xianghua,forward_step_candidate,2969,526,023B,(any:forward),False,False,True,True,decoded_root_motion,2,2,27,,,,unknown_from_static_bytecode,unknown,00d,Xianghua,local,resolved_local,unresolved,155,offensive cells exist and no static return/recovery frame is known
00d,Xianghua,forward_step_candidate,2970,524,023B,(any:forward),False,False,True,True,decoded_root_motion,2,2,27,,,,unknown_from_static_bytecode,unknown,00d,Xianghua,local,resolved_local,unresolved,155,offensive cells exist and no static return/recovery frame is known
00d,Xianghua,forward_step_candidate,2971,526,023B,(any:forward),False,False,True,True,decoded_root_motion,2,2,27,,,,unknown_from_static_bytecode,unknown,00d,Xianghua,local,resolved_local,unresolved,155,offensive cells exist and no static return/recovery frame is known
00d,Xianghua,forward_step_candidate,2974,540,023B,(any:forward),False,False,True,True,decoded_root_motion,2,2,27,,,,unknown_from_static_bytecode,unknown,00d,Xianghua,local,resolved_local,unresolved,155,offensive cells exist and no static return/recovery frame is known
00d,Xianghua,forward_step_candidate,2975,542,023B,(any:forward),False,False,True,True,decoded_root_motion,2,2,27,,,,unknown_from_static_bytecode,unknown,00d,Xianghua,local,resolved_local,unresolved,155,offensive cells exist and no static return/recovery frame is known
00d,Xianghua,forward_step_candidate,2985,351,01AB,(any:forward),False,False,True,True,decoded_root_motion,1,1,19,,,,unknown_from_static_bytecode,unknown,00d,Xianghua,local,resolved_local,unresolved,155,offensive cells exist and no static return/recovery frame is known
00d,Xianghua,forward_step_candidate,2062,2364,1254,(any:forward),False,False,True,False,unknown_without_root_motion_decode,0,0,,,,,unknown_from_static_bytecode,unknown,00d,Xianghua,move_bucket_2,resolved_move_bucket,unresolved,113,root motion did not decode with high confidence
00d,Xianghua,forward_step_candidate,2195,2370,15DF,(any:forward),False,False,True,False,unknown_without_root_motion_decode,0,0,,,,,unknown_from_static_bytecode,unknown,00d,Xianghua,move_bucket_2,resolved_move_bucket,unresolved,113,root motion did not decode with high confidence
00d,Xianghua,forward_step_candidate,2197,2370,15DF,(any:forward),False,False,True,False,unknown_without_root_motion_decode,0,0,,,,,unknown_from_static_bytecode,unknown,00d,Xianghua,move_bucket_2,resolved_move_bucket,unresolved,113,root motion did not decode with high confidence
00d,Xianghua,forward_step_candidate,2252,2373,1168,(any:forward),False,False,True,False,unknown_without_root_motion_decode,0,0,,,,,unknown_from_static_bytecode,unknown,00d,Xianghua,move_bucket_2,resolved_move_bucket,unresolved,113,root motion did not decode with high confidence
00d,Xianghua,forward_step_candidate,2292,2375,1251,(any:forward),False,False,True,False,unknown_without_root_motion_decode,0,0,,,,,unknown_from_static_bytecode,unknown,00d,Xianghua,move_bucket_2,resolved_move_bucket,unresolved,113,root motion did not decode with high confidence
00d,Xianghua,sidestep_down_candidate,257,270,007B,(any:down),True,True,True,True,decoded_root_motion,0,0,,,,,unknown_from_static_bytecode,unknown,00d,Xianghua,local,resolved_local,trusted_basic,205,direct movement predicate; same-bank route; root motion decoded; source is neutral-like; no active offensive cells on destination slot
00d,Xianghua,sidestep_down_candidate,347,348,01AA,(any:down),True,True,True,True,decoded_root_motion,0,0,,,,,unknown_from_static_bytecode,unknown,00d,Xianghua,local,resolved_local,trusted_basic,205,direct movement predicate; same-bank route; root motion decoded; source is neutral-like; no active offensive cells on destination slot
00d,Xianghua,sidestep_down_candidate,402,404,01AA,(any:down),True,True,True,True,decoded_root_motion,0,0,,,,,unknown_from_static_bytecode,unknown,00d,Xianghua,local,resolved_local,trusted_basic,205,direct movement predicate; same-bank route; root motion decoded; source is neutral-like; no active offensive cells on destination slot
00d,Xianghua,sidestep_down_candidate,403,405,01AA,(any:down),True,True,True,True,decoded_root_motion,0,0,,,,,unknown_from_static_bytecode,unknown,00d,Xianghua,local,resolved_local,trusted_basic,205,direct movement predicate; same-bank route; root motion decoded; source is neutral-like; no active offensive cells on destination slot
00d,Xianghua,sidestep_down_candidate,2972,556,028B,(any:down),True,False,True,True,decoded_root_motion,0,0,,,,,unknown_from_static_bytecode,unknown,00d,Xianghua,local,resolved_local,trusted_basic,205,direct movement predicate; same-bank route; root motion decoded; source is neutral-like; no active offensive cells on destination slot
00d,Xianghua,sidestep_down_candidate,2973,556,028B,(any:down),True,False,True,True,decoded_root_motion,0,0,,,,,unknown_from_static_bytecode,unknown,00d,Xianghua,local,resolved_local,trusted_basic,205,direct movement predicate; same-bank route; root motion decoded; source is neutral-like; no active offensive cells on destination slot
00d,Xianghua,sidestep_down_candidate,284,285,0219,(any:down),False,False,True,True,decoded_root_motion,0,0,,,,,unknown_from_static_bytecode,unknown,00d,Xianghua,local,resolved_local,measured_but_not_basic,155,source is not proven neutral or stance-root basic movement
00d,Xianghua,sidestep_down_candidate,362,363,0057,(any:down),False,False,True,True,decoded_root_motion,0,0,,,,,unknown_from_static_bytecode,unknown,00d,Xianghua,local,resolved_local,measured_but_not_basic,155,source is not proven neutral or stance-root basic movement
00d,Xianghua,sidestep_down_candidate,440,441,01A9,(any:down),False,False,True,True,decoded_root_motion,0,0,,,,,unknown_from_static_bytecode,unknown,00d,Xianghua,local,resolved_local,measured_but_not_basic,155,source is not proven neutral or stance-root basic movement
00d,Xianghua,sidestep_down_candidate,1527,1507,0135,(any:down),False,False,True,True,decoded_root_motion,0,0,,,,,unknown_from_static_bytecode,unknown,00d,Xianghua,move_bucket_2,resolved_move_bucket,measured_but_not_basic,155,source is not proven neutral or stance-root basic movement
00d,Xianghua,sidestep_down_candidate,2643,2986,0277,(any:down),False,False,True,True,decoded_root_motion,0,0,,,,,unknown_from_static_bytecode,unknown,00d,Xianghua,move_bucket_3,resolved_move_bucket,measured_but_not_basic,155,source is not proven neutral or stance-root basic movement
00d,Xianghua,sidestep_down_candidate,2643,2986,0277,(any:down),False,False,True,True,decoded_root_motion,0,0,,,,,unknown_from_static_bytecode,unknown,00d,Xianghua,move_bucket_3,resolved_move_bucket,measured_but_not_basic,155,source is not proven neutral or stance-root basic movement
00d,Xianghua,sidestep_down_candidate,2980,285,0219,(any:down),False,False,True,True,decoded_root_motion,0,0,,,,,unknown_from_static_bytecode,unknown,00d,Xianghua,local,resolved_local,measured_but_not_basic,155,source is not proven neutral or stance-root basic movement
00d,Xianghua,sidestep_down_candidate,2986,6,00B7,(any:down),False,False,True,True,decoded_root_motion,0,0,,,,,unknown_from_static_bytecode,unknown,00d,Xianghua,local,resolved_local,measured_but_not_basic,155,source is not proven neutral or stance-root basic movement
00d,Xianghua,sidestep_down_candidate,473,474,01B8,(any:down),False,False,True,True,decoded_root_motion,1,1,18,,,,unknown_from_static_bytecode,unknown,00d,Xianghua,local,resolved_local,unresolved,155,offensive cells exist and no static return/recovery frame is known
00d,Xianghua,sidestep_down_candidate,473,475,01B8,(any:down),False,False,True,True,decoded_root_motion,1,1,18,,,,unknown_from_static_bytecode,unknown,00d,Xianghua,local,resolved_local,unresolved,155,offensive cells exist and no static return/recovery frame is known
00d,Xianghua,sidestep_up_candidate,265,267,018A,(any:up),True,True,True,True,decoded_root_motion,0,0,,,,,unknown_from_static_bytecode,unknown,00d,Xianghua,local,resolved_local,trusted_basic,205,direct movement predicate; same-bank route; root motion decoded; source is neutral-like; no active offensive cells on destination slot
00d,Xianghua,sidestep_up_candidate,327,329,00AC,(any:up),True,True,True,True,decoded_root_motion,2,2,30,,,,unknown_from_static_bytecode,unknown,00d,Xianghua,local,resolved_local,unresolved,155,offensive cells exist and no static return/recovery frame is known
00d,Xianghua,sidestep_up_candidate,386,387,01E0,(any:up),True,True,True,True,decoded_root_motion,1,1,25,,,,unknown_from_static_bytecode,unknown,00d,Xianghua,local,resolved_local,unresolved,155,offensive cells exist and no static return/recovery frame is known
00d,Xianghua,sidestep_up_candidate,2972,544,0249,(any:up),True,False,True,True,decoded_root_motion,2,2,12,,,,unknown_from_static_bytecode,unknown,00d,Xianghua,local,resolved_local,unresolved,155,offensive cells exist and no static return/recovery frame is known
00d,Xianghua,sidestep_up_candidate,2973,544,0249,(any:up),True,False,True,True,decoded_root_motion,2,2,12,,,,unknown_from_static_bytecode,unknown,00d,Xianghua,local,resolved_local,unresolved,155,offensive cells exist and no static return/recovery frame is known
00d,Xianghua,sidestep_up_candidate,2991,461,0204,(any:up),False,False,True,True,decoded_root_motion,1,0,,,,,unknown_from_static_bytecode,unknown,00d,Xianghua,local,resolved_local,measured_but_not_basic,155,source is not proven neutral or stance-root basic movement
00d,Xianghua,sidestep_up_candidate,2991,462,0204,(any:up),False,False,True,True,decoded_root_motion,1,0,,,,,unknown_from_static_bytecode,unknown,00d,Xianghua,local,resolved_local,measured_but_not_basic,155,source is not proven neutral or stance-root basic movement
00d,Xianghua,sidestep_up_candidate,357,358,008F,(any:up),False,False,True,True,decoded_root_motion,2,2,19,,,,unknown_from_static_bytecode,unknown,00d,Xianghua,local,resolved_local,unresolved,155,offensive cells exist and no static return/recovery frame is known
00d,Xianghua,sidestep_up_candidate,396,397,00C7,(any:up),False,False,True,True,decoded_root_motion,2,2,33,,,,unknown_from_static_bytecode,unknown,00d,Xianghua,local,resolved_local,unresolved,155,offensive cells exist and no static return/recovery frame is known
00d,Xianghua,sidestep_up_candidate,2968,528,0249,(any:up),False,False,True,True,decoded_root_motion,2,2,12,,,,unknown_from_static_bytecode,unknown,00d,Xianghua,local,resolved_local,unresolved,155,offensive cells exist and no static return/recovery frame is known
00d,Xianghua,sidestep_up_candidate,2969,528,0249,(any:up),False,False,True,True,decoded_root_motion,2,2,12,,,,unknown_from_static_bytecode,unknown,00d,Xianghua,local,resolved_local,unresolved,155,offensive cells exist and no static return/recovery frame is known
00d,Xianghua,sidestep_up_candidate,2970,528,0249,(any:up),False,False,True,True,decoded_root_motion,2,2,12,,,,unknown_from_static_bytecode,unknown,00d,Xianghua,local,resolved_local,unresolved,155,offensive cells exist and no static return/recovery frame is known
00d,Xianghua,sidestep_up_candidate,2971,528,0249,(any:up),False,False,True,True,decoded_root_motion,2,2,12,,,,unknown_from_static_bytecode,unknown,00d,Xianghua,local,resolved_local,unresolved,155,offensive cells exist and no static return/recovery frame is known
00d,Xianghua,sidestep_up_candidate,2974,544,0249,(any:up),False,False,True,True,decoded_root_motion,2,2,12,,,,unknown_from_static_bytecode,unknown,00d,Xianghua,local,resolved_local,unresolved,155,offensive cells exist and no static return/recovery frame is known
00d,Xianghua,sidestep_up_candidate,2975,544,0249,(any:up),False,False,True,True,decoded_root_motion,2,2,12,,,,unknown_from_static_bytecode,unknown,00d,Xianghua,local,resolved_local,unresolved,155,offensive cells exist and no static return/recovery frame is known
00f,Yoshimitsu,back_diagonal,545,544,0235,(back+up),True,True,True,True,decoded_root_motion,1,1,27,,,,unknown_from_static_bytecode,unknown,00f,Yoshimitsu,local,resolved_local,unresolved,148,offensive cells exist and no static return/recovery frame is known
00f,Yoshimitsu,back_diagonal,365,366,0322,(back+up),False,False,True,True,decoded_root_motion,1,1,24,,,,unknown_from_static_bytecode,unknown,00f,Yoshimitsu,local,resolved_local,unresolved,148,offensive cells exist and no static return/recovery frame is known
00f,Yoshimitsu,back_diagonal,454,366,0322,(back+up),False,False,True,True,decoded_root_motion,1,1,24,,,,unknown_from_static_bytecode,unknown,00f,Yoshimitsu,local,resolved_local,unresolved,148,offensive cells exist and no static return/recovery frame is known
00f,Yoshimitsu,back_diagonal,626,627,0017,(back+up),False,False,True,True,decoded_root_motion,1,1,60,,,,unknown_from_static_bytecode,unknown,00f,Yoshimitsu,local,resolved_local,unresolved,148,offensive cells exist and no static return/recovery frame is known
00f,Yoshimitsu,back_diagonal,3050,543,0234,(back+up),False,False,True,True,decoded_root_motion,1,1,29,,,,unknown_from_static_bytecode,unknown,00f,Yoshimitsu,local,resolved_local,unresolved,148,offensive cells exist and no static return/recovery frame is known
00f,Yoshimitsu,backstep_candidate,257,258,00AD,(any:back),True,True,True,True,decoded_root_motion,2,2,13,,,,unknown_from_static_bytecode,unknown,00f,Yoshimitsu,local,resolved_local,unresolved,155,offensive cells exist and no static return/recovery frame is known
00f,Yoshimitsu,backstep_candidate,262,263,0384,(any:back),True,True,True,True,decoded_root_motion,1,1,25,,,,unknown_from_static_bytecode,unknown,00f,Yoshimitsu,local,resolved_local,unresolved,155,offensive cells exist and no static return/recovery frame is known
00f,Yoshimitsu,backstep_candidate,267,268,026B,(any:back),True,True,True,True,decoded_root_motion,1,1,21,,,,unknown_from_static_bytecode,unknown,00f,Yoshimitsu,local,resolved_local,unresolved,155,offensive cells exist and no static return/recovery frame is known
00f,Yoshimitsu,backstep_candidate,267,268,026B,(any:back),True,True,True,True,decoded_root_motion,1,1,21,,,,unknown_from_static_bytecode,unknown,00f,Yoshimitsu,local,resolved_local,unresolved,155,offensive cells exist and no static return/recovery frame is known
00f,Yoshimitsu,backstep_candidate,275,276,031C,(any:back),True,True,True,True,decoded_root_motion,1,1,10,,,,unknown_from_static_bytecode,unknown,00f,Yoshimitsu,local,resolved_local,unresolved,155,offensive cells exist and no static return/recovery frame is known
00f,Yoshimitsu,backstep_candidate,287,291,0139,(any:back),True,True,True,True,decoded_root_motion,1,1,12,,,,unknown_from_static_bytecode,unknown,00f,Yoshimitsu,local,resolved_local,unresolved,155,offensive cells exist and no static return/recovery frame is known
00f,Yoshimitsu,backstep_candidate,287,292,0139,(any:back),True,True,True,True,decoded_root_motion,1,1,12,,,,unknown_from_static_bytecode,unknown,00f,Yoshimitsu,local,resolved_local,unresolved,155,offensive cells exist and no static return/recovery frame is known
00f,Yoshimitsu,backstep_candidate,311,313,0367,(any:back),True,True,True,True,decoded_root_motion,1,1,24,,,,unknown_from_static_bytecode,unknown,00f,Yoshimitsu,local,resolved_local,unresolved,155,offensive cells exist and no static return/recovery frame is known
00f,Yoshimitsu,backstep_candidate,390,391,031E,(any:back),True,True,True,True,decoded_root_motion,1,1,9,,,,unknown_from_static_bytecode,unknown,00f,Yoshimitsu,local,resolved_local,unresolved,155,offensive cells exist and no static return/recovery frame is known
00f,Yoshimitsu,backstep_candidate,545,545,0279,(any:back),True,True,True,True,decoded_root_motion,1,1,15,,,,unknown_from_static_bytecode,unknown,00f,Yoshimitsu,local,resolved_local,unresolved,155,offensive cells exist and no static return/recovery frame is known
00f,Yoshimitsu,backstep_candidate,2142,1776,1490,(any:back),True,True,True,False,unknown_without_root_motion_decode,0,0,,,,,unknown_from_static_bytecode,unknown,00f,Yoshimitsu,move_bucket_2,resolved_move_bucket,unresolved,113,root motion did not decode with high confidence
00f,Yoshimitsu,backstep_candidate,258,259,0388,(any:back),False,False,True,True,decoded_root_motion,1,1,29,,,,unknown_from_static_bytecode,unknown,00f,Yoshimitsu,local,resolved_local,unresolved,155,offensive cells exist and no static return/recovery frame is known
00f,Yoshimitsu,backstep_candidate,266,263,0384,(any:back),False,False,True,True,decoded_root_motion,1,1,25,,,,unknown_from_static_bytecode,unknown,00f,Yoshimitsu,local,resolved_local,unresolved,155,offensive cells exist and no static return/recovery frame is known
00f,Yoshimitsu,backstep_candidate,276,277,031C,(any:back),False,False,True,True,decoded_root_motion,2,2,10,,,,unknown_from_static_bytecode,unknown,00f,Yoshimitsu,local,resolved_local,unresolved,155,offensive cells exist and no static return/recovery frame is known
00f,Yoshimitsu,backstep_candidate,277,278,031C,(any:back),False,False,True,True,decoded_root_motion,2,2,10,,,,unknown_from_static_bytecode,unknown,00f,Yoshimitsu,local,resolved_local,unresolved,155,offensive cells exist and no static return/recovery frame is known
00f,Yoshimitsu,backstep_candidate,278,279,031C,(any:back),False,False,True,True,decoded_root_motion,1,1,10,,,,unknown_from_static_bytecode,unknown,00f,Yoshimitsu,local,resolved_local,unresolved,155,offensive cells exist and no static return/recovery frame is known
00f,Yoshimitsu,backstep_candidate,368,371,0168,(any:back),False,False,True,True,decoded_root_motion,1,1,7,,,,unknown_from_static_bytecode,unknown,00f,Yoshimitsu,local,resolved_local,unresolved,155,offensive cells exist and no static return/recovery frame is known
00f,Yoshimitsu,backstep_candidate,371,372,0168,(any:back),False,False,True,True,decoded_root_motion,1,1,7,,,,unknown_from_static_bytecode,unknown,00f,Yoshimitsu,local,resolved_local,unresolved,155,offensive cells exist and no static return/recovery frame is known
00f,Yoshimitsu,backstep_candidate,372,373,0168,(any:back),False,False,True,True,decoded_root_motion,1,1,7,,,,unknown_from_static_bytecode,unknown,00f,Yoshimitsu,local,resolved_local,unresolved,155,offensive cells exist and no static return/recovery frame is known
00f,Yoshimitsu,backstep_candidate,379,382,0168,(any:back),False,False,True,True,decoded_root_motion,1,1,7,,,,unknown_from_static_bytecode,unknown,00f,Yoshimitsu,local,resolved_local,unresolved,155,offensive cells exist and no static return/recovery frame is known
00f,Yoshimitsu,backstep_candidate,382,383,0168,(any:back),False,False,True,True,decoded_root_motion,1,1,7,,,,unknown_from_static_bytecode,unknown,00f,Yoshimitsu,local,resolved_local,unresolved,155,offensive cells exist and no static return/recovery frame is known
00f,Yoshimitsu,backstep_candidate,383,384,0168,(any:back),False,False,True,True,decoded_root_motion,1,1,7,,,,unknown_from_static_bytecode,unknown,00f,Yoshimitsu,local,resolved_local,unresolved,155,offensive cells exist and no static return/recovery frame is known
00f,Yoshimitsu,backstep_candidate,391,392,031E,(any:back),False,False,True,True,decoded_root_motion,2,2,9,,,,unknown_from_static_bytecode,unknown,00f,Yoshimitsu,local,resolved_local,unresolved,155,offensive cells exist and no static return/recovery frame is known
00f,Yoshimitsu,backstep_candidate,392,393,031E,(any:back),False,False,True,True,decoded_root_motion,2,2,9,,,,unknown_from_static_bytecode,unknown,00f,Yoshimitsu,local,resolved_local,unresolved,155,offensive cells exist and no static return/recovery frame is known
00f,Yoshimitsu,backstep_candidate,393,394,031E,(any:back),False,False,True,True,decoded_root_motion,1,1,9,,,,unknown_from_static_bytecode,unknown,00f,Yoshimitsu,local,resolved_local,unresolved,155,offensive cells exist and no static return/recovery frame is known
00f,Yoshimitsu,backstep_candidate,543,545,0279,(any:back),False,False,True,True,decoded_root_motion,1,1,15,,,,unknown_from_static_bytecode,unknown,00f,Yoshimitsu,local,resolved_local,unresolved,155,offensive cells exist and no static return/recovery frame is known
00f,Yoshimitsu,backstep_candidate,606,607,0076,(any:back),False,False,True,True,decoded_root_motion,1,1,22,,,,unknown_from_static_bytecode,unknown,00f,Yoshimitsu,local,resolved_local,unresolved,155,offensive cells exist and no static return/recovery frame is known
00f,Yoshimitsu,backstep_candidate,3058,588,0233,(any:back),False,False,True,True,decoded_root_motion,1,1,20,,,,unknown_from_static_bytecode,unknown,00f,Yoshimitsu,local,resolved_local,unresolved,155,offensive cells exist and no static return/recovery frame is known
00f,Yoshimitsu,backstep_candidate,2143,2445,1255,(any:back),False,False,True,False,unknown_without_root_motion_decode,0,0,,,,,unknown_from_static_bytecode,unknown,00f,Yoshimitsu,move_bucket_2,resolved_move_bucket,unresolved,113,root motion did not decode with high confidence
00f,Yoshimitsu,backstep_candidate,2276,2451,15DF,(any:back),False,False,True,False,unknown_without_root_motion_decode,0,0,,,,,unknown_from_static_bytecode,unknown,00f,Yoshimitsu,move_bucket_2,resolved_move_bucket,unresolved,113,root motion did not decode with high confidence
00f,Yoshimitsu,backstep_candidate,2278,2451,15DF,(any:back),False,False,True,False,unknown_without_root_motion_decode,0,0,,,,,unknown_from_static_bytecode,unknown,00f,Yoshimitsu,move_bucket_2,resolved_move_bucket,unresolved,113,root motion did not decode with high confidence
00f,Yoshimitsu,backstep_candidate,2332,2454,1167,(any:back),False,False,True,False,unknown_without_root_motion_decode,0,0,,,,,unknown_from_static_bytecode,unknown,00f,Yoshimitsu,move_bucket_2,resolved_move_bucket,unresolved,113,root motion did not decode with high confidence
00f,Yoshimitsu,backstep_candidate,2371,2456,1250,(any:back),False,False,True,False,unknown_without_root_motion_decode,0,0,,,,,unknown_from_static_bytecode,unknown,00f,Yoshimitsu,move_bucket_2,resolved_move_bucket,unresolved,113,root motion did not decode with high confidence
00f,Yoshimitsu,eight_way_or_ambiguous,161,164,00A7,(any:back|forward|down),True,True,True,True,decoded_root_motion,0,0,,,,,unknown_from_static_bytecode,unknown,00f,Yoshimitsu,local,resolved_local,trusted_basic,182,direct movement predicate; same-bank route; root motion decoded; source is neutral-like; no active offensive cells on destination slot
00f,Yoshimitsu,eight_way_or_ambiguous,334,336,0209,(back+forward),True,True,True,True,decoded_root_motion,0,0,,,,,unknown_from_static_bytecode,unknown,00f,Yoshimitsu,local,resolved_local,trusted_basic,182,direct movement predicate; same-bank route; root motion decoded; source is neutral-like; no active offensive cells on destination slot
00f,Yoshimitsu,eight_way_or_ambiguous,336,337,0209,(back+forward),True,True,True,True,decoded_root_motion,0,0,,,,,unknown_from_static_bytecode,unknown,00f,Yoshimitsu,local,resolved_local,trusted_basic,182,direct movement predicate; same-bank route; root motion decoded; source is neutral-like; no active offensive cells on destination slot
00f,Yoshimitsu,eight_way_or_ambiguous,444,445,01E4,(back+forward),True,True,True,True,decoded_root_motion,0,0,,,,,unknown_from_static_bytecode,unknown,00f,Yoshimitsu,local,resolved_local,trusted_basic,182,direct movement predicate; same-bank route; root motion decoded; source is neutral-like; no active offensive cells on destination slot
00f,Yoshimitsu,eight_way_or_ambiguous,448,445,01E4,(back+forward),True,True,True,True,decoded_root_motion,0,0,,,,,unknown_from_static_bytecode,unknown,00f,Yoshimitsu,local,resolved_local,trusted_basic,182,direct movement predicate; same-bank route; root motion decoded; source is neutral-like; no active offensive cells on destination slot
00f,Yoshimitsu,eight_way_or_ambiguous,334,338,02A8,(back+forward+up+down;any:back|forward|up|down),True,True,True,True,decoded_root_motion,1,1,28,,,,unknown_from_static_bytecode,unknown,00f,Yoshimitsu,local,resolved_local,unresolved,132,offensive cells exist and no static return/recovery frame is known
00f,Yoshimitsu,eight_way_or_ambiguous,336,338,02A8,(back+forward),True,True,True,True,decoded_root_motion,1,1,28,,,,unknown_from_static_bytecode,unknown,00f,Yoshimitsu,local,resolved_local,unresolved,132,offensive cells exist and no static return/recovery frame is known
00f,Yoshimitsu,eight_way_or_ambiguous,336,339,02A8,(back+forward),True,True,True,True,decoded_root_motion,1,1,35,,,,unknown_from_static_bytecode,unknown,00f,Yoshimitsu,local,resolved_local,unresolved,132,offensive cells exist and no static return/recovery frame is known
00f,Yoshimitsu,eight_way_or_ambiguous,443,444,00E8,(back+forward),True,True,True,True,decoded_root_motion,2,2,14,,,,unknown_from_static_bytecode,unknown,00f,Yoshimitsu,local,resolved_local,unresolved,132,offensive cells exist and no static return/recovery frame is known
00f,Yoshimitsu,eight_way_or_ambiguous,335,336,0209,(back+forward),False,False,True,True,decoded_root_motion,0,0,,,,,unknown_from_static_bytecode,unknown,00f,Yoshimitsu,local,resolved_local,measured_but_not_basic,132,source is not proven neutral or stance-root basic movement
00f,Yoshimitsu,eight_way_or_ambiguous,337,337,0209,(back+forward),False,False,True,True,decoded_root_motion,0,0,,,,,unknown_from_static_bytecode,unknown,00f,Yoshimitsu,local,resolved_local,measured_but_not_basic,132,source is not proven neutral or stance-root basic movement
00f,Yoshimitsu,eight_way_or_ambiguous,497,527,00E2,(back+forward+up+down;any:back|forward|up|down),False,False,True,True,decoded_root_motion,0,0,,,,,unknown_from_static_bytecode,unknown,00f,Yoshimitsu,local,resolved_local,measured_but_not_basic,132,source is not proven neutral or stance-root basic movement
00f,Yoshimitsu,eight_way_or_ambiguous,498,527,00E2,(back+forward+up+down;any:back|forward|up|down),False,False,True,True,decoded_root_motion,0,0,,,,,unknown_from_static_bytecode,unknown,00f,Yoshimitsu,local,resolved_local,measured_but_not_basic,132,source is not proven neutral or stance-root basic movement
00f,Yoshimitsu,eight_way_or_ambiguous,573,499,02C6,(back+forward+up+down;any:back|forward|up|down),False,False,True,True,decoded_root_motion,0,0,,,,,unknown_from_static_bytecode,unknown,00f,Yoshimitsu,local,resolved_local,measured_but_not_basic,132,source is not proven neutral or stance-root basic movement
00f,Yoshimitsu,eight_way_or_ambiguous,613,358,0014,(back+forward+up+down;any:back|forward|up|down),False,False,True,True,decoded_root_motion,0,0,,,,,unknown_from_static_bytecode,unknown,00f,Yoshimitsu,local,resolved_local,measured_but_not_basic,132,source is not proven neutral or stance-root basic movement
00f,Yoshimitsu,eight_way_or_ambiguous,335,338,02A8,(back+forward+up+down;any:back|forward|up|down),False,False,True,True,decoded_root_motion,1,1,28,,,,unknown_from_static_bytecode,unknown,00f,Yoshimitsu,local,resolved_local,unresolved,132,offensive cells exist and no static return/recovery frame is known
00f,Yoshimitsu,eight_way_or_ambiguous,337,339,02A8,(back+forward),False,False,True,True,decoded_root_motion,1,1,35,,,,unknown_from_static_bytecode,unknown,00f,Yoshimitsu,local,resolved_local,unresolved,132,offensive cells exist and no static return/recovery frame is known
00f,Yoshimitsu,eight_way_or_ambiguous,350,342,010C,(back+forward),False,False,True,True,decoded_root_motion,1,1,21,,,,unknown_from_static_bytecode,unknown,00f,Yoshimitsu,local,resolved_local,unresolved,132,offensive cells exist and no static return/recovery frame is known
00f,Yoshimitsu,eight_way_or_ambiguous,447,448,0230,(back+forward),False,False,True,True,decoded_root_motion,2,2,14,,,,unknown_from_static_bytecode,unknown,00f,Yoshimitsu,local,resolved_local,unresolved,132,offensive cells exist and no static return/recovery frame is known
00f,Yoshimitsu,eight_way_or_ambiguous,3049,504,0380,(back+forward),False,False,True,True,decoded_root_motion,1,1,17,,,,unknown_from_static_bytecode,unknown,00f,Yoshimitsu,local,resolved_local,unresolved,132,offensive cells exist and no static return/recovery frame is known
00f,Yoshimitsu,forward_diagonal,345,349,02E4,(forward+up),True,True,True,True,decoded_root_motion,0,0,,,,,unknown_from_static_bytecode,unknown,00f,Yoshimitsu,local,resolved_local,trusted_basic,198,direct movement predicate; same-bank route; root motion decoded; source is neutral-like; no active offensive cells on destination slot
00f,Yoshimitsu,forward_diagonal,345,349,02E4,(forward+up),True,True,True,True,decoded_root_motion,0,0,,,,,unknown_from_static_bytecode,unknown,00f,Yoshimitsu,local,resolved_local,trusted_basic,198,direct movement predicate; same-bank route; root motion decoded; source is neutral-like; no active offensive cells on destination slot
00f,Yoshimitsu,forward_diagonal,443,447,0231,(forward+up),True,True,True,True,decoded_root_motion,2,2,19,,,,unknown_from_static_bytecode,unknown,00f,Yoshimitsu,local,resolved_local,unresolved,148,offensive cells exist and no static return/recovery frame is known
00f,Yoshimitsu,forward_diagonal,611,349,02E4,(forward+up),False,False,True,True,decoded_root_motion,0,0,,,,,unknown_from_static_bytecode,unknown,00f,Yoshimitsu,local,resolved_local,measured_but_not_basic,148,source is not proven neutral or stance-root basic movement
00f,Yoshimitsu,forward_diagonal,611,349,02E4,(forward+up),False,False,True,True,decoded_root_motion,0,0,,,,,unknown_from_static_bytecode,unknown,00f,Yoshimitsu,local,resolved_local,measured_but_not_basic,148,source is not proven neutral or stance-root basic movement
00f,Yoshimitsu,forward_diagonal,3050,546,0244,(forward+up),False,False,True,True,decoded_root_motion,0,0,,,,,unknown_from_static_bytecode,unknown,00f,Yoshimitsu,local,resolved_local,measured_but_not_basic,148,source is not proven neutral or stance-root basic movement
00f,Yoshimitsu,forward_diagonal,3050,547,02CF,(forward+up),False,False,True,True,decoded_root_motion,0,0,,,,,unknown_from_static_bytecode,unknown,00f,Yoshimitsu,local,resolved_local,measured_but_not_basic,148,source is not proven neutral or stance-root basic movement
00f,Yoshimitsu,forward_diagonal,3050,549,0246,(forward+up),False,False,True,True,decoded_root_motion,0,0,,,,,unknown_from_static_bytecode,unknown,00f,Yoshimitsu,local,resolved_local,measured_but_not_basic,148,source is not proven neutral or stance-root basic movement
00f,Yoshimitsu,forward_diagonal,611,348,0011,(forward+up),False,False,True,True,decoded_root_motion,1,1,61,,,,unknown_from_static_bytecode,unknown,00f,Yoshimitsu,local,resolved_local,unresolved,148,offensive cells exist and no static return/recovery frame is known
00f,Yoshimitsu,forward_step_candidate,305,306,00F9,(any:forward),True,True,True,True,decoded_root_motion,1,0,,,,,unknown_from_static_bytecode,unknown,00f,Yoshimitsu,local,resolved_local,trusted_basic,205,direct movement predicate; same-bank route; root motion decoded; source is neutral-like; no active offensive cells on destination slot
00f,Yoshimitsu,forward_step_candidate,311,312,0367,(any:forward),True,True,True,True,decoded_root_motion,0,0,,,,,unknown_from_static_bytecode,unknown,00f,Yoshimitsu,local,resolved_local,trusted_basic,205,direct movement predicate; same-bank route; root motion decoded; source is neutral-like; no active offensive cells on destination slot
00f,Yoshimitsu,forward_step_candidate,311,314,0367,(any:forward),True,True,True,True,decoded_root_motion,0,0,,,,,unknown_from_static_bytecode,unknown,00f,Yoshimitsu,local,resolved_local,trusted_basic,205,direct movement predicate; same-bank route; root motion decoded; source is neutral-like; no active offensive cells on destination slot
00f,Yoshimitsu,forward_step_candidate,262,264,0385,(any:forward),True,True,True,True,decoded_root_motion,1,1,23,,,,unknown_from_static_bytecode,unknown,00f,Yoshimitsu,local,resolved_local,unresolved,155,offensive cells exist and no static return/recovery frame is known
00f,Yoshimitsu,forward_step_candidate,272,273,0012,(any:forward),True,True,True,True,decoded_root_motion,2,2,9,,,,unknown_from_static_bytecode,unknown,00f,Yoshimitsu,local,resolved_local,unresolved,155,offensive cells exist and no static return/recovery frame is known
00f,Yoshimitsu,forward_step_candidate,272,273,0012,(any:forward),True,True,True,True,decoded_root_motion,2,2,9,,,,unknown_from_static_bytecode,unknown,00f,Yoshimitsu,local,resolved_local,unresolved,155,offensive cells exist and no static return/recovery frame is known
00f,Yoshimitsu,forward_step_candidate,287,288,00AB,(any:forward),True,True,True,True,decoded_root_motion,2,2,16,,,,unknown_from_static_bytecode,unknown,00f,Yoshimitsu,local,resolved_local,unresolved,155,offensive cells exist and no static return/recovery frame is known
00f,Yoshimitsu,forward_step_candidate,388,389,0012,(any:forward),True,True,True,True,decoded_root_motion,2,2,9,,,,unknown_from_static_bytecode,unknown,00f,Yoshimitsu,local,resolved_local,unresolved,155,offensive cells exist and no static return/recovery frame is known
00f,Yoshimitsu,forward_step_candidate,388,389,0012,(any:forward),True,True,True,True,decoded_root_motion,2,2,9,,,,unknown_from_static_bytecode,unknown,00f,Yoshimitsu,local,resolved_local,unresolved,155,offensive cells exist and no static return/recovery frame is known
00f,Yoshimitsu,forward_step_candidate,2142,1776,1490,(any:forward),True,True,True,False,unknown_without_root_motion_decode,0,0,,,,,unknown_from_static_bytecode,unknown,00f,Yoshimitsu,move_bucket_2,resolved_move_bucket,unresolved,113,root motion did not decode with high confidence
00f,Yoshimitsu,forward_step_candidate,168,456,013F,(any:forward),False,False,True,True,decoded_root_motion,1,0,,,,,unknown_from_static_bytecode,unknown,00f,Yoshimitsu,local,resolved_local,measured_but_not_basic,155,source is not proven neutral or stance-root basic movement
00f,Yoshimitsu,forward_step_candidate,302,303,035B,(any:forward),False,False,True,True,decoded_root_motion,0,0,,,,,unknown_from_static_bytecode,unknown,00f,Yoshimitsu,local,resolved_local,measured_but_not_basic,155,source is not proven neutral or stance-root basic movement
00f,Yoshimitsu,forward_step_candidate,306,307,00F9,(any:forward),False,False,True,True,decoded_root_motion,1,0,,,,,unknown_from_static_bytecode,unknown,00f,Yoshimitsu,local,resolved_local,measured_but_not_basic,155,source is not proven neutral or stance-root basic movement
00f,Yoshimitsu,forward_step_candidate,327,328,00F9,(any:forward),False,False,True,True,decoded_root_motion,1,0,,,,,unknown_from_static_bytecode,unknown,00f,Yoshimitsu,local,resolved_local,measured_but_not_basic,155,source is not proven neutral or stance-root basic movement
00f,Yoshimitsu,forward_step_candidate,328,307,00F9,(any:forward),False,False,True,True,decoded_root_motion,1,0,,,,,unknown_from_static_bytecode,unknown,00f,Yoshimitsu,local,resolved_local,measured_but_not_basic,155,source is not proven neutral or stance-root basic movement
00f,Yoshimitsu,forward_step_candidate,358,359,0014,(any:forward),False,False,True,True,decoded_root_motion,0,0,,,,,unknown_from_static_bytecode,unknown,00f,Yoshimitsu,local,resolved_local,measured_but_not_basic,155,source is not proven neutral or stance-root basic movement
00f,Yoshimitsu,forward_step_candidate,359,360,0014,(any:forward),False,False,True,True,decoded_root_motion,0,0,,,,,unknown_from_static_bytecode,unknown,00f,Yoshimitsu,local,resolved_local,measured_but_not_basic,155,source is not proven neutral or stance-root basic movement
00f,Yoshimitsu,forward_step_candidate,360,361,0014,(any:forward),False,False,True,True,decoded_root_motion,0,0,,,,,unknown_from_static_bytecode,unknown,00f,Yoshimitsu,local,resolved_local,measured_but_not_basic,155,source is not proven neutral or stance-root basic movement
00f,Yoshimitsu,forward_step_candidate,361,362,0014,(any:forward),False,False,True,True,decoded_root_motion,0,0,,,,,unknown_from_static_bytecode,unknown,00f,Yoshimitsu,local,resolved_local,measured_but_not_basic,155,source is not proven neutral or stance-root basic movement
00f,Yoshimitsu,forward_step_candidate,362,363,000E,(any:forward),False,False,True,True,decoded_root_motion,0,0,,,,,unknown_from_static_bytecode,unknown,00f,Yoshimitsu,local,resolved_local,measured_but_not_basic,155,source is not proven neutral or stance-root basic movement
00f,Yoshimitsu,forward_step_candidate,266,264,0385,(any:forward),False,False,True,True,decoded_root_motion,1,1,23,,,,unknown_from_static_bytecode,unknown,00f,Yoshimitsu,local,resolved_local,unresolved,155,offensive cells exist and no static return/recovery frame is known
00f,Yoshimitsu,forward_step_candidate,296,297,00F6,(any:forward),False,False,True,True,decoded_root_motion,1,1,16,,,,unknown_from_static_bytecode,unknown,00f,Yoshimitsu,local,resolved_local,unresolved,155,offensive cells exist and no static return/recovery frame is known
00f,Yoshimitsu,forward_step_candidate,297,298,00F7,(any:forward),False,False,True,True,decoded_root_motion,2,2,25,,,,unknown_from_static_bytecode,unknown,00f,Yoshimitsu,local,resolved_local,unresolved,155,offensive cells exist and no static return/recovery frame is known
00f,Yoshimitsu,forward_step_candidate,300,301,0359,(any:forward),False,False,True,True,decoded_root_motion,1,1,24,,,,unknown_from_static_bytecode,unknown,00f,Yoshimitsu,local,resolved_local,unresolved,155,offensive cells exist and no static return/recovery frame is known
00f,Yoshimitsu,forward_step_candidate,301,302,0359,(any:forward),False,False,True,True,decoded_root_motion,1,1,32,,,,unknown_from_static_bytecode,unknown,00f,Yoshimitsu,local,resolved_local,unresolved,155,offensive cells exist and no static return/recovery frame is known
00f,Yoshimitsu,forward_step_candidate,302,304,035C,(any:forward),False,False,True,True,decoded_root_motion,3,3,23,,,,unknown_from_static_bytecode,unknown,00f,Yoshimitsu,local,resolved_local,unresolved,155,offensive cells exist and no static return/recovery frame is known
00f,Yoshimitsu,forward_step_candidate,306,308,00FA,(any:forward),False,False,True,True,decoded_root_motion,1,1,9,,,,unknown_from_static_bytecode,unknown,00f,Yoshimitsu,local,resolved_local,unresolved,155,offensive cells exist and no static return/recovery frame is known
00f,Yoshimitsu,forward_step_candidate,307,309,00FA,(any:forward),False,False,True,True,decoded_root_motion,1,1,9,,,,unknown_from_static_bytecode,unknown,00f,Yoshimitsu,local,resolved_local,unresolved,155,offensive cells exist and no static return/recovery frame is known
00f,Yoshimitsu,forward_step_candidate,307,310,00FA,(any:forward),False,False,True,True,decoded_root_motion,1,1,9,,,,unknown_from_static_bytecode,unknown,00f,Yoshimitsu,local,resolved_local,unresolved,155,offensive cells exist and no static return/recovery frame is known
00f,Yoshimitsu,forward_step_candidate,328,308,00FA,(any:forward),False,False,True,True,decoded_root_motion,1,1,9,,,,unknown_from_static_bytecode,unknown,00f,Yoshimitsu,local,resolved_local,unresolved,155,offensive cells exist and no static return/recovery frame is known
00f,Yoshimitsu,forward_step_candidate,501,502,007E,(any:forward),False,False,True,True,decoded_root_motion,1,1,16,,,,unknown_from_static_bytecode,unknown,00f,Yoshimitsu,local,resolved_local,unresolved,155,offensive cells exist and no static return/recovery frame is known
00f,Yoshimitsu,forward_step_candidate,547,548,0252,(any:forward),False,False,True,True,decoded_root_motion,1,1,10,,,,unknown_from_static_bytecode,unknown,00f,Yoshimitsu,local,resolved_local,unresolved,155,offensive cells exist and no static return/recovery frame is known
00f,Yoshimitsu,forward_step_candidate,552,553,033C,(any:forward),False,False,True,True,decoded_root_motion,1,1,27,,,,unknown_from_static_bytecode,unknown,00f,Yoshimitsu,local,resolved_local,unresolved,155,offensive cells exist and no static return/recovery frame is known
00f,Yoshimitsu,forward_step_candidate,553,554,033C,(any:forward),False,False,True,True,decoded_root_motion,1,1,36,,,,unknown_from_static_bytecode,unknown,00f,Yoshimitsu,local,resolved_local,unresolved,155,offensive cells exist and no static return/recovery frame is known
00f,Yoshimitsu,forward_step_candidate,3049,500,005C,(any:forward),False,False,True,True,decoded_root_motion,1,1,35,,,,unknown_from_static_bytecode,unknown,00f,Yoshimitsu,local,resolved_local,unresolved,155,offensive cells exist and no static return/recovery frame is known
00f,Yoshimitsu,forward_step_candidate,3049,503,0245,(any:forward),False,False,True,True,decoded_root_motion,2,2,23,,,,unknown_from_static_bytecode,unknown,00f,Yoshimitsu,local,resolved_local,unresolved,155,offensive cells exist and no static return/recovery frame is known
00f,Yoshimitsu,forward_step_candidate,3050,539,0382,(any:forward),False,False,True,True,decoded_root_motion,1,1,15,,,,unknown_from_static_bytecode,unknown,00f,Yoshimitsu,local,resolved_local,unresolved,155,offensive cells exist and no static return/recovery frame is known
00f,Yoshimitsu,forward_step_candidate,3055,440,011A,(any:forward),False,False,True,True,decoded_root_motion,1,1,41,,,,unknown_from_static_bytecode,unknown,00f,Yoshimitsu,local,resolved_local,unresolved,155,offensive cells exist and no static return/recovery frame is known
00f,Yoshimitsu,forward_step_candidate,3056,552,033C,(any:forward),False,False,True,True,decoded_root_motion,1,1,17,,,,unknown_from_static_bytecode,unknown,00f,Yoshimitsu,local,resolved_local,unresolved,155,offensive cells exist and no static return/recovery frame is known
00f,Yoshimitsu,forward_step_candidate,3056,564,020A,(any:forward),False,False,True,True,decoded_root_motion,1,1,19,,,,unknown_from_static_bytecode,unknown,00f,Yoshimitsu,local,resolved_local,unresolved,155,offensive cells exist and no static return/recovery frame is known
00f,Yoshimitsu,forward_step_candidate,3058,586,023C,(any:forward),False,False,True,True,decoded_root_motion,1,1,17,,,,unknown_from_static_bytecode,unknown,00f,Yoshimitsu,local,resolved_local,unresolved,155,offensive cells exist and no static return/recovery frame is known
00f,Yoshimitsu,forward_step_candidate,3058,589,023F,(any:forward),False,False,True,True,decoded_root_motion,2,1,64,,,,unknown_from_static_bytecode,unknown,00f,Yoshimitsu,local,resolved_local,unresolved,155,offensive cells exist and no static return/recovery frame is known
00f,Yoshimitsu,forward_step_candidate,2143,2445,1255,(any:forward),False,False,True,False,unknown_without_root_motion_decode,0,0,,,,,unknown_from_static_bytecode,unknown,00f,Yoshimitsu,move_bucket_2,resolved_move_bucket,unresolved,113,root motion did not decode with high confidence
00f,Yoshimitsu,forward_step_candidate,2276,2451,15DF,(any:forward),False,False,True,False,unknown_without_root_motion_decode,0,0,,,,,unknown_from_static_bytecode,unknown,00f,Yoshimitsu,move_bucket_2,resolved_move_bucket,unresolved,113,root motion did not decode with high confidence
00f,Yoshimitsu,forward_step_candidate,2278,2451,15DF,(any:forward),False,False,True,False,unknown_without_root_motion_decode,0,0,,,,,unknown_from_static_bytecode,unknown,00f,Yoshimitsu,move_bucket_2,resolved_move_bucket,unresolved,113,root motion did not decode with high confidence
00f,Yoshimitsu,forward_step_candidate,2333,2454,1167,(any:forward),False,False,True,False,unknown_without_root_motion_decode,0,0,,,,,unknown_from_static_bytecode,unknown,00f,Yoshimitsu,move_bucket_2,resolved_move_bucket,unresolved,113,root motion did not decode with high confidence
00f,Yoshimitsu,forward_step_candidate,2373,2456,1250,(any:forward),False,False,True,False,unknown_without_root_motion_decode,0,0,,,,,unknown_from_static_bytecode,unknown,00f,Yoshimitsu,move_bucket_2,resolved_move_bucket,unresolved,113,root motion did not decode with high confidence
00f,Yoshimitsu,sidestep_down_candidate,257,477,00A9,(any:down),True,True,True,True,decoded_root_motion,0,0,,,,,unknown_from_static_bytecode,unknown,00f,Yoshimitsu,local,resolved_local,trusted_basic,205,direct movement predicate; same-bank route; root motion decoded; source is neutral-like; no active offensive cells on destination slot
00f,Yoshimitsu,sidestep_down_candidate,287,478,00AA,(any:down),True,True,True,True,decoded_root_motion,0,0,,,,,unknown_from_static_bytecode,unknown,00f,Yoshimitsu,local,resolved_local,trusted_basic,205,direct movement predicate; same-bank route; root motion decoded; source is neutral-like; no active offensive cells on destination slot
00f,Yoshimitsu,sidestep_down_candidate,424,434,030D,(any:down),True,True,True,True,decoded_root_motion,0,0,,,,,unknown_from_static_bytecode,unknown,00f,Yoshimitsu,local,resolved_local,trusted_basic,205,direct movement predicate; same-bank route; root motion decoded; source is neutral-like; no active offensive cells on destination slot
00f,Yoshimitsu,sidestep_down_candidate,345,346,000D,(any:down),True,True,True,True,decoded_root_motion,1,1,24,,,,unknown_from_static_bytecode,unknown,00f,Yoshimitsu,local,resolved_local,unresolved,155,offensive cells exist and no static return/recovery frame is known
00f,Yoshimitsu,sidestep_down_candidate,345,347,000C,(any:down),True,True,True,True,decoded_root_motion,1,1,23,,,,unknown_from_static_bytecode,unknown,00f,Yoshimitsu,local,resolved_local,unresolved,155,offensive cells exist and no static return/recovery frame is known
00f,Yoshimitsu,sidestep_down_candidate,318,479,01F2,(any:down),False,False,True,True,decoded_root_motion,0,0,,,,,unknown_from_static_bytecode,unknown,00f,Yoshimitsu,local,resolved_local,measured_but_not_basic,155,source is not proven neutral or stance-root basic movement
00f,Yoshimitsu,sidestep_down_candidate,353,528,00E3,(any:down),False,False,True,True,decoded_root_motion,0,0,,,,,unknown_from_static_bytecode,unknown,00f,Yoshimitsu,local,resolved_local,measured_but_not_basic,155,source is not proven neutral or stance-root basic movement
00f,Yoshimitsu,sidestep_down_candidate,354,528,00E3,(any:down),False,False,True,True,decoded_root_motion,0,0,,,,,unknown_from_static_bytecode,unknown,00f,Yoshimitsu,local,resolved_local,measured_but_not_basic,155,source is not proven neutral or stance-root basic movement
00f,Yoshimitsu,sidestep_down_candidate,425,432,030B,(any:down),False,False,True,True,decoded_root_motion,0,0,,,,,unknown_from_static_bytecode,unknown,00f,Yoshimitsu,local,resolved_local,measured_but_not_basic,155,source is not proven neutral or stance-root basic movement
00f,Yoshimitsu,sidestep_down_candidate,426,432,030B,(any:down),False,False,True,True,decoded_root_motion,0,0,,,,,unknown_from_static_bytecode,unknown,00f,Yoshimitsu,local,resolved_local,measured_but_not_basic,155,source is not proven neutral or stance-root basic movement
00f,Yoshimitsu,sidestep_down_candidate,427,432,030B,(any:down),False,False,True,True,decoded_root_motion,0,0,,,,,unknown_from_static_bytecode,unknown,00f,Yoshimitsu,local,resolved_local,measured_but_not_basic,155,source is not proven neutral or stance-root basic movement
00f,Yoshimitsu,sidestep_down_candidate,428,432,030B,(any:down),False,False,True,True,decoded_root_motion,0,0,,,,,unknown_from_static_bytecode,unknown,00f,Yoshimitsu,local,resolved_local,measured_but_not_basic,155,source is not proven neutral or stance-root basic movement
00f,Yoshimitsu,sidestep_down_candidate,429,432,030B,(any:down),False,False,True,True,decoded_root_motion,0,0,,,,,unknown_from_static_bytecode,unknown,00f,Yoshimitsu,local,resolved_local,measured_but_not_basic,155,source is not proven neutral or stance-root basic movement
00f,Yoshimitsu,sidestep_down_candidate,430,432,030B,(any:down),False,False,True,True,decoded_root_motion,0,0,,,,,unknown_from_static_bytecode,unknown,00f,Yoshimitsu,local,resolved_local,measured_but_not_basic,155,source is not proven neutral or stance-root basic movement
00f,Yoshimitsu,sidestep_down_candidate,445,528,00E3,(any:down),False,False,True,True,decoded_root_motion,0,0,,,,,unknown_from_static_bytecode,unknown,00f,Yoshimitsu,local,resolved_local,measured_but_not_basic,155,source is not proven neutral or stance-root basic movement
00f,Yoshimitsu,sidestep_down_candidate,494,528,00E3,(any:down),False,False,True,True,decoded_root_motion,0,0,,,,,unknown_from_static_bytecode,unknown,00f,Yoshimitsu,local,resolved_local,measured_but_not_basic,155,source is not proven neutral or stance-root basic movement
00f,Yoshimitsu,sidestep_down_candidate,540,542,020D,(any:down),False,False,True,True,decoded_root_motion,0,0,,,,,unknown_from_static_bytecode,unknown,00f,Yoshimitsu,local,resolved_local,measured_but_not_basic,155,source is not proven neutral or stance-root basic movement
00f,Yoshimitsu,sidestep_down_candidate,595,528,00E3,(any:down),False,False,True,True,decoded_root_motion,0,0,,,,,unknown_from_static_bytecode,unknown,00f,Yoshimitsu,local,resolved_local,measured_but_not_basic,155,source is not proven neutral or stance-root basic movement
00f,Yoshimitsu,sidestep_down_candidate,610,528,00E3,(any:down),False,False,True,True,decoded_root_motion,0,0,,,,,unknown_from_static_bytecode,unknown,00f,Yoshimitsu,local,resolved_local,measured_but_not_basic,155,source is not proven neutral or stance-root basic movement
00f,Yoshimitsu,sidestep_down_candidate,646,6,00D0,(any:down),False,False,True,True,decoded_root_motion,0,0,,,,,unknown_from_static_bytecode,unknown,00f,Yoshimitsu,local,resolved_local,measured_but_not_basic,155,source is not proven neutral or stance-root basic movement
00f,Yoshimitsu,sidestep_down_candidate,1608,1588,017B,(any:down),False,False,True,True,decoded_root_motion,0,0,,,,,unknown_from_static_bytecode,unknown,00f,Yoshimitsu,move_bucket_2,resolved_move_bucket,measured_but_not_basic,155,source is not proven neutral or stance-root basic movement
00f,Yoshimitsu,sidestep_down_candidate,2724,646,034A,(any:down),False,False,True,True,decoded_root_motion,0,0,,,,,unknown_from_static_bytecode,unknown,00f,Yoshimitsu,local,resolved_local,measured_but_not_basic,155,source is not proven neutral or stance-root basic movement
00f,Yoshimitsu,sidestep_down_candidate,2724,646,034A,(any:down),False,False,True,True,decoded_root_motion,0,0,,,,,unknown_from_static_bytecode,unknown,00f,Yoshimitsu,local,resolved_local,measured_but_not_basic,155,source is not proven neutral or stance-root basic movement
00f,Yoshimitsu,sidestep_down_candidate,3049,509,0114,(any:down),False,False,True,True,decoded_root_motion,0,0,,,,,unknown_from_static_bytecode,unknown,00f,Yoshimitsu,local,resolved_local,measured_but_not_basic,155,source is not proven neutral or stance-root basic movement
00f,Yoshimitsu,sidestep_down_candidate,3050,528,00E3,(any:down),False,False,True,True,decoded_root_motion,0,0,,,,,unknown_from_static_bytecode,unknown,00f,Yoshimitsu,local,resolved_local,measured_but_not_basic,155,source is not proven neutral or stance-root basic movement
00f,Yoshimitsu,sidestep_down_candidate,3055,442,0008,(any:down),False,False,True,True,decoded_root_motion,0,0,,,,,unknown_from_static_bytecode,unknown,00f,Yoshimitsu,local,resolved_local,measured_but_not_basic,155,source is not proven neutral or stance-root basic movement
00f,Yoshimitsu,sidestep_down_candidate,3056,551,020D,(any:down),False,False,True,True,decoded_root_motion,0,0,,,,,unknown_from_static_bytecode,unknown,00f,Yoshimitsu,local,resolved_local,measured_but_not_basic,155,source is not proven neutral or stance-root basic movement
00f,Yoshimitsu,sidestep_down_candidate,3058,585,0241,(any:down),False,False,True,True,decoded_root_motion,0,0,,,,,unknown_from_static_bytecode,unknown,00f,Yoshimitsu,local,resolved_local,measured_but_not_basic,155,source is not proven neutral or stance-root basic movement
00f,Yoshimitsu,sidestep_down_candidate,611,346,000D,(any:down),False,False,True,True,decoded_root_motion,1,1,24,,,,unknown_from_static_bytecode,unknown,00f,Yoshimitsu,local,resolved_local,unresolved,155,offensive cells exist and no static return/recovery frame is known
00f,Yoshimitsu,sidestep_down_candidate,611,347,000C,(any:down),False,False,True,True,decoded_root_motion,1,1,23,,,,unknown_from_static_bytecode,unknown,00f,Yoshimitsu,local,resolved_local,unresolved,155,offensive cells exist and no static return/recovery frame is known
00f,Yoshimitsu,sidestep_down_candidate,3067,568,02EE,(any:down),False,False,True,True,decoded_root_motion,1,1,15,,,,unknown_from_static_bytecode,unknown,00f,Yoshimitsu,local,resolved_local,unresolved,155,offensive cells exist and no static return/recovery frame is known
00f,Yoshimitsu,sidestep_up_candidate,329,319,0162,(any:up),True,True,True,True,decoded_root_motion,1,1,15,,,,unknown_from_static_bytecode,unresolved_static_data,00f,Yoshimitsu,local,resolved_local,unresolved,155,offensive cells exist and no static return/recovery frame is known
00f,Yoshimitsu,sidestep_up_candidate,334,340,02FE,(any:up),True,True,True,True,decoded_root_motion,1,1,27,,,,unknown_from_static_bytecode,unknown,00f,Yoshimitsu,local,resolved_local,unresolved,155,offensive cells exist and no static return/recovery frame is known
00f,Yoshimitsu,sidestep_up_candidate,400,401,01D3,(any:up),True,True,True,True,decoded_root_motion,1,1,7,,,,unknown_from_static_bytecode,unknown,00f,Yoshimitsu,local,resolved_local,unresolved,155,offensive cells exist and no static return/recovery frame is known
00f,Yoshimitsu,sidestep_up_candidate,332,333,02E5,(any:up),False,False,True,True,decoded_root_motion,0,0,,,,,unknown_from_static_bytecode,unknown,00f,Yoshimitsu,local,resolved_local,measured_but_not_basic,155,source is not proven neutral or stance-root basic movement
00f,Yoshimitsu,sidestep_up_candidate,3050,534,00E4,(any:up),False,False,True,True,decoded_root_motion,1,0,,,,,unknown_from_static_bytecode,unknown,00f,Yoshimitsu,local,resolved_local,measured_but_not_basic,155,source is not proven neutral or stance-root basic movement
00f,Yoshimitsu,sidestep_up_candidate,3050,536,00E4,(any:up),False,False,True,True,decoded_root_motion,1,0,,,,,unknown_from_static_bytecode,unknown,00f,Yoshimitsu,local,resolved_local,measured_but_not_basic,155,source is not proven neutral or stance-root basic movement
00f,Yoshimitsu,sidestep_up_candidate,3055,441,011B,(any:up),False,False,True,True,decoded_root_motion,0,0,,,,,unknown_from_static_bytecode,unknown,00f,Yoshimitsu,local,resolved_local,measured_but_not_basic,155,source is not proven neutral or stance-root basic movement
00f,Yoshimitsu,sidestep_up_candidate,335,340,02FE,(any:up),False,False,True,True,decoded_root_motion,1,1,27,,,,unknown_from_static_bytecode,unknown,00f,Yoshimitsu,local,resolved_local,unresolved,155,offensive cells exist and no static return/recovery frame is known
00f,Yoshimitsu,sidestep_up_candidate,618,619,0073,(any:up),False,False,True,True,decoded_root_motion,1,1,9,,,,unknown_from_static_bytecode,unknown,00f,Yoshimitsu,local,resolved_local,unresolved,155,offensive cells exist and no static return/recovery frame is known
00f,Yoshimitsu,sidestep_up_candidate,3049,501,007E,(any:up),False,False,True,True,decoded_root_motion,1,1,13,,,,unknown_from_static_bytecode,unknown,00f,Yoshimitsu,local,resolved_local,unresolved,155,offensive cells exist and no static return/recovery frame is known
00f,Yoshimitsu,sidestep_up_candidate,3056,568,02EE,(any:up),False,False,True,True,decoded_root_motion,1,1,15,,,,unknown_from_static_bytecode,unknown,00f,Yoshimitsu,local,resolved_local,unresolved,155,offensive cells exist and no static return/recovery frame is known
011,Nightmare,backstep_candidate,256,263,012B,(any:back),True,True,True,True,decoded_root_motion,0,0,,,,,unknown_from_static_bytecode,unknown,011,Nightmare,local,resolved_local,trusted_basic,205,direct movement predicate; same-bank route; root motion decoded; source is neutral-like; no active offensive cells on destination slot
011,Nightmare,backstep_candidate,268,270,009D,(any:back),True,True,True,True,decoded_root_motion,0,0,,,,,unknown_from_static_bytecode,unknown,011,Nightmare,local,resolved_local,trusted_basic,205,direct movement predicate; same-bank route; root motion decoded; source is neutral-like; no active offensive cells on destination slot
011,Nightmare,backstep_candidate,496,497,0377,(any:back),True,True,True,True,decoded_root_motion,0,0,,,,,unknown_from_static_bytecode,unresolved_static_data,011,Nightmare,local,resolved_local,trusted_basic,205,direct movement predicate; same-bank route; root motion decoded; source is neutral-like; no active offensive cells on destination slot
011,Nightmare,backstep_candidate,272,273,02C3,(any:back),True,True,True,True,decoded_root_motion,1,1,27,,,,unknown_from_static_bytecode,unknown,011,Nightmare,local,resolved_local,unresolved,155,offensive cells exist and no static return/recovery frame is known
011,Nightmare,backstep_candidate,277,278,0071,(any:back),True,True,True,True,decoded_root_motion,2,2,31,,,,unknown_from_static_bytecode,unknown,011,Nightmare,local,resolved_local,unresolved,155,offensive cells exist and no static return/recovery frame is known
011,Nightmare,backstep_candidate,423,424,01DC,(any:back),True,True,True,True,decoded_root_motion,1,1,12,,,,unknown_from_static_bytecode,unknown,011,Nightmare,local,resolved_local,unresolved,155,offensive cells exist and no static return/recovery frame is known
011,Nightmare,backstep_candidate,2947,496,0324,(any:back),True,False,True,True,decoded_root_motion,1,1,25,,,,unknown_from_static_bytecode,unknown,011,Nightmare,local,resolved_local,unresolved,155,offensive cells exist and no static return/recovery frame is known
011,Nightmare,backstep_candidate,2948,447,01A3,(any:back),True,False,True,True,decoded_root_motion,1,1,25,,,,unknown_from_static_bytecode,unknown,011,Nightmare,local,resolved_local,unresolved,155,offensive cells exist and no static return/recovery frame is known
011,Nightmare,backstep_candidate,2949,473,03F0,(any:back),True,False,True,True,decoded_root_motion,1,1,23,,,,unknown_from_static_bytecode,unknown,011,Nightmare,local,resolved_local,unresolved,155,offensive cells exist and no static return/recovery frame is known
011,Nightmare,backstep_candidate,2038,1672,1490,(any:back),True,True,True,False,unknown_without_root_motion_decode,0,0,,,,,unknown_from_static_bytecode,unknown,011,Nightmare,move_bucket_2,resolved_move_bucket,unresolved,113,root motion did not decode with high confidence
011,Nightmare,backstep_candidate,447,448,01A4,(any:back),False,False,True,True,decoded_root_motion,0,0,,,,,unknown_from_static_bytecode,unknown,011,Nightmare,local,resolved_local,measured_but_not_basic,155,source is not proven neutral or stance-root basic movement
011,Nightmare,backstep_candidate,473,474,009B,(any:back),False,False,True,True,decoded_root_motion,0,0,,,,,unknown_from_static_bytecode,unknown,011,Nightmare,local,resolved_local,measured_but_not_basic,155,source is not proven neutral or stance-root basic movement
011,Nightmare,backstep_candidate,3080,3063,0229,(any:back),False,False,True,True,decoded_root_motion,0,0,,,,,unknown_from_static_bytecode,unknown,011,Nightmare,move_bucket_3,resolved_move_bucket,measured_but_not_basic,155,source is not proven neutral or stance-root basic movement
011,Nightmare,backstep_candidate,264,266,021E,(any:back),False,False,True,True,decoded_root_motion,1,1,13,,,,unknown_from_static_bytecode,unknown,011,Nightmare,local,resolved_local,unresolved,155,offensive cells exist and no static return/recovery frame is known
011,Nightmare,backstep_candidate,359,360,0394,(any:back),False,False,True,True,decoded_root_motion,1,1,27,,,,unknown_from_static_bytecode,unknown,011,Nightmare,local,resolved_local,unresolved,155,offensive cells exist and no static return/recovery frame is known
011,Nightmare,backstep_candidate,500,501,02B6,(any:back),False,False,True,True,decoded_root_motion,1,1,14,,,,unknown_from_static_bytecode,unknown,011,Nightmare,local,resolved_local,unresolved,155,offensive cells exist and no static return/recovery frame is known
011,Nightmare,backstep_candidate,500,502,02B6,(any:back),False,False,True,True,decoded_root_motion,1,1,14,,,,unknown_from_static_bytecode,unknown,011,Nightmare,local,resolved_local,unresolved,155,offensive cells exist and no static return/recovery frame is known
011,Nightmare,backstep_candidate,2967,2968,02B6,(any:back),False,False,True,True,decoded_root_motion,1,1,33,,,,unknown_from_static_bytecode,unknown,011,Nightmare,move_bucket_3,resolved_move_bucket,unresolved,155,offensive cells exist and no static return/recovery frame is known
011,Nightmare,backstep_candidate,2977,2978,021E,(any:back),False,False,True,True,decoded_root_motion,1,1,37,,,,unknown_from_static_bytecode,unknown,011,Nightmare,move_bucket_3,resolved_move_bucket,unresolved,155,offensive cells exist and no static return/recovery frame is known
011,Nightmare,backstep_candidate,2981,2983,02A3,(any:back),False,False,True,True,decoded_root_motion,1,1,33,,,,unknown_from_static_bytecode,unknown,011,Nightmare,move_bucket_3,resolved_move_bucket,unresolved,155,offensive cells exist and no static return/recovery frame is known
011,Nightmare,backstep_candidate,2984,2985,0071,(any:back),False,False,True,True,decoded_root_motion,2,2,31,,,,unknown_from_static_bytecode,unknown,011,Nightmare,move_bucket_3,resolved_move_bucket,unresolved,155,offensive cells exist and no static return/recovery frame is known
011,Nightmare,backstep_candidate,3027,2983,02A3,(any:back),False,False,True,True,decoded_root_motion,1,1,33,,,,unknown_from_static_bytecode,unknown,011,Nightmare,move_bucket_3,resolved_move_bucket,unresolved,155,offensive cells exist and no static return/recovery frame is known
011,Nightmare,backstep_candidate,3033,3034,0394,(any:back),False,False,True,True,decoded_root_motion,1,1,27,,,,unknown_from_static_bytecode,unknown,011,Nightmare,move_bucket_3,resolved_move_bucket,unresolved,155,offensive cells exist and no static return/recovery frame is known
011,Nightmare,backstep_candidate,3056,3057,01DC,(any:back),False,False,True,True,decoded_root_motion,1,1,12,,,,unknown_from_static_bytecode,unknown,011,Nightmare,move_bucket_3,resolved_move_bucket,unresolved,155,offensive cells exist and no static return/recovery frame is known
011,Nightmare,backstep_candidate,3074,3078,0402,(any:back),False,False,True,True,decoded_root_motion,1,1,28,,,,unknown_from_static_bytecode,unknown,011,Nightmare,move_bucket_3,resolved_move_bucket,unresolved,155,offensive cells exist and no static return/recovery frame is known
011,Nightmare,backstep_candidate,2039,2341,1255,(any:back),False,False,True,False,unknown_without_root_motion_decode,0,0,,,,,unknown_from_static_bytecode,unknown,011,Nightmare,move_bucket_2,resolved_move_bucket,unresolved,113,root motion did not decode with high confidence
011,Nightmare,backstep_candidate,2172,2347,15DF,(any:back),False,False,True,False,unknown_without_root_motion_decode,0,0,,,,,unknown_from_static_bytecode,unknown,011,Nightmare,move_bucket_2,resolved_move_bucket,unresolved,113,root motion did not decode with high confidence
011,Nightmare,backstep_candidate,2174,2347,15DF,(any:back),False,False,True,False,unknown_without_root_motion_decode,0,0,,,,,unknown_from_static_bytecode,unknown,011,Nightmare,move_bucket_2,resolved_move_bucket,unresolved,113,root motion did not decode with high confidence
011,Nightmare,backstep_candidate,2228,2350,1167,(any:back),False,False,True,False,unknown_without_root_motion_decode,0,0,,,,,unknown_from_static_bytecode,unknown,011,Nightmare,move_bucket_2,resolved_move_bucket,unresolved,113,root motion did not decode with high confidence
011,Nightmare,backstep_candidate,2267,2352,1250,(any:back),False,False,True,False,unknown_without_root_motion_decode,0,0,,,,,unknown_from_static_bytecode,unknown,011,Nightmare,move_bucket_2,resolved_move_bucket,unresolved,113,root motion did not decode with high confidence
011,Nightmare,eight_way_or_ambiguous,161,164,0083,(any:back|forward|down),True,True,True,True,decoded_root_motion,0,0,,,,,unknown_from_static_bytecode,unknown,011,Nightmare,local,resolved_local,trusted_basic,182,direct movement predicate; same-bank route; root motion decoded; source is neutral-like; no active offensive cells on destination slot
011,Nightmare,eight_way_or_ambiguous,2947,508,02DB,(back+forward+up+down;any:back|forward|up|down),True,False,True,True,decoded_root_motion,0,0,,,,,unknown_from_static_bytecode,unknown,011,Nightmare,local,resolved_local,trusted_basic,182,direct movement predicate; same-bank route; root motion decoded; source is neutral-like; no active offensive cells on destination slot
011,Nightmare,eight_way_or_ambiguous,2948,466,0189,(back+forward+up+down;any:back|forward|up|down),True,False,True,True,decoded_root_motion,0,0,,,,,unknown_from_static_bytecode,unknown,011,Nightmare,local,resolved_local,trusted_basic,182,direct movement predicate; same-bank route; root motion decoded; source is neutral-like; no active offensive cells on destination slot
011,Nightmare,eight_way_or_ambiguous,2949,480,00AD,(back+forward+up+down;any:back|forward|up|down),True,False,True,True,decoded_root_motion,0,0,,,,,unknown_from_static_bytecode,unknown,011,Nightmare,local,resolved_local,trusted_basic,182,direct movement predicate; same-bank route; root motion decoded; source is neutral-like; no active offensive cells on destination slot
011,Nightmare,eight_way_or_ambiguous,2947,506,009F,(back+forward),True,False,True,True,decoded_root_motion,1,1,27,,,,unknown_from_static_bytecode,unknown,011,Nightmare,local,resolved_local,unresolved,132,offensive cells exist and no static return/recovery frame is known
011,Nightmare,eight_way_or_ambiguous,2948,455,0196,(back+forward),True,False,True,True,decoded_root_motion,1,1,24,,,,unknown_from_static_bytecode,unknown,011,Nightmare,local,resolved_local,unresolved,132,offensive cells exist and no static return/recovery frame is known
011,Nightmare,eight_way_or_ambiguous,2949,485,03CD,(back+forward),True,False,True,True,decoded_root_motion,1,1,30,,,,unknown_from_static_bytecode,unknown,011,Nightmare,local,resolved_local,unresolved,132,offensive cells exist and no static return/recovery frame is known
011,Nightmare,eight_way_or_ambiguous,450,472,0119,(back+forward+up+down;any:back|forward|up|down),False,False,True,True,decoded_root_motion,0,0,,,,,unknown_from_static_bytecode,unknown,011,Nightmare,local,resolved_local,measured_but_not_basic,132,source is not proven neutral or stance-root basic movement
011,Nightmare,eight_way_or_ambiguous,459,472,0119,(back+forward+up+down;any:back|forward|up|down),False,False,True,True,decoded_root_motion,0,0,,,,,unknown_from_static_bytecode,unknown,011,Nightmare,local,resolved_local,measured_but_not_basic,132,source is not proven neutral or stance-root basic movement
011,Nightmare,eight_way_or_ambiguous,460,495,0376,(back+forward+up+down;any:back|forward|up|down),False,False,True,True,decoded_root_motion,0,0,,,,,unknown_from_static_bytecode,unknown,011,Nightmare,local,resolved_local,measured_but_not_basic,132,source is not proven neutral or stance-root basic movement
011,Nightmare,eight_way_or_ambiguous,478,495,0376,(back+forward+up+down;any:back|forward|up|down),False,False,True,True,decoded_root_motion,0,0,,,,,unknown_from_static_bytecode,unknown,011,Nightmare,local,resolved_local,measured_but_not_basic,132,source is not proven neutral or stance-root basic movement
011,Nightmare,eight_way_or_ambiguous,479,446,011E,(back+forward+up+down;any:back|forward|up|down),False,False,True,True,decoded_root_motion,0,0,,,,,unknown_from_static_bytecode,unknown,011,Nightmare,local,resolved_local,measured_but_not_basic,132,source is not proven neutral or stance-root basic movement
011,Nightmare,eight_way_or_ambiguous,514,472,0119,(back+forward+up+down;any:back|forward|up|down),False,False,True,True,decoded_root_motion,0,0,,,,,unknown_from_static_bytecode,unknown,011,Nightmare,local,resolved_local,measured_but_not_basic,132,source is not proven neutral or stance-root basic movement
011,Nightmare,eight_way_or_ambiguous,515,446,011E,(back+forward+up+down;any:back|forward|up|down),False,False,True,True,decoded_root_motion,0,0,,,,,unknown_from_static_bytecode,unknown,011,Nightmare,local,resolved_local,measured_but_not_basic,132,source is not proven neutral or stance-root basic movement
011,Nightmare,forward_step_candidate,293,294,0371,(any:forward),True,True,True,True,decoded_root_motion,0,0,,,,,unknown_from_static_bytecode,unknown,011,Nightmare,local,resolved_local,trusted_basic,205,direct movement predicate; same-bank route; root motion decoded; source is neutral-like; no active offensive cells on destination slot
011,Nightmare,forward_step_candidate,295,296,012E,(any:forward),True,True,True,True,decoded_root_motion,0,0,,,,,unknown_from_static_bytecode,unknown,011,Nightmare,local,resolved_local,trusted_basic,205,direct movement predicate; same-bank route; root motion decoded; source is neutral-like; no active offensive cells on destination slot
011,Nightmare,forward_step_candidate,335,296,012E,(any:forward),True,True,True,True,decoded_root_motion,0,0,,,,,unknown_from_static_bytecode,unknown,011,Nightmare,local,resolved_local,trusted_basic,205,direct movement predicate; same-bank route; root motion decoded; source is neutral-like; no active offensive cells on destination slot
011,Nightmare,forward_step_candidate,343,344,02B5,(any:forward),True,True,True,True,decoded_root_motion,0,0,,,,,unknown_from_static_bytecode,unknown,011,Nightmare,local,resolved_local,trusted_basic,205,direct movement predicate; same-bank route; root motion decoded; source is neutral-like; no active offensive cells on destination slot
011,Nightmare,forward_step_candidate,298,299,03EC,(any:forward),True,True,True,True,decoded_root_motion,2,2,24,,,,unknown_from_static_bytecode,unknown,011,Nightmare,local,resolved_local,unresolved,155,offensive cells exist and no static return/recovery frame is known
011,Nightmare,forward_step_candidate,301,302,031B,(any:forward),True,True,True,True,decoded_root_motion,2,2,23,,,,unknown_from_static_bytecode,unknown,011,Nightmare,local,resolved_local,unresolved,155,offensive cells exist and no static return/recovery frame is known
011,Nightmare,forward_step_candidate,309,310,0292,(any:forward),True,True,True,True,decoded_root_motion,1,1,20,,,,unknown_from_static_bytecode,unknown,011,Nightmare,local,resolved_local,unresolved,155,offensive cells exist and no static return/recovery frame is known
011,Nightmare,forward_step_candidate,375,376,0360,(any:forward),True,True,True,True,decoded_root_motion,1,1,34,,,,unknown_from_static_bytecode,unknown,011,Nightmare,local,resolved_local,unresolved,155,offensive cells exist and no static return/recovery frame is known
011,Nightmare,forward_step_candidate,423,426,01EF,(any:forward),True,True,True,True,decoded_root_motion,1,1,11,,,,unknown_from_static_bytecode,unknown,011,Nightmare,local,resolved_local,unresolved,155,offensive cells exist and no static return/recovery frame is known
011,Nightmare,forward_step_candidate,496,498,01A6,(any:forward),True,True,True,True,decoded_root_motion,1,1,26,,,,unknown_from_static_bytecode,unknown,011,Nightmare,local,resolved_local,unresolved,155,offensive cells exist and no static return/recovery frame is known
011,Nightmare,forward_step_candidate,2947,500,02A3,(any:forward),True,False,True,True,decoded_root_motion,1,1,19,,,,unknown_from_static_bytecode,unknown,011,Nightmare,local,resolved_local,unresolved,155,offensive cells exist and no static return/recovery frame is known
011,Nightmare,forward_step_candidate,2948,449,01DF,(any:forward),True,False,True,True,decoded_root_motion,1,1,14,,,,unknown_from_static_bytecode,unknown,011,Nightmare,local,resolved_local,unresolved,155,offensive cells exist and no static return/recovery frame is known
011,Nightmare,forward_step_candidate,2949,475,03F1,(any:forward),True,False,True,True,decoded_root_motion,2,2,24,,,,unknown_from_static_bytecode,unknown,011,Nightmare,local,resolved_local,unresolved,155,offensive cells exist and no static return/recovery frame is known
011,Nightmare,forward_step_candidate,2038,1672,1490,(any:forward),True,True,True,False,unknown_without_root_motion_decode,0,0,,,,,unknown_from_static_bytecode,unknown,011,Nightmare,move_bucket_2,resolved_move_bucket,unresolved,113,root motion did not decode with high confidence
011,Nightmare,forward_step_candidate,168,388,00F1,(any:forward),False,False,True,True,decoded_root_motion,1,0,,,,,unknown_from_static_bytecode,unknown,011,Nightmare,local,resolved_local,measured_but_not_basic,155,source is not proven neutral or stance-root basic movement
011,Nightmare,forward_step_candidate,346,347,0373,(any:forward),False,False,True,True,decoded_root_motion,0,0,,,,,unknown_from_static_bytecode,unknown,011,Nightmare,local,resolved_local,measured_but_not_basic,155,source is not proven neutral or stance-root basic movement
011,Nightmare,forward_step_candidate,368,369,012E,(any:forward),False,False,True,True,decoded_root_motion,0,0,,,,,unknown_from_static_bytecode,unknown,011,Nightmare,local,resolved_local,measured_but_not_basic,155,source is not proven neutral or stance-root basic movement
011,Nightmare,forward_step_candidate,371,372,012E,(any:forward),False,False,True,True,decoded_root_motion,0,0,,,,,unknown_from_static_bytecode,unknown,011,Nightmare,local,resolved_local,measured_but_not_basic,155,source is not proven neutral or stance-root basic movement
011,Nightmare,forward_step_candidate,373,374,00C2,(any:forward),False,False,True,True,decoded_root_motion,0,0,,,,,unknown_from_static_bytecode,unknown,011,Nightmare,local,resolved_local,measured_but_not_basic,155,source is not proven neutral or stance-root basic movement
011,Nightmare,forward_step_candidate,376,377,0361,(any:forward),False,False,True,True,decoded_root_motion,0,0,,,,,unknown_from_static_bytecode,unknown,011,Nightmare,local,resolved_local,measured_but_not_basic,155,source is not proven neutral or stance-root basic movement
011,Nightmare,forward_step_candidate,449,450,01E0,(any:forward),False,False,True,True,decoded_root_motion,0,0,,,,,unknown_from_static_bytecode,unknown,011,Nightmare,local,resolved_local,measured_but_not_basic,155,source is not proven neutral or stance-root basic movement
011,Nightmare,forward_step_candidate,498,499,01A7,(any:forward),False,False,True,True,decoded_root_motion,0,0,,,,,unknown_from_static_bytecode,unknown,011,Nightmare,local,resolved_local,measured_but_not_basic,155,source is not proven neutral or stance-root basic movement
011,Nightmare,forward_step_candidate,3049,499,01A7,(any:forward),False,False,True,True,decoded_root_motion,0,0,,,,,unknown_from_static_bytecode,unknown,011,Nightmare,local,resolved_local,measured_but_not_basic,155,source is not proven neutral or stance-root basic movement
011,Nightmare,forward_step_candidate,288,289,00C0,(any:forward),False,False,True,True,decoded_root_motion,1,1,26,,,,unknown_from_static_bytecode,unknown,011,Nightmare,local,resolved_local,unresolved,155,offensive cells exist and no static return/recovery frame is known
011,Nightmare,forward_step_candidate,299,300,03EC,(any:forward),False,False,True,True,decoded_root_motion,2,2,29,,,,unknown_from_static_bytecode,unknown,011,Nightmare,local,resolved_local,unresolved,155,offensive cells exist and no static return/recovery frame is known
011,Nightmare,forward_step_candidate,345,346,0372,(any:forward),False,False,True,True,decoded_root_motion,1,1,20,,,,unknown_from_static_bytecode,unknown,011,Nightmare,local,resolved_local,unresolved,155,offensive cells exist and no static return/recovery frame is known
011,Nightmare,forward_step_candidate,2950,430,038B,(any:forward),False,False,True,True,decoded_root_motion,1,1,17,,,,unknown_from_static_bytecode,unknown,011,Nightmare,local,resolved_local,unresolved,155,offensive cells exist and no static return/recovery frame is known
011,Nightmare,forward_step_candidate,2977,2979,02CC,(any:forward),False,False,True,True,decoded_root_motion,1,1,53,,,,unknown_from_static_bytecode,unknown,011,Nightmare,move_bucket_3,resolved_move_bucket,unresolved,155,offensive cells exist and no static return/recovery frame is known
011,Nightmare,forward_step_candidate,2993,2994,00C0,(any:forward),False,False,True,True,decoded_root_motion,1,1,26,,,,unknown_from_static_bytecode,unknown,011,Nightmare,move_bucket_3,resolved_move_bucket,unresolved,155,offensive cells exist and no static return/recovery frame is known
011,Nightmare,forward_step_candidate,3047,3048,0360,(any:forward),False,False,True,True,decoded_root_motion,1,1,34,,,,unknown_from_static_bytecode,unknown,011,Nightmare,move_bucket_3,resolved_move_bucket,unresolved,155,offensive cells exist and no static return/recovery frame is known
011,Nightmare,forward_step_candidate,3056,3058,01EF,(any:forward),False,False,True,True,decoded_root_motion,1,1,11,,,,unknown_from_static_bytecode,unknown,011,Nightmare,move_bucket_3,resolved_move_bucket,unresolved,155,offensive cells exist and no static return/recovery frame is known
011,Nightmare,forward_step_candidate,3080,3056,0234,(any:forward),False,False,True,True,decoded_root_motion,1,1,17,,,,unknown_from_static_bytecode,unknown,011,Nightmare,move_bucket_3,resolved_move_bucket,unresolved,155,offensive cells exist and no static return/recovery frame is known
011,Nightmare,forward_step_candidate,3080,3061,007E,(any:forward),False,False,True,True,decoded_root_motion,1,1,20,,,,unknown_from_static_bytecode,unknown,011,Nightmare,move_bucket_3,resolved_move_bucket,unresolved,155,offensive cells exist and no static return/recovery frame is known
011,Nightmare,forward_step_candidate,2039,2341,1255,(any:forward),False,False,True,False,unknown_without_root_motion_decode,0,0,,,,,unknown_from_static_bytecode,unknown,011,Nightmare,move_bucket_2,resolved_move_bucket,unresolved,113,root motion did not decode with high confidence
011,Nightmare,forward_step_candidate,2172,2347,15DF,(any:forward),False,False,True,False,unknown_without_root_motion_decode,0,0,,,,,unknown_from_static_bytecode,unknown,011,Nightmare,move_bucket_2,resolved_move_bucket,unresolved,113,root motion did not decode with high confidence
011,Nightmare,forward_step_candidate,2174,2347,15DF,(any:forward),False,False,True,False,unknown_without_root_motion_decode,0,0,,,,,unknown_from_static_bytecode,unknown,011,Nightmare,move_bucket_2,resolved_move_bucket,unresolved,113,root motion did not decode with high confidence
011,Nightmare,forward_step_candidate,2229,2350,1167,(any:forward),False,False,True,False,unknown_without_root_motion_decode,0,0,,,,,unknown_from_static_bytecode,unknown,011,Nightmare,move_bucket_2,resolved_move_bucket,unresolved,113,root motion did not decode with high confidence
011,Nightmare,forward_step_candidate,2269,2352,1250,(any:forward),False,False,True,False,unknown_without_root_motion_decode,0,0,,,,,unknown_from_static_bytecode,unknown,011,Nightmare,move_bucket_2,resolved_move_bucket,unresolved,113,root motion did not decode with high confidence
011,Nightmare,sidestep_down_candidate,301,303,013C,(any:down),True,True,True,True,decoded_root_motion,0,0,,,,,unknown_from_static_bytecode,unknown,011,Nightmare,local,resolved_local,trusted_basic,205,direct movement predicate; same-bank route; root motion decoded; source is neutral-like; no active offensive cells on destination slot
011,Nightmare,sidestep_down_candidate,417,466,0189,(any:down),True,True,True,True,decoded_root_motion,0,0,,,,,unknown_from_static_bytecode,unknown,011,Nightmare,local,resolved_local,trusted_basic,205,direct movement predicate; same-bank route; root motion decoded; source is neutral-like; no active offensive cells on destination slot
011,Nightmare,sidestep_down_candidate,417,466,0189,(any:down),True,True,True,True,decoded_root_motion,0,0,,,,,unknown_from_static_bytecode,unknown,011,Nightmare,local,resolved_local,trusted_basic,205,direct movement predicate; same-bank route; root motion decoded; source is neutral-like; no active offensive cells on destination slot
011,Nightmare,sidestep_down_candidate,444,466,0189,(any:down),True,True,True,True,decoded_root_motion,0,0,,,,,unknown_from_static_bytecode,unknown,011,Nightmare,local,resolved_local,trusted_basic,205,direct movement predicate; same-bank route; root motion decoded; source is neutral-like; no active offensive cells on destination slot
011,Nightmare,sidestep_down_candidate,444,466,0189,(any:down),True,True,True,True,decoded_root_motion,0,0,,,,,unknown_from_static_bytecode,unknown,011,Nightmare,local,resolved_local,trusted_basic,205,direct movement predicate; same-bank route; root motion decoded; source is neutral-like; no active offensive cells on destination slot
011,Nightmare,sidestep_down_candidate,471,480,00AD,(any:down),True,True,True,True,decoded_root_motion,0,0,,,,,unknown_from_static_bytecode,unknown,011,Nightmare,local,resolved_local,trusted_basic,205,direct movement predicate; same-bank route; root motion decoded; source is neutral-like; no active offensive cells on destination slot
011,Nightmare,sidestep_down_candidate,471,480,00AD,(any:down),True,True,True,True,decoded_root_motion,0,0,,,,,unknown_from_static_bytecode,unknown,011,Nightmare,local,resolved_local,trusted_basic,205,direct movement predicate; same-bank route; root motion decoded; source is neutral-like; no active offensive cells on destination slot
011,Nightmare,sidestep_down_candidate,493,508,02DB,(any:down),True,True,True,True,decoded_root_motion,0,0,,,,,unknown_from_static_bytecode,unknown,011,Nightmare,local,resolved_local,trusted_basic,205,direct movement predicate; same-bank route; root motion decoded; source is neutral-like; no active offensive cells on destination slot
011,Nightmare,sidestep_down_candidate,493,508,02DB,(any:down),True,True,True,True,decoded_root_motion,0,0,,,,,unknown_from_static_bytecode,unknown,011,Nightmare,local,resolved_local,trusted_basic,205,direct movement predicate; same-bank route; root motion decoded; source is neutral-like; no active offensive cells on destination slot
011,Nightmare,sidestep_down_candidate,2947,508,02DB,(any:down),True,False,True,True,decoded_root_motion,0,0,,,,,unknown_from_static_bytecode,unknown,011,Nightmare,local,resolved_local,trusted_basic,205,direct movement predicate; same-bank route; root motion decoded; source is neutral-like; no active offensive cells on destination slot
011,Nightmare,sidestep_down_candidate,2948,466,0189,(any:down),True,False,True,True,decoded_root_motion,0,0,,,,,unknown_from_static_bytecode,unknown,011,Nightmare,local,resolved_local,trusted_basic,205,direct movement predicate; same-bank route; root motion decoded; source is neutral-like; no active offensive cells on destination slot
011,Nightmare,sidestep_down_candidate,2949,480,00AD,(any:down),True,False,True,True,decoded_root_motion,0,0,,,,,unknown_from_static_bytecode,unknown,011,Nightmare,local,resolved_local,trusted_basic,205,direct movement predicate; same-bank route; root motion decoded; source is neutral-like; no active offensive cells on destination slot
011,Nightmare,sidestep_down_candidate,269,271,039E,(any:down),False,False,True,True,decoded_root_motion,0,0,,,,,unknown_from_static_bytecode,unknown,011,Nightmare,local,resolved_local,measured_but_not_basic,155,source is not proven neutral or stance-root basic movement
011,Nightmare,sidestep_down_candidate,440,466,0189,(any:down),False,False,True,True,decoded_root_motion,0,0,,,,,unknown_from_static_bytecode,unknown,011,Nightmare,local,resolved_local,measured_but_not_basic,155,source is not proven neutral or stance-root basic movement
011,Nightmare,sidestep_down_candidate,440,466,0189,(any:down),False,False,True,True,decoded_root_motion,0,0,,,,,unknown_from_static_bytecode,unknown,011,Nightmare,local,resolved_local,measured_but_not_basic,155,source is not proven neutral or stance-root basic movement
011,Nightmare,sidestep_down_candidate,441,466,0189,(any:down),False,False,True,True,decoded_root_motion,0,0,,,,,unknown_from_static_bytecode,unknown,011,Nightmare,local,resolved_local,measured_but_not_basic,155,source is not proven neutral or stance-root basic movement
011,Nightmare,sidestep_down_candidate,441,466,0189,(any:down),False,False,True,True,decoded_root_motion,0,0,,,,,unknown_from_static_bytecode,unknown,011,Nightmare,local,resolved_local,measured_but_not_basic,155,source is not proven neutral or stance-root basic movement
011,Nightmare,sidestep_down_candidate,442,466,0189,(any:down),False,False,True,True,decoded_root_motion,0,0,,,,,unknown_from_static_bytecode,unknown,011,Nightmare,local,resolved_local,measured_but_not_basic,155,source is not proven neutral or stance-root basic movement
011,Nightmare,sidestep_down_candidate,442,466,0189,(any:down),False,False,True,True,decoded_root_motion,0,0,,,,,unknown_from_static_bytecode,unknown,011,Nightmare,local,resolved_local,measured_but_not_basic,155,source is not proven neutral or stance-root basic movement
011,Nightmare,sidestep_down_candidate,443,466,0189,(any:down),False,False,True,True,decoded_root_motion,0,0,,,,,unknown_from_static_bytecode,unknown,011,Nightmare,local,resolved_local,measured_but_not_basic,155,source is not proven neutral or stance-root basic movement
011,Nightmare,sidestep_down_candidate,443,466,0189,(any:down),False,False,True,True,decoded_root_motion,0,0,,,,,unknown_from_static_bytecode,unknown,011,Nightmare,local,resolved_local,measured_but_not_basic,155,source is not proven neutral or stance-root basic movement
011,Nightmare,sidestep_down_candidate,445,466,0189,(any:down),False,False,True,True,decoded_root_motion,0,0,,,,,unknown_from_static_bytecode,unknown,011,Nightmare,local,resolved_local,measured_but_not_basic,155,source is not proven neutral or stance-root basic movement
011,Nightmare,sidestep_down_candidate,445,466,0189,(any:down),False,False,True,True,decoded_root_motion,0,0,,,,,unknown_from_static_bytecode,unknown,011,Nightmare,local,resolved_local,measured_but_not_basic,155,source is not proven neutral or stance-root basic movement
011,Nightmare,sidestep_down_candidate,467,480,00AD,(any:down),False,False,True,True,decoded_root_motion,0,0,,,,,unknown_from_static_bytecode,unknown,011,Nightmare,local,resolved_local,measured_but_not_basic,155,source is not proven neutral or stance-root basic movement
011,Nightmare,sidestep_down_candidate,467,480,00AD,(any:down),False,False,True,True,decoded_root_motion,0,0,,,,,unknown_from_static_bytecode,unknown,011,Nightmare,local,resolved_local,measured_but_not_basic,155,source is not proven neutral or stance-root basic movement
011,Nightmare,sidestep_down_candidate,468,480,00AD,(any:down),False,False,True,True,decoded_root_motion,0,0,,,,,unknown_from_static_bytecode,unknown,011,Nightmare,local,resolved_local,measured_but_not_basic,155,source is not proven neutral or stance-root basic movement
011,Nightmare,sidestep_down_candidate,468,480,00AD,(any:down),False,False,True,True,decoded_root_motion,0,0,,,,,unknown_from_static_bytecode,unknown,011,Nightmare,local,resolved_local,measured_but_not_basic,155,source is not proven neutral or stance-root basic movement
011,Nightmare,sidestep_down_candidate,469,480,00AD,(any:down),False,False,True,True,decoded_root_motion,0,0,,,,,unknown_from_static_bytecode,unknown,011,Nightmare,local,resolved_local,measured_but_not_basic,155,source is not proven neutral or stance-root basic movement
011,Nightmare,sidestep_down_candidate,469,480,00AD,(any:down),False,False,True,True,decoded_root_motion,0,0,,,,,unknown_from_static_bytecode,unknown,011,Nightmare,local,resolved_local,measured_but_not_basic,155,source is not proven neutral or stance-root basic movement
011,Nightmare,sidestep_down_candidate,470,480,00AD,(any:down),False,False,True,True,decoded_root_motion,0,0,,,,,unknown_from_static_bytecode,unknown,011,Nightmare,local,resolved_local,measured_but_not_basic,155,source is not proven neutral or stance-root basic movement
011,Nightmare,sidestep_down_candidate,470,480,00AD,(any:down),False,False,True,True,decoded_root_motion,0,0,,,,,unknown_from_static_bytecode,unknown,011,Nightmare,local,resolved_local,measured_but_not_basic,155,source is not proven neutral or stance-root basic movement
011,Nightmare,sidestep_down_candidate,490,508,02DB,(any:down),False,False,True,True,decoded_root_motion,0,0,,,,,unknown_from_static_bytecode,unknown,011,Nightmare,local,resolved_local,measured_but_not_basic,155,source is not proven neutral or stance-root basic movement
011,Nightmare,sidestep_down_candidate,490,508,02DB,(any:down),False,False,True,True,decoded_root_motion,0,0,,,,,unknown_from_static_bytecode,unknown,011,Nightmare,local,resolved_local,measured_but_not_basic,155,source is not proven neutral or stance-root basic movement
011,Nightmare,sidestep_down_candidate,491,508,02DB,(any:down),False,False,True,True,decoded_root_motion,0,0,,,,,unknown_from_static_bytecode,unknown,011,Nightmare,local,resolved_local,measured_but_not_basic,155,source is not proven neutral or stance-root basic movement
011,Nightmare,sidestep_down_candidate,491,508,02DB,(any:down),False,False,True,True,decoded_root_motion,0,0,,,,,unknown_from_static_bytecode,unknown,011,Nightmare,local,resolved_local,measured_but_not_basic,155,source is not proven neutral or stance-root basic movement
011,Nightmare,sidestep_down_candidate,492,508,02DB,(any:down),False,False,True,True,decoded_root_motion,0,0,,,,,unknown_from_static_bytecode,unknown,011,Nightmare,local,resolved_local,measured_but_not_basic,155,source is not proven neutral or stance-root basic movement
011,Nightmare,sidestep_down_candidate,492,508,02DB,(any:down),False,False,True,True,decoded_root_motion,0,0,,,,,unknown_from_static_bytecode,unknown,011,Nightmare,local,resolved_local,measured_but_not_basic,155,source is not proven neutral or stance-root basic movement
011,Nightmare,sidestep_down_candidate,494,508,02DB,(any:down),False,False,True,True,decoded_root_motion,0,0,,,,,unknown_from_static_bytecode,unknown,011,Nightmare,local,resolved_local,measured_but_not_basic,155,source is not proven neutral or stance-root basic movement
011,Nightmare,sidestep_down_candidate,494,508,02DB,(any:down),False,False,True,True,decoded_root_motion,0,0,,,,,unknown_from_static_bytecode,unknown,011,Nightmare,local,resolved_local,measured_but_not_basic,155,source is not proven neutral or stance-root basic movement
011,Nightmare,sidestep_down_candidate,521,6,00DE,(any:down),False,False,True,True,decoded_root_motion,0,0,,,,,unknown_from_static_bytecode,unknown,011,Nightmare,local,resolved_local,measured_but_not_basic,155,source is not proven neutral or stance-root basic movement
011,Nightmare,sidestep_down_candidate,1504,1484,01CE,(any:down),False,False,True,True,decoded_root_motion,0,0,,,,,unknown_from_static_bytecode,unknown,011,Nightmare,move_bucket_2,resolved_move_bucket,measured_but_not_basic,155,source is not proven neutral or stance-root basic movement
011,Nightmare,sidestep_down_candidate,2620,521,03A7,(any:down),False,False,True,True,decoded_root_motion,0,0,,,,,unknown_from_static_bytecode,unknown,011,Nightmare,local,resolved_local,measured_but_not_basic,155,source is not proven neutral or stance-root basic movement
011,Nightmare,sidestep_down_candidate,2620,521,03A7,(any:down),False,False,True,True,decoded_root_motion,0,0,,,,,unknown_from_static_bytecode,unknown,011,Nightmare,local,resolved_local,measured_but_not_basic,155,source is not proven neutral or stance-root basic movement
011,Nightmare,sidestep_down_candidate,2953,419,0229,(any:down),False,False,True,True,decoded_root_motion,0,0,,,,,unknown_from_static_bytecode,unknown,011,Nightmare,local,resolved_local,measured_but_not_basic,155,source is not proven neutral or stance-root basic movement
011,Nightmare,sidestep_down_candidate,2953,420,0229,(any:down),False,False,True,True,decoded_root_motion,0,0,,,,,unknown_from_static_bytecode,unknown,011,Nightmare,local,resolved_local,measured_but_not_basic,155,source is not proven neutral or stance-root basic movement
011,Nightmare,sidestep_down_candidate,2953,421,0229,(any:down),False,False,True,True,decoded_root_motion,2,0,,,,,unknown_from_static_bytecode,unknown,011,Nightmare,local,resolved_local,measured_but_not_basic,155,source is not proven neutral or stance-root basic movement
011,Nightmare,sidestep_down_candidate,2953,3063,0229,(any:down),False,False,True,True,decoded_root_motion,0,0,,,,,unknown_from_static_bytecode,unknown,011,Nightmare,move_bucket_3,resolved_move_bucket,measured_but_not_basic,155,source is not proven neutral or stance-root basic movement
011,Nightmare,sidestep_down_candidate,2953,3065,029C,(any:down),False,False,True,True,decoded_root_motion,0,0,,,,,unknown_from_static_bytecode,unknown,011,Nightmare,move_bucket_3,resolved_move_bucket,measured_but_not_basic,155,source is not proven neutral or stance-root basic movement
011,Nightmare,sidestep_down_candidate,2953,3065,029C,(any:down),False,False,True,True,decoded_root_motion,0,0,,,,,unknown_from_static_bytecode,unknown,011,Nightmare,move_bucket_3,resolved_move_bucket,measured_but_not_basic,155,source is not proven neutral or stance-root basic movement
011,Nightmare,sidestep_down_candidate,3002,303,013C,(any:down),False,False,True,True,decoded_root_motion,0,0,,,,,unknown_from_static_bytecode,unknown,011,Nightmare,local,resolved_local,measured_but_not_basic,155,source is not proven neutral or stance-root basic movement
011,Nightmare,sidestep_down_candidate,2953,318,0239,(any:down),False,False,True,True,decoded_root_motion,1,1,19,,,93,unresolved_cell_semantics,unresolved_static_data,011,Nightmare,local,resolved_local,unresolved,155,offensive cells exist and no static return/recovery frame is known
011,Nightmare,sidestep_down_candidate,2953,318,0239,(any:down),False,False,True,True,decoded_root_motion,1,1,19,,,93,unresolved_cell_semantics,unresolved_static_data,011,Nightmare,local,resolved_local,unresolved,155,offensive cells exist and no static return/recovery frame is known
011,Nightmare,sidestep_down_candidate,2953,327,02E2,(any:down),False,False,True,True,decoded_root_motion,1,1,66,,,,unknown_from_static_bytecode,unknown,011,Nightmare,local,resolved_local,unresolved,155,offensive cells exist and no static return/recovery frame is known
011,Nightmare,sidestep_down_candidate,2953,327,02E2,(any:down),False,False,True,True,decoded_root_motion,1,1,66,,,,unknown_from_static_bytecode,unknown,011,Nightmare,local,resolved_local,unresolved,155,offensive cells exist and no static return/recovery frame is known
011,Nightmare,sidestep_down_candidate,2953,385,035C,(any:down),False,False,True,True,decoded_root_motion,1,1,30,,,,unknown_from_static_bytecode,unknown,011,Nightmare,local,resolved_local,unresolved,155,offensive cells exist and no static return/recovery frame is known
011,Nightmare,sidestep_down_candidate,2953,385,035C,(any:down),False,False,True,True,decoded_root_motion,1,1,30,,,,unknown_from_static_bytecode,unknown,011,Nightmare,local,resolved_local,unresolved,155,offensive cells exist and no static return/recovery frame is known
011,Nightmare,sidestep_down_candidate,2953,3010,02DD,(any:down),False,False,True,True,decoded_root_motion,1,1,59,,,,unknown_from_static_bytecode,unknown,011,Nightmare,move_bucket_3,resolved_move_bucket,unresolved,155,offensive cells exist and no static return/recovery frame is known
011,Nightmare,sidestep_down_candidate,2953,3010,02DD,(any:down),False,False,True,True,decoded_root_motion,1,1,59,,,,unknown_from_static_bytecode,unknown,011,Nightmare,move_bucket_3,resolved_move_bucket,unresolved,155,offensive cells exist and no static return/recovery frame is known
011,Nightmare,sidestep_down_candidate,2953,3011,03F4,(any:down),False,False,True,True,decoded_root_motion,2,2,21,,,,unknown_from_static_bytecode,unknown,011,Nightmare,move_bucket_3,resolved_move_bucket,unresolved,155,offensive cells exist and no static return/recovery frame is known
011,Nightmare,sidestep_down_candidate,2953,3011,03F4,(any:down),False,False,True,True,decoded_root_motion,2,2,21,,,,unknown_from_static_bytecode,unknown,011,Nightmare,move_bucket_3,resolved_move_bucket,unresolved,155,offensive cells exist and no static return/recovery frame is known
011,Nightmare,sidestep_down_candidate,2953,3019,03FD,(any:down),False,False,True,True,decoded_root_motion,1,1,25,,,,unknown_from_static_bytecode,unknown,011,Nightmare,move_bucket_3,resolved_move_bucket,unresolved,155,offensive cells exist and no static return/recovery frame is known
011,Nightmare,sidestep_down_candidate,2953,3019,03FD,(any:down),False,False,True,True,decoded_root_motion,1,1,25,,,,unknown_from_static_bytecode,unknown,011,Nightmare,move_bucket_3,resolved_move_bucket,unresolved,155,offensive cells exist and no static return/recovery frame is known
011,Nightmare,sidestep_down_candidate,2953,3056,0234,(any:down),False,False,True,True,decoded_root_motion,1,1,17,,,,unknown_from_static_bytecode,unknown,011,Nightmare,move_bucket_3,resolved_move_bucket,unresolved,155,offensive cells exist and no static return/recovery frame is known
011,Nightmare,sidestep_down_candidate,2953,3059,0235,(any:down),False,False,True,True,decoded_root_motion,1,1,15,,,,unknown_from_static_bytecode,unknown,011,Nightmare,move_bucket_3,resolved_move_bucket,unresolved,155,offensive cells exist and no static return/recovery frame is known
011,Nightmare,sidestep_down_candidate,2953,3061,007E,(any:down),False,False,True,True,decoded_root_motion,1,1,20,,,,unknown_from_static_bytecode,unknown,011,Nightmare,move_bucket_3,resolved_move_bucket,unresolved,155,offensive cells exist and no static return/recovery frame is known
011,Nightmare,sidestep_down_candidate,2953,3062,0375,(any:down),False,False,True,True,decoded_root_motion,1,1,36,,,,unknown_from_static_bytecode,unknown,011,Nightmare,move_bucket_3,resolved_move_bucket,unresolved,155,offensive cells exist and no static return/recovery frame is known
011,Nightmare,sidestep_up_candidate,272,274,02C4,(any:up),True,True,True,True,decoded_root_motion,1,1,36,,,,unknown_from_static_bytecode,unknown,011,Nightmare,local,resolved_local,unresolved,155,offensive cells exist and no static return/recovery frame is known
011,Nightmare,sidestep_up_candidate,277,279,02DE,(any:up),True,True,True,True,decoded_root_motion,1,1,16,,,,unknown_from_static_bytecode,unknown,011,Nightmare,local,resolved_local,unresolved,155,offensive cells exist and no static return/recovery frame is known
011,Nightmare,sidestep_up_candidate,2947,505,035E,(any:up),True,False,True,True,decoded_root_motion,1,1,9,,,,unknown_from_static_bytecode,unknown,011,Nightmare,local,resolved_local,unresolved,155,offensive cells exist and no static return/recovery frame is known
011,Nightmare,sidestep_up_candidate,2948,453,0238,(any:up),True,False,True,True,decoded_root_motion,2,2,15,,,,unknown_from_static_bytecode,unknown,011,Nightmare,local,resolved_local,unresolved,155,offensive cells exist and no static return/recovery frame is known
011,Nightmare,sidestep_up_candidate,2949,476,01AD,(any:up),True,False,True,True,decoded_root_motion,1,1,9,,,,unknown_from_static_bytecode,unknown,011,Nightmare,local,resolved_local,unresolved,155,offensive cells exist and no static return/recovery frame is known
011,Nightmare,sidestep_up_candidate,2953,388,00F1,(any:up),False,False,True,True,decoded_root_motion,1,0,,,,,unknown_from_static_bytecode,unknown,011,Nightmare,local,resolved_local,measured_but_not_basic,155,source is not proven neutral or stance-root basic movement
011,Nightmare,sidestep_up_candidate,2953,389,00F1,(any:up),False,False,True,True,decoded_root_motion,1,0,,,,,unknown_from_static_bytecode,unknown,011,Nightmare,local,resolved_local,measured_but_not_basic,155,source is not proven neutral or stance-root basic movement
011,Nightmare,sidestep_up_candidate,307,308,015A,(any:up),False,False,True,True,decoded_root_motion,1,1,20,,,,unknown_from_static_bytecode,unknown,011,Nightmare,local,resolved_local,unresolved,155,offensive cells exist and no static return/recovery frame is known
011,Nightmare,sidestep_up_candidate,378,380,00A5,(any:up),False,False,True,True,decoded_root_motion,1,1,32,,,,unknown_from_static_bytecode,unknown,011,Nightmare,local,resolved_local,unresolved,155,offensive cells exist and no static return/recovery frame is known
011,Nightmare,sidestep_up_candidate,430,431,038B,(any:up),False,False,True,True,decoded_root_motion,1,1,14,,,,attack_followup_only,confirmed_static_data,011,Nightmare,local,resolved_local,unresolved,155,offensive cells exist and no static return/recovery frame is known
011,Nightmare,sidestep_up_candidate,2950,427,028D,(any:up),False,False,True,True,decoded_root_motion,3,3,21,,,,unknown_from_static_bytecode,unknown,011,Nightmare,local,resolved_local,unresolved,155,offensive cells exist and no static return/recovery frame is known
011,Nightmare,sidestep_up_candidate,2950,435,03D0,(any:up),False,False,True,True,decoded_root_motion,1,1,21,,,,unknown_from_static_bytecode,unknown,011,Nightmare,local,resolved_local,unresolved,155,offensive cells exist and no static return/recovery frame is known
011,Nightmare,sidestep_up_candidate,3005,3006,0327,(any:up),False,False,True,True,decoded_root_motion,1,1,11,,,,unknown_from_static_bytecode,unknown,011,Nightmare,move_bucket_3,resolved_move_bucket,unresolved,155,offensive cells exist and no static return/recovery frame is known
011,Nightmare,sidestep_up_candidate,3007,3008,015A,(any:up),False,False,True,True,decoded_root_motion,1,1,20,,,,unknown_from_static_bytecode,unknown,011,Nightmare,move_bucket_3,resolved_move_bucket,unresolved,155,offensive cells exist and no static return/recovery frame is known
011,Nightmare,sidestep_up_candidate,3080,3059,0235,(any:up),False,False,True,True,decoded_root_motion,1,1,15,,,,unknown_from_static_bytecode,unknown,011,Nightmare,move_bucket_3,resolved_move_bucket,unresolved,155,offensive cells exist and no static return/recovery frame is known
011,Nightmare,sidestep_up_candidate,3080,3062,0375,(any:up),False,False,True,True,decoded_root_motion,1,1,36,,,,unknown_from_static_bytecode,unknown,011,Nightmare,move_bucket_3,resolved_move_bucket,unresolved,155,offensive cells exist and no static return/recovery frame is known
012,Astaroth,back_diagonal,265,488,01C1,(back+down),True,True,True,True,decoded_root_motion,1,0,,,,,unknown_from_static_bytecode,unknown,012,Astaroth,local,resolved_local,trusted_basic,198,direct movement predicate; same-bank route; root motion decoded; source is neutral-like; no active offensive cells on destination slot
012,Astaroth,back_diagonal,466,470,0271,(back+down),False,False,True,True,decoded_root_motion,1,0,,,,,unknown_from_static_bytecode,unknown,012,Astaroth,local,resolved_local,measured_but_not_basic,148,source is not proven neutral or stance-root basic movement
012,Astaroth,back_diagonal,467,472,0271,(back+down),False,False,True,True,decoded_root_motion,1,0,,,,,unknown_from_static_bytecode,unknown,012,Astaroth,local,resolved_local,measured_but_not_basic,148,source is not proven neutral or stance-root basic movement
012,Astaroth,back_diagonal,474,476,0271,(back+down),False,False,True,True,decoded_root_motion,1,0,,,,,unknown_from_static_bytecode,unknown,012,Astaroth,local,resolved_local,measured_but_not_basic,148,source is not proven neutral or stance-root basic movement
012,Astaroth,back_diagonal,475,477,0271,(back+down),False,False,True,True,decoded_root_motion,1,0,,,,,unknown_from_static_bytecode,unknown,012,Astaroth,local,resolved_local,measured_but_not_basic,148,source is not proven neutral or stance-root basic movement
012,Astaroth,backstep_candidate,265,266,001F,(any:back),True,True,True,True,decoded_root_motion,1,1,35,,,,unknown_from_static_bytecode,unknown,012,Astaroth,local,resolved_local,unresolved,155,offensive cells exist and no static return/recovery frame is known
012,Astaroth,backstep_candidate,276,277,028E,(any:back),True,True,True,True,decoded_root_motion,1,1,26,,,,unknown_from_static_bytecode,unknown,012,Astaroth,local,resolved_local,unresolved,155,offensive cells exist and no static return/recovery frame is known
012,Astaroth,backstep_candidate,346,351,0007,(any:back),True,True,True,True,decoded_root_motion,1,1,28,,,,unknown_from_static_bytecode,unknown,012,Astaroth,local,resolved_local,unresolved,155,offensive cells exist and no static return/recovery frame is known
012,Astaroth,backstep_candidate,426,427,024B,(any:back),True,True,True,True,decoded_root_motion,3,3,22,,,,unknown_from_static_bytecode,unknown,012,Astaroth,local,resolved_local,unresolved,155,offensive cells exist and no static return/recovery frame is known
012,Astaroth,backstep_candidate,538,546,00A6,(any:back),True,True,True,True,decoded_root_motion,1,1,30,,,,unknown_from_static_bytecode,unknown,012,Astaroth,local,resolved_local,unresolved,155,offensive cells exist and no static return/recovery frame is known
012,Astaroth,backstep_candidate,2068,1702,1490,(any:back),True,True,True,False,unknown_without_root_motion_decode,0,0,,,,,unknown_from_static_bytecode,unknown,012,Astaroth,move_bucket_2,resolved_move_bucket,unresolved,113,root motion did not decode with high confidence
012,Astaroth,backstep_candidate,468,471,0271,(any:back),False,False,True,True,decoded_root_motion,1,0,,,,,unknown_from_static_bytecode,unknown,012,Astaroth,local,resolved_local,measured_but_not_basic,155,source is not proven neutral or stance-root basic movement
012,Astaroth,backstep_candidate,469,473,0271,(any:back),False,False,True,True,decoded_root_motion,1,0,,,,,unknown_from_static_bytecode,unknown,012,Astaroth,local,resolved_local,measured_but_not_basic,155,source is not proven neutral or stance-root basic movement
012,Astaroth,backstep_candidate,266,270,023C,(any:back),False,False,True,True,decoded_root_motion,2,2,25,,,,unknown_from_static_bytecode,unknown,012,Astaroth,local,resolved_local,unresolved,155,offensive cells exist and no static return/recovery frame is known
012,Astaroth,backstep_candidate,267,268,001F,(any:back),False,False,True,True,decoded_root_motion,1,1,35,,,,unknown_from_static_bytecode,unknown,012,Astaroth,local,resolved_local,unresolved,155,offensive cells exist and no static return/recovery frame is known
012,Astaroth,backstep_candidate,268,270,023C,(any:back),False,False,True,True,decoded_root_motion,2,2,25,,,,unknown_from_static_bytecode,unknown,012,Astaroth,local,resolved_local,unresolved,155,offensive cells exist and no static return/recovery frame is known
012,Astaroth,backstep_candidate,269,273,023C,(any:back),False,False,True,True,decoded_root_motion,2,2,25,,,,unknown_from_static_bytecode,unknown,012,Astaroth,local,resolved_local,unresolved,155,offensive cells exist and no static return/recovery frame is known
012,Astaroth,backstep_candidate,277,279,028E,(any:back),False,False,True,True,decoded_root_motion,1,1,26,,,,unknown_from_static_bytecode,unknown,012,Astaroth,local,resolved_local,unresolved,155,offensive cells exist and no static return/recovery frame is known
012,Astaroth,backstep_candidate,278,280,028E,(any:back),False,False,True,True,decoded_root_motion,1,1,26,,,,unknown_from_static_bytecode,unknown,012,Astaroth,local,resolved_local,unresolved,155,offensive cells exist and no static return/recovery frame is known
012,Astaroth,backstep_candidate,347,352,0007,(any:back),False,False,True,True,decoded_root_motion,1,1,28,,,,unknown_from_static_bytecode,unknown,012,Astaroth,local,resolved_local,unresolved,155,offensive cells exist and no static return/recovery frame is known
012,Astaroth,backstep_candidate,348,351,0007,(any:back),False,False,True,True,decoded_root_motion,1,1,28,,,,unknown_from_static_bytecode,unknown,012,Astaroth,local,resolved_local,unresolved,155,offensive cells exist and no static return/recovery frame is known
012,Astaroth,backstep_candidate,349,352,0007,(any:back),False,False,True,True,decoded_root_motion,1,1,28,,,,unknown_from_static_bytecode,unknown,012,Astaroth,local,resolved_local,unresolved,155,offensive cells exist and no static return/recovery frame is known
012,Astaroth,backstep_candidate,350,353,0007,(any:back),False,False,True,True,decoded_root_motion,1,1,28,,,,unknown_from_static_bytecode,unknown,012,Astaroth,local,resolved_local,unresolved,155,offensive cells exist and no static return/recovery frame is known
012,Astaroth,backstep_candidate,351,354,0008,(any:back),False,False,True,True,decoded_root_motion,1,1,30,,,,unknown_from_static_bytecode,unknown,012,Astaroth,local,resolved_local,unresolved,155,offensive cells exist and no static return/recovery frame is known
012,Astaroth,backstep_candidate,352,355,0008,(any:back),False,False,True,True,decoded_root_motion,1,1,30,,,,unknown_from_static_bytecode,unknown,012,Astaroth,local,resolved_local,unresolved,155,offensive cells exist and no static return/recovery frame is known
012,Astaroth,backstep_candidate,353,356,0008,(any:back),False,False,True,True,decoded_root_motion,1,1,30,,,,unknown_from_static_bytecode,unknown,012,Astaroth,local,resolved_local,unresolved,155,offensive cells exist and no static return/recovery frame is known
012,Astaroth,backstep_candidate,410,411,0008,(any:back),False,False,True,True,decoded_root_motion,1,1,30,,,,unknown_from_static_bytecode,unknown,012,Astaroth,local,resolved_local,unresolved,155,offensive cells exist and no static return/recovery frame is known
012,Astaroth,backstep_candidate,539,546,00A6,(any:back),False,False,True,True,decoded_root_motion,1,1,30,,,,unknown_from_static_bytecode,unknown,012,Astaroth,local,resolved_local,unresolved,155,offensive cells exist and no static return/recovery frame is known
012,Astaroth,backstep_candidate,540,548,00A6,(any:back),False,False,True,True,decoded_root_motion,1,1,30,,,,unknown_from_static_bytecode,unknown,012,Astaroth,local,resolved_local,unresolved,155,offensive cells exist and no static return/recovery frame is known
012,Astaroth,backstep_candidate,541,548,00A6,(any:back),False,False,True,True,decoded_root_motion,1,1,30,,,,unknown_from_static_bytecode,unknown,012,Astaroth,local,resolved_local,unresolved,155,offensive cells exist and no static return/recovery frame is known
012,Astaroth,backstep_candidate,542,546,00A6,(any:back),False,False,True,True,decoded_root_motion,1,1,30,,,,unknown_from_static_bytecode,unknown,012,Astaroth,local,resolved_local,unresolved,155,offensive cells exist and no static return/recovery frame is known
012,Astaroth,backstep_candidate,543,546,00A6,(any:back),False,False,True,True,decoded_root_motion,1,1,30,,,,unknown_from_static_bytecode,unknown,012,Astaroth,local,resolved_local,unresolved,155,offensive cells exist and no static return/recovery frame is known
012,Astaroth,backstep_candidate,544,548,00A6,(any:back),False,False,True,True,decoded_root_motion,1,1,30,,,,unknown_from_static_bytecode,unknown,012,Astaroth,local,resolved_local,unresolved,155,offensive cells exist and no static return/recovery frame is known
012,Astaroth,backstep_candidate,545,548,00A6,(any:back),False,False,True,True,decoded_root_motion,1,1,30,,,,unknown_from_static_bytecode,unknown,012,Astaroth,local,resolved_local,unresolved,155,offensive cells exist and no static return/recovery frame is known
012,Astaroth,backstep_candidate,2069,2371,1255,(any:back),False,False,True,False,unknown_without_root_motion_decode,0,0,,,,,unknown_from_static_bytecode,unknown,012,Astaroth,move_bucket_2,resolved_move_bucket,unresolved,113,root motion did not decode with high confidence
012,Astaroth,backstep_candidate,2202,2377,15DF,(any:back),False,False,True,False,unknown_without_root_motion_decode,0,0,,,,,unknown_from_static_bytecode,unknown,012,Astaroth,move_bucket_2,resolved_move_bucket,unresolved,113,root motion did not decode with high confidence
012,Astaroth,backstep_candidate,2204,2377,15DF,(any:back),False,False,True,False,unknown_without_root_motion_decode,0,0,,,,,unknown_from_static_bytecode,unknown,012,Astaroth,move_bucket_2,resolved_move_bucket,unresolved,113,root motion did not decode with high confidence
012,Astaroth,backstep_candidate,2258,2380,1167,(any:back),False,False,True,False,unknown_without_root_motion_decode,0,0,,,,,unknown_from_static_bytecode,unknown,012,Astaroth,move_bucket_2,resolved_move_bucket,unresolved,113,root motion did not decode with high confidence
012,Astaroth,backstep_candidate,2297,2382,1250,(any:back),False,False,True,False,unknown_without_root_motion_decode,0,0,,,,,unknown_from_static_bytecode,unknown,012,Astaroth,move_bucket_2,resolved_move_bucket,unresolved,113,root motion did not decode with high confidence
012,Astaroth,eight_way_or_ambiguous,161,164,019D,(any:back|forward|down),True,True,True,True,decoded_root_motion,0,0,,,,,unknown_from_static_bytecode,unknown,012,Astaroth,local,resolved_local,trusted_basic,182,direct movement predicate; same-bank route; root motion decoded; source is neutral-like; no active offensive cells on destination slot
012,Astaroth,eight_way_or_ambiguous,366,367,00B4,(back+forward),False,False,True,True,decoded_root_motion,1,1,20,,,,unknown_from_static_bytecode,unknown,012,Astaroth,local,resolved_local,unresolved,132,offensive cells exist and no static return/recovery frame is known
012,Astaroth,forward_diagonal,372,373,0012,(forward+up),False,False,True,True,decoded_root_motion,1,1,29,,,,unknown_from_static_bytecode,unknown,012,Astaroth,local,resolved_local,unresolved,148,offensive cells exist and no static return/recovery frame is known
012,Astaroth,forward_diagonal,390,391,0194,(forward+up),False,False,True,True,decoded_root_motion,1,1,41,,,,unknown_from_static_bytecode,unknown,012,Astaroth,local,resolved_local,unresolved,148,offensive cells exist and no static return/recovery frame is known
012,Astaroth,forward_diagonal,392,393,0194,(forward+up),False,False,True,True,decoded_root_motion,1,1,41,,,,unknown_from_static_bytecode,unknown,012,Astaroth,local,resolved_local,unresolved,148,offensive cells exist and no static return/recovery frame is known
012,Astaroth,forward_diagonal,394,395,0194,(forward+up),False,False,True,True,decoded_root_motion,1,1,41,,,,unknown_from_static_bytecode,unknown,012,Astaroth,local,resolved_local,unresolved,148,offensive cells exist and no static return/recovery frame is known
012,Astaroth,forward_step_candidate,276,284,0014,(any:forward),True,True,True,True,decoded_root_motion,1,1,26,,,,unknown_from_static_bytecode,unknown,012,Astaroth,local,resolved_local,unresolved,155,offensive cells exist and no static return/recovery frame is known
012,Astaroth,forward_step_candidate,301,308,00B8,(any:forward),True,True,True,True,decoded_root_motion,1,1,36,,,,unknown_from_static_bytecode,unknown,012,Astaroth,local,resolved_local,unresolved,155,offensive cells exist and no static return/recovery frame is known
012,Astaroth,forward_step_candidate,317,318,007B,(any:forward),True,True,True,True,decoded_root_motion,1,1,19,,,,unknown_from_static_bytecode,unknown,012,Astaroth,local,resolved_local,unresolved,155,offensive cells exist and no static return/recovery frame is known
012,Astaroth,forward_step_candidate,326,327,0205,(any:forward),True,True,True,True,decoded_root_motion,2,2,22,,,,unknown_from_static_bytecode,unknown,012,Astaroth,local,resolved_local,unresolved,155,offensive cells exist and no static return/recovery frame is known
012,Astaroth,forward_step_candidate,329,330,00AB,(any:forward),True,True,True,True,decoded_root_motion,1,1,22,,,,unknown_from_static_bytecode,unknown,012,Astaroth,local,resolved_local,unresolved,155,offensive cells exist and no static return/recovery frame is known
012,Astaroth,forward_step_candidate,331,332,0200,(any:forward),True,True,True,True,decoded_root_motion,2,2,13,,,,unknown_from_static_bytecode,unknown,012,Astaroth,local,resolved_local,unresolved,155,offensive cells exist and no static return/recovery frame is known
012,Astaroth,forward_step_candidate,406,407,0031,(any:forward),True,True,True,True,decoded_root_motion,1,1,19,,,,unknown_from_static_bytecode,unknown,012,Astaroth,local,resolved_local,unresolved,155,offensive cells exist and no static return/recovery frame is known
012,Astaroth,forward_step_candidate,443,444,00B9,(any:forward),True,True,True,True,decoded_root_motion,1,1,28,,,,unknown_from_static_bytecode,unknown,012,Astaroth,local,resolved_local,unresolved,155,offensive cells exist and no static return/recovery frame is known
012,Astaroth,forward_step_candidate,2068,1702,1490,(any:forward),True,True,True,False,unknown_without_root_motion_decode,0,0,,,,,unknown_from_static_bytecode,unknown,012,Astaroth,move_bucket_2,resolved_move_bucket,unresolved,113,root motion did not decode with high confidence
012,Astaroth,forward_step_candidate,168,463,0259,(any:forward),False,False,True,True,decoded_root_motion,2,0,,,,,unknown_from_static_bytecode,unknown,012,Astaroth,local,resolved_local,measured_but_not_basic,155,source is not proven neutral or stance-root basic movement
012,Astaroth,forward_step_candidate,266,272,023D,(any:forward),False,False,True,True,decoded_root_motion,1,1,40,,,,unknown_from_static_bytecode,unknown,012,Astaroth,local,resolved_local,unresolved,155,offensive cells exist and no static return/recovery frame is known
012,Astaroth,forward_step_candidate,268,272,023D,(any:forward),False,False,True,True,decoded_root_motion,1,1,40,,,,unknown_from_static_bytecode,unknown,012,Astaroth,local,resolved_local,unresolved,155,offensive cells exist and no static return/recovery frame is known
012,Astaroth,forward_step_candidate,269,274,023D,(any:forward),False,False,True,True,decoded_root_motion,1,1,40,,,,unknown_from_static_bytecode,unknown,012,Astaroth,local,resolved_local,unresolved,155,offensive cells exist and no static return/recovery frame is known
012,Astaroth,forward_step_candidate,308,310,00B8,(any:forward),False,False,True,True,decoded_root_motion,2,2,35,,,,unknown_from_static_bytecode,unknown,012,Astaroth,local,resolved_local,unresolved,155,offensive cells exist and no static return/recovery frame is known
012,Astaroth,forward_step_candidate,309,311,00B8,(any:forward),False,False,True,True,decoded_root_motion,2,2,35,,,,unknown_from_static_bytecode,unknown,012,Astaroth,local,resolved_local,unresolved,155,offensive cells exist and no static return/recovery frame is known
012,Astaroth,forward_step_candidate,312,313,00DA,(any:forward),False,False,True,True,decoded_root_motion,2,2,21,,,,unknown_from_static_bytecode,unknown,012,Astaroth,local,resolved_local,unresolved,155,offensive cells exist and no static return/recovery frame is known
012,Astaroth,forward_step_candidate,319,320,007B,(any:forward),False,False,True,True,decoded_root_motion,1,1,19,,,,unknown_from_static_bytecode,unknown,012,Astaroth,local,resolved_local,unresolved,155,offensive cells exist and no static return/recovery frame is known
012,Astaroth,forward_step_candidate,319,322,00AB,(any:forward),False,False,True,True,decoded_root_motion,1,1,20,,,,unknown_from_static_bytecode,unknown,012,Astaroth,local,resolved_local,unresolved,155,offensive cells exist and no static return/recovery frame is known
012,Astaroth,forward_step_candidate,320,322,00AB,(any:forward),False,False,True,True,decoded_root_motion,1,1,20,,,,unknown_from_static_bytecode,unknown,012,Astaroth,local,resolved_local,unresolved,155,offensive cells exist and no static return/recovery frame is known
012,Astaroth,forward_step_candidate,321,324,00AB,(any:forward),False,False,True,True,decoded_root_motion,1,1,20,,,,unknown_from_static_bytecode,unknown,012,Astaroth,local,resolved_local,unresolved,155,offensive cells exist and no static return/recovery frame is known
012,Astaroth,forward_step_candidate,332,333,0200,(any:forward),False,False,True,True,decoded_root_motion,2,2,26,,,,unknown_from_static_bytecode,unknown,012,Astaroth,local,resolved_local,unresolved,155,offensive cells exist and no static return/recovery frame is known
012,Astaroth,forward_step_candidate,333,334,0200,(any:forward),False,False,True,True,decoded_root_motion,2,2,31,,,,unknown_from_static_bytecode,unknown,012,Astaroth,local,resolved_local,unresolved,155,offensive cells exist and no static return/recovery frame is known
012,Astaroth,forward_step_candidate,335,336,0200,(any:forward),False,False,True,True,decoded_root_motion,2,2,31,,,,unknown_from_static_bytecode,unknown,012,Astaroth,local,resolved_local,unresolved,155,offensive cells exist and no static return/recovery frame is known
012,Astaroth,forward_step_candidate,422,423,000B,(any:forward),False,False,True,True,decoded_root_motion,1,1,37,,,,unknown_from_static_bytecode,unknown,012,Astaroth,local,resolved_local,unresolved,155,offensive cells exist and no static return/recovery frame is known
012,Astaroth,forward_step_candidate,534,535,02A5,(any:forward),False,False,True,True,decoded_root_motion,1,1,34,,,,unknown_from_static_bytecode,unknown,012,Astaroth,local,resolved_local,unresolved,155,offensive cells exist and no static return/recovery frame is known
012,Astaroth,forward_step_candidate,534,536,02A5,(any:forward),False,False,True,True,decoded_root_motion,1,1,39,,,,unknown_from_static_bytecode,unknown,012,Astaroth,local,resolved_local,unresolved,155,offensive cells exist and no static return/recovery frame is known
012,Astaroth,forward_step_candidate,534,536,02A5,(any:forward),False,False,True,True,decoded_root_motion,1,1,39,,,,unknown_from_static_bytecode,unknown,012,Astaroth,local,resolved_local,unresolved,155,offensive cells exist and no static return/recovery frame is known
012,Astaroth,forward_step_candidate,2069,2371,1255,(any:forward),False,False,True,False,unknown_without_root_motion_decode,0,0,,,,,unknown_from_static_bytecode,unknown,012,Astaroth,move_bucket_2,resolved_move_bucket,unresolved,113,root motion did not decode with high confidence
012,Astaroth,forward_step_candidate,2202,2377,15DF,(any:forward),False,False,True,False,unknown_without_root_motion_decode,0,0,,,,,unknown_from_static_bytecode,unknown,012,Astaroth,move_bucket_2,resolved_move_bucket,unresolved,113,root motion did not decode with high confidence
012,Astaroth,forward_step_candidate,2204,2377,15DF,(any:forward),False,False,True,False,unknown_without_root_motion_decode,0,0,,,,,unknown_from_static_bytecode,unknown,012,Astaroth,move_bucket_2,resolved_move_bucket,unresolved,113,root motion did not decode with high confidence
012,Astaroth,forward_step_candidate,2259,2380,1167,(any:forward),False,False,True,False,unknown_without_root_motion_decode,0,0,,,,,unknown_from_static_bytecode,unknown,012,Astaroth,move_bucket_2,resolved_move_bucket,unresolved,113,root motion did not decode with high confidence
012,Astaroth,forward_step_candidate,2299,2382,1250,(any:forward),False,False,True,False,unknown_without_root_motion_decode,0,0,,,,,unknown_from_static_bytecode,unknown,012,Astaroth,move_bucket_2,resolved_move_bucket,unresolved,113,root motion did not decode with high confidence
012,Astaroth,sidestep_down_candidate,301,316,0041,(any:down),True,True,True,True,decoded_root_motion,0,0,,,,,unknown_from_static_bytecode,unknown,012,Astaroth,local,resolved_local,trusted_basic,205,direct movement predicate; same-bank route; root motion decoded; source is neutral-like; no active offensive cells on destination slot
012,Astaroth,sidestep_down_candidate,443,445,00B9,(any:down),True,True,True,True,decoded_root_motion,0,0,,,,,unknown_from_static_bytecode,unknown,012,Astaroth,local,resolved_local,trusted_basic,205,direct movement predicate; same-bank route; root motion decoded; source is neutral-like; no active offensive cells on destination slot
012,Astaroth,sidestep_down_candidate,338,342,0043,(any:down),False,False,True,True,decoded_root_motion,0,0,,,,,unknown_from_static_bytecode,unknown,012,Astaroth,local,resolved_local,measured_but_not_basic,155,source is not proven neutral or stance-root basic movement
012,Astaroth,sidestep_down_candidate,376,377,00FC,(any:down),False,False,True,True,decoded_root_motion,0,0,,,,,unknown_from_static_bytecode,unknown,012,Astaroth,local,resolved_local,measured_but_not_basic,155,source is not proven neutral or stance-root basic movement
012,Astaroth,sidestep_down_candidate,1534,1514,0123,(any:down),False,False,True,True,decoded_root_motion,0,0,,,,,unknown_from_static_bytecode,unknown,012,Astaroth,move_bucket_2,resolved_move_bucket,measured_but_not_basic,155,source is not proven neutral or stance-root basic movement
012,Astaroth,sidestep_down_candidate,2650,2980,02B7,(any:down),False,False,True,True,decoded_root_motion,0,0,,,,,unknown_from_static_bytecode,unknown,012,Astaroth,move_bucket_3,resolved_move_bucket,measured_but_not_basic,155,source is not proven neutral or stance-root basic movement
012,Astaroth,sidestep_down_candidate,2650,2980,02B7,(any:down),False,False,True,True,decoded_root_motion,0,0,,,,,unknown_from_static_bytecode,unknown,012,Astaroth,move_bucket_3,resolved_move_bucket,measured_but_not_basic,155,source is not proven neutral or stance-root basic movement
012,Astaroth,sidestep_down_candidate,2980,6,005E,(any:down),False,False,True,True,decoded_root_motion,0,0,,,,,unknown_from_static_bytecode,unknown,012,Astaroth,local,resolved_local,measured_but_not_basic,155,source is not proven neutral or stance-root basic movement
012,Astaroth,sidestep_up_candidate,337,338,002A,(any:up),True,True,True,True,decoded_root_motion,1,1,13,,,,unknown_from_static_bytecode,unknown,012,Astaroth,local,resolved_local,unresolved,155,offensive cells exist and no static return/recovery frame is known
012,Astaroth,sidestep_up_candidate,346,348,0006,(any:up),True,True,True,True,decoded_root_motion,1,1,19,,,,unknown_from_static_bytecode,unknown,012,Astaroth,local,resolved_local,unresolved,155,offensive cells exist and no static return/recovery frame is known
012,Astaroth,sidestep_up_candidate,452,451,00E9,(any:up),True,True,True,True,decoded_root_motion,2,2,17,,,,unknown_from_static_bytecode,unknown,012,Astaroth,local,resolved_local,unresolved,155,offensive cells exist and no static return/recovery frame is known
012,Astaroth,sidestep_up_candidate,2988,482,02C1,(any:up),False,False,True,True,decoded_root_motion,1,0,,,,,unknown_from_static_bytecode,unknown,012,Astaroth,local,resolved_local,measured_but_not_basic,155,source is not proven neutral or stance-root basic movement
012,Astaroth,sidestep_up_candidate,2988,487,01C1,(any:up),False,False,True,True,decoded_root_motion,1,0,,,,,unknown_from_static_bytecode,unknown,012,Astaroth,local,resolved_local,measured_but_not_basic,155,source is not proven neutral or stance-root basic movement
012,Astaroth,sidestep_up_candidate,2988,488,01C1,(any:up),False,False,True,True,decoded_root_motion,1,0,,,,,unknown_from_static_bytecode,unknown,012,Astaroth,local,resolved_local,measured_but_not_basic,155,source is not proven neutral or stance-root basic movement
012,Astaroth,sidestep_up_candidate,2988,489,01FC,(any:up),False,False,True,True,decoded_root_motion,1,0,,,,93,unresolved_cell_semantics,unresolved_static_data,012,Astaroth,local,resolved_local,measured_but_not_basic,155,source is not proven neutral or stance-root basic movement
012,Astaroth,sidestep_up_candidate,347,349,0006,(any:up),False,False,True,True,decoded_root_motion,1,1,19,,,,unknown_from_static_bytecode,unknown,012,Astaroth,local,resolved_local,unresolved,155,offensive cells exist and no static return/recovery frame is known
012,Astaroth,sidestep_up_candidate,446,448,00EA,(any:up),False,False,True,True,decoded_root_motion,2,2,17,,,,unknown_from_static_bytecode,unknown,012,Astaroth,local,resolved_local,unresolved,155,offensive cells exist and no static return/recovery frame is known
012,Astaroth,sidestep_up_candidate,447,451,00E9,(any:up),False,False,True,True,decoded_root_motion,2,2,17,,,,unknown_from_static_bytecode,unknown,012,Astaroth,local,resolved_local,unresolved,155,offensive cells exist and no static return/recovery frame is known
012,Astaroth,sidestep_up_candidate,447,452,00EA,(any:up),False,False,True,True,decoded_root_motion,2,2,17,,,,unknown_from_static_bytecode,unknown,012,Astaroth,local,resolved_local,unresolved,155,offensive cells exist and no static return/recovery frame is known
012,Astaroth,sidestep_up_candidate,448,451,00E9,(any:up),False,False,True,True,decoded_root_motion,2,2,17,,,,unknown_from_static_bytecode,unknown,012,Astaroth,local,resolved_local,unresolved,155,offensive cells exist and no static return/recovery frame is known
012,Astaroth,sidestep_up_candidate,450,451,00E9,(any:up),False,False,True,True,decoded_root_motion,2,2,17,,,,unknown_from_static_bytecode,unknown,012,Astaroth,local,resolved_local,unresolved,155,offensive cells exist and no static return/recovery frame is known
014,Cervantes,backstep_candidate,398,400,01CF,(any:back),True,True,True,True,decoded_root_motion,0,0,,,,,unknown_from_static_bytecode,unknown,014,Cervantes,local,resolved_local,trusted_basic,205,direct movement predicate; same-bank route; root motion decoded; source is neutral-like; no active offensive cells on destination slot
014,Cervantes,backstep_candidate,265,266,0014,(any:back),True,True,True,True,decoded_root_motion,1,1,29,,,,unknown_from_static_bytecode,unknown,014,Cervantes,local,resolved_local,unresolved,155,offensive cells exist and no static return/recovery frame is known
014,Cervantes,backstep_candidate,279,280,006F,(any:back),True,True,True,True,decoded_root_motion,1,1,17,,,,unknown_from_static_bytecode,unknown,014,Cervantes,local,resolved_local,unresolved,155,offensive cells exist and no static return/recovery frame is known
014,Cervantes,backstep_candidate,398,399,00F1,(any:back),True,True,True,True,decoded_root_motion,1,1,7,,,,unknown_from_static_bytecode,unknown,014,Cervantes,local,resolved_local,unresolved,155,offensive cells exist and no static return/recovery frame is known
014,Cervantes,backstep_candidate,543,546,0258,(any:back),True,True,True,True,decoded_root_motion,5,5,10,,,,unknown_from_static_bytecode,unknown,014,Cervantes,local,resolved_local,unresolved,155,offensive cells exist and no static return/recovery frame is known
014,Cervantes,backstep_candidate,544,545,0256,(any:back),True,True,True,True,decoded_root_motion,1,1,13,,,,unknown_from_static_bytecode,unknown,014,Cervantes,local,resolved_local,unresolved,155,offensive cells exist and no static return/recovery frame is known
014,Cervantes,backstep_candidate,2046,1680,1490,(any:back),True,True,True,False,unknown_without_root_motion_decode,0,0,,,,,unknown_from_static_bytecode,unknown,014,Cervantes,move_bucket_2,resolved_move_bucket,unresolved,113,root motion did not decode with high confidence
014,Cervantes,backstep_candidate,2953,513,0254,(any:back),False,False,True,True,decoded_root_motion,1,1,26,,,,unknown_from_static_bytecode,unknown,014,Cervantes,local,resolved_local,unresolved,155,offensive cells exist and no static return/recovery frame is known
014,Cervantes,backstep_candidate,2047,2349,1255,(any:back),False,False,True,False,unknown_without_root_motion_decode,0,0,,,,,unknown_from_static_bytecode,unknown,014,Cervantes,move_bucket_2,resolved_move_bucket,unresolved,113,root motion did not decode with high confidence
014,Cervantes,backstep_candidate,2180,2355,15DF,(any:back),False,False,True,False,unknown_without_root_motion_decode,0,0,,,,,unknown_from_static_bytecode,unknown,014,Cervantes,move_bucket_2,resolved_move_bucket,unresolved,113,root motion did not decode with high confidence
014,Cervantes,backstep_candidate,2182,2355,15DF,(any:back),False,False,True,False,unknown_without_root_motion_decode,0,0,,,,,unknown_from_static_bytecode,unknown,014,Cervantes,move_bucket_2,resolved_move_bucket,unresolved,113,root motion did not decode with high confidence
014,Cervantes,backstep_candidate,2236,2358,1167,(any:back),False,False,True,False,unknown_without_root_motion_decode,0,0,,,,,unknown_from_static_bytecode,unknown,014,Cervantes,move_bucket_2,resolved_move_bucket,unresolved,113,root motion did not decode with high confidence
014,Cervantes,backstep_candidate,2275,2360,1250,(any:back),False,False,True,False,unknown_without_root_motion_decode,0,0,,,,,unknown_from_static_bytecode,unknown,014,Cervantes,move_bucket_2,resolved_move_bucket,unresolved,113,root motion did not decode with high confidence
014,Cervantes,eight_way_or_ambiguous,161,164,0160,(any:back|forward|down),True,True,True,True,decoded_root_motion,0,0,,,,,unknown_from_static_bytecode,unknown,014,Cervantes,local,resolved_local,trusted_basic,182,direct movement predicate; same-bank route; root motion decoded; source is neutral-like; no active offensive cells on destination slot
014,Cervantes,eight_way_or_ambiguous,277,278,01CF,(back+forward),False,False,True,True,decoded_root_motion,1,0,,,,,unknown_from_static_bytecode,unknown,014,Cervantes,local,resolved_local,unresolved,132,cell index is outside this KHD bank; shared/common cell semantics are not resolved
014,Cervantes,eight_way_or_ambiguous,302,303,0125,(back+forward+up+down;any:back|forward|up|down),False,False,True,True,decoded_root_motion,1,1,34,,,,unknown_from_static_bytecode,unknown,014,Cervantes,local,resolved_local,unresolved,132,offensive cells exist and no static return/recovery frame is known
014,Cervantes,eight_way_or_ambiguous,426,427,0105,(back+forward),False,False,True,True,decoded_root_motion,1,1,69,,,,unknown_from_static_bytecode,unknown,014,Cervantes,local,resolved_local,unresolved,132,offensive cells exist and no static return/recovery frame is known
014,Cervantes,eight_way_or_ambiguous,537,538,01FB,(back+forward+up+down;any:back|forward|up|down),False,False,True,True,decoded_root_motion,2,2,35,,,,unknown_from_static_bytecode,unknown,014,Cervantes,local,resolved_local,unresolved,132,offensive cells exist and no static return/recovery frame is known
014,Cervantes,eight_way_or_ambiguous,2953,536,01FB,(back+forward),False,False,True,True,decoded_root_motion,1,1,23,,,,unknown_from_static_bytecode,unknown,014,Cervantes,local,resolved_local,unresolved,132,offensive cells exist and no static return/recovery frame is known
014,Cervantes,forward_diagonal,357,544,0231,(forward+up),True,True,True,True,decoded_root_motion,0,0,,,,,unknown_from_static_bytecode,unknown,014,Cervantes,local,resolved_local,trusted_basic,198,direct movement predicate; same-bank route; root motion decoded; source is neutral-like; no active offensive cells on destination slot
014,Cervantes,forward_diagonal,2953,539,0198,(forward+up),False,False,True,True,decoded_root_motion,0,0,,,,,unknown_from_static_bytecode,unknown,014,Cervantes,local,resolved_local,measured_but_not_basic,148,source is not proven neutral or stance-root basic movement
014,Cervantes,forward_diagonal,293,294,015C,(forward+up),False,False,True,True,decoded_root_motion,2,2,13,,,,unknown_from_static_bytecode,unknown,014,Cervantes,local,resolved_local,unresolved,148,offensive cells exist and no static return/recovery frame is known
014,Cervantes,forward_diagonal,365,366,0161,(forward+up),False,False,True,True,decoded_root_motion,1,1,21,,,,unknown_from_static_bytecode,unknown,014,Cervantes,local,resolved_local,unresolved,148,offensive cells exist and no static return/recovery frame is known
014,Cervantes,forward_diagonal,368,369,015C,(forward+up),False,False,True,True,decoded_root_motion,2,2,4,,,,unknown_from_static_bytecode,unknown,014,Cervantes,local,resolved_local,unresolved,148,offensive cells exist and no static return/recovery frame is known
014,Cervantes,forward_diagonal,370,369,015C,(forward+up),False,False,True,True,decoded_root_motion,2,2,4,,,,unknown_from_static_bytecode,unknown,014,Cervantes,local,resolved_local,unresolved,148,offensive cells exist and no static return/recovery frame is known
014,Cervantes,forward_diagonal,371,369,015C,(forward+up),False,False,True,True,decoded_root_motion,2,2,4,,,,unknown_from_static_bytecode,unknown,014,Cervantes,local,resolved_local,unresolved,148,offensive cells exist and no static return/recovery frame is known
014,Cervantes,forward_diagonal,539,541,0099,(forward+up),False,False,True,True,decoded_root_motion,1,1,37,,,,unknown_from_static_bytecode,unknown,014,Cervantes,local,resolved_local,unresolved,148,offensive cells exist and no static return/recovery frame is known
014,Cervantes,forward_step_candidate,265,268,0273,(any:forward),True,True,True,True,decoded_root_motion,1,1,23,,,,unknown_from_static_bytecode,unknown,014,Cervantes,local,resolved_local,unresolved,155,offensive cells exist and no static return/recovery frame is known
014,Cervantes,forward_step_candidate,295,296,0117,(any:forward),True,True,True,True,decoded_root_motion,1,1,16,,,,unknown_from_static_bytecode,unknown,014,Cervantes,local,resolved_local,unresolved,155,offensive cells exist and no static return/recovery frame is known
014,Cervantes,forward_step_candidate,398,401,015B,(any:forward),True,True,True,True,decoded_root_motion,1,1,32,,,,unknown_from_static_bytecode,unknown,014,Cervantes,local,resolved_local,unresolved,155,offensive cells exist and no static return/recovery frame is known
014,Cervantes,forward_step_candidate,414,415,021F,(any:forward),True,True,True,True,decoded_root_motion,1,1,42,,,,unknown_from_static_bytecode,unknown,014,Cervantes,local,resolved_local,unresolved,155,offensive cells exist and no static return/recovery frame is known
014,Cervantes,forward_step_candidate,543,545,0256,(any:forward),True,True,True,True,decoded_root_motion,1,1,13,,,,unknown_from_static_bytecode,unknown,014,Cervantes,local,resolved_local,unresolved,155,offensive cells exist and no static return/recovery frame is known
014,Cervantes,forward_step_candidate,544,546,0258,(any:forward),True,True,True,True,decoded_root_motion,5,5,10,,,,unknown_from_static_bytecode,unknown,014,Cervantes,local,resolved_local,unresolved,155,offensive cells exist and no static return/recovery frame is known
014,Cervantes,forward_step_candidate,2046,1680,1490,(any:forward),True,True,True,False,unknown_without_root_motion_decode,0,0,,,,,unknown_from_static_bytecode,unknown,014,Cervantes,move_bucket_2,resolved_move_bucket,unresolved,113,root motion did not decode with high confidence
014,Cervantes,forward_step_candidate,168,448,019B,(any:forward),False,False,True,True,decoded_root_motion,1,0,,,,,unknown_from_static_bytecode,unknown,014,Cervantes,local,resolved_local,measured_but_not_basic,155,source is not proven neutral or stance-root basic movement
014,Cervantes,forward_step_candidate,435,543,025E,(any:forward),False,False,True,True,decoded_root_motion,0,0,,,,,unknown_from_static_bytecode,unknown,014,Cervantes,local,resolved_local,measured_but_not_basic,155,source is not proven neutral or stance-root basic movement
014,Cervantes,forward_step_candidate,441,544,0231,(any:forward),False,False,True,True,decoded_root_motion,0,0,,,,,unknown_from_static_bytecode,unknown,014,Cervantes,local,resolved_local,measured_but_not_basic,155,source is not proven neutral or stance-root basic movement
014,Cervantes,forward_step_candidate,444,544,0231,(any:forward),False,False,True,True,decoded_root_motion,0,0,,,,,unknown_from_static_bytecode,unknown,014,Cervantes,local,resolved_local,measured_but_not_basic,155,source is not proven neutral or stance-root basic movement
014,Cervantes,forward_step_candidate,275,276,01E9,(any:forward),False,False,True,True,decoded_root_motion,1,1,28,,,,unknown_from_static_bytecode,unknown,014,Cervantes,local,resolved_local,unresolved,155,offensive cells exist and no static return/recovery frame is known
014,Cervantes,forward_step_candidate,2047,2349,1255,(any:forward),False,False,True,False,unknown_without_root_motion_decode,0,0,,,,,unknown_from_static_bytecode,unknown,014,Cervantes,move_bucket_2,resolved_move_bucket,unresolved,113,root motion did not decode with high confidence
014,Cervantes,forward_step_candidate,2180,2355,15DF,(any:forward),False,False,True,False,unknown_without_root_motion_decode,0,0,,,,,unknown_from_static_bytecode,unknown,014,Cervantes,move_bucket_2,resolved_move_bucket,unresolved,113,root motion did not decode with high confidence
014,Cervantes,forward_step_candidate,2182,2355,15DF,(any:forward),False,False,True,False,unknown_without_root_motion_decode,0,0,,,,,unknown_from_static_bytecode,unknown,014,Cervantes,move_bucket_2,resolved_move_bucket,unresolved,113,root motion did not decode with high confidence
014,Cervantes,forward_step_candidate,2237,2358,1167,(any:forward),False,False,True,False,unknown_without_root_motion_decode,0,0,,,,,unknown_from_static_bytecode,unknown,014,Cervantes,move_bucket_2,resolved_move_bucket,unresolved,113,root motion did not decode with high confidence
014,Cervantes,forward_step_candidate,2277,2360,1250,(any:forward),False,False,True,False,unknown_without_root_motion_decode,0,0,,,,,unknown_from_static_bytecode,unknown,014,Cervantes,move_bucket_2,resolved_move_bucket,unresolved,113,root motion did not decode with high confidence
014,Cervantes,sidestep_down_candidate,471,6,00BD,(any:down),False,False,True,True,decoded_root_motion,0,0,,,,,unknown_from_static_bytecode,unknown,014,Cervantes,local,resolved_local,measured_but_not_basic,155,source is not proven neutral or stance-root basic movement
014,Cervantes,sidestep_down_candidate,1512,1492,0143,(any:down),False,False,True,True,decoded_root_motion,0,0,,,,,unknown_from_static_bytecode,unknown,014,Cervantes,move_bucket_2,resolved_move_bucket,measured_but_not_basic,155,source is not proven neutral or stance-root basic movement
014,Cervantes,sidestep_down_candidate,2628,471,0241,(any:down),False,False,True,True,decoded_root_motion,0,0,,,,,unknown_from_static_bytecode,unknown,014,Cervantes,local,resolved_local,measured_but_not_basic,155,source is not proven neutral or stance-root basic movement
014,Cervantes,sidestep_down_candidate,2628,471,0241,(any:down),False,False,True,True,decoded_root_motion,0,0,,,,,unknown_from_static_bytecode,unknown,014,Cervantes,local,resolved_local,measured_but_not_basic,155,source is not proven neutral or stance-root basic movement
014,Cervantes,sidestep_down_candidate,2953,512,001F,(any:down),False,False,True,True,decoded_root_motion,0,0,,,,,unknown_from_static_bytecode,unknown,014,Cervantes,local,resolved_local,measured_but_not_basic,155,source is not proven neutral or stance-root basic movement
014,Cervantes,sidestep_up_candidate,418,419,0018,(any:up),True,True,True,True,decoded_root_motion,1,1,33,,,,unknown_from_static_bytecode,unknown,014,Cervantes,local,resolved_local,unresolved,155,offensive cells exist and no static return/recovery frame is known
014,Cervantes,sidestep_up_candidate,421,422,0019,(any:up),True,True,True,True,decoded_root_motion,1,1,33,,,,unknown_from_static_bytecode,unknown,014,Cervantes,local,resolved_local,unresolved,155,offensive cells exist and no static return/recovery frame is known
014,Cervantes,sidestep_up_candidate,543,548,025A,(any:up),True,True,True,True,decoded_root_motion,1,1,25,,,,unknown_from_static_bytecode,unknown,014,Cervantes,local,resolved_local,unresolved,155,offensive cells exist and no static return/recovery frame is known
014,Cervantes,sidestep_up_candidate,544,546,0258,(any:up),True,True,True,True,decoded_root_motion,5,5,10,,,,unknown_from_static_bytecode,unknown,014,Cervantes,local,resolved_local,unresolved,155,offensive cells exist and no static return/recovery frame is known
014,Cervantes,sidestep_up_candidate,544,548,025A,(any:up),True,True,True,True,decoded_root_motion,1,1,25,,,,unknown_from_static_bytecode,unknown,014,Cervantes,local,resolved_local,unresolved,155,offensive cells exist and no static return/recovery frame is known
014,Cervantes,sidestep_up_candidate,2953,534,01E1,(any:up),False,False,True,True,decoded_root_motion,1,1,28,,,,unknown_from_static_bytecode,unknown,014,Cervantes,local,resolved_local,unresolved,155,offensive cells exist and no static return/recovery frame is known
015,Raphael,backstep_candidate,257,258,007A,(any:back),True,True,True,True,decoded_root_motion,1,1,16,,,,unknown_from_static_bytecode,unknown,015,Raphael,local,resolved_local,unresolved,155,offensive cells exist and no static return/recovery frame is known
015,Raphael,backstep_candidate,261,262,0125,(any:back),True,True,True,True,decoded_root_motion,1,1,17,,,,unknown_from_static_bytecode,unknown,015,Raphael,local,resolved_local,unresolved,155,offensive cells exist and no static return/recovery frame is known
015,Raphael,backstep_candidate,419,420,01BD,(any:back),True,True,True,True,decoded_root_motion,1,1,19,,,,unknown_from_static_bytecode,unknown,015,Raphael,local,resolved_local,unresolved,155,offensive cells exist and no static return/recovery frame is known
015,Raphael,backstep_candidate,2877,419,0238,(any:back),True,False,True,True,decoded_root_motion,1,1,13,,,,unknown_from_static_bytecode,unknown,015,Raphael,local,resolved_local,unresolved,155,offensive cells exist and no static return/recovery frame is known
015,Raphael,backstep_candidate,1970,1604,1491,(any:back),True,True,True,False,unknown_without_root_motion_decode,0,0,,,,,unknown_from_static_bytecode,unknown,015,Raphael,move_bucket_2,resolved_move_bucket,unresolved,113,root motion did not decode with high confidence
015,Raphael,backstep_candidate,2878,454,0239,(any:back),False,False,True,True,decoded_root_motion,1,1,15,,,,unknown_from_static_bytecode,unknown,015,Raphael,local,resolved_local,unresolved,155,offensive cells exist and no static return/recovery frame is known
015,Raphael,backstep_candidate,1971,2273,1254,(any:back),False,False,True,False,unknown_without_root_motion_decode,0,0,,,,,unknown_from_static_bytecode,unknown,015,Raphael,move_bucket_2,resolved_move_bucket,unresolved,113,root motion did not decode with high confidence
015,Raphael,backstep_candidate,2104,2279,15DF,(any:back),False,False,True,False,unknown_without_root_motion_decode,0,0,,,,,unknown_from_static_bytecode,unknown,015,Raphael,move_bucket_2,resolved_move_bucket,unresolved,113,root motion did not decode with high confidence
015,Raphael,backstep_candidate,2106,2279,15DF,(any:back),False,False,True,False,unknown_without_root_motion_decode,0,0,,,,,unknown_from_static_bytecode,unknown,015,Raphael,move_bucket_2,resolved_move_bucket,unresolved,113,root motion did not decode with high confidence
015,Raphael,backstep_candidate,2160,2282,1168,(any:back),False,False,True,False,unknown_without_root_motion_decode,0,0,,,,,unknown_from_static_bytecode,unknown,015,Raphael,move_bucket_2,resolved_move_bucket,unresolved,113,root motion did not decode with high confidence
015,Raphael,backstep_candidate,2199,2284,1251,(any:back),False,False,True,False,unknown_without_root_motion_decode,0,0,,,,,unknown_from_static_bytecode,unknown,015,Raphael,move_bucket_2,resolved_move_bucket,unresolved,113,root motion did not decode with high confidence
015,Raphael,eight_way_or_ambiguous,161,164,0110,(any:back|forward|down),True,True,True,True,decoded_root_motion,0,0,,,,,unknown_from_static_bytecode,unknown,015,Raphael,local,resolved_local,trusted_basic,182,direct movement predicate; same-bank route; root motion decoded; source is neutral-like; no active offensive cells on destination slot
015,Raphael,eight_way_or_ambiguous,313,314,0117,(back+forward),False,False,True,True,decoded_root_motion,1,1,12,,,,unknown_from_static_bytecode,unknown,015,Raphael,local,resolved_local,unresolved,132,offensive cells exist and no static return/recovery frame is known
015,Raphael,forward_diagonal,413,414,00AD,(forward+up),True,True,True,True,decoded_root_motion,0,0,,,,,unknown_from_static_bytecode,unknown,015,Raphael,local,resolved_local,trusted_basic,198,direct movement predicate; same-bank route; root motion decoded; source is neutral-like; no active offensive cells on destination slot
015,Raphael,forward_diagonal,457,458,0129,(forward+up),True,True,True,True,decoded_root_motion,0,0,,,,,unknown_from_static_bytecode,unknown,015,Raphael,local,resolved_local,trusted_basic,198,direct movement predicate; same-bank route; root motion decoded; source is neutral-like; no active offensive cells on destination slot
015,Raphael,forward_diagonal,459,460,0116,(forward+up),True,True,True,True,decoded_root_motion,0,0,,,,,unknown_from_static_bytecode,unknown,015,Raphael,local,resolved_local,trusted_basic,198,direct movement predicate; same-bank route; root motion decoded; source is neutral-like; no active offensive cells on destination slot
015,Raphael,forward_diagonal,461,462,00B6,(forward+up),True,True,True,True,decoded_root_motion,0,0,,,,,unknown_from_static_bytecode,unknown,015,Raphael,local,resolved_local,trusted_basic,198,direct movement predicate; same-bank route; root motion decoded; source is neutral-like; no active offensive cells on destination slot
015,Raphael,forward_step_candidate,288,289,00AD,(any:forward),True,True,True,True,decoded_root_motion,0,0,,,,,unknown_from_static_bytecode,unknown,015,Raphael,local,resolved_local,trusted_basic,205,direct movement predicate; same-bank route; root motion decoded; source is neutral-like; no active offensive cells on destination slot
015,Raphael,forward_step_candidate,291,292,00AD,(any:forward),True,True,True,True,decoded_root_motion,0,0,,,,,unknown_from_static_bytecode,unknown,015,Raphael,local,resolved_local,trusted_basic,205,direct movement predicate; same-bank route; root motion decoded; source is neutral-like; no active offensive cells on destination slot
015,Raphael,forward_step_candidate,293,294,00AD,(any:forward),True,True,True,True,decoded_root_motion,0,0,,,,,unknown_from_static_bytecode,unknown,015,Raphael,local,resolved_local,trusted_basic,205,direct movement predicate; same-bank route; root motion decoded; source is neutral-like; no active offensive cells on destination slot
015,Raphael,forward_step_candidate,368,369,00AD,(any:forward),True,True,True,True,decoded_root_motion,0,0,,,,,unknown_from_static_bytecode,unknown,015,Raphael,local,resolved_local,trusted_basic,205,direct movement predicate; same-bank route; root motion decoded; source is neutral-like; no active offensive cells on destination slot
015,Raphael,forward_step_candidate,425,428,00AD,(any:forward),True,True,True,True,decoded_root_motion,0,0,,,,,unknown_from_static_bytecode,unknown,015,Raphael,local,resolved_local,trusted_basic,205,direct movement predicate; same-bank route; root motion decoded; source is neutral-like; no active offensive cells on destination slot
015,Raphael,forward_step_candidate,257,259,01CB,(any:forward),True,True,True,True,decoded_root_motion,1,1,15,,,,unknown_from_static_bytecode,unknown,015,Raphael,local,resolved_local,unresolved,155,offensive cells exist and no static return/recovery frame is known
015,Raphael,forward_step_candidate,272,273,0249,(any:forward),True,True,True,True,decoded_root_motion,1,1,15,,,,unknown_from_static_bytecode,unknown,015,Raphael,local,resolved_local,unresolved,155,offensive cells exist and no static return/recovery frame is known
015,Raphael,forward_step_candidate,272,274,0249,(any:forward),True,True,True,True,decoded_root_motion,1,1,15,,,,unknown_from_static_bytecode,unknown,015,Raphael,local,resolved_local,unresolved,155,offensive cells exist and no static return/recovery frame is known
015,Raphael,forward_step_candidate,345,346,0087,(any:forward),True,True,True,True,decoded_root_motion,1,1,19,,,,unknown_from_static_bytecode,unknown,015,Raphael,local,resolved_local,unresolved,155,offensive cells exist and no static return/recovery frame is known
015,Raphael,forward_step_candidate,372,373,0086,(any:forward),True,True,True,True,decoded_root_motion,2,2,23,,,,unknown_from_static_bytecode,unknown,015,Raphael,local,resolved_local,unresolved,155,offensive cells exist and no static return/recovery frame is known
015,Raphael,forward_step_candidate,419,421,0087,(any:forward),True,True,True,True,decoded_root_motion,1,1,16,,,,unknown_from_static_bytecode,unknown,015,Raphael,local,resolved_local,unresolved,155,offensive cells exist and no static return/recovery frame is known
015,Raphael,forward_step_candidate,425,430,012E,(any:forward),True,True,True,True,decoded_root_motion,1,1,19,,,,unknown_from_static_bytecode,unknown,015,Raphael,local,resolved_local,unresolved,155,offensive cells exist and no static return/recovery frame is known
015,Raphael,forward_step_candidate,2877,424,0082,(any:forward),True,False,True,True,decoded_root_motion,1,1,9,,,,unknown_from_static_bytecode,unknown,015,Raphael,local,resolved_local,unresolved,155,offensive cells exist and no static return/recovery frame is known
015,Raphael,forward_step_candidate,1970,1604,1491,(any:forward),True,True,True,False,unknown_without_root_motion_decode,0,0,,,,,unknown_from_static_bytecode,unknown,015,Raphael,move_bucket_2,resolved_move_bucket,unresolved,113,root motion did not decode with high confidence
015,Raphael,forward_step_candidate,168,387,007D,(any:forward),False,False,True,True,decoded_root_motion,1,0,,,,,unknown_from_static_bytecode,unknown,015,Raphael,local,resolved_local,measured_but_not_basic,155,source is not proven neutral or stance-root basic movement
015,Raphael,forward_step_candidate,263,369,00AD,(any:forward),False,False,True,True,decoded_root_motion,0,0,,,,,unknown_from_static_bytecode,unknown,015,Raphael,local,resolved_local,measured_but_not_basic,155,source is not proven neutral or stance-root basic movement
015,Raphael,forward_step_candidate,269,369,00AD,(any:forward),False,False,True,True,decoded_root_motion,0,0,,,,,unknown_from_static_bytecode,unknown,015,Raphael,local,resolved_local,measured_but_not_basic,155,source is not proven neutral or stance-root basic movement
015,Raphael,forward_step_candidate,283,418,00AD,(any:forward),False,False,True,True,decoded_root_motion,0,0,,,,,unknown_from_static_bytecode,unknown,015,Raphael,local,resolved_local,measured_but_not_basic,155,source is not proven neutral or stance-root basic movement
015,Raphael,forward_step_candidate,343,418,00AD,(any:forward),False,False,True,True,decoded_root_motion,0,0,,,,,unknown_from_static_bytecode,unknown,015,Raphael,local,resolved_local,measured_but_not_basic,155,source is not proven neutral or stance-root basic movement
015,Raphael,forward_step_candidate,354,418,00AD,(any:forward),False,False,True,True,decoded_root_motion,0,0,,,,,unknown_from_static_bytecode,unknown,015,Raphael,local,resolved_local,measured_but_not_basic,155,source is not proven neutral or stance-root basic movement
015,Raphael,forward_step_candidate,364,418,00AD,(any:forward),False,False,True,True,decoded_root_motion,0,0,,,,,unknown_from_static_bytecode,unknown,015,Raphael,local,resolved_local,measured_but_not_basic,155,source is not proven neutral or stance-root basic movement
015,Raphael,forward_step_candidate,366,367,00AD,(any:forward),False,False,True,True,decoded_root_motion,0,0,,,,,unknown_from_static_bytecode,unknown,015,Raphael,local,resolved_local,measured_but_not_basic,155,source is not proven neutral or stance-root basic movement
015,Raphael,forward_step_candidate,383,384,01B4,(any:forward),False,False,True,True,decoded_root_motion,0,0,,,,,unknown_from_static_bytecode,unknown,015,Raphael,local,resolved_local,measured_but_not_basic,155,source is not proven neutral or stance-root basic movement
015,Raphael,forward_step_candidate,421,422,00AD,(any:forward),False,False,True,True,decoded_root_motion,0,0,,,,,unknown_from_static_bytecode,unknown,015,Raphael,local,resolved_local,measured_but_not_basic,155,source is not proven neutral or stance-root basic movement
015,Raphael,forward_step_candidate,295,296,0090,(any:forward),False,False,True,True,decoded_root_motion,1,1,27,,,,unknown_from_static_bytecode,unknown,015,Raphael,local,resolved_local,unresolved,155,offensive cells exist and no static return/recovery frame is known
015,Raphael,forward_step_candidate,448,449,00F8,(any:forward),False,False,True,True,decoded_root_motion,1,1,17,,,,unknown_from_static_bytecode,unknown,015,Raphael,local,resolved_local,unresolved,155,offensive cells exist and no static return/recovery frame is known
015,Raphael,forward_step_candidate,2878,455,0237,(any:forward),False,False,True,True,decoded_root_motion,1,1,19,,,,unknown_from_static_bytecode,unknown,015,Raphael,local,resolved_local,unresolved,155,offensive cells exist and no static return/recovery frame is known
015,Raphael,forward_step_candidate,1971,2273,1254,(any:forward),False,False,True,False,unknown_without_root_motion_decode,0,0,,,,,unknown_from_static_bytecode,unknown,015,Raphael,move_bucket_2,resolved_move_bucket,unresolved,113,root motion did not decode with high confidence
015,Raphael,forward_step_candidate,2104,2279,15DF,(any:forward),False,False,True,False,unknown_without_root_motion_decode,0,0,,,,,unknown_from_static_bytecode,unknown,015,Raphael,move_bucket_2,resolved_move_bucket,unresolved,113,root motion did not decode with high confidence
015,Raphael,forward_step_candidate,2106,2279,15DF,(any:forward),False,False,True,False,unknown_without_root_motion_decode,0,0,,,,,unknown_from_static_bytecode,unknown,015,Raphael,move_bucket_2,resolved_move_bucket,unresolved,113,root motion did not decode with high confidence
015,Raphael,forward_step_candidate,2161,2282,1168,(any:forward),False,False,True,False,unknown_without_root_motion_decode,0,0,,,,,unknown_from_static_bytecode,unknown,015,Raphael,move_bucket_2,resolved_move_bucket,unresolved,113,root motion did not decode with high confidence
015,Raphael,forward_step_candidate,2201,2284,1251,(any:forward),False,False,True,False,unknown_without_root_motion_decode,0,0,,,,,unknown_from_static_bytecode,unknown,015,Raphael,move_bucket_2,resolved_move_bucket,unresolved,113,root motion did not decode with high confidence
015,Raphael,sidestep_down_candidate,257,260,0183,(any:down),True,True,True,True,decoded_root_motion,0,0,,,,,unknown_from_static_bytecode,unknown,015,Raphael,local,resolved_local,trusted_basic,205,direct movement predicate; same-bank route; root motion decoded; source is neutral-like; no active offensive cells on destination slot
015,Raphael,sidestep_down_candidate,2877,440,024C,(any:down),True,False,True,True,decoded_root_motion,1,1,11,,,,unknown_from_static_bytecode,unknown,015,Raphael,local,resolved_local,unresolved,155,offensive cells exist and no static return/recovery frame is known
015,Raphael,sidestep_down_candidate,472,6,0028,(any:down),False,False,True,True,decoded_root_motion,0,0,,,,,unknown_from_static_bytecode,unknown,015,Raphael,local,resolved_local,measured_but_not_basic,155,source is not proven neutral or stance-root basic movement
015,Raphael,sidestep_down_candidate,1436,1416,00CD,(any:down),False,False,True,True,decoded_root_motion,0,0,,,,,unknown_from_static_bytecode,unknown,015,Raphael,move_bucket_2,resolved_move_bucket,measured_but_not_basic,155,source is not proven neutral or stance-root basic movement
015,Raphael,sidestep_down_candidate,2552,472,0291,(any:down),False,False,True,True,decoded_root_motion,0,0,,,,,unknown_from_static_bytecode,unknown,015,Raphael,local,resolved_local,measured_but_not_basic,155,source is not proven neutral or stance-root basic movement
015,Raphael,sidestep_down_candidate,2552,472,0291,(any:down),False,False,True,True,decoded_root_motion,0,0,,,,,unknown_from_static_bytecode,unknown,015,Raphael,local,resolved_local,measured_but_not_basic,155,source is not proven neutral or stance-root basic movement
015,Raphael,sidestep_down_candidate,2881,297,00ED,(any:down),False,False,True,True,decoded_root_motion,1,1,19,,,,unknown_from_static_bytecode,unknown,015,Raphael,local,resolved_local,unresolved,155,offensive cells exist and no static return/recovery frame is known
015,Raphael,sidestep_up_candidate,2877,441,028A,(any:up),True,False,True,True,decoded_root_motion,0,0,,,,,unknown_from_static_bytecode,unknown,015,Raphael,local,resolved_local,trusted_basic,205,direct movement predicate; same-bank route; root motion decoded; source is neutral-like; no active offensive cells on destination slot
015,Raphael,sidestep_up_candidate,272,277,00F1,(any:up),True,True,True,True,decoded_root_motion,1,1,19,,,,unknown_from_static_bytecode,unknown,015,Raphael,local,resolved_local,unresolved,155,offensive cells exist and no static return/recovery frame is known
015,Raphael,sidestep_up_candidate,345,347,003C,(any:up),True,True,True,True,decoded_root_motion,1,1,13,,,,unknown_from_static_bytecode,unknown,015,Raphael,local,resolved_local,unresolved,155,offensive cells exist and no static return/recovery frame is known
015,Raphael,sidestep_up_candidate,2877,434,01B6,(any:up),True,False,True,True,decoded_root_motion,1,1,15,,,,unknown_from_static_bytecode,unknown,015,Raphael,local,resolved_local,unresolved,155,offensive cells exist and no static return/recovery frame is known
015,Raphael,sidestep_up_candidate,2882,441,028A,(any:up),False,False,True,True,decoded_root_motion,0,0,,,,,unknown_from_static_bytecode,unknown,015,Raphael,local,resolved_local,measured_but_not_basic,155,source is not proven neutral or stance-root basic movement
015,Raphael,sidestep_up_candidate,434,435,01BF,(any:up),False,False,True,True,decoded_root_motion,2,2,15,,,,unknown_from_static_bytecode,unknown,015,Raphael,local,resolved_local,unresolved,155,offensive cells exist and no static return/recovery frame is known
015,Raphael,sidestep_up_candidate,451,452,0258,(any:up),False,False,True,True,decoded_root_motion,1,1,10,,,,unknown_from_static_bytecode,unknown,015,Raphael,local,resolved_local,unresolved,155,offensive cells exist and no static return/recovery frame is known
015,Raphael,sidestep_up_candidate,2878,456,027C,(any:up),False,False,True,True,decoded_root_motion,1,1,19,,,,unknown_from_static_bytecode,unknown,015,Raphael,local,resolved_local,unresolved,155,offensive cells exist and no static return/recovery frame is known
016,Talim,back_diagonal,2919,393,015B,(back+down),False,False,True,True,decoded_root_motion,1,0,,,,,unknown_from_static_bytecode,unknown,016,Talim,local,resolved_local,measured_but_not_basic,148,source is not proven neutral or stance-root basic movement
016,Talim,back_diagonal,2919,393,015B,(back+down),False,False,True,True,decoded_root_motion,1,0,,,,,unknown_from_static_bytecode,unknown,016,Talim,local,resolved_local,measured_but_not_basic,148,source is not proven neutral or stance-root basic movement
016,Talim,backstep_candidate,256,257,01B8,(any:back),True,True,True,True,decoded_root_motion,2,2,10,,,,unknown_from_static_bytecode,unknown,016,Talim,local,resolved_local,unresolved,155,offensive cells exist and no static return/recovery frame is known
016,Talim,backstep_candidate,257,260,01CB,(any:back),True,True,True,True,decoded_root_motion,1,1,16,,,,unknown_from_static_bytecode,unknown,016,Talim,local,resolved_local,unresolved,155,offensive cells exist and no static return/recovery frame is known
016,Talim,backstep_candidate,295,296,0225,(any:back),True,True,True,True,decoded_root_motion,1,1,17,,,,unknown_from_static_bytecode,unknown,016,Talim,local,resolved_local,unresolved,155,offensive cells exist and no static return/recovery frame is known
016,Talim,backstep_candidate,296,297,0225,(any:back),True,True,True,True,decoded_root_motion,1,1,17,,,,unknown_from_static_bytecode,unknown,016,Talim,local,resolved_local,unresolved,155,offensive cells exist and no static return/recovery frame is known
016,Talim,backstep_candidate,296,298,0225,(any:back),True,True,True,True,decoded_root_motion,1,1,17,,,,unknown_from_static_bytecode,unknown,016,Talim,local,resolved_local,unresolved,155,offensive cells exist and no static return/recovery frame is known
016,Talim,backstep_candidate,352,353,017E,(any:back),True,True,True,True,decoded_root_motion,2,2,29,,,,unknown_from_static_bytecode,unknown,016,Talim,local,resolved_local,unresolved,155,offensive cells exist and no static return/recovery frame is known
016,Talim,backstep_candidate,473,466,014F,(any:back),True,True,True,True,decoded_root_motion,1,1,19,,,,unknown_from_static_bytecode,unknown,016,Talim,local,resolved_local,unresolved,155,offensive cells exist and no static return/recovery frame is known
016,Talim,backstep_candidate,2921,498,0138,(any:back),True,False,True,True,decoded_root_motion,1,1,31,,,,unknown_from_static_bytecode,unknown,016,Talim,local,resolved_local,unresolved,155,offensive cells exist and no static return/recovery frame is known
016,Talim,backstep_candidate,2922,498,0138,(any:back),True,False,True,True,decoded_root_motion,1,1,31,,,,unknown_from_static_bytecode,unknown,016,Talim,local,resolved_local,unresolved,155,offensive cells exist and no static return/recovery frame is known
016,Talim,backstep_candidate,2012,1646,1490,(any:back),True,True,True,False,unknown_without_root_motion_decode,0,0,,,,,unknown_from_static_bytecode,unknown,016,Talim,move_bucket_2,resolved_move_bucket,unresolved,113,root motion did not decode with high confidence
016,Talim,backstep_candidate,354,355,017F,(any:back),False,False,True,True,decoded_root_motion,1,1,35,,,,unknown_from_static_bytecode,unknown,016,Talim,local,resolved_local,unresolved,155,offensive cells exist and no static return/recovery frame is known
016,Talim,backstep_candidate,355,356,0180,(any:back),False,False,True,True,decoded_root_motion,1,1,19,,,,unknown_from_static_bytecode,unknown,016,Talim,local,resolved_local,unresolved,155,offensive cells exist and no static return/recovery frame is known
016,Talim,backstep_candidate,363,364,015D,(any:back),False,False,True,True,decoded_root_motion,1,1,29,,,,unknown_from_static_bytecode,unknown,016,Talim,local,resolved_local,unresolved,155,offensive cells exist and no static return/recovery frame is known
016,Talim,backstep_candidate,406,407,01DC,(any:back),False,False,True,True,decoded_root_motion,1,1,18,,,,unknown_from_static_bytecode,unknown,016,Talim,local,resolved_local,unresolved,155,offensive cells exist and no static return/recovery frame is known
016,Talim,backstep_candidate,419,420,0150,(any:back),False,False,True,True,decoded_root_motion,2,2,23,,,,unknown_from_static_bytecode,unknown,016,Talim,local,resolved_local,unresolved,155,offensive cells exist and no static return/recovery frame is known
016,Talim,backstep_candidate,2919,440,01F1,(any:back),False,False,True,True,decoded_root_motion,1,1,11,,,,unknown_from_static_bytecode,unknown,016,Talim,local,resolved_local,unresolved,155,offensive cells exist and no static return/recovery frame is known
016,Talim,backstep_candidate,2919,441,01F2,(any:back),False,False,True,True,decoded_root_motion,1,1,11,,,,unknown_from_static_bytecode,unknown,016,Talim,local,resolved_local,unresolved,155,offensive cells exist and no static return/recovery frame is known
016,Talim,backstep_candidate,2920,466,014F,(any:back),False,False,True,True,decoded_root_motion,1,1,19,,,,unknown_from_static_bytecode,unknown,016,Talim,local,resolved_local,unresolved,155,offensive cells exist and no static return/recovery frame is known
016,Talim,backstep_candidate,2013,2315,1255,(any:back),False,False,True,False,unknown_without_root_motion_decode,0,0,,,,,unknown_from_static_bytecode,unknown,016,Talim,move_bucket_2,resolved_move_bucket,unresolved,113,root motion did not decode with high confidence
016,Talim,backstep_candidate,2146,2321,15DF,(any:back),False,False,True,False,unknown_without_root_motion_decode,0,0,,,,,unknown_from_static_bytecode,unknown,016,Talim,move_bucket_2,resolved_move_bucket,unresolved,113,root motion did not decode with high confidence
016,Talim,backstep_candidate,2148,2321,15DF,(any:back),False,False,True,False,unknown_without_root_motion_decode,0,0,,,,,unknown_from_static_bytecode,unknown,016,Talim,move_bucket_2,resolved_move_bucket,unresolved,113,root motion did not decode with high confidence
016,Talim,backstep_candidate,2202,2324,1167,(any:back),False,False,True,False,unknown_without_root_motion_decode,0,0,,,,,unknown_from_static_bytecode,unknown,016,Talim,move_bucket_2,resolved_move_bucket,unresolved,113,root motion did not decode with high confidence
016,Talim,backstep_candidate,2241,2326,1250,(any:back),False,False,True,False,unknown_without_root_motion_decode,0,0,,,,,unknown_from_static_bytecode,unknown,016,Talim,move_bucket_2,resolved_move_bucket,unresolved,113,root motion did not decode with high confidence
016,Talim,eight_way_or_ambiguous,161,164,0166,(any:back|forward|down),True,True,True,True,decoded_root_motion,0,0,,,,,unknown_from_static_bytecode,unknown,016,Talim,local,resolved_local,trusted_basic,182,direct movement predicate; same-bank route; root motion decoded; source is neutral-like; no active offensive cells on destination slot
016,Talim,eight_way_or_ambiguous,257,264,01DD,(back+forward),True,True,True,True,decoded_root_motion,1,1,12,,,,unknown_from_static_bytecode,unknown,016,Talim,local,resolved_local,unresolved,132,offensive cells exist and no static return/recovery frame is known
016,Talim,eight_way_or_ambiguous,292,293,01DB,(back+forward+up+down;any:back|forward|up|down),True,True,True,True,decoded_root_motion,1,1,25,,,,unknown_from_static_bytecode,unknown,016,Talim,local,resolved_local,unresolved,132,offensive cells exist and no static return/recovery frame is known
016,Talim,eight_way_or_ambiguous,317,318,00A1,(back+forward),True,True,True,True,decoded_root_motion,1,1,23,,,,unknown_from_static_bytecode,unknown,016,Talim,local,resolved_local,unresolved,132,offensive cells exist and no static return/recovery frame is known
016,Talim,eight_way_or_ambiguous,421,423,01C5,(back+forward),True,True,True,True,decoded_root_motion,1,1,21,,,,unknown_from_static_bytecode,unknown,016,Talim,local,resolved_local,unresolved,132,offensive cells exist and no static return/recovery frame is known
016,Talim,eight_way_or_ambiguous,473,476,01C8,(back+forward),True,True,True,True,decoded_root_motion,1,1,7,,,,unknown_from_static_bytecode,unknown,016,Talim,local,resolved_local,unresolved,132,offensive cells exist and no static return/recovery frame is known
016,Talim,eight_way_or_ambiguous,2921,507,022B,(back+forward),True,False,True,True,decoded_root_motion,1,1,59,,,,unknown_from_static_bytecode,unknown,016,Talim,local,resolved_local,unresolved,132,offensive cells exist and no static return/recovery frame is known
016,Talim,eight_way_or_ambiguous,2922,507,022B,(back+forward),True,False,True,True,decoded_root_motion,1,1,59,,,,unknown_from_static_bytecode,unknown,016,Talim,local,resolved_local,unresolved,132,offensive cells exist and no static return/recovery frame is known
016,Talim,eight_way_or_ambiguous,479,1789,1153,(back+forward+up+down;any:back|forward|up|down),True,True,True,False,unknown_without_root_motion_decode,0,0,,,,,unknown_from_static_bytecode,unknown,016,Talim,move_bucket_2,resolved_move_bucket,unresolved,90,root motion did not decode with high confidence
016,Talim,eight_way_or_ambiguous,480,1789,1153,(back+forward+up+down;any:back|forward|up|down),True,True,True,False,unknown_without_root_motion_decode,0,0,,,,,unknown_from_static_bytecode,unknown,016,Talim,move_bucket_2,resolved_move_bucket,unresolved,90,root motion did not decode with high confidence
016,Talim,eight_way_or_ambiguous,322,491,0272,(back+forward),False,False,True,True,decoded_root_motion,0,0,,,,,unknown_from_static_bytecode,unknown,016,Talim,local,resolved_local,measured_but_not_basic,132,source is not proven neutral or stance-root basic movement
016,Talim,eight_way_or_ambiguous,422,427,01C5,(back+forward),False,False,True,True,decoded_root_motion,1,1,21,,,,unknown_from_static_bytecode,unknown,016,Talim,local,resolved_local,unresolved,132,offensive cells exist and no static return/recovery frame is known
016,Talim,eight_way_or_ambiguous,2919,459,01FD,(back+forward),False,False,True,True,decoded_root_motion,1,1,31,,,,unknown_from_static_bytecode,unknown,016,Talim,local,resolved_local,unresolved,132,offensive cells exist and no static return/recovery frame is known
016,Talim,eight_way_or_ambiguous,2919,460,01FC,(back+forward),False,False,True,True,decoded_root_motion,1,1,31,,,,unknown_from_static_bytecode,unknown,016,Talim,local,resolved_local,unresolved,132,offensive cells exist and no static return/recovery frame is known
016,Talim,eight_way_or_ambiguous,2920,476,01C8,(back+forward),False,False,True,True,decoded_root_motion,1,1,7,,,,unknown_from_static_bytecode,unknown,016,Talim,local,resolved_local,unresolved,132,offensive cells exist and no static return/recovery frame is known
016,Talim,eight_way_or_ambiguous,481,1789,1153,(back+forward+up+down;any:back|forward|up|down),False,False,True,False,unknown_without_root_motion_decode,0,0,,,,,unknown_from_static_bytecode,unknown,016,Talim,move_bucket_2,resolved_move_bucket,unresolved,90,root motion did not decode with high confidence
016,Talim,eight_way_or_ambiguous,482,1789,1153,(back+forward+up+down;any:back|forward|up|down),False,False,True,False,unknown_without_root_motion_decode,0,0,,,,,unknown_from_static_bytecode,unknown,016,Talim,move_bucket_2,resolved_move_bucket,unresolved,90,root motion did not decode with high confidence
016,Talim,forward_diagonal,421,422,0237,(forward+up),True,True,True,True,decoded_root_motion,0,0,,,,,unknown_from_static_bytecode,unknown,016,Talim,local,resolved_local,trusted_basic,198,direct movement predicate; same-bank route; root motion decoded; source is neutral-like; no active offensive cells on destination slot
016,Talim,forward_step_candidate,257,258,0177,(any:forward),True,True,True,True,decoded_root_motion,1,1,18,,,,unknown_from_static_bytecode,unknown,016,Talim,local,resolved_local,unresolved,155,offensive cells exist and no static return/recovery frame is known
016,Talim,forward_step_candidate,281,282,01B4,(any:forward),True,True,True,True,decoded_root_motion,2,2,18,,,,unknown_from_static_bytecode,unknown,016,Talim,local,resolved_local,unresolved,155,offensive cells exist and no static return/recovery frame is known
016,Talim,forward_step_candidate,289,290,0096,(any:forward),True,True,True,True,decoded_root_motion,1,1,19,,,,unknown_from_static_bytecode,unknown,016,Talim,local,resolved_local,unresolved,155,offensive cells exist and no static return/recovery frame is known
016,Talim,forward_step_candidate,295,300,017D,(any:forward),True,True,True,True,decoded_root_motion,1,1,25,,,,unknown_from_static_bytecode,unknown,016,Talim,local,resolved_local,unresolved,155,offensive cells exist and no static return/recovery frame is known
016,Talim,forward_step_candidate,368,369,0159,(any:forward),True,True,True,True,decoded_root_motion,2,2,20,,,,unknown_from_static_bytecode,unknown,016,Talim,local,resolved_local,unresolved,155,offensive cells exist and no static return/recovery frame is known
016,Talim,forward_step_candidate,368,370,0159,(any:forward),True,True,True,True,decoded_root_motion,2,2,20,,,,unknown_from_static_bytecode,unknown,016,Talim,local,resolved_local,unresolved,155,offensive cells exist and no static return/recovery frame is known
016,Talim,forward_step_candidate,442,443,01B9,(any:forward),True,True,True,True,decoded_root_motion,1,1,18,,,,unknown_from_static_bytecode,unknown,016,Talim,local,resolved_local,unresolved,155,offensive cells exist and no static return/recovery frame is known
016,Talim,forward_step_candidate,473,469,0088,(any:forward),True,True,True,True,decoded_root_motion,1,1,17,,,,unknown_from_static_bytecode,unknown,016,Talim,local,resolved_local,unresolved,155,offensive cells exist and no static return/recovery frame is known
016,Talim,forward_step_candidate,2921,500,0279,(any:forward),True,False,True,True,decoded_root_motion,1,1,19,,,,unknown_from_static_bytecode,unknown,016,Talim,local,resolved_local,unresolved,155,offensive cells exist and no static return/recovery frame is known
016,Talim,forward_step_candidate,2922,500,0279,(any:forward),True,False,True,True,decoded_root_motion,1,1,19,,,,unknown_from_static_bytecode,unknown,016,Talim,local,resolved_local,unresolved,155,offensive cells exist and no static return/recovery frame is known
016,Talim,forward_step_candidate,2012,1646,1490,(any:forward),True,True,True,False,unknown_without_root_motion_decode,0,0,,,,,unknown_from_static_bytecode,unknown,016,Talim,move_bucket_2,resolved_move_bucket,unresolved,113,root motion did not decode with high confidence
016,Talim,forward_step_candidate,168,389,0052,(any:forward),False,False,True,True,decoded_root_motion,1,0,,,,,unknown_from_static_bytecode,unknown,016,Talim,local,resolved_local,measured_but_not_basic,155,source is not proven neutral or stance-root basic movement
016,Talim,forward_step_candidate,262,490,0272,(any:forward),False,False,True,True,decoded_root_motion,0,0,,,,,unknown_from_static_bytecode,unknown,016,Talim,local,resolved_local,measured_but_not_basic,155,source is not proven neutral or stance-root basic movement
016,Talim,forward_step_candidate,263,490,0272,(any:forward),False,False,True,True,decoded_root_motion,0,0,,,,,unknown_from_static_bytecode,unknown,016,Talim,local,resolved_local,measured_but_not_basic,155,source is not proven neutral or stance-root basic movement
016,Talim,forward_step_candidate,282,283,0266,(any:forward),False,False,True,True,decoded_root_motion,0,0,,,,,unknown_from_static_bytecode,unknown,016,Talim,local,resolved_local,measured_but_not_basic,155,source is not proven neutral or stance-root basic movement
016,Talim,forward_step_candidate,469,492,0272,(any:forward),False,False,True,True,decoded_root_motion,0,0,,,,,unknown_from_static_bytecode,unknown,016,Talim,local,resolved_local,measured_but_not_basic,155,source is not proven neutral or stance-root basic movement
016,Talim,forward_step_candidate,470,492,0272,(any:forward),False,False,True,True,decoded_root_motion,0,0,,,,,unknown_from_static_bytecode,unknown,016,Talim,local,resolved_local,measured_but_not_basic,155,source is not proven neutral or stance-root basic movement
016,Talim,forward_step_candidate,290,291,0096,(any:forward),False,False,True,True,decoded_root_motion,1,1,19,,,,unknown_from_static_bytecode,unknown,016,Talim,local,resolved_local,unresolved,155,offensive cells exist and no static return/recovery frame is known
016,Talim,forward_step_candidate,305,306,0093,(any:forward),False,False,True,True,decoded_root_motion,1,1,23,,,,unknown_from_static_bytecode,unknown,016,Talim,local,resolved_local,unresolved,155,offensive cells exist and no static return/recovery frame is known
016,Talim,forward_step_candidate,336,306,0093,(any:forward),False,False,True,True,decoded_root_motion,1,1,23,,,,unknown_from_static_bytecode,unknown,016,Talim,local,resolved_local,unresolved,155,offensive cells exist and no static return/recovery frame is known
016,Talim,forward_step_candidate,357,358,0093,(any:forward),False,False,True,True,decoded_root_motion,1,1,23,,,,unknown_from_static_bytecode,unknown,016,Talim,local,resolved_local,unresolved,155,offensive cells exist and no static return/recovery frame is known
016,Talim,forward_step_candidate,357,359,0093,(any:forward),False,False,True,True,decoded_root_motion,1,1,23,,,,unknown_from_static_bytecode,unknown,016,Talim,local,resolved_local,unresolved,155,offensive cells exist and no static return/recovery frame is known
016,Talim,forward_step_candidate,387,388,0217,(any:forward),False,False,True,True,decoded_root_motion,1,1,19,,,,unknown_from_static_bytecode,unknown,016,Talim,local,resolved_local,unresolved,155,offensive cells exist and no static return/recovery frame is known
016,Talim,forward_step_candidate,409,410,01DB,(any:forward),False,False,True,True,decoded_root_motion,1,1,18,,,,unknown_from_static_bytecode,unknown,016,Talim,local,resolved_local,unresolved,155,offensive cells exist and no static return/recovery frame is known
016,Talim,forward_step_candidate,452,454,015E,(any:forward),False,False,True,True,decoded_root_motion,1,1,16,,,,unknown_from_static_bytecode,unknown,016,Talim,local,resolved_local,unresolved,155,offensive cells exist and no static return/recovery frame is known
016,Talim,forward_step_candidate,452,455,0093,(any:forward),False,False,True,True,decoded_root_motion,2,2,25,,,,unknown_from_static_bytecode,unknown,016,Talim,local,resolved_local,unresolved,155,offensive cells exist and no static return/recovery frame is known
016,Talim,forward_step_candidate,452,456,0093,(any:forward),False,False,True,True,decoded_root_motion,2,2,25,,,,unknown_from_static_bytecode,unknown,016,Talim,local,resolved_local,unresolved,155,offensive cells exist and no static return/recovery frame is known
016,Talim,forward_step_candidate,453,454,015E,(any:forward),False,False,True,True,decoded_root_motion,1,1,16,,,,unknown_from_static_bytecode,unknown,016,Talim,local,resolved_local,unresolved,155,offensive cells exist and no static return/recovery frame is known
016,Talim,forward_step_candidate,453,455,0093,(any:forward),False,False,True,True,decoded_root_motion,2,2,25,,,,unknown_from_static_bytecode,unknown,016,Talim,local,resolved_local,unresolved,155,offensive cells exist and no static return/recovery frame is known
016,Talim,forward_step_candidate,453,456,0093,(any:forward),False,False,True,True,decoded_root_motion,2,2,25,,,,unknown_from_static_bytecode,unknown,016,Talim,local,resolved_local,unresolved,155,offensive cells exist and no static return/recovery frame is known
016,Talim,forward_step_candidate,511,520,025C,(any:forward),False,False,True,True,decoded_root_motion,1,1,17,,,,unknown_from_static_bytecode,unknown,016,Talim,local,resolved_local,unresolved,155,offensive cells exist and no static return/recovery frame is known
016,Talim,forward_step_candidate,2919,452,01F3,(any:forward),False,False,True,True,decoded_root_motion,1,1,19,,,,unknown_from_static_bytecode,unknown,016,Talim,local,resolved_local,unresolved,155,offensive cells exist and no static return/recovery frame is known
016,Talim,forward_step_candidate,2919,453,01F4,(any:forward),False,False,True,True,decoded_root_motion,1,1,19,,,,unknown_from_static_bytecode,unknown,016,Talim,local,resolved_local,unresolved,155,offensive cells exist and no static return/recovery frame is known
016,Talim,forward_step_candidate,2920,469,0088,(any:forward),False,False,True,True,decoded_root_motion,1,1,17,,,,unknown_from_static_bytecode,unknown,016,Talim,local,resolved_local,unresolved,155,offensive cells exist and no static return/recovery frame is known
016,Talim,forward_step_candidate,2013,2315,1255,(any:forward),False,False,True,False,unknown_without_root_motion_decode,0,0,,,,,unknown_from_static_bytecode,unknown,016,Talim,move_bucket_2,resolved_move_bucket,unresolved,113,root motion did not decode with high confidence
016,Talim,forward_step_candidate,2146,2321,15DF,(any:forward),False,False,True,False,unknown_without_root_motion_decode,0,0,,,,,unknown_from_static_bytecode,unknown,016,Talim,move_bucket_2,resolved_move_bucket,unresolved,113,root motion did not decode with high confidence
016,Talim,forward_step_candidate,2148,2321,15DF,(any:forward),False,False,True,False,unknown_without_root_motion_decode,0,0,,,,,unknown_from_static_bytecode,unknown,016,Talim,move_bucket_2,resolved_move_bucket,unresolved,113,root motion did not decode with high confidence
016,Talim,forward_step_candidate,2203,2324,1167,(any:forward),False,False,True,False,unknown_without_root_motion_decode,0,0,,,,,unknown_from_static_bytecode,unknown,016,Talim,move_bucket_2,resolved_move_bucket,unresolved,113,root motion did not decode with high confidence
016,Talim,forward_step_candidate,2243,2326,1250,(any:forward),False,False,True,False,unknown_without_root_motion_decode,0,0,,,,,unknown_from_static_bytecode,unknown,016,Talim,move_bucket_2,resolved_move_bucket,unresolved,113,root motion did not decode with high confidence
016,Talim,sidestep_down_candidate,256,266,01B5,(any:down),True,True,True,True,decoded_root_motion,0,0,,,,,unknown_from_static_bytecode,unknown,016,Talim,local,resolved_local,trusted_basic,205,direct movement predicate; same-bank route; root motion decoded; source is neutral-like; no active offensive cells on destination slot
016,Talim,sidestep_down_candidate,281,288,01B6,(any:down),True,True,True,True,decoded_root_motion,0,0,,,,,unknown_from_static_bytecode,unknown,016,Talim,local,resolved_local,trusted_basic,205,direct movement predicate; same-bank route; root motion decoded; source is neutral-like; no active offensive cells on destination slot
016,Talim,sidestep_down_candidate,296,299,0225,(any:down),True,True,True,True,decoded_root_motion,0,0,,,,,unknown_from_static_bytecode,unknown,016,Talim,local,resolved_local,trusted_basic,205,direct movement predicate; same-bank route; root motion decoded; source is neutral-like; no active offensive cells on destination slot
016,Talim,sidestep_down_candidate,308,309,0059,(any:down),True,True,True,True,decoded_root_motion,0,0,,,,,unknown_from_static_bytecode,unknown,016,Talim,local,resolved_local,trusted_basic,205,direct movement predicate; same-bank route; root motion decoded; source is neutral-like; no active offensive cells on destination slot
016,Talim,sidestep_down_candidate,2921,496,0275,(any:down),True,False,True,True,decoded_root_motion,0,0,,,,,unknown_from_static_bytecode,unknown,016,Talim,local,resolved_local,trusted_basic,205,direct movement predicate; same-bank route; root motion decoded; source is neutral-like; no active offensive cells on destination slot
016,Talim,sidestep_down_candidate,2922,496,0275,(any:down),True,False,True,True,decoded_root_motion,0,0,,,,,unknown_from_static_bytecode,unknown,016,Talim,local,resolved_local,trusted_basic,205,direct movement predicate; same-bank route; root motion decoded; source is neutral-like; no active offensive cells on destination slot
016,Talim,sidestep_down_candidate,307,465,014C,(any:down),False,False,True,True,decoded_root_motion,0,0,,,,,unknown_from_static_bytecode,unknown,016,Talim,local,resolved_local,measured_but_not_basic,155,source is not proven neutral or stance-root basic movement
016,Talim,sidestep_down_candidate,315,316,0188,(any:down),False,False,True,True,decoded_root_motion,0,0,,,,,unknown_from_static_bytecode,unknown,016,Talim,local,resolved_local,measured_but_not_basic,155,source is not proven neutral or stance-root basic movement
016,Talim,sidestep_down_candidate,487,465,014C,(any:down),False,False,True,True,decoded_root_motion,0,0,,,,,unknown_from_static_bytecode,unknown,016,Talim,local,resolved_local,measured_but_not_basic,155,source is not proven neutral or stance-root basic movement
016,Talim,sidestep_down_candidate,498,499,0262,(any:down),False,False,True,True,decoded_root_motion,0,0,,,,,unknown_from_static_bytecode,unknown,016,Talim,local,resolved_local,measured_but_not_basic,155,source is not proven neutral or stance-root basic movement
016,Talim,sidestep_down_candidate,514,6,0031,(any:down),False,False,True,True,decoded_root_motion,0,0,,,,,unknown_from_static_bytecode,unknown,016,Talim,local,resolved_local,measured_but_not_basic,155,source is not proven neutral or stance-root basic movement
016,Talim,sidestep_down_candidate,1478,1458,0120,(any:down),False,False,True,True,decoded_root_motion,0,0,,,,,unknown_from_static_bytecode,unknown,016,Talim,move_bucket_2,resolved_move_bucket,measured_but_not_basic,155,source is not proven neutral or stance-root basic movement
016,Talim,sidestep_down_candidate,2594,514,025F,(any:down),False,False,True,True,decoded_root_motion,0,0,,,,,unknown_from_static_bytecode,unknown,016,Talim,local,resolved_local,measured_but_not_basic,155,source is not proven neutral or stance-root basic movement
016,Talim,sidestep_down_candidate,2594,514,025F,(any:down),False,False,True,True,decoded_root_motion,0,0,,,,,unknown_from_static_bytecode,unknown,016,Talim,local,resolved_local,measured_but_not_basic,155,source is not proven neutral or stance-root basic movement
016,Talim,sidestep_down_candidate,2935,480,0274,(any:down),False,False,True,True,decoded_root_motion,0,0,,,,,unknown_from_static_bytecode,unknown,016,Talim,local,resolved_local,measured_but_not_basic,155,source is not proven neutral or stance-root basic movement
016,Talim,sidestep_down_candidate,2935,383,0133,(any:down),False,False,True,True,decoded_root_motion,1,1,23,,,,unknown_from_static_bytecode,unknown,016,Talim,local,resolved_local,unresolved,155,offensive cells exist and no static return/recovery frame is known
016,Talim,sidestep_up_candidate,281,284,0094,(any:up),True,True,True,True,decoded_root_motion,1,1,23,,,,unknown_from_static_bytecode,unknown,016,Talim,local,resolved_local,unresolved,155,offensive cells exist and no static return/recovery frame is known
016,Talim,sidestep_up_candidate,442,448,00A2,(any:up),True,True,True,True,decoded_root_motion,1,1,18,,,,unknown_from_static_bytecode,unknown,016,Talim,local,resolved_local,unresolved,155,offensive cells exist and no static return/recovery frame is known
016,Talim,sidestep_up_candidate,471,475,022C,(any:up),True,True,True,True,decoded_root_motion,2,2,14,,,,unknown_from_static_bytecode,unknown,016,Talim,local,resolved_local,unresolved,155,offensive cells exist and no static return/recovery frame is known
016,Talim,sidestep_up_candidate,473,471,014E,(any:up),True,True,True,True,decoded_root_motion,2,2,12,,,,unknown_from_static_bytecode,unknown,016,Talim,local,resolved_local,unresolved,155,offensive cells exist and no static return/recovery frame is known
016,Talim,sidestep_up_candidate,2921,505,027B,(any:up),True,False,True,True,decoded_root_motion,1,1,17,,,,unknown_from_static_bytecode,unknown,016,Talim,local,resolved_local,unresolved,155,offensive cells exist and no static return/recovery frame is known
016,Talim,sidestep_up_candidate,2922,505,027B,(any:up),True,False,True,True,decoded_root_motion,1,1,17,,,,unknown_from_static_bytecode,unknown,016,Talim,local,resolved_local,unresolved,155,offensive cells exist and no static return/recovery frame is known
016,Talim,sidestep_up_candidate,440,442,0135,(any:up),False,False,True,True,decoded_root_motion,2,2,11,,,,unknown_from_static_bytecode,unknown,016,Talim,local,resolved_local,unresolved,155,offensive cells exist and no static return/recovery frame is known
016,Talim,sidestep_up_candidate,441,442,0135,(any:up),False,False,True,True,decoded_root_motion,2,2,11,,,,unknown_from_static_bytecode,unknown,016,Talim,local,resolved_local,unresolved,155,offensive cells exist and no static return/recovery frame is known
016,Talim,sidestep_up_candidate,2919,457,0222,(any:up),False,False,True,True,decoded_root_motion,1,1,13,,,,unknown_from_static_bytecode,unknown,016,Talim,local,resolved_local,unresolved,155,offensive cells exist and no static return/recovery frame is known
016,Talim,sidestep_up_candidate,2919,458,0221,(any:up),False,False,True,True,decoded_root_motion,1,1,13,,,,unknown_from_static_bytecode,unknown,016,Talim,local,resolved_local,unresolved,155,offensive cells exist and no static return/recovery frame is known
016,Talim,sidestep_up_candidate,2920,471,014E,(any:up),False,False,True,True,decoded_root_motion,2,2,12,,,,unknown_from_static_bytecode,unknown,016,Talim,local,resolved_local,unresolved,155,offensive cells exist and no static return/recovery frame is known
017,Cassandra,back_diagonal,3118,325,04C1,(back+up),False,False,True,True,decoded_root_motion,1,0,,,,,unknown_from_static_bytecode,unknown,017,Cassandra,local,resolved_local,unresolved,148,cell index is outside this KHD bank; shared/common cell semantics are not resolved
017,Cassandra,back_diagonal,3118,328,0550,(back+up),False,False,True,True,decoded_root_motion,1,0,,,,,unknown_from_static_bytecode,unknown,017,Cassandra,local,resolved_local,unresolved,148,cell index is outside this KHD bank; shared/common cell semantics are not resolved
017,Cassandra,backstep_candidate,264,265,04B0,(any:back),True,True,True,True,decoded_root_motion,6,6,17,,,,unknown_from_static_bytecode,unknown,017,Cassandra,local,resolved_local,unresolved,155,offensive cells exist and no static return/recovery frame is known
017,Cassandra,backstep_candidate,390,391,03A2,(any:back),True,True,True,True,decoded_root_motion,2,2,17,,,,unknown_from_static_bytecode,unknown,017,Cassandra,local,resolved_local,unresolved,155,offensive cells exist and no static return/recovery frame is known
017,Cassandra,backstep_candidate,412,413,046C,(any:back),True,True,True,True,decoded_root_motion,1,1,24,,,,unknown_from_static_bytecode,unknown,017,Cassandra,local,resolved_local,unresolved,155,offensive cells exist and no static return/recovery frame is known
017,Cassandra,backstep_candidate,2262,1862,1491,(any:back),True,True,True,False,unknown_without_root_motion_decode,0,0,,,,,unknown_from_static_bytecode,unknown,017,Cassandra,move_bucket_2,resolved_move_bucket,unresolved,113,root motion did not decode with high confidence
017,Cassandra,backstep_candidate,265,266,04B1,(any:back),False,False,True,True,decoded_root_motion,2,2,27,,,,unknown_from_static_bytecode,unknown,017,Cassandra,local,resolved_local,unresolved,155,offensive cells exist and no static return/recovery frame is known
017,Cassandra,backstep_candidate,496,480,047E,(any:back),False,False,True,True,decoded_root_motion,2,2,28,,,,unknown_from_static_bytecode,unknown,017,Cassandra,local,resolved_local,unresolved,155,offensive cells exist and no static return/recovery frame is known
017,Cassandra,backstep_candidate,3119,503,04D8,(any:back),False,False,True,True,decoded_root_motion,2,2,27,,,,unknown_from_static_bytecode,unknown,017,Cassandra,local,resolved_local,unresolved,155,offensive cells exist and no static return/recovery frame is known
017,Cassandra,backstep_candidate,3119,504,04D8,(any:back),False,False,True,True,decoded_root_motion,2,2,27,,,,unknown_from_static_bytecode,unknown,017,Cassandra,local,resolved_local,unresolved,155,offensive cells exist and no static return/recovery frame is known
017,Cassandra,backstep_candidate,2263,2460,1254,(any:back),False,False,True,False,unknown_without_root_motion_decode,0,0,,,,,unknown_from_static_bytecode,unknown,017,Cassandra,move_bucket_2,resolved_move_bucket,unresolved,113,root motion did not decode with high confidence
017,Cassandra,eight_way_or_ambiguous,161,164,04E2,(any:back|forward|down),True,True,True,True,decoded_root_motion,0,0,,,,,unknown_from_static_bytecode,unknown,017,Cassandra,local,resolved_local,trusted_basic,182,direct movement predicate; same-bank route; root motion decoded; source is neutral-like; no active offensive cells on destination slot
017,Cassandra,eight_way_or_ambiguous,277,278,0569,(back+forward),True,True,True,True,decoded_root_motion,1,1,25,,,,unknown_from_static_bytecode,unknown,017,Cassandra,local,resolved_local,unresolved,132,offensive cells exist and no static return/recovery frame is known
017,Cassandra,eight_way_or_ambiguous,295,298,04C3,(back+forward),True,True,True,True,decoded_root_motion,4,4,21,,,,unknown_from_static_bytecode,unknown,017,Cassandra,local,resolved_local,unresolved,132,offensive cells exist and no static return/recovery frame is known
017,Cassandra,eight_way_or_ambiguous,301,306,0133,(back+forward),True,True,True,True,decoded_root_motion,1,1,13,,,,unknown_from_static_bytecode,unknown,017,Cassandra,local,resolved_local,unresolved,132,offensive cells exist and no static return/recovery frame is known
017,Cassandra,eight_way_or_ambiguous,350,352,0430,(back+forward),True,True,True,True,decoded_root_motion,1,1,37,,,,unknown_from_static_bytecode,unknown,017,Cassandra,local,resolved_local,unresolved,132,offensive cells exist and no static return/recovery frame is known
017,Cassandra,eight_way_or_ambiguous,479,481,0526,(back+forward),True,True,True,True,decoded_root_motion,2,2,17,,,,unknown_from_static_bytecode,unknown,017,Cassandra,local,resolved_local,unresolved,132,offensive cells exist and no static return/recovery frame is known
017,Cassandra,eight_way_or_ambiguous,166,169,04E2,(any:back|forward|down),False,False,True,True,decoded_root_motion,0,0,,,,,unknown_from_static_bytecode,unknown,017,Cassandra,local,resolved_local,measured_but_not_basic,132,source is not proven neutral or stance-root basic movement
017,Cassandra,eight_way_or_ambiguous,3119,523,044D,(back+forward),False,False,True,True,decoded_root_motion,0,0,,,,,unknown_from_static_bytecode,unknown,017,Cassandra,local,resolved_local,measured_but_not_basic,132,source is not proven neutral or stance-root basic movement
017,Cassandra,eight_way_or_ambiguous,3119,524,044D,(back+forward),False,False,True,True,decoded_root_motion,0,0,,,,,unknown_from_static_bytecode,unknown,017,Cassandra,local,resolved_local,measured_but_not_basic,132,source is not proven neutral or stance-root basic movement
017,Cassandra,eight_way_or_ambiguous,341,342,04D7,(back+forward),False,False,True,True,decoded_root_motion,3,3,31,,,,unknown_from_static_bytecode,unknown,017,Cassandra,local,resolved_local,unresolved,132,offensive cells exist and no static return/recovery frame is known
017,Cassandra,eight_way_or_ambiguous,485,486,04DC,(back+forward),False,False,True,True,decoded_root_motion,1,1,29,,,,unknown_from_static_bytecode,unknown,017,Cassandra,local,resolved_local,unresolved,132,offensive cells exist and no static return/recovery frame is known
017,Cassandra,eight_way_or_ambiguous,496,481,0526,(back+forward),False,False,True,True,decoded_root_motion,2,2,17,,,,unknown_from_static_bytecode,unknown,017,Cassandra,local,resolved_local,unresolved,132,offensive cells exist and no static return/recovery frame is known
017,Cassandra,eight_way_or_ambiguous,499,486,04DC,(back+forward),False,False,True,True,decoded_root_motion,1,1,29,,,,unknown_from_static_bytecode,unknown,017,Cassandra,local,resolved_local,unresolved,132,offensive cells exist and no static return/recovery frame is known
017,Cassandra,eight_way_or_ambiguous,3118,330,04C1,(back+forward),False,False,True,True,decoded_root_motion,1,0,,,,,unknown_from_static_bytecode,unknown,017,Cassandra,local,resolved_local,unresolved,132,cell index is outside this KHD bank; shared/common cell semantics are not resolved
017,Cassandra,forward_diagonal,362,363,0544,(forward+up),True,True,True,True,decoded_root_motion,1,1,41,,,,unknown_from_static_bytecode,unknown,017,Cassandra,local,resolved_local,unresolved,148,offensive cells exist and no static return/recovery frame is known
017,Cassandra,forward_step_candidate,285,286,043F,(any:forward),True,True,True,True,decoded_root_motion,2,2,16,,,,unknown_from_static_bytecode,unknown,017,Cassandra,local,resolved_local,unresolved,155,offensive cells exist and no static return/recovery frame is known
017,Cassandra,forward_step_candidate,285,288,045D,(any:forward),True,True,True,True,decoded_root_motion,1,1,25,,,,unknown_from_static_bytecode,unknown,017,Cassandra,local,resolved_local,unresolved,155,offensive cells exist and no static return/recovery frame is known
017,Cassandra,forward_step_candidate,295,296,04C7,(any:forward),True,True,True,True,decoded_root_motion,1,1,24,,,,unknown_from_static_bytecode,unknown,017,Cassandra,local,resolved_local,unresolved,155,offensive cells exist and no static return/recovery frame is known
017,Cassandra,forward_step_candidate,301,302,04D5,(any:forward),True,True,True,True,decoded_root_motion,2,2,13,,,,unknown_from_static_bytecode,unknown,017,Cassandra,local,resolved_local,unresolved,155,offensive cells exist and no static return/recovery frame is known
017,Cassandra,forward_step_candidate,310,311,0547,(any:forward),True,True,True,True,decoded_root_motion,1,1,21,,,,unknown_from_static_bytecode,unknown,017,Cassandra,local,resolved_local,unresolved,155,offensive cells exist and no static return/recovery frame is known
017,Cassandra,forward_step_candidate,412,416,0530,(any:forward),True,True,True,True,decoded_root_motion,2,2,15,,,,unknown_from_static_bytecode,unknown,017,Cassandra,local,resolved_local,unresolved,155,offensive cells exist and no static return/recovery frame is known
017,Cassandra,forward_step_candidate,478,479,047D,(any:forward),True,True,True,True,decoded_root_motion,3,3,17,,,,unknown_from_static_bytecode,unknown,017,Cassandra,local,resolved_local,unresolved,155,offensive cells exist and no static return/recovery frame is known
017,Cassandra,forward_step_candidate,478,485,04BE,(any:forward),True,True,True,True,decoded_root_motion,1,1,23,,,,unknown_from_static_bytecode,unknown,017,Cassandra,local,resolved_local,unresolved,155,offensive cells exist and no static return/recovery frame is known
017,Cassandra,forward_step_candidate,479,480,047E,(any:forward),True,True,True,True,decoded_root_motion,2,2,28,,,,unknown_from_static_bytecode,unknown,017,Cassandra,local,resolved_local,unresolved,155,offensive cells exist and no static return/recovery frame is known
017,Cassandra,forward_step_candidate,2262,1862,1491,(any:forward),True,True,True,False,unknown_without_root_motion_decode,0,0,,,,,unknown_from_static_bytecode,unknown,017,Cassandra,move_bucket_2,resolved_move_bucket,unresolved,113,root motion did not decode with high confidence
017,Cassandra,forward_step_candidate,173,439,0030,(any:forward),False,False,True,True,decoded_root_motion,1,0,,,,,unknown_from_static_bytecode,unknown,017,Cassandra,local,resolved_local,measured_but_not_basic,155,source is not proven neutral or stance-root basic movement
017,Cassandra,forward_step_candidate,3137,378,0546,(any:forward),False,False,True,True,decoded_root_motion,0,0,,,,,unknown_from_static_bytecode,unknown,017,Cassandra,local,resolved_local,measured_but_not_basic,155,source is not proven neutral or stance-root basic movement
017,Cassandra,forward_step_candidate,286,287,0544,(any:forward),False,False,True,True,decoded_root_motion,1,1,29,,,,unknown_from_static_bytecode,unknown,017,Cassandra,local,resolved_local,unresolved,155,offensive cells exist and no static return/recovery frame is known
017,Cassandra,forward_step_candidate,296,297,04C7,(any:forward),False,False,True,True,decoded_root_motion,1,1,25,,,,unknown_from_static_bytecode,unknown,017,Cassandra,local,resolved_local,unresolved,155,offensive cells exist and no static return/recovery frame is known
017,Cassandra,forward_step_candidate,356,357,03F7,(any:forward),False,False,True,True,decoded_root_motion,1,1,18,,,,unknown_from_static_bytecode,unknown,017,Cassandra,local,resolved_local,unresolved,155,offensive cells exist and no static return/recovery frame is known
017,Cassandra,forward_step_candidate,517,519,047F,(any:forward),False,False,True,True,decoded_root_motion,1,1,17,,,,unknown_from_static_bytecode,unknown,017,Cassandra,local,resolved_local,unresolved,155,offensive cells exist and no static return/recovery frame is known
017,Cassandra,forward_step_candidate,518,519,047F,(any:forward),False,False,True,True,decoded_root_motion,1,1,17,,,,unknown_from_static_bytecode,unknown,017,Cassandra,local,resolved_local,unresolved,155,offensive cells exist and no static return/recovery frame is known
017,Cassandra,forward_step_candidate,519,520,047F,(any:forward),False,False,True,True,decoded_root_motion,1,1,17,,,,unknown_from_static_bytecode,unknown,017,Cassandra,local,resolved_local,unresolved,155,offensive cells exist and no static return/recovery frame is known
017,Cassandra,forward_step_candidate,3116,479,047D,(any:forward),False,False,True,True,decoded_root_motion,3,3,17,,,,unknown_from_static_bytecode,unknown,017,Cassandra,local,resolved_local,unresolved,155,offensive cells exist and no static return/recovery frame is known
017,Cassandra,forward_step_candidate,3116,485,04BE,(any:forward),False,False,True,True,decoded_root_motion,1,1,23,,,,unknown_from_static_bytecode,unknown,017,Cassandra,local,resolved_local,unresolved,155,offensive cells exist and no static return/recovery frame is known
017,Cassandra,forward_step_candidate,3116,496,047D,(any:forward),False,False,True,True,decoded_root_motion,3,3,17,,,,unknown_from_static_bytecode,unknown,017,Cassandra,local,resolved_local,unresolved,155,offensive cells exist and no static return/recovery frame is known
017,Cassandra,forward_step_candidate,3116,499,04BE,(any:forward),False,False,True,True,decoded_root_motion,1,1,23,,,,unknown_from_static_bytecode,unknown,017,Cassandra,local,resolved_local,unresolved,155,offensive cells exist and no static return/recovery frame is known
017,Cassandra,forward_step_candidate,3117,485,04BE,(any:forward),False,False,True,True,decoded_root_motion,1,1,23,,,,unknown_from_static_bytecode,unknown,017,Cassandra,local,resolved_local,unresolved,155,offensive cells exist and no static return/recovery frame is known
017,Cassandra,forward_step_candidate,3119,517,0483,(any:forward),False,False,True,True,decoded_root_motion,1,1,19,,,,unknown_from_static_bytecode,unknown,017,Cassandra,local,resolved_local,unresolved,155,offensive cells exist and no static return/recovery frame is known
017,Cassandra,forward_step_candidate,3119,518,0483,(any:forward),False,False,True,True,decoded_root_motion,1,1,19,,,,unknown_from_static_bytecode,unknown,017,Cassandra,local,resolved_local,unresolved,155,offensive cells exist and no static return/recovery frame is known
017,Cassandra,forward_step_candidate,3137,381,0568,(any:forward),False,False,True,True,decoded_root_motion,1,1,13,,,,unknown_from_static_bytecode,unknown,017,Cassandra,local,resolved_local,unresolved,155,offensive cells exist and no static return/recovery frame is known
017,Cassandra,forward_step_candidate,2263,2460,1254,(any:forward),False,False,True,False,unknown_without_root_motion_decode,0,0,,,,,unknown_from_static_bytecode,unknown,017,Cassandra,move_bucket_2,resolved_move_bucket,unresolved,113,root motion did not decode with high confidence
017,Cassandra,sidestep_down_candidate,264,272,012D,(any:down),True,True,True,True,decoded_root_motion,0,0,,,,,unknown_from_static_bytecode,unknown,017,Cassandra,local,resolved_local,trusted_basic,205,direct movement predicate; same-bank route; root motion decoded; source is neutral-like; no active offensive cells on destination slot
017,Cassandra,sidestep_down_candidate,285,294,012E,(any:down),True,True,True,True,decoded_root_motion,0,0,,,,,unknown_from_static_bytecode,unknown,017,Cassandra,local,resolved_local,trusted_basic,205,direct movement predicate; same-bank route; root motion decoded; source is neutral-like; no active offensive cells on destination slot
017,Cassandra,sidestep_down_candidate,545,6,0565,(any:down),False,False,True,True,decoded_root_motion,0,0,,,,,unknown_from_static_bytecode,unknown,017,Cassandra,local,resolved_local,measured_but_not_basic,155,source is not proven neutral or stance-root basic movement
017,Cassandra,sidestep_down_candidate,1657,1637,0057,(any:down),False,False,True,True,decoded_root_motion,0,0,,,,,unknown_from_static_bytecode,unknown,017,Cassandra,move_bucket_2,resolved_move_bucket,measured_but_not_basic,155,source is not proven neutral or stance-root basic movement
017,Cassandra,sidestep_down_candidate,2743,545,04AE,(any:down),False,False,True,True,decoded_root_motion,0,0,,,,,unknown_from_static_bytecode,unknown,017,Cassandra,local,resolved_local,measured_but_not_basic,155,source is not proven neutral or stance-root basic movement
017,Cassandra,sidestep_down_candidate,2743,545,04AE,(any:down),False,False,True,True,decoded_root_motion,0,0,,,,,unknown_from_static_bytecode,unknown,017,Cassandra,local,resolved_local,measured_but_not_basic,155,source is not proven neutral or stance-root basic movement
017,Cassandra,sidestep_down_candidate,3120,487,0440,(any:down),False,False,True,True,decoded_root_motion,0,0,,,,,unknown_from_static_bytecode,unknown,017,Cassandra,local,resolved_local,measured_but_not_basic,155,source is not proven neutral or stance-root basic movement
017,Cassandra,sidestep_down_candidate,3121,523,044D,(any:down),False,False,True,True,decoded_root_motion,0,0,,,,,unknown_from_static_bytecode,unknown,017,Cassandra,local,resolved_local,measured_but_not_basic,155,source is not proven neutral or stance-root basic movement
017,Cassandra,sidestep_down_candidate,3137,345,04DC,(any:down),False,False,True,True,decoded_root_motion,1,1,29,,,,unknown_from_static_bytecode,unknown,017,Cassandra,local,resolved_local,unresolved,155,offensive cells exist and no static return/recovery frame is known
017,Cassandra,sidestep_down_candidate,3137,346,04DC,(any:down),False,False,True,True,decoded_root_motion,1,1,29,,,,unknown_from_static_bytecode,unknown,017,Cassandra,local,resolved_local,unresolved,155,offensive cells exist and no static return/recovery frame is known
017,Cassandra,sidestep_down_candidate,3137,347,04DC,(any:down),False,False,True,True,decoded_root_motion,1,1,29,,,,unknown_from_static_bytecode,unknown,017,Cassandra,local,resolved_local,unresolved,155,offensive cells exist and no static return/recovery frame is known
017,Cassandra,sidestep_down_candidate,3137,479,047D,(any:down),False,False,True,True,decoded_root_motion,3,3,17,,,,unknown_from_static_bytecode,unknown,017,Cassandra,local,resolved_local,unresolved,155,offensive cells exist and no static return/recovery frame is known
017,Cassandra,sidestep_down_candidate,3137,483,0440,(any:down),False,False,True,True,decoded_root_motion,3,3,15,,,,unknown_from_static_bytecode,unknown,017,Cassandra,local,resolved_local,unresolved,155,offensive cells exist and no static return/recovery frame is known
017,Cassandra,sidestep_down_candidate,3137,485,04BE,(any:down),False,False,True,True,decoded_root_motion,1,1,23,,,,unknown_from_static_bytecode,unknown,017,Cassandra,local,resolved_local,unresolved,155,offensive cells exist and no static return/recovery frame is known
017,Cassandra,sidestep_up_candidate,420,421,0454,(any:up),True,True,True,True,decoded_root_motion,0,0,,,,,unknown_from_static_bytecode,unknown,017,Cassandra,local,resolved_local,trusted_basic,205,direct movement predicate; same-bank route; root motion decoded; source is neutral-like; no active offensive cells on destination slot
017,Cassandra,sidestep_up_candidate,478,487,0440,(any:up),True,True,True,True,decoded_root_motion,0,0,,,,,unknown_from_static_bytecode,unknown,017,Cassandra,local,resolved_local,trusted_basic,205,direct movement predicate; same-bank route; root motion decoded; source is neutral-like; no active offensive cells on destination slot
017,Cassandra,sidestep_up_candidate,264,267,044F,(any:up),True,True,True,True,decoded_root_motion,1,1,20,,,,unknown_from_static_bytecode,unknown,017,Cassandra,local,resolved_local,unresolved,155,offensive cells exist and no static return/recovery frame is known
017,Cassandra,sidestep_up_candidate,285,289,0460,(any:up),True,True,True,True,decoded_root_motion,2,2,21,,,,unknown_from_static_bytecode,unknown,017,Cassandra,local,resolved_local,unresolved,155,offensive cells exist and no static return/recovery frame is known
017,Cassandra,sidestep_up_candidate,318,320,04AF,(any:up),True,True,True,True,decoded_root_motion,1,1,17,,,,unknown_from_static_bytecode,unknown,017,Cassandra,local,resolved_local,unresolved,155,offensive cells exist and no static return/recovery frame is known
017,Cassandra,sidestep_up_candidate,403,405,043B,(any:up),True,True,True,True,decoded_root_motion,2,2,15,,,,unknown_from_static_bytecode,unknown,017,Cassandra,local,resolved_local,unresolved,155,offensive cells exist and no static return/recovery frame is known
017,Cassandra,sidestep_up_candidate,422,425,03F8,(any:up),True,True,True,True,decoded_root_motion,1,1,19,,,,unknown_from_static_bytecode,unknown,017,Cassandra,local,resolved_local,unresolved,155,offensive cells exist and no static return/recovery frame is known
017,Cassandra,sidestep_up_candidate,478,483,0440,(any:up),True,True,True,True,decoded_root_motion,3,3,15,,,,unknown_from_static_bytecode,unknown,017,Cassandra,local,resolved_local,unresolved,155,offensive cells exist and no static return/recovery frame is known
017,Cassandra,sidestep_up_candidate,476,488,0440,(any:up),False,False,True,True,decoded_root_motion,0,0,,,,,unknown_from_static_bytecode,unknown,017,Cassandra,local,resolved_local,measured_but_not_basic,155,source is not proven neutral or stance-root basic movement
017,Cassandra,sidestep_up_candidate,477,488,0440,(any:up),False,False,True,True,decoded_root_motion,0,0,,,,,unknown_from_static_bytecode,unknown,017,Cassandra,local,resolved_local,measured_but_not_basic,155,source is not proven neutral or stance-root basic movement
017,Cassandra,sidestep_up_candidate,495,488,0440,(any:up),False,False,True,True,decoded_root_motion,0,0,,,,,unknown_from_static_bytecode,unknown,017,Cassandra,local,resolved_local,measured_but_not_basic,155,source is not proven neutral or stance-root basic movement
017,Cassandra,sidestep_up_candidate,2800,439,0030,(any:up),False,False,True,True,decoded_root_motion,1,0,,,,,unknown_from_static_bytecode,unknown,017,Cassandra,local,resolved_local,measured_but_not_basic,155,source is not proven neutral or stance-root basic movement
017,Cassandra,sidestep_up_candidate,3116,487,0440,(any:up),False,False,True,True,decoded_root_motion,0,0,,,,,unknown_from_static_bytecode,unknown,017,Cassandra,local,resolved_local,measured_but_not_basic,155,source is not proven neutral or stance-root basic movement
017,Cassandra,sidestep_up_candidate,3116,487,0440,(any:up),False,False,True,True,decoded_root_motion,0,0,,,,,unknown_from_static_bytecode,unknown,017,Cassandra,local,resolved_local,measured_but_not_basic,155,source is not proven neutral or stance-root basic movement
017,Cassandra,sidestep_up_candidate,3117,487,0440,(any:up),False,False,True,True,decoded_root_motion,0,0,,,,,unknown_from_static_bytecode,unknown,017,Cassandra,local,resolved_local,measured_but_not_basic,155,source is not proven neutral or stance-root basic movement
017,Cassandra,sidestep_up_candidate,3119,477,0484,(any:up),False,False,True,True,decoded_root_motion,0,0,,,,,unknown_from_static_bytecode,unknown,017,Cassandra,local,resolved_local,measured_but_not_basic,155,source is not proven neutral or stance-root basic movement
017,Cassandra,sidestep_up_candidate,3137,161,04D6,(any:up),False,False,True,True,decoded_root_motion,0,0,,,,,unknown_from_static_bytecode,unknown,017,Cassandra,local,resolved_local,measured_but_not_basic,155,source is not proven neutral or stance-root basic movement
017,Cassandra,sidestep_up_candidate,3137,166,04D6,(any:up),False,False,True,True,decoded_root_motion,0,0,,,,,unknown_from_static_bytecode,unknown,017,Cassandra,local,resolved_local,measured_but_not_basic,155,source is not proven neutral or stance-root basic movement
017,Cassandra,sidestep_up_candidate,3137,441,0465,(any:up),False,False,True,True,decoded_root_motion,1,0,,,,,unknown_from_static_bytecode,unknown,017,Cassandra,local,resolved_local,measured_but_not_basic,155,source is not proven neutral or stance-root basic movement
017,Cassandra,sidestep_up_candidate,3137,441,0465,(any:up),False,False,True,True,decoded_root_motion,1,0,,,,,unknown_from_static_bytecode,unknown,017,Cassandra,local,resolved_local,measured_but_not_basic,155,source is not proven neutral or stance-root basic movement
017,Cassandra,sidestep_up_candidate,3137,442,0465,(any:up),False,False,True,True,decoded_root_motion,1,0,,,,,unknown_from_static_bytecode,unknown,017,Cassandra,local,resolved_local,measured_but_not_basic,155,source is not proven neutral or stance-root basic movement
017,Cassandra,sidestep_up_candidate,3137,442,0465,(any:up),False,False,True,True,decoded_root_motion,1,0,,,,,unknown_from_static_bytecode,unknown,017,Cassandra,local,resolved_local,measured_but_not_basic,155,source is not proven neutral or stance-root basic movement
017,Cassandra,sidestep_up_candidate,402,405,043B,(any:up),False,False,True,True,decoded_root_motion,2,2,15,,,,unknown_from_static_bytecode,unknown,017,Cassandra,local,resolved_local,unresolved,155,offensive cells exist and no static return/recovery frame is known
017,Cassandra,sidestep_up_candidate,404,405,043B,(any:up),False,False,True,True,decoded_root_motion,2,2,15,,,,unknown_from_static_bytecode,unknown,017,Cassandra,local,resolved_local,unresolved,155,offensive cells exist and no static return/recovery frame is known
017,Cassandra,sidestep_up_candidate,456,457,04DF,(any:up),False,False,True,True,decoded_root_motion,1,1,21,,,,unknown_from_static_bytecode,unknown,017,Cassandra,local,resolved_local,unresolved,155,offensive cells exist and no static return/recovery frame is known
017,Cassandra,sidestep_up_candidate,3116,483,0440,(any:up),False,False,True,True,decoded_root_motion,3,3,15,,,,unknown_from_static_bytecode,unknown,017,Cassandra,local,resolved_local,unresolved,155,offensive cells exist and no static return/recovery frame is known
017,Cassandra,sidestep_up_candidate,3116,497,0440,(any:up),False,False,True,True,decoded_root_motion,3,3,15,,,,unknown_from_static_bytecode,unknown,017,Cassandra,local,resolved_local,unresolved,155,offensive cells exist and no static return/recovery frame is known
017,Cassandra,sidestep_up_candidate,3117,479,047D,(any:up),False,False,True,True,decoded_root_motion,3,3,17,,,,unknown_from_static_bytecode,unknown,017,Cassandra,local,resolved_local,unresolved,155,offensive cells exist and no static return/recovery frame is known
017,Cassandra,sidestep_up_candidate,3117,483,0440,(any:up),False,False,True,True,decoded_root_motion,3,3,15,,,,unknown_from_static_bytecode,unknown,017,Cassandra,local,resolved_local,unresolved,155,offensive cells exist and no static return/recovery frame is known
017,Cassandra,sidestep_up_candidate,3119,521,054C,(any:up),False,False,True,True,decoded_root_motion,1,1,17,,,,unknown_from_static_bytecode,unknown,017,Cassandra,local,resolved_local,unresolved,155,offensive cells exist and no static return/recovery frame is known
017,Cassandra,sidestep_up_candidate,3119,522,054C,(any:up),False,False,True,True,decoded_root_motion,1,1,17,,,,unknown_from_static_bytecode,unknown,017,Cassandra,local,resolved_local,unresolved,155,offensive cells exist and no static return/recovery frame is known
022,Setsuka,back_diagonal,558,549,039B,(back+down),True,True,True,True,decoded_root_motion,1,0,,,,,unknown_from_static_bytecode,unknown,022,Setsuka,local,resolved_local,trusted_basic,198,direct movement predicate; same-bank route; root motion decoded; source is neutral-like; no active offensive cells on destination slot
022,Setsuka,backstep_candidate,317,318,05E9,(any:back),True,True,True,True,decoded_root_motion,2,2,29,,,,unknown_from_static_bytecode,unknown,022,Setsuka,local,resolved_local,unresolved,155,offensive cells exist and no static return/recovery frame is known
022,Setsuka,backstep_candidate,413,414,0227,(any:back),True,True,True,True,decoded_root_motion,2,2,19,,,,unknown_from_static_bytecode,unknown,022,Setsuka,local,resolved_local,unresolved,155,offensive cells exist and no static return/recovery frame is known
022,Setsuka,backstep_candidate,413,414,0227,(any:back),True,True,True,True,decoded_root_motion,2,2,19,,,,unknown_from_static_bytecode,unknown,022,Setsuka,local,resolved_local,unresolved,155,offensive cells exist and no static return/recovery frame is known
022,Setsuka,backstep_candidate,558,373,033F,(any:back),True,True,True,True,decoded_root_motion,1,1,11,,,,unknown_from_static_bytecode,unknown,022,Setsuka,local,resolved_local,unresolved,155,offensive cells exist and no static return/recovery frame is known
022,Setsuka,backstep_candidate,558,387,021A,(any:back),True,True,True,True,decoded_root_motion,2,2,15,,,,unknown_from_static_bytecode,unknown,022,Setsuka,local,resolved_local,unresolved,155,offensive cells exist and no static return/recovery frame is known
022,Setsuka,backstep_candidate,558,399,0264,(any:back),True,True,True,True,decoded_root_motion,1,1,15,,,,unknown_from_static_bytecode,unknown,022,Setsuka,local,resolved_local,unresolved,155,offensive cells exist and no static return/recovery frame is known
022,Setsuka,backstep_candidate,2292,1892,1490,(any:back),True,True,True,False,unknown_without_root_motion_decode,0,0,,,,,unknown_from_static_bytecode,unknown,022,Setsuka,move_bucket_2,resolved_move_bucket,unresolved,113,root motion did not decode with high confidence
022,Setsuka,backstep_candidate,293,295,05F2,(any:back),False,False,True,True,decoded_root_motion,0,0,,,,,unknown_from_static_bytecode,unknown,022,Setsuka,local,resolved_local,measured_but_not_basic,155,source is not proven neutral or stance-root basic movement
022,Setsuka,backstep_candidate,294,295,05F2,(any:back),False,False,True,True,decoded_root_motion,0,0,,,,,unknown_from_static_bytecode,unknown,022,Setsuka,local,resolved_local,measured_but_not_basic,155,source is not proven neutral or stance-root basic movement
022,Setsuka,backstep_candidate,265,266,05EC,(any:back),False,False,True,True,decoded_root_motion,1,1,24,,,,unknown_from_static_bytecode,unknown,022,Setsuka,local,resolved_local,unresolved,155,offensive cells exist and no static return/recovery frame is known
022,Setsuka,backstep_candidate,435,414,0227,(any:back),False,False,True,True,decoded_root_motion,2,2,19,,,,unknown_from_static_bytecode,unknown,022,Setsuka,local,resolved_local,unresolved,155,offensive cells exist and no static return/recovery frame is known
022,Setsuka,backstep_candidate,435,414,0227,(any:back),False,False,True,True,decoded_root_motion,2,2,19,,,,unknown_from_static_bytecode,unknown,022,Setsuka,local,resolved_local,unresolved,155,offensive cells exist and no static return/recovery frame is known
022,Setsuka,backstep_candidate,2293,2490,1255,(any:back),False,False,True,False,unknown_without_root_motion_decode,0,0,,,,,unknown_from_static_bytecode,unknown,022,Setsuka,move_bucket_2,resolved_move_bucket,unresolved,113,root motion did not decode with high confidence
022,Setsuka,eight_way_or_ambiguous,161,164,0306,(any:back|forward|down),True,True,True,True,decoded_root_motion,0,0,,,,,unknown_from_static_bytecode,unknown,022,Setsuka,local,resolved_local,trusted_basic,182,direct movement predicate; same-bank route; root motion decoded; source is neutral-like; no active offensive cells on destination slot
022,Setsuka,eight_way_or_ambiguous,558,320,05D9,(back+forward),True,True,True,True,decoded_root_motion,2,2,33,,,,unknown_from_static_bytecode,unknown,022,Setsuka,local,resolved_local,unresolved,132,offensive cells exist and no static return/recovery frame is known
022,Setsuka,eight_way_or_ambiguous,558,396,0269,(back+forward),True,True,True,True,decoded_root_motion,4,4,21,,,,unknown_from_static_bytecode,unknown,022,Setsuka,local,resolved_local,unresolved,132,offensive cells exist and no static return/recovery frame is known
022,Setsuka,eight_way_or_ambiguous,166,169,0306,(any:back|forward|down),False,False,True,True,decoded_root_motion,0,0,,,,,unknown_from_static_bytecode,unknown,022,Setsuka,local,resolved_local,measured_but_not_basic,132,source is not proven neutral or stance-root basic movement
022,Setsuka,eight_way_or_ambiguous,331,295,05F2,(back+forward),False,False,True,True,decoded_root_motion,0,0,,,,,unknown_from_static_bytecode,unknown,022,Setsuka,local,resolved_local,measured_but_not_basic,132,source is not proven neutral or stance-root basic movement
022,Setsuka,eight_way_or_ambiguous,3170,363,05D5,(back+forward+up),False,False,True,True,decoded_root_motion,0,0,,,,,unknown_from_static_bytecode,unknown,022,Setsuka,local,resolved_local,measured_but_not_basic,132,source is not proven neutral or stance-root basic movement
022,Setsuka,forward_diagonal,413,417,05F6,(forward+up),True,True,True,True,decoded_root_motion,0,0,,,,,unknown_from_static_bytecode,unknown,022,Setsuka,local,resolved_local,trusted_basic,198,direct movement predicate; same-bank route; root motion decoded; source is neutral-like; no active offensive cells on destination slot
022,Setsuka,forward_diagonal,558,367,059F,(forward+down),True,True,True,True,decoded_root_motion,0,0,,,,,unknown_from_static_bytecode,unknown,022,Setsuka,local,resolved_local,trusted_basic,198,direct movement predicate; same-bank route; root motion decoded; source is neutral-like; no active offensive cells on destination slot
022,Setsuka,forward_diagonal,558,367,059F,(forward+down),True,True,True,True,decoded_root_motion,0,0,,,,,unknown_from_static_bytecode,unknown,022,Setsuka,local,resolved_local,trusted_basic,198,direct movement predicate; same-bank route; root motion decoded; source is neutral-like; no active offensive cells on destination slot
022,Setsuka,forward_diagonal,558,367,059F,(forward+down),True,True,True,True,decoded_root_motion,0,0,,,,,unknown_from_static_bytecode,unknown,022,Setsuka,local,resolved_local,trusted_basic,198,direct movement predicate; same-bank route; root motion decoded; source is neutral-like; no active offensive cells on destination slot
022,Setsuka,forward_diagonal,435,417,05F6,(forward+up),False,False,True,True,decoded_root_motion,0,0,,,,,unknown_from_static_bytecode,unknown,022,Setsuka,local,resolved_local,measured_but_not_basic,148,source is not proven neutral or stance-root basic movement
022,Setsuka,forward_step_candidate,312,313,059E,(any:forward),True,True,True,True,decoded_root_motion,1,1,17,,,,unknown_from_static_bytecode,unknown,022,Setsuka,local,resolved_local,unresolved,155,offensive cells exist and no static return/recovery frame is known
022,Setsuka,forward_step_candidate,413,415,023C,(any:forward),True,True,True,True,decoded_root_motion,3,3,25,,,,unknown_from_static_bytecode,unknown,022,Setsuka,local,resolved_local,unresolved,155,offensive cells exist and no static return/recovery frame is known
022,Setsuka,forward_step_candidate,413,415,023C,(any:forward),True,True,True,True,decoded_root_motion,3,3,25,,,,unknown_from_static_bytecode,unknown,022,Setsuka,local,resolved_local,unresolved,155,offensive cells exist and no static return/recovery frame is known
022,Setsuka,forward_step_candidate,558,375,033F,(any:forward),True,True,True,True,decoded_root_motion,1,1,11,,,,unknown_from_static_bytecode,unknown,022,Setsuka,local,resolved_local,unresolved,155,offensive cells exist and no static return/recovery frame is known
022,Setsuka,forward_step_candidate,558,381,0272,(any:forward),True,True,True,True,decoded_root_motion,2,2,13,,,,unknown_from_static_bytecode,unknown,022,Setsuka,local,resolved_local,unresolved,155,offensive cells exist and no static return/recovery frame is known
022,Setsuka,forward_step_candidate,558,401,024A,(any:forward),True,True,True,True,decoded_root_motion,3,3,16,,,,unknown_from_static_bytecode,unknown,022,Setsuka,local,resolved_local,unresolved,155,offensive cells exist and no static return/recovery frame is known
022,Setsuka,forward_step_candidate,2292,1892,1490,(any:forward),True,True,True,False,unknown_without_root_motion_decode,0,0,,,,,unknown_from_static_bytecode,unknown,022,Setsuka,move_bucket_2,resolved_move_bucket,unresolved,113,root motion did not decode with high confidence
022,Setsuka,forward_step_candidate,173,544,039B,(any:forward),False,False,True,True,decoded_root_motion,1,0,,,,,unknown_from_static_bytecode,unknown,022,Setsuka,local,resolved_local,measured_but_not_basic,155,source is not proven neutral or stance-root basic movement
022,Setsuka,forward_step_candidate,3147,539,05A2,(any:forward),False,False,True,True,decoded_root_motion,0,0,,,,,unknown_from_static_bytecode,unknown,022,Setsuka,local,resolved_local,measured_but_not_basic,155,source is not proven neutral or stance-root basic movement
022,Setsuka,forward_step_candidate,268,272,037C,(any:forward),False,False,True,True,decoded_root_motion,2,2,21,,,,unknown_from_static_bytecode,unknown,022,Setsuka,local,resolved_local,unresolved,155,offensive cells exist and no static return/recovery frame is known
022,Setsuka,forward_step_candidate,291,292,05ED,(any:forward),False,False,True,True,decoded_root_motion,1,1,27,,,,unknown_from_static_bytecode,unknown,022,Setsuka,local,resolved_local,unresolved,155,offensive cells exist and no static return/recovery frame is known
022,Setsuka,forward_step_candidate,357,358,01EB,(any:forward),False,False,True,True,decoded_root_motion,1,1,24,,,,unknown_from_static_bytecode,unknown,022,Setsuka,local,resolved_local,unresolved,155,offensive cells exist and no static return/recovery frame is known
022,Setsuka,forward_step_candidate,361,362,05EB,(any:forward),False,False,True,True,decoded_root_motion,2,2,20,,,,unknown_from_static_bytecode,unknown,022,Setsuka,local,resolved_local,unresolved,155,offensive cells exist and no static return/recovery frame is known
022,Setsuka,forward_step_candidate,435,415,023C,(any:forward),False,False,True,True,decoded_root_motion,3,3,25,,,,unknown_from_static_bytecode,unknown,022,Setsuka,local,resolved_local,unresolved,155,offensive cells exist and no static return/recovery frame is known
022,Setsuka,forward_step_candidate,435,415,023C,(any:forward),False,False,True,True,decoded_root_motion,3,3,25,,,,unknown_from_static_bytecode,unknown,022,Setsuka,local,resolved_local,unresolved,155,offensive cells exist and no static return/recovery frame is known
022,Setsuka,forward_step_candidate,459,460,02B0,(any:forward),False,False,True,True,decoded_root_motion,1,1,22,,,,unknown_from_static_bytecode,unknown,022,Setsuka,local,resolved_local,unresolved,155,offensive cells exist and no static return/recovery frame is known
022,Setsuka,forward_step_candidate,462,463,02B0,(any:forward),False,False,True,True,decoded_root_motion,1,1,22,,,,unknown_from_static_bytecode,unknown,022,Setsuka,local,resolved_local,unresolved,155,offensive cells exist and no static return/recovery frame is known
022,Setsuka,forward_step_candidate,2293,2490,1255,(any:forward),False,False,True,False,unknown_without_root_motion_decode,0,0,,,,,unknown_from_static_bytecode,unknown,022,Setsuka,move_bucket_2,resolved_move_bucket,unresolved,113,root motion did not decode with high confidence
022,Setsuka,sidestep_down_candidate,501,503,05E7,(any:down),False,False,True,True,decoded_root_motion,0,0,,,,,unknown_from_static_bytecode,unknown,022,Setsuka,local,resolved_local,measured_but_not_basic,155,source is not proven neutral or stance-root basic movement
022,Setsuka,sidestep_down_candidate,502,503,05E7,(any:down),False,False,True,True,decoded_root_motion,0,0,,,,,unknown_from_static_bytecode,unknown,022,Setsuka,local,resolved_local,measured_but_not_basic,155,source is not proven neutral or stance-root basic movement
022,Setsuka,sidestep_down_candidate,567,6,05F8,(any:down),False,False,True,True,decoded_root_motion,0,0,,,,,unknown_from_static_bytecode,unknown,022,Setsuka,local,resolved_local,measured_but_not_basic,155,source is not proven neutral or stance-root basic movement
022,Setsuka,sidestep_down_candidate,1687,1667,0575,(any:down),False,False,True,True,decoded_root_motion,0,0,,,,,unknown_from_static_bytecode,unknown,022,Setsuka,move_bucket_2,resolved_move_bucket,measured_but_not_basic,155,source is not proven neutral or stance-root basic movement
022,Setsuka,sidestep_down_candidate,2773,567,0597,(any:down),False,False,True,True,decoded_root_motion,0,0,,,,,unknown_from_static_bytecode,unknown,022,Setsuka,local,resolved_local,measured_but_not_basic,155,source is not proven neutral or stance-root basic movement
022,Setsuka,sidestep_down_candidate,2773,567,0597,(any:down),False,False,True,True,decoded_root_motion,0,0,,,,,unknown_from_static_bytecode,unknown,022,Setsuka,local,resolved_local,measured_but_not_basic,155,source is not proven neutral or stance-root basic movement
022,Setsuka,sidestep_down_candidate,3149,543,05E5,(any:down),False,False,True,True,decoded_root_motion,0,0,,,,,unknown_from_static_bytecode,unknown,022,Setsuka,local,resolved_local,measured_but_not_basic,155,source is not proven neutral or stance-root basic movement
022,Setsuka,sidestep_down_candidate,3168,581,05C4,(any:down),False,False,True,True,decoded_root_motion,1,0,,,,,unknown_from_static_bytecode,unknown,022,Setsuka,local,resolved_local,measured_but_not_basic,155,source is not proven neutral or stance-root basic movement
022,Setsuka,sidestep_down_candidate,3149,541,05E3,(any:down),False,False,True,True,decoded_root_motion,2,2,19,,,,unknown_from_static_bytecode,unknown,022,Setsuka,local,resolved_local,unresolved,155,offensive cells exist and no static return/recovery frame is known
022,Setsuka,sidestep_down_candidate,3149,542,05E4,(any:down),False,False,True,True,decoded_root_motion,2,2,19,,,,unknown_from_static_bytecode,unknown,022,Setsuka,local,resolved_local,unresolved,155,offensive cells exist and no static return/recovery frame is known
022,Setsuka,sidestep_down_candidate,3149,542,05E4,(any:down),False,False,True,True,decoded_root_motion,2,2,19,,,,unknown_from_static_bytecode,unknown,022,Setsuka,local,resolved_local,unresolved,155,offensive cells exist and no static return/recovery frame is known
022,Setsuka,sidestep_down_candidate,3167,396,0269,(any:down),False,False,True,True,decoded_root_motion,4,4,21,,,,unknown_from_static_bytecode,unknown,022,Setsuka,local,resolved_local,unresolved,155,offensive cells exist and no static return/recovery frame is known
022,Setsuka,sidestep_up_candidate,315,316,05A2,(any:up),True,True,True,True,decoded_root_motion,0,0,,,,,unknown_from_static_bytecode,unknown,022,Setsuka,local,resolved_local,trusted_basic,205,direct movement predicate; same-bank route; root motion decoded; source is neutral-like; no active offensive cells on destination slot
022,Setsuka,sidestep_up_candidate,413,416,05C3,(any:up),True,True,True,True,decoded_root_motion,0,0,,,,,unknown_from_static_bytecode,unknown,022,Setsuka,local,resolved_local,trusted_basic,205,direct movement predicate; same-bank route; root motion decoded; source is neutral-like; no active offensive cells on destination slot
022,Setsuka,sidestep_up_candidate,558,393,038C,(any:up),True,True,True,True,decoded_root_motion,1,1,15,,,,unknown_from_static_bytecode,unknown,022,Setsuka,local,resolved_local,unresolved,155,offensive cells exist and no static return/recovery frame is known
022,Setsuka,sidestep_up_candidate,558,393,038C,(any:up),True,True,True,True,decoded_root_motion,1,1,15,,,,unknown_from_static_bytecode,unknown,022,Setsuka,local,resolved_local,unresolved,155,offensive cells exist and no static return/recovery frame is known
022,Setsuka,sidestep_up_candidate,558,403,01FE,(any:up),True,True,True,True,decoded_root_motion,2,2,11,,,,unknown_from_static_bytecode,unknown,022,Setsuka,local,resolved_local,unresolved,155,offensive cells exist and no static return/recovery frame is known
022,Setsuka,sidestep_up_candidate,435,416,05C3,(any:up),False,False,True,True,decoded_root_motion,0,0,,,,,unknown_from_static_bytecode,unknown,022,Setsuka,local,resolved_local,measured_but_not_basic,155,source is not proven neutral or stance-root basic movement
022,Setsuka,sidestep_up_candidate,2830,544,039B,(any:up),False,False,True,True,decoded_root_motion,1,0,,,,,unknown_from_static_bytecode,unknown,022,Setsuka,local,resolved_local,measured_but_not_basic,155,source is not proven neutral or stance-root basic movement
022,Setsuka,sidestep_up_candidate,3167,549,039B,(any:up),False,False,True,True,decoded_root_motion,1,0,,,,,unknown_from_static_bytecode,unknown,022,Setsuka,local,resolved_local,measured_but_not_basic,155,source is not proven neutral or stance-root basic movement
022,Setsuka,sidestep_up_candidate,3168,548,039B,(any:up),False,False,True,True,decoded_root_motion,1,0,,,,,unknown_from_static_bytecode,unknown,022,Setsuka,local,resolved_local,measured_but_not_basic,155,source is not proven neutral or stance-root basic movement
022,Setsuka,sidestep_up_candidate,3170,161,0305,(any:up),False,False,True,True,decoded_root_motion,0,0,,,,,unknown_from_static_bytecode,unknown,022,Setsuka,local,resolved_local,measured_but_not_basic,155,source is not proven neutral or stance-root basic movement
022,Setsuka,sidestep_up_candidate,3170,166,0305,(any:up),False,False,True,True,decoded_root_motion,0,0,,,,,unknown_from_static_bytecode,unknown,022,Setsuka,local,resolved_local,measured_but_not_basic,155,source is not proven neutral or stance-root basic movement
023,Tira,back_diagonal,358,360,002A,(back+up),True,True,True,True,decoded_root_motion,3,3,21,,,,unknown_from_static_bytecode,unknown,023,Tira,local,resolved_local,unresolved,148,offensive cells exist and no static return/recovery frame is known
023,Tira,backstep_candidate,257,258,0231,(any:back),True,True,True,True,decoded_root_motion,2,2,16,,,,unknown_from_static_bytecode,unknown,023,Tira,local,resolved_local,unresolved,155,offensive cells exist and no static return/recovery frame is known
023,Tira,backstep_candidate,319,320,02C7,(any:back),True,True,True,True,decoded_root_motion,1,1,34,,,,unknown_from_static_bytecode,unknown,023,Tira,local,resolved_local,unresolved,155,offensive cells exist and no static return/recovery frame is known
023,Tira,backstep_candidate,380,381,02A9,(any:back),True,True,True,True,decoded_root_motion,1,1,31,,,,unknown_from_static_bytecode,unknown,023,Tira,local,resolved_local,unresolved,155,offensive cells exist and no static return/recovery frame is known
023,Tira,backstep_candidate,403,404,0320,(any:back),True,True,True,True,decoded_root_motion,2,2,16,,,,unknown_from_static_bytecode,unknown,023,Tira,local,resolved_local,unresolved,155,offensive cells exist and no static return/recovery frame is known
023,Tira,backstep_candidate,412,413,0291,(any:back),True,True,True,True,decoded_root_motion,1,1,30,,,,unknown_from_static_bytecode,unknown,023,Tira,local,resolved_local,unresolved,155,offensive cells exist and no static return/recovery frame is known
023,Tira,backstep_candidate,461,462,02A3,(any:back),True,True,True,True,decoded_root_motion,1,1,6,,,,unknown_from_static_bytecode,unknown,023,Tira,local,resolved_local,unresolved,155,offensive cells exist and no static return/recovery frame is known
023,Tira,backstep_candidate,511,512,02A9,(any:back),True,True,True,True,decoded_root_motion,1,1,31,,,,unknown_from_static_bytecode,unknown,023,Tira,local,resolved_local,unresolved,155,offensive cells exist and no static return/recovery frame is known
023,Tira,backstep_candidate,2038,1672,1491,(any:back),True,True,True,False,unknown_without_root_motion_decode,0,0,,,,,unknown_from_static_bytecode,unknown,023,Tira,move_bucket_2,resolved_move_bucket,unresolved,113,root motion did not decode with high confidence
023,Tira,backstep_candidate,258,259,0119,(any:back),False,False,True,True,decoded_root_motion,1,1,17,,,,unknown_from_static_bytecode,unknown,023,Tira,local,resolved_local,unresolved,155,offensive cells exist and no static return/recovery frame is known
023,Tira,backstep_candidate,344,345,0235,(any:back),False,False,True,True,decoded_root_motion,1,1,17,,,,unknown_from_static_bytecode,unknown,023,Tira,local,resolved_local,unresolved,155,offensive cells exist and no static return/recovery frame is known
023,Tira,backstep_candidate,388,381,02A9,(any:back),False,False,True,True,decoded_root_motion,1,1,31,,,,unknown_from_static_bytecode,unknown,023,Tira,local,resolved_local,unresolved,155,offensive cells exist and no static return/recovery frame is known
023,Tira,backstep_candidate,402,381,02A9,(any:back),False,False,True,True,decoded_root_motion,1,1,31,,,,unknown_from_static_bytecode,unknown,023,Tira,local,resolved_local,unresolved,155,offensive cells exist and no static return/recovery frame is known
023,Tira,backstep_candidate,462,463,02A3,(any:back),False,False,True,True,decoded_root_motion,1,1,6,,,,unknown_from_static_bytecode,unknown,023,Tira,local,resolved_local,unresolved,155,offensive cells exist and no static return/recovery frame is known
023,Tira,backstep_candidate,515,512,02A9,(any:back),False,False,True,True,decoded_root_motion,1,1,31,,,,unknown_from_static_bytecode,unknown,023,Tira,local,resolved_local,unresolved,155,offensive cells exist and no static return/recovery frame is known
023,Tira,backstep_candidate,516,512,02A9,(any:back),False,False,True,True,decoded_root_motion,1,1,31,,,,unknown_from_static_bytecode,unknown,023,Tira,local,resolved_local,unresolved,155,offensive cells exist and no static return/recovery frame is known
023,Tira,backstep_candidate,520,529,031B,(any:back),False,False,True,True,decoded_root_motion,1,1,55,,,,unknown_from_static_bytecode,unknown,023,Tira,local,resolved_local,unresolved,155,offensive cells exist and no static return/recovery frame is known
023,Tira,backstep_candidate,520,534,031B,(any:back),False,False,True,True,decoded_root_motion,1,1,55,,,,unknown_from_static_bytecode,unknown,023,Tira,local,resolved_local,unresolved,155,offensive cells exist and no static return/recovery frame is known
023,Tira,backstep_candidate,2039,2341,1254,(any:back),False,False,True,False,unknown_without_root_motion_decode,0,0,,,,,unknown_from_static_bytecode,unknown,023,Tira,move_bucket_2,resolved_move_bucket,unresolved,113,root motion did not decode with high confidence
023,Tira,backstep_candidate,2172,2347,15DF,(any:back),False,False,True,False,unknown_without_root_motion_decode,0,0,,,,,unknown_from_static_bytecode,unknown,023,Tira,move_bucket_2,resolved_move_bucket,unresolved,113,root motion did not decode with high confidence
023,Tira,backstep_candidate,2174,2347,15DF,(any:back),False,False,True,False,unknown_without_root_motion_decode,0,0,,,,,unknown_from_static_bytecode,unknown,023,Tira,move_bucket_2,resolved_move_bucket,unresolved,113,root motion did not decode with high confidence
023,Tira,backstep_candidate,2228,2350,1168,(any:back),False,False,True,False,unknown_without_root_motion_decode,0,0,,,,,unknown_from_static_bytecode,unknown,023,Tira,move_bucket_2,resolved_move_bucket,unresolved,113,root motion did not decode with high confidence
023,Tira,backstep_candidate,2267,2352,1251,(any:back),False,False,True,False,unknown_without_root_motion_decode,0,0,,,,,unknown_from_static_bytecode,unknown,023,Tira,move_bucket_2,resolved_move_bucket,unresolved,113,root motion did not decode with high confidence
023,Tira,eight_way_or_ambiguous,161,164,014C,(any:back|forward|down),True,True,True,True,decoded_root_motion,0,0,,,,,unknown_from_static_bytecode,unknown,023,Tira,local,resolved_local,trusted_basic,182,direct movement predicate; same-bank route; root motion decoded; source is neutral-like; no active offensive cells on destination slot
023,Tira,forward_diagonal,358,361,0314,(forward+up),True,True,True,True,decoded_root_motion,3,3,19,,,,unknown_from_static_bytecode,unknown,023,Tira,local,resolved_local,unresolved,148,offensive cells exist and no static return/recovery frame is known
023,Tira,forward_diagonal,277,356,039E,(forward+up),False,False,True,True,decoded_root_motion,0,0,,,,,unknown_from_static_bytecode,unknown,023,Tira,local,resolved_local,measured_but_not_basic,148,source is not proven neutral or stance-root basic movement
023,Tira,forward_diagonal,509,356,039E,(forward+up),False,False,True,True,decoded_root_motion,0,0,,,,,unknown_from_static_bytecode,unknown,023,Tira,local,resolved_local,measured_but_not_basic,148,source is not proven neutral or stance-root basic movement
023,Tira,forward_step_candidate,295,296,0215,(any:forward),True,True,True,True,decoded_root_motion,1,1,17,,,,unknown_from_static_bytecode,unknown,023,Tira,local,resolved_local,unresolved,155,offensive cells exist and no static return/recovery frame is known
023,Tira,forward_step_candidate,305,306,024F,(any:forward),True,True,True,True,decoded_root_motion,1,1,24,,,,unknown_from_static_bytecode,unknown,023,Tira,local,resolved_local,unresolved,155,offensive cells exist and no static return/recovery frame is known
023,Tira,forward_step_candidate,319,325,02A7,(any:forward),True,True,True,True,decoded_root_motion,1,1,27,,,,unknown_from_static_bytecode,unknown,023,Tira,local,resolved_local,unresolved,155,offensive cells exist and no static return/recovery frame is known
023,Tira,forward_step_candidate,321,322,02C6,(any:forward),True,True,True,True,decoded_root_motion,1,1,32,,,,unknown_from_static_bytecode,unknown,023,Tira,local,resolved_local,unresolved,155,offensive cells exist and no static return/recovery frame is known
023,Tira,forward_step_candidate,325,326,02A8,(any:forward),True,True,True,True,decoded_root_motion,1,1,35,,,,unknown_from_static_bytecode,unknown,023,Tira,local,resolved_local,unresolved,155,offensive cells exist and no static return/recovery frame is known
023,Tira,forward_step_candidate,380,382,0290,(any:forward),True,True,True,True,decoded_root_motion,1,1,30,,,,unknown_from_static_bytecode,unknown,023,Tira,local,resolved_local,unresolved,155,offensive cells exist and no static return/recovery frame is known
023,Tira,forward_step_candidate,412,414,0296,(any:forward),True,True,True,True,decoded_root_motion,1,1,30,,,,unknown_from_static_bytecode,unknown,023,Tira,local,resolved_local,unresolved,155,offensive cells exist and no static return/recovery frame is known
023,Tira,forward_step_candidate,511,513,0290,(any:forward),True,True,True,True,decoded_root_motion,1,1,30,,,,unknown_from_static_bytecode,unknown,023,Tira,local,resolved_local,unresolved,155,offensive cells exist and no static return/recovery frame is known
023,Tira,forward_step_candidate,2038,1672,1491,(any:forward),True,True,True,False,unknown_without_root_motion_decode,0,0,,,,,unknown_from_static_bytecode,unknown,023,Tira,move_bucket_2,resolved_move_bucket,unresolved,113,root motion did not decode with high confidence
023,Tira,forward_step_candidate,168,477,0211,(any:forward),False,False,True,True,decoded_root_motion,1,0,,,,,unknown_from_static_bytecode,unknown,023,Tira,local,resolved_local,measured_but_not_basic,155,source is not proven neutral or stance-root basic movement
023,Tira,forward_step_candidate,296,297,03D2,(any:forward),False,False,True,True,decoded_root_motion,0,0,,,,,unknown_from_static_bytecode,unknown,023,Tira,local,resolved_local,measured_but_not_basic,155,source is not proven neutral or stance-root basic movement
023,Tira,forward_step_candidate,2951,477,0211,(any:forward),False,False,True,True,decoded_root_motion,1,0,,,,,unknown_from_static_bytecode,unknown,023,Tira,local,resolved_local,measured_but_not_basic,155,source is not proven neutral or stance-root basic movement
023,Tira,forward_step_candidate,2951,477,0211,(any:forward),False,False,True,True,decoded_root_motion,1,0,,,,,unknown_from_static_bytecode,unknown,023,Tira,local,resolved_local,measured_but_not_basic,155,source is not proven neutral or stance-root basic movement
023,Tira,forward_step_candidate,273,274,03EE,(any:forward),False,False,True,True,decoded_root_motion,1,1,21,,,,unknown_from_static_bytecode,unknown,023,Tira,local,resolved_local,unresolved,155,offensive cells exist and no static return/recovery frame is known
023,Tira,forward_step_candidate,298,299,036C,(any:forward),False,False,True,True,decoded_root_motion,1,1,16,,,,unknown_from_static_bytecode,unknown,023,Tira,local,resolved_local,unresolved,155,offensive cells exist and no static return/recovery frame is known
023,Tira,forward_step_candidate,299,300,03EE,(any:forward),False,False,True,True,decoded_root_motion,1,1,25,,,,unknown_from_static_bytecode,unknown,023,Tira,local,resolved_local,unresolved,155,offensive cells exist and no static return/recovery frame is known
023,Tira,forward_step_candidate,328,329,02E9,(any:forward),False,False,True,True,decoded_root_motion,1,1,27,,,,unknown_from_static_bytecode,unknown,023,Tira,local,resolved_local,unresolved,155,offensive cells exist and no static return/recovery frame is known
023,Tira,forward_step_candidate,369,370,038F,(any:forward),False,False,True,True,decoded_root_motion,2,2,34,,,,unknown_from_static_bytecode,unknown,023,Tira,local,resolved_local,unresolved,155,offensive cells exist and no static return/recovery frame is known
023,Tira,forward_step_candidate,370,371,038F,(any:forward),False,False,True,True,decoded_root_motion,2,2,34,,,,unknown_from_static_bytecode,unknown,023,Tira,local,resolved_local,unresolved,155,offensive cells exist and no static return/recovery frame is known
023,Tira,forward_step_candidate,388,382,0290,(any:forward),False,False,True,True,decoded_root_motion,1,1,30,,,,unknown_from_static_bytecode,unknown,023,Tira,local,resolved_local,unresolved,155,offensive cells exist and no static return/recovery frame is known
023,Tira,forward_step_candidate,402,382,0290,(any:forward),False,False,True,True,decoded_root_motion,1,1,30,,,,unknown_from_static_bytecode,unknown,023,Tira,local,resolved_local,unresolved,155,offensive cells exist and no static return/recovery frame is known
023,Tira,forward_step_candidate,429,432,039A,(any:forward),False,False,True,True,decoded_root_motion,1,1,29,,,,unknown_from_static_bytecode,unknown,023,Tira,local,resolved_local,unresolved,155,offensive cells exist and no static return/recovery frame is known
023,Tira,forward_step_candidate,508,509,0385,(any:forward),False,False,True,True,decoded_root_motion,1,1,17,,,,unknown_from_static_bytecode,unknown,023,Tira,local,resolved_local,unresolved,155,offensive cells exist and no static return/recovery frame is known
023,Tira,forward_step_candidate,515,513,0290,(any:forward),False,False,True,True,decoded_root_motion,1,1,30,,,,unknown_from_static_bytecode,unknown,023,Tira,local,resolved_local,unresolved,155,offensive cells exist and no static return/recovery frame is known
023,Tira,forward_step_candidate,516,513,0290,(any:forward),False,False,True,True,decoded_root_motion,1,1,30,,,,unknown_from_static_bytecode,unknown,023,Tira,local,resolved_local,unresolved,155,offensive cells exist and no static return/recovery frame is known
023,Tira,forward_step_candidate,2039,2341,1254,(any:forward),False,False,True,False,unknown_without_root_motion_decode,0,0,,,,,unknown_from_static_bytecode,unknown,023,Tira,move_bucket_2,resolved_move_bucket,unresolved,113,root motion did not decode with high confidence
023,Tira,forward_step_candidate,2172,2347,15DF,(any:forward),False,False,True,False,unknown_without_root_motion_decode,0,0,,,,,unknown_from_static_bytecode,unknown,023,Tira,move_bucket_2,resolved_move_bucket,unresolved,113,root motion did not decode with high confidence
023,Tira,forward_step_candidate,2174,2347,15DF,(any:forward),False,False,True,False,unknown_without_root_motion_decode,0,0,,,,,unknown_from_static_bytecode,unknown,023,Tira,move_bucket_2,resolved_move_bucket,unresolved,113,root motion did not decode with high confidence
023,Tira,forward_step_candidate,2229,2350,1168,(any:forward),False,False,True,False,unknown_without_root_motion_decode,0,0,,,,,unknown_from_static_bytecode,unknown,023,Tira,move_bucket_2,resolved_move_bucket,unresolved,113,root motion did not decode with high confidence
023,Tira,forward_step_candidate,2269,2352,1251,(any:forward),False,False,True,False,unknown_without_root_motion_decode,0,0,,,,,unknown_from_static_bytecode,unknown,023,Tira,move_bucket_2,resolved_move_bucket,unresolved,113,root motion did not decode with high confidence
023,Tira,sidestep_down_candidate,257,267,026D,(any:down),True,True,True,True,decoded_root_motion,0,0,,,,,unknown_from_static_bytecode,unknown,023,Tira,local,resolved_local,trusted_basic,205,direct movement predicate; same-bank route; root motion decoded; source is neutral-like; no active offensive cells on destination slot
023,Tira,sidestep_down_candidate,295,304,0145,(any:down),True,True,True,True,decoded_root_motion,0,0,,,,,unknown_from_static_bytecode,unknown,023,Tira,local,resolved_local,trusted_basic,205,direct movement predicate; same-bank route; root motion decoded; source is neutral-like; no active offensive cells on destination slot
023,Tira,sidestep_down_candidate,331,332,026E,(any:down),True,True,True,True,decoded_root_motion,0,0,,,,,unknown_from_static_bytecode,unknown,023,Tira,local,resolved_local,trusted_basic,205,direct movement predicate; same-bank route; root motion decoded; source is neutral-like; no active offensive cells on destination slot
023,Tira,sidestep_down_candidate,263,267,026D,(any:down),False,False,True,True,decoded_root_motion,0,0,,,,,unknown_from_static_bytecode,unknown,023,Tira,local,resolved_local,measured_but_not_basic,155,source is not proven neutral or stance-root basic movement
023,Tira,sidestep_down_candidate,298,304,0145,(any:down),False,False,True,True,decoded_root_motion,0,0,,,,,unknown_from_static_bytecode,unknown,023,Tira,local,resolved_local,measured_but_not_basic,155,source is not proven neutral or stance-root basic movement
023,Tira,sidestep_down_candidate,524,6,00EE,(any:down),False,False,True,True,decoded_root_motion,0,0,,,,,unknown_from_static_bytecode,unknown,023,Tira,local,resolved_local,measured_but_not_basic,155,source is not proven neutral or stance-root basic movement
023,Tira,sidestep_down_candidate,1504,1484,016C,(any:down),False,False,True,True,decoded_root_motion,0,0,,,,,unknown_from_static_bytecode,unknown,023,Tira,move_bucket_2,resolved_move_bucket,measured_but_not_basic,155,source is not proven neutral or stance-root basic movement
023,Tira,sidestep_down_candidate,2620,524,03D9,(any:down),False,False,True,True,decoded_root_motion,0,0,,,,,unknown_from_static_bytecode,unknown,023,Tira,local,resolved_local,measured_but_not_basic,155,source is not proven neutral or stance-root basic movement
023,Tira,sidestep_down_candidate,2620,524,03D9,(any:down),False,False,True,True,decoded_root_motion,0,0,,,,,unknown_from_static_bytecode,unknown,023,Tira,local,resolved_local,measured_but_not_basic,155,source is not proven neutral or stance-root basic movement
023,Tira,sidestep_down_candidate,2951,203,0117,(any:down),False,False,True,True,decoded_root_motion,0,0,,,,,unknown_from_static_bytecode,unresolved_static_data,023,Tira,local,resolved_local,measured_but_not_basic,155,source is not proven neutral or stance-root basic movement
023,Tira,sidestep_down_candidate,2951,203,0117,(any:down),False,False,True,True,decoded_root_motion,0,0,,,,,unknown_from_static_bytecode,unresolved_static_data,023,Tira,local,resolved_local,measured_but_not_basic,155,source is not proven neutral or stance-root basic movement
023,Tira,sidestep_down_candidate,2951,203,0117,(any:down),False,False,True,True,decoded_root_motion,0,0,,,,,unknown_from_static_bytecode,unresolved_static_data,023,Tira,local,resolved_local,measured_but_not_basic,155,source is not proven neutral or stance-root basic movement
023,Tira,sidestep_down_candidate,2951,209,03CF,(any:down),False,False,True,True,decoded_root_motion,0,0,,,,,unknown_from_static_bytecode,unresolved_static_data,023,Tira,local,resolved_local,measured_but_not_basic,155,source is not proven neutral or stance-root basic movement
023,Tira,sidestep_down_candidate,2951,209,03CF,(any:down),False,False,True,True,decoded_root_motion,0,0,,,,,unknown_from_static_bytecode,unresolved_static_data,023,Tira,local,resolved_local,measured_but_not_basic,155,source is not proven neutral or stance-root basic movement
023,Tira,sidestep_down_candidate,2951,209,03CF,(any:down),False,False,True,True,decoded_root_motion,0,0,,,,,unknown_from_static_bytecode,unresolved_static_data,023,Tira,local,resolved_local,measured_but_not_basic,155,source is not proven neutral or stance-root basic movement
023,Tira,sidestep_down_candidate,2951,209,03CF,(any:down),False,False,True,True,decoded_root_motion,0,0,,,,,unknown_from_static_bytecode,unresolved_static_data,023,Tira,local,resolved_local,measured_but_not_basic,155,source is not proven neutral or stance-root basic movement
023,Tira,sidestep_down_candidate,2951,209,03CF,(any:down),False,False,True,True,decoded_root_motion,0,0,,,,,unknown_from_static_bytecode,unresolved_static_data,023,Tira,local,resolved_local,measured_but_not_basic,155,source is not proven neutral or stance-root basic movement
023,Tira,sidestep_down_candidate,2951,209,03CF,(any:down),False,False,True,True,decoded_root_motion,0,0,,,,,unknown_from_static_bytecode,unresolved_static_data,023,Tira,local,resolved_local,measured_but_not_basic,155,source is not proven neutral or stance-root basic movement
023,Tira,sidestep_down_candidate,2951,209,03CF,(any:down),False,False,True,True,decoded_root_motion,0,0,,,,,unknown_from_static_bytecode,unresolved_static_data,023,Tira,local,resolved_local,measured_but_not_basic,155,source is not proven neutral or stance-root basic movement
023,Tira,sidestep_down_candidate,2951,237,0117,(any:down),False,False,True,True,decoded_root_motion,0,0,,,,,unknown_from_static_bytecode,unknown,023,Tira,local,resolved_local,measured_but_not_basic,155,source is not proven neutral or stance-root basic movement
023,Tira,sidestep_down_candidate,2951,237,0117,(any:down),False,False,True,True,decoded_root_motion,0,0,,,,,unknown_from_static_bytecode,unknown,023,Tira,local,resolved_local,measured_but_not_basic,155,source is not proven neutral or stance-root basic movement
023,Tira,sidestep_down_candidate,2951,356,039E,(any:down),False,False,True,True,decoded_root_motion,0,0,,,,,unknown_from_static_bytecode,unknown,023,Tira,local,resolved_local,measured_but_not_basic,155,source is not proven neutral or stance-root basic movement
023,Tira,sidestep_down_candidate,2951,356,039E,(any:down),False,False,True,True,decoded_root_motion,0,0,,,,,unknown_from_static_bytecode,unknown,023,Tira,local,resolved_local,measured_but_not_basic,155,source is not proven neutral or stance-root basic movement
023,Tira,sidestep_down_candidate,2951,362,0355,(any:down),False,False,True,True,decoded_root_motion,0,0,,,,,unknown_from_static_bytecode,unknown,023,Tira,local,resolved_local,measured_but_not_basic,155,source is not proven neutral or stance-root basic movement
023,Tira,sidestep_down_candidate,2951,362,0355,(any:down),False,False,True,True,decoded_root_motion,0,0,,,,,unknown_from_static_bytecode,unknown,023,Tira,local,resolved_local,measured_but_not_basic,155,source is not proven neutral or stance-root basic movement
023,Tira,sidestep_down_candidate,2951,511,0275,(any:down),False,False,True,True,decoded_root_motion,0,0,,,,,unknown_from_static_bytecode,unknown,023,Tira,local,resolved_local,measured_but_not_basic,155,source is not proven neutral or stance-root basic movement
023,Tira,sidestep_down_candidate,2951,511,0275,(any:down),False,False,True,True,decoded_root_motion,0,0,,,,,unknown_from_static_bytecode,unknown,023,Tira,local,resolved_local,measured_but_not_basic,155,source is not proven neutral or stance-root basic movement
023,Tira,sidestep_down_candidate,2951,515,0275,(any:down),False,False,True,True,decoded_root_motion,0,0,,,,,unknown_from_static_bytecode,unknown,023,Tira,local,resolved_local,measured_but_not_basic,155,source is not proven neutral or stance-root basic movement
023,Tira,sidestep_down_candidate,2951,515,0275,(any:down),False,False,True,True,decoded_root_motion,0,0,,,,,unknown_from_static_bytecode,unknown,023,Tira,local,resolved_local,measured_but_not_basic,155,source is not proven neutral or stance-root basic movement
023,Tira,sidestep_down_candidate,2951,516,0275,(any:down),False,False,True,True,decoded_root_motion,0,0,,,,,unknown_from_static_bytecode,unknown,023,Tira,local,resolved_local,measured_but_not_basic,155,source is not proven neutral or stance-root basic movement
023,Tira,sidestep_down_candidate,2951,516,0275,(any:down),False,False,True,True,decoded_root_motion,0,0,,,,,unknown_from_static_bytecode,unknown,023,Tira,local,resolved_local,measured_but_not_basic,155,source is not proven neutral or stance-root basic movement
023,Tira,sidestep_down_candidate,2951,348,02FE,(any:down),False,False,True,True,decoded_root_motion,3,3,32,,,,unknown_from_static_bytecode,unknown,023,Tira,local,resolved_local,unresolved,155,offensive cells exist and no static return/recovery frame is known
023,Tira,sidestep_down_candidate,2951,348,02FE,(any:down),False,False,True,True,decoded_root_motion,3,3,32,,,,unknown_from_static_bytecode,unknown,023,Tira,local,resolved_local,unresolved,155,offensive cells exist and no static return/recovery frame is known
023,Tira,sidestep_down_candidate,2951,348,02FE,(any:down),False,False,True,True,decoded_root_motion,3,3,32,,,,unknown_from_static_bytecode,unknown,023,Tira,local,resolved_local,unresolved,155,offensive cells exist and no static return/recovery frame is known
023,Tira,sidestep_down_candidate,2951,348,02FE,(any:down),False,False,True,True,decoded_root_motion,3,3,32,,,,unknown_from_static_bytecode,unknown,023,Tira,local,resolved_local,unresolved,155,offensive cells exist and no static return/recovery frame is known
023,Tira,sidestep_down_candidate,2951,510,039C,(any:down),False,False,True,True,decoded_root_motion,2,2,16,,,,unknown_from_static_bytecode,unknown,023,Tira,local,resolved_local,unresolved,155,offensive cells exist and no static return/recovery frame is known
023,Tira,sidestep_down_candidate,2951,510,039C,(any:down),False,False,True,True,decoded_root_motion,2,2,16,,,,unknown_from_static_bytecode,unknown,023,Tira,local,resolved_local,unresolved,155,offensive cells exist and no static return/recovery frame is known
023,Tira,sidestep_up_candidate,305,307,0251,(any:up),True,True,True,True,decoded_root_motion,1,1,28,,,,unknown_from_static_bytecode,unknown,023,Tira,local,resolved_local,unresolved,155,offensive cells exist and no static return/recovery frame is known
023,Tira,sidestep_up_candidate,321,324,0317,(any:up),True,True,True,True,decoded_root_motion,1,1,27,,,,unknown_from_static_bytecode,unknown,023,Tira,local,resolved_local,unresolved,155,offensive cells exist and no static return/recovery frame is known
023,Tira,sidestep_up_candidate,325,327,0317,(any:up),True,True,True,True,decoded_root_motion,1,1,25,,,,unknown_from_static_bytecode,unknown,023,Tira,local,resolved_local,unresolved,155,offensive cells exist and no static return/recovery frame is known
023,Tira,sidestep_up_candidate,358,360,002A,(any:up),True,True,True,True,decoded_root_motion,3,3,21,,,,unknown_from_static_bytecode,unknown,023,Tira,local,resolved_local,unresolved,155,offensive cells exist and no static return/recovery frame is known
023,Tira,sidestep_up_candidate,358,361,0314,(any:up),True,True,True,True,decoded_root_motion,3,3,19,,,,unknown_from_static_bytecode,unknown,023,Tira,local,resolved_local,unresolved,155,offensive cells exist and no static return/recovery frame is known
023,Tira,sidestep_up_candidate,376,377,02E5,(any:up),True,True,True,True,decoded_root_motion,1,1,23,,,,unknown_from_static_bytecode,unknown,023,Tira,local,resolved_local,unresolved,155,offensive cells exist and no static return/recovery frame is known
023,Tira,sidestep_up_candidate,380,383,02ED,(any:up),True,True,True,True,decoded_root_motion,2,2,30,,,,unknown_from_static_bytecode,unknown,023,Tira,local,resolved_local,unresolved,155,offensive cells exist and no static return/recovery frame is known
023,Tira,sidestep_up_candidate,511,514,02ED,(any:up),True,True,True,True,decoded_root_motion,2,2,31,,,,unknown_from_static_bytecode,unknown,023,Tira,local,resolved_local,unresolved,155,offensive cells exist and no static return/recovery frame is known
023,Tira,sidestep_up_candidate,356,357,039E,(any:up),False,False,True,True,decoded_root_motion,0,0,,,,,unknown_from_static_bytecode,unknown,023,Tira,local,resolved_local,measured_but_not_basic,155,source is not proven neutral or stance-root basic movement
023,Tira,sidestep_up_candidate,357,358,039E,(any:up),False,False,True,True,decoded_root_motion,0,0,,,,,unknown_from_static_bytecode,unknown,023,Tira,local,resolved_local,measured_but_not_basic,155,source is not proven neutral or stance-root basic movement
023,Tira,sidestep_up_candidate,2951,468,03D2,(any:up),False,False,True,True,decoded_root_motion,0,0,,,,,unknown_from_static_bytecode,unknown,023,Tira,local,resolved_local,measured_but_not_basic,155,source is not proven neutral or stance-root basic movement
023,Tira,sidestep_up_candidate,2951,477,0211,(any:up),False,False,True,True,decoded_root_motion,1,0,,,,,unknown_from_static_bytecode,unknown,023,Tira,local,resolved_local,measured_but_not_basic,155,source is not proven neutral or stance-root basic movement
023,Tira,sidestep_up_candidate,2951,484,02EC,(any:up),False,False,True,True,decoded_root_motion,1,0,,,,,unknown_from_static_bytecode,unknown,023,Tira,local,resolved_local,measured_but_not_basic,155,source is not proven neutral or stance-root basic movement
023,Tira,sidestep_up_candidate,388,383,02ED,(any:up),False,False,True,True,decoded_root_motion,2,2,30,,,,unknown_from_static_bytecode,unknown,023,Tira,local,resolved_local,unresolved,155,offensive cells exist and no static return/recovery frame is known
023,Tira,sidestep_up_candidate,402,383,02ED,(any:up),False,False,True,True,decoded_root_motion,2,2,30,,,,unknown_from_static_bytecode,unknown,023,Tira,local,resolved_local,unresolved,155,offensive cells exist and no static return/recovery frame is known
023,Tira,sidestep_up_candidate,409,410,022F,(any:up),False,False,True,True,decoded_root_motion,1,1,30,,,,unknown_from_static_bytecode,unknown,023,Tira,local,resolved_local,unresolved,155,offensive cells exist and no static return/recovery frame is known
023,Tira,sidestep_up_candidate,515,514,02ED,(any:up),False,False,True,True,decoded_root_motion,2,2,31,,,,unknown_from_static_bytecode,unknown,023,Tira,local,resolved_local,unresolved,155,offensive cells exist and no static return/recovery frame is known
023,Tira,sidestep_up_candidate,516,514,02ED,(any:up),False,False,True,True,decoded_root_motion,2,2,31,,,,unknown_from_static_bytecode,unknown,023,Tira,local,resolved_local,unresolved,155,offensive cells exist and no static return/recovery frame is known
024,Zasalamel,backstep_candidate,1945,1579,1491,(any:back),True,True,True,False,unknown_without_root_motion_decode,0,0,,,,,unknown_from_static_bytecode,unknown,024,Zasalamel,move_bucket_2,resolved_move_bucket,unresolved,113,root motion did not decode with high confidence
024,Zasalamel,backstep_candidate,332,333,0138,(any:back),False,False,True,True,decoded_root_motion,1,1,18,,,,unknown_from_static_bytecode,unknown,024,Zasalamel,local,resolved_local,unresolved,155,offensive cells exist and no static return/recovery frame is known
024,Zasalamel,backstep_candidate,365,366,0270,(any:back),False,False,True,True,decoded_root_motion,1,1,33,,,,unknown_from_static_bytecode,unknown,024,Zasalamel,local,resolved_local,unresolved,155,offensive cells exist and no static return/recovery frame is known
024,Zasalamel,backstep_candidate,1946,2248,1254,(any:back),False,False,True,False,unknown_without_root_motion_decode,0,0,,,,,unknown_from_static_bytecode,unknown,024,Zasalamel,move_bucket_2,resolved_move_bucket,unresolved,113,root motion did not decode with high confidence
024,Zasalamel,backstep_candidate,2079,2254,15DF,(any:back),False,False,True,False,unknown_without_root_motion_decode,0,0,,,,,unknown_from_static_bytecode,unknown,024,Zasalamel,move_bucket_2,resolved_move_bucket,unresolved,113,root motion did not decode with high confidence
024,Zasalamel,backstep_candidate,2081,2254,15DF,(any:back),False,False,True,False,unknown_without_root_motion_decode,0,0,,,,,unknown_from_static_bytecode,unknown,024,Zasalamel,move_bucket_2,resolved_move_bucket,unresolved,113,root motion did not decode with high confidence
024,Zasalamel,backstep_candidate,2135,2257,1168,(any:back),False,False,True,False,unknown_without_root_motion_decode,0,0,,,,,unknown_from_static_bytecode,unknown,024,Zasalamel,move_bucket_2,resolved_move_bucket,unresolved,113,root motion did not decode with high confidence
024,Zasalamel,backstep_candidate,2174,2259,1251,(any:back),False,False,True,False,unknown_without_root_motion_decode,0,0,,,,,unknown_from_static_bytecode,unknown,024,Zasalamel,move_bucket_2,resolved_move_bucket,unresolved,113,root motion did not decode with high confidence
024,Zasalamel,eight_way_or_ambiguous,161,164,0075,(any:back|forward|down),True,True,True,True,decoded_root_motion,0,0,,,,,unknown_from_static_bytecode,unknown,024,Zasalamel,local,resolved_local,trusted_basic,182,direct movement predicate; same-bank route; root motion decoded; source is neutral-like; no active offensive cells on destination slot
024,Zasalamel,forward_diagonal,432,433,0150,(forward+up),False,False,True,True,decoded_root_motion,1,1,30,,,,unknown_from_static_bytecode,unknown,024,Zasalamel,local,resolved_local,unresolved,148,offensive cells exist and no static return/recovery frame is known
024,Zasalamel,forward_step_candidate,264,265,013B,(any:forward),True,True,True,True,decoded_root_motion,1,1,22,,,,unknown_from_static_bytecode,unknown,024,Zasalamel,local,resolved_local,unresolved,155,offensive cells exist and no static return/recovery frame is known
024,Zasalamel,forward_step_candidate,314,316,0268,(any:forward),True,True,True,True,decoded_root_motion,1,1,32,,,,unknown_from_static_bytecode,unknown,024,Zasalamel,local,resolved_local,unresolved,155,offensive cells exist and no static return/recovery frame is known
024,Zasalamel,forward_step_candidate,352,353,01E9,(any:forward),True,True,True,True,decoded_root_motion,1,1,18,,,,unknown_from_static_bytecode,unknown,024,Zasalamel,local,resolved_local,unresolved,155,offensive cells exist and no static return/recovery frame is known
024,Zasalamel,forward_step_candidate,375,376,0132,(any:forward),True,True,True,True,decoded_root_motion,1,1,27,,,,unknown_from_static_bytecode,unknown,024,Zasalamel,local,resolved_local,unresolved,155,offensive cells exist and no static return/recovery frame is known
024,Zasalamel,forward_step_candidate,421,423,01CD,(any:forward),True,True,True,True,decoded_root_motion,1,1,19,,,,unknown_from_static_bytecode,unknown,024,Zasalamel,local,resolved_local,unresolved,155,offensive cells exist and no static return/recovery frame is known
024,Zasalamel,forward_step_candidate,1945,1579,1491,(any:forward),True,True,True,False,unknown_without_root_motion_decode,0,0,,,,,unknown_from_static_bytecode,unknown,024,Zasalamel,move_bucket_2,resolved_move_bucket,unresolved,113,root motion did not decode with high confidence
024,Zasalamel,forward_step_candidate,168,392,012E,(any:forward),False,False,True,True,decoded_root_motion,1,0,,,,,unknown_from_static_bytecode,unknown,024,Zasalamel,local,resolved_local,measured_but_not_basic,155,source is not proven neutral or stance-root basic movement
024,Zasalamel,forward_step_candidate,265,266,013B,(any:forward),False,False,True,True,decoded_root_motion,1,1,17,,,,unknown_from_static_bytecode,unknown,024,Zasalamel,local,resolved_local,unresolved,155,offensive cells exist and no static return/recovery frame is known
024,Zasalamel,forward_step_candidate,372,373,01FD,(any:forward),False,False,True,True,decoded_root_motion,1,1,9,,,,unknown_from_static_bytecode,unknown,024,Zasalamel,local,resolved_local,unresolved,155,offensive cells exist and no static return/recovery frame is known
024,Zasalamel,forward_step_candidate,422,423,01CD,(any:forward),False,False,True,True,decoded_root_motion,1,1,19,,,,unknown_from_static_bytecode,unknown,024,Zasalamel,local,resolved_local,unresolved,155,offensive cells exist and no static return/recovery frame is known
024,Zasalamel,forward_step_candidate,1946,2248,1254,(any:forward),False,False,True,False,unknown_without_root_motion_decode,0,0,,,,,unknown_from_static_bytecode,unknown,024,Zasalamel,move_bucket_2,resolved_move_bucket,unresolved,113,root motion did not decode with high confidence
024,Zasalamel,forward_step_candidate,2079,2254,15DF,(any:forward),False,False,True,False,unknown_without_root_motion_decode,0,0,,,,,unknown_from_static_bytecode,unknown,024,Zasalamel,move_bucket_2,resolved_move_bucket,unresolved,113,root motion did not decode with high confidence
024,Zasalamel,forward_step_candidate,2081,2254,15DF,(any:forward),False,False,True,False,unknown_without_root_motion_decode,0,0,,,,,unknown_from_static_bytecode,unknown,024,Zasalamel,move_bucket_2,resolved_move_bucket,unresolved,113,root motion did not decode with high confidence
024,Zasalamel,forward_step_candidate,2136,2257,1168,(any:forward),False,False,True,False,unknown_without_root_motion_decode,0,0,,,,,unknown_from_static_bytecode,unknown,024,Zasalamel,move_bucket_2,resolved_move_bucket,unresolved,113,root motion did not decode with high confidence
024,Zasalamel,forward_step_candidate,2176,2259,1251,(any:forward),False,False,True,False,unknown_without_root_motion_decode,0,0,,,,,unknown_from_static_bytecode,unknown,024,Zasalamel,move_bucket_2,resolved_move_bucket,unresolved,113,root motion did not decode with high confidence
024,Zasalamel,sidestep_down_candidate,297,416,0236,(any:down),True,True,True,True,decoded_root_motion,0,0,,,,,unknown_from_static_bytecode,unknown,024,Zasalamel,local,resolved_local,trusted_basic,205,direct movement predicate; same-bank route; root motion decoded; source is neutral-like; no active offensive cells on destination slot
024,Zasalamel,sidestep_down_candidate,314,315,01B3,(any:down),True,True,True,True,decoded_root_motion,0,0,,,,,unknown_from_static_bytecode,unknown,024,Zasalamel,local,resolved_local,trusted_basic,205,direct movement predicate; same-bank route; root motion decoded; source is neutral-like; no active offensive cells on destination slot
024,Zasalamel,sidestep_down_candidate,322,329,01F3,(any:down),True,True,True,True,decoded_root_motion,0,0,,,,,unknown_from_static_bytecode,unknown,024,Zasalamel,local,resolved_local,trusted_basic,205,direct movement predicate; same-bank route; root motion decoded; source is neutral-like; no active offensive cells on destination slot
024,Zasalamel,sidestep_down_candidate,387,390,01DF,(any:down),True,True,True,True,decoded_root_motion,0,0,,,,,unknown_from_static_bytecode,unknown,024,Zasalamel,local,resolved_local,trusted_basic,205,direct movement predicate; same-bank route; root motion decoded; source is neutral-like; no active offensive cells on destination slot
024,Zasalamel,sidestep_down_candidate,316,315,01B3,(any:down),False,False,True,True,decoded_root_motion,0,0,,,,,unknown_from_static_bytecode,unknown,024,Zasalamel,local,resolved_local,measured_but_not_basic,155,source is not proven neutral or stance-root basic movement
024,Zasalamel,sidestep_down_candidate,440,6,0017,(any:down),False,False,True,True,decoded_root_motion,0,0,,,,,unknown_from_static_bytecode,unknown,024,Zasalamel,local,resolved_local,measured_but_not_basic,155,source is not proven neutral or stance-root basic movement
024,Zasalamel,sidestep_down_candidate,1411,1391,0089,(any:down),False,False,True,True,decoded_root_motion,0,0,,,,,unknown_from_static_bytecode,unknown,024,Zasalamel,move_bucket_2,resolved_move_bucket,measured_but_not_basic,155,source is not proven neutral or stance-root basic movement
024,Zasalamel,sidestep_down_candidate,2527,440,03ED,(any:down),False,False,True,True,decoded_root_motion,0,0,,,,,unknown_from_static_bytecode,unknown,024,Zasalamel,local,resolved_local,measured_but_not_basic,155,source is not proven neutral or stance-root basic movement
024,Zasalamel,sidestep_down_candidate,2527,440,03ED,(any:down),False,False,True,True,decoded_root_motion,0,0,,,,,unknown_from_static_bytecode,unknown,024,Zasalamel,local,resolved_local,measured_but_not_basic,155,source is not proven neutral or stance-root basic movement
024,Zasalamel,sidestep_up_candidate,264,267,01D6,(any:up),True,True,True,True,decoded_root_motion,1,1,21,,,,unknown_from_static_bytecode,unknown,024,Zasalamel,local,resolved_local,unresolved,155,offensive cells exist and no static return/recovery frame is known
024,Zasalamel,sidestep_up_candidate,297,298,01DA,(any:up),True,True,True,True,decoded_root_motion,1,1,23,,,,unknown_from_static_bytecode,unknown,024,Zasalamel,local,resolved_local,unresolved,155,offensive cells exist and no static return/recovery frame is known
024,Zasalamel,sidestep_up_candidate,322,323,0211,(any:up),True,True,True,True,decoded_root_motion,1,1,7,,,,unknown_from_static_bytecode,unknown,024,Zasalamel,local,resolved_local,unresolved,155,offensive cells exist and no static return/recovery frame is known
024,Zasalamel,sidestep_up_candidate,322,324,0211,(any:up),True,True,True,True,decoded_root_motion,1,1,7,,,,unknown_from_static_bytecode,unknown,024,Zasalamel,local,resolved_local,unresolved,155,offensive cells exist and no static return/recovery frame is known
024,Zasalamel,sidestep_up_candidate,322,325,0211,(any:up),True,True,True,True,decoded_root_motion,1,1,7,,,,unknown_from_static_bytecode,unknown,024,Zasalamel,local,resolved_local,unresolved,155,offensive cells exist and no static return/recovery frame is known
024,Zasalamel,sidestep_up_candidate,380,381,0231,(any:up),False,False,True,True,decoded_root_motion,1,1,18,,,,unknown_from_static_bytecode,unknown,024,Zasalamel,local,resolved_local,unresolved,155,offensive cells exist and no static return/recovery frame is known
028,Hilde,backstep_candidate,292,293,072A,(any:back),True,True,True,True,decoded_root_motion,1,1,,,,,unknown_from_static_bytecode,unknown,028,Hilde,local,resolved_local,unresolved,155,offensive cell: damage-bearing Mid cell has invalid active window 999-999
028,Hilde,backstep_candidate,339,341,071F,(any:back),True,True,True,True,decoded_root_motion,1,1,21,,,,unknown_from_static_bytecode,unknown,028,Hilde,local,resolved_local,unresolved,155,offensive cells exist and no static return/recovery frame is known
028,Hilde,backstep_candidate,400,401,0673,(any:back),True,True,True,True,decoded_root_motion,1,1,27,,,,unknown_from_static_bytecode,unknown,028,Hilde,local,resolved_local,unresolved,155,offensive cells exist and no static return/recovery frame is known
028,Hilde,backstep_candidate,456,457,068B,(any:back),True,True,True,True,decoded_root_motion,2,2,19,,,,unknown_from_static_bytecode,unknown,028,Hilde,local,resolved_local,unresolved,155,offensive cells exist and no static return/recovery frame is known
028,Hilde,backstep_candidate,2189,1789,1490,(any:back),True,True,True,False,unknown_without_root_motion_decode,0,0,,,,,unknown_from_static_bytecode,unknown,028,Hilde,move_bucket_2,resolved_move_bucket,unresolved,113,root motion did not decode with high confidence
028,Hilde,backstep_candidate,285,286,06F4,(any:back),False,False,True,True,decoded_root_motion,2,2,25,,,,unknown_from_static_bytecode,unknown,028,Hilde,local,resolved_local,unresolved,155,offensive cells exist and no static return/recovery frame is known
028,Hilde,backstep_candidate,309,310,06F3,(any:back),False,False,True,True,decoded_root_motion,1,1,23,,,,unknown_from_static_bytecode,unknown,028,Hilde,local,resolved_local,unresolved,155,offensive cells exist and no static return/recovery frame is known
028,Hilde,backstep_candidate,326,327,0721,(any:back),False,False,True,True,decoded_root_motion,1,1,19,,,,unknown_from_static_bytecode,unknown,028,Hilde,local,resolved_local,unresolved,155,offensive cells exist and no static return/recovery frame is known
028,Hilde,backstep_candidate,340,342,071F,(any:back),False,False,True,True,decoded_root_motion,1,1,21,,,,unknown_from_static_bytecode,unknown,028,Hilde,local,resolved_local,unresolved,155,offensive cells exist and no static return/recovery frame is known
028,Hilde,backstep_candidate,451,452,0706,(any:back),False,False,True,True,decoded_root_motion,1,1,29,,,,unknown_from_static_bytecode,unknown,028,Hilde,local,resolved_local,unresolved,155,offensive cells exist and no static return/recovery frame is known
028,Hilde,backstep_candidate,2190,2387,1255,(any:back),False,False,True,False,unknown_without_root_motion_decode,0,0,,,,,unknown_from_static_bytecode,unknown,028,Hilde,move_bucket_2,resolved_move_bucket,unresolved,113,root motion did not decode with high confidence
028,Hilde,eight_way_or_ambiguous,161,164,05C7,(any:back|forward|down),True,True,True,True,decoded_root_motion,0,0,,,,,unknown_from_static_bytecode,unknown,028,Hilde,local,resolved_local,trusted_basic,182,direct movement predicate; same-bank route; root motion decoded; source is neutral-like; no active offensive cells on destination slot
028,Hilde,eight_way_or_ambiguous,417,419,06C6,(back+forward),True,True,True,True,decoded_root_motion,1,1,37,,,,unknown_from_static_bytecode,unknown,028,Hilde,local,resolved_local,unresolved,132,offensive cells exist and no static return/recovery frame is known
028,Hilde,eight_way_or_ambiguous,166,169,05C7,(any:back|forward|down),False,False,True,True,decoded_root_motion,0,0,,,,,unknown_from_static_bytecode,unknown,028,Hilde,local,resolved_local,measured_but_not_basic,132,source is not proven neutral or stance-root basic movement
028,Hilde,eight_way_or_ambiguous,266,267,0703,(back+forward),False,False,True,True,decoded_root_motion,2,2,21,,,,unknown_from_static_bytecode,unknown,028,Hilde,local,resolved_local,unresolved,132,offensive cells exist and no static return/recovery frame is known
028,Hilde,eight_way_or_ambiguous,3052,365,06BC,(back+forward+up),False,False,True,True,decoded_root_motion,2,2,19,,,,unknown_from_static_bytecode,unknown,028,Hilde,local,resolved_local,unresolved,132,offensive cells exist and no static return/recovery frame is known
028,Hilde,eight_way_or_ambiguous,3052,365,06BC,(back+forward+up),False,False,True,True,decoded_root_motion,2,2,19,,,,unknown_from_static_bytecode,unknown,028,Hilde,local,resolved_local,unresolved,132,offensive cells exist and no static return/recovery frame is known
028,Hilde,forward_diagonal,353,355,070C,(forward+up),True,True,True,True,decoded_root_motion,1,1,19,,,,unknown_from_static_bytecode,unknown,028,Hilde,local,resolved_local,unresolved,148,offensive cells exist and no static return/recovery frame is known
028,Hilde,forward_diagonal,274,276,0717,(forward+up),False,False,True,True,decoded_root_motion,6,6,21,,,,unknown_from_static_bytecode,unknown,028,Hilde,local,resolved_local,unresolved,148,offensive cells exist and no static return/recovery frame is known
028,Hilde,forward_diagonal,275,276,0717,(forward+up),False,False,True,True,decoded_root_motion,6,6,21,,,,unknown_from_static_bytecode,unknown,028,Hilde,local,resolved_local,unresolved,148,offensive cells exist and no static return/recovery frame is known
028,Hilde,forward_step_candidate,292,295,072C,(any:forward),True,True,True,True,decoded_root_motion,1,1,,,,,attack_followup_only,confirmed_static_data,028,Hilde,local,resolved_local,unresolved,155,offensive cell: damage-bearing Mid cell has invalid active window 999-999
028,Hilde,forward_step_candidate,374,375,0719,(any:forward),True,True,True,True,decoded_root_motion,2,2,19,,,,unknown_from_static_bytecode,unknown,028,Hilde,local,resolved_local,unresolved,155,offensive cells exist and no static return/recovery frame is known
028,Hilde,forward_step_candidate,404,405,06A7,(any:forward),True,True,True,True,decoded_root_motion,4,4,26,,,,unknown_from_static_bytecode,unknown,028,Hilde,local,resolved_local,unresolved,155,offensive cells exist and no static return/recovery frame is known
028,Hilde,forward_step_candidate,456,458,068A,(any:forward),True,True,True,True,decoded_root_motion,2,2,21,,,,unknown_from_static_bytecode,unknown,028,Hilde,local,resolved_local,unresolved,155,offensive cells exist and no static return/recovery frame is known
028,Hilde,forward_step_candidate,2189,1789,1490,(any:forward),True,True,True,False,unknown_without_root_motion_decode,0,0,,,,,unknown_from_static_bytecode,unknown,028,Hilde,move_bucket_2,resolved_move_bucket,unresolved,113,root motion did not decode with high confidence
028,Hilde,forward_step_candidate,173,427,06CA,(any:forward),False,False,True,True,decoded_root_motion,1,0,,,,,unknown_from_static_bytecode,unknown,028,Hilde,local,resolved_local,measured_but_not_basic,155,source is not proven neutral or stance-root basic movement
028,Hilde,forward_step_candidate,311,312,069A,(any:forward),False,False,True,True,decoded_root_motion,2,2,19,,,,unknown_from_static_bytecode,unknown,028,Hilde,local,resolved_local,unresolved,155,offensive cells exist and no static return/recovery frame is known
028,Hilde,forward_step_candidate,354,357,070D,(any:forward),False,False,True,True,decoded_root_motion,1,1,21,,,,unknown_from_static_bytecode,unknown,028,Hilde,local,resolved_local,unresolved,155,offensive cells exist and no static return/recovery frame is known
028,Hilde,forward_step_candidate,356,357,070D,(any:forward),False,False,True,True,decoded_root_motion,1,1,21,,,,unknown_from_static_bytecode,unknown,028,Hilde,local,resolved_local,unresolved,155,offensive cells exist and no static return/recovery frame is known
028,Hilde,forward_step_candidate,375,376,0719,(any:forward),False,False,True,True,decoded_root_motion,2,2,23,,,,unknown_from_static_bytecode,unknown,028,Hilde,local,resolved_local,unresolved,155,offensive cells exist and no static return/recovery frame is known
028,Hilde,forward_step_candidate,376,377,071A,(any:forward),False,False,True,True,decoded_root_motion,1,1,21,,,,unknown_from_static_bytecode,unknown,028,Hilde,local,resolved_local,unresolved,155,offensive cells exist and no static return/recovery frame is known
028,Hilde,forward_step_candidate,2190,2387,1255,(any:forward),False,False,True,False,unknown_without_root_motion_decode,0,0,,,,,unknown_from_static_bytecode,unknown,028,Hilde,move_bucket_2,resolved_move_bucket,unresolved,113,root motion did not decode with high confidence
028,Hilde,sidestep_down_candidate,323,324,0541,(any:down),True,True,True,True,decoded_root_motion,0,0,,,,,unknown_from_static_bytecode,unknown,028,Hilde,local,resolved_local,trusted_basic,205,direct movement predicate; same-bank route; root motion decoded; source is neutral-like; no active offensive cells on destination slot
028,Hilde,sidestep_down_candidate,471,6,0475,(any:down),False,False,True,True,decoded_root_motion,0,0,,,,,unknown_from_static_bytecode,unknown,028,Hilde,local,resolved_local,measured_but_not_basic,155,source is not proven neutral or stance-root basic movement
028,Hilde,sidestep_down_candidate,1584,1564,05F8,(any:down),False,False,True,True,decoded_root_motion,0,0,,,,,unknown_from_static_bytecode,unknown,028,Hilde,move_bucket_2,resolved_move_bucket,measured_but_not_basic,155,source is not proven neutral or stance-root basic movement
028,Hilde,sidestep_down_candidate,2670,471,02A9,(any:down),False,False,True,True,decoded_root_motion,0,0,,,,,unknown_from_static_bytecode,unknown,028,Hilde,local,resolved_local,measured_but_not_basic,155,source is not proven neutral or stance-root basic movement
028,Hilde,sidestep_down_candidate,2670,471,02A9,(any:down),False,False,True,True,decoded_root_motion,0,0,,,,,unknown_from_static_bytecode,unknown,028,Hilde,local,resolved_local,measured_but_not_basic,155,source is not proven neutral or stance-root basic movement
028,Hilde,sidestep_up_candidate,333,334,0649,(any:up),True,True,True,True,decoded_root_motion,1,1,18,,,,unknown_from_static_bytecode,unknown,028,Hilde,local,resolved_local,unresolved,155,offensive cells exist and no static return/recovery frame is known
028,Hilde,sidestep_up_candidate,379,380,06E9,(any:up),True,True,True,True,decoded_root_motion,2,2,27,,,,unknown_from_static_bytecode,unknown,028,Hilde,local,resolved_local,unresolved,155,offensive cells exist and no static return/recovery frame is known
028,Hilde,sidestep_up_candidate,379,381,06C4,(any:up),True,True,True,True,decoded_root_motion,1,1,29,,,,unknown_from_static_bytecode,unknown,028,Hilde,local,resolved_local,unresolved,155,offensive cells exist and no static return/recovery frame is known
028,Hilde,sidestep_up_candidate,2727,427,06CA,(any:up),False,False,True,True,decoded_root_motion,1,0,,,,,unknown_from_static_bytecode,unknown,028,Hilde,local,resolved_local,measured_but_not_basic,155,source is not proven neutral or stance-root basic movement
028,Hilde,sidestep_up_candidate,3052,161,0592,(any:up),False,False,True,True,decoded_root_motion,0,0,,,,,unknown_from_static_bytecode,unknown,028,Hilde,local,resolved_local,measured_but_not_basic,155,source is not proven neutral or stance-root basic movement
028,Hilde,sidestep_up_candidate,3052,166,0592,(any:up),False,False,True,True,decoded_root_motion,0,0,,,,,unknown_from_static_bytecode,unknown,028,Hilde,local,resolved_local,measured_but_not_basic,155,source is not proven neutral or stance-root basic movement
030,Amy,back_diagonal,419,428,0557,(back+up),False,False,True,True,decoded_root_motion,1,0,,,,,unknown_from_static_bytecode,unknown,030,Amy,local,resolved_local,unresolved,148,cell index is outside this KHD bank; shared/common cell semantics are not resolved
030,Amy,backstep_candidate,281,282,0514,(any:back),True,True,True,True,decoded_root_motion,0,0,,,,,unknown_from_static_bytecode,unknown,030,Amy,local,resolved_local,trusted_basic,205,direct movement predicate; same-bank route; root motion decoded; source is neutral-like; no active offensive cells on destination slot
030,Amy,backstep_candidate,257,258,042B,(any:back),True,True,True,True,decoded_root_motion,2,2,15,,,,unknown_from_static_bytecode,unknown,030,Amy,local,resolved_local,unresolved,155,offensive cells exist and no static return/recovery frame is known
030,Amy,backstep_candidate,272,273,0551,(any:back),True,True,True,True,decoded_root_motion,2,2,31,,,,unknown_from_static_bytecode,unknown,030,Amy,local,resolved_local,unresolved,155,offensive cells exist and no static return/recovery frame is known
030,Amy,backstep_candidate,272,275,0430,(any:back),True,True,True,True,decoded_root_motion,1,1,25,,,,unknown_from_static_bytecode,unknown,030,Amy,local,resolved_local,unresolved,155,offensive cells exist and no static return/recovery frame is known
030,Amy,backstep_candidate,283,284,0519,(any:back),True,True,True,True,decoded_root_motion,3,3,17,,,,unknown_from_static_bytecode,unknown,030,Amy,local,resolved_local,unresolved,155,offensive cells exist and no static return/recovery frame is known
030,Amy,backstep_candidate,289,293,01CE,(any:back),True,True,True,True,decoded_root_motion,1,1,21,,,,unknown_from_static_bytecode,unknown,030,Amy,local,resolved_local,unresolved,155,offensive cells exist and no static return/recovery frame is known
030,Amy,backstep_candidate,302,303,0213,(any:back),True,True,True,True,decoded_root_motion,1,1,18,,,,unknown_from_static_bytecode,unknown,030,Amy,local,resolved_local,unresolved,155,offensive cells exist and no static return/recovery frame is known
030,Amy,backstep_candidate,353,354,00BD,(any:back),True,True,True,True,decoded_root_motion,1,1,19,,,,unknown_from_static_bytecode,unknown,030,Amy,local,resolved_local,unresolved,155,offensive cells exist and no static return/recovery frame is known
030,Amy,backstep_candidate,365,366,026B,(any:back),True,True,True,True,decoded_root_motion,1,1,26,,,,unknown_from_static_bytecode,unknown,030,Amy,local,resolved_local,unresolved,155,offensive cells exist and no static return/recovery frame is known
030,Amy,backstep_candidate,486,487,0253,(any:back),True,True,True,True,decoded_root_motion,1,1,19,,,,unknown_from_static_bytecode,unknown,030,Amy,local,resolved_local,unresolved,155,offensive cells exist and no static return/recovery frame is known
030,Amy,backstep_candidate,2041,1675,1491,(any:back),True,True,True,False,unknown_without_root_motion_decode,0,0,,,,,unknown_from_static_bytecode,unknown,030,Amy,move_bucket_2,resolved_move_bucket,unresolved,113,root motion did not decode with high confidence
030,Amy,backstep_candidate,487,488,0533,(any:back),False,False,True,True,decoded_root_motion,0,0,,,,,unknown_from_static_bytecode,unknown,030,Amy,local,resolved_local,measured_but_not_basic,155,source is not proven neutral or stance-root basic movement
030,Amy,backstep_candidate,334,335,03A2,(any:back),False,False,True,True,decoded_root_motion,1,1,12,,,,unknown_from_static_bytecode,unknown,030,Amy,local,resolved_local,unresolved,155,offensive cells exist and no static return/recovery frame is known
030,Amy,backstep_candidate,2957,513,025A,(any:back),False,False,True,True,decoded_root_motion,1,1,31,,,,unknown_from_static_bytecode,unknown,030,Amy,local,resolved_local,unresolved,155,offensive cells exist and no static return/recovery frame is known
030,Amy,backstep_candidate,2958,486,01C7,(any:back),False,False,True,True,decoded_root_motion,1,1,15,,,,unknown_from_static_bytecode,unknown,030,Amy,local,resolved_local,unresolved,155,offensive cells exist and no static return/recovery frame is known
030,Amy,backstep_candidate,2959,505,0515,(any:back),False,False,True,True,decoded_root_motion,1,1,19,,,,unknown_from_static_bytecode,unknown,030,Amy,local,resolved_local,unresolved,155,offensive cells exist and no static return/recovery frame is known
030,Amy,backstep_candidate,2960,453,0259,(any:back),False,False,True,True,decoded_root_motion,1,1,15,,,,unknown_from_static_bytecode,unknown,030,Amy,local,resolved_local,unresolved,155,offensive cells exist and no static return/recovery frame is known
030,Amy,backstep_candidate,2042,2344,1254,(any:back),False,False,True,False,unknown_without_root_motion_decode,0,0,,,,,unknown_from_static_bytecode,unknown,030,Amy,move_bucket_2,resolved_move_bucket,unresolved,113,root motion did not decode with high confidence
030,Amy,backstep_candidate,2175,2350,15DF,(any:back),False,False,True,False,unknown_without_root_motion_decode,0,0,,,,,unknown_from_static_bytecode,unknown,030,Amy,move_bucket_2,resolved_move_bucket,unresolved,113,root motion did not decode with high confidence
030,Amy,backstep_candidate,2177,2350,15DF,(any:back),False,False,True,False,unknown_without_root_motion_decode,0,0,,,,,unknown_from_static_bytecode,unknown,030,Amy,move_bucket_2,resolved_move_bucket,unresolved,113,root motion did not decode with high confidence
030,Amy,backstep_candidate,2231,2353,1168,(any:back),False,False,True,False,unknown_without_root_motion_decode,0,0,,,,,unknown_from_static_bytecode,unknown,030,Amy,move_bucket_2,resolved_move_bucket,unresolved,113,root motion did not decode with high confidence
030,Amy,backstep_candidate,2270,2355,1251,(any:back),False,False,True,False,unknown_without_root_motion_decode,0,0,,,,,unknown_from_static_bytecode,unknown,030,Amy,move_bucket_2,resolved_move_bucket,unresolved,113,root motion did not decode with high confidence
030,Amy,eight_way_or_ambiguous,161,164,0556,(any:back|forward|down),True,True,True,True,decoded_root_motion,0,0,,,,,unknown_from_static_bytecode,unknown,030,Amy,local,resolved_local,trusted_basic,182,direct movement predicate; same-bank route; root motion decoded; source is neutral-like; no active offensive cells on destination slot
030,Amy,eight_way_or_ambiguous,2948,526,0272,(back+forward+up),False,False,True,True,decoded_root_motion,0,0,,,,,unknown_from_static_bytecode,unknown,030,Amy,local,resolved_local,measured_but_not_basic,132,source is not proven neutral or stance-root basic movement
030,Amy,eight_way_or_ambiguous,291,292,024E,(any:forward|up|down),False,False,True,True,decoded_root_motion,1,1,21,,,,unknown_from_static_bytecode,unknown,030,Amy,local,resolved_local,unresolved,132,offensive cells exist and no static return/recovery frame is known
030,Amy,forward_diagonal,338,341,054C,(forward+up),False,False,True,True,decoded_root_motion,4,4,19,,,,unknown_from_static_bytecode,unknown,030,Amy,local,resolved_local,unresolved,148,offensive cells exist and no static return/recovery frame is known
030,Amy,forward_diagonal,339,341,054C,(forward+up),False,False,True,True,decoded_root_motion,4,4,19,,,,unknown_from_static_bytecode,unknown,030,Amy,local,resolved_local,unresolved,148,offensive cells exist and no static return/recovery frame is known
030,Amy,forward_diagonal,342,345,054D,(forward+up),False,False,True,True,decoded_root_motion,5,5,19,,,,unknown_from_static_bytecode,unknown,030,Amy,local,resolved_local,unresolved,148,offensive cells exist and no static return/recovery frame is known
030,Amy,forward_diagonal,343,345,054D,(forward+up),False,False,True,True,decoded_root_motion,5,5,19,,,,unknown_from_static_bytecode,unknown,030,Amy,local,resolved_local,unresolved,148,offensive cells exist and no static return/recovery frame is known
030,Amy,forward_step_candidate,494,495,055C,(any:forward),True,True,True,True,decoded_root_motion,0,0,,,,,unknown_from_static_bytecode,unknown,030,Amy,local,resolved_local,trusted_basic,205,direct movement predicate; same-bank route; root motion decoded; source is neutral-like; no active offensive cells on destination slot
030,Amy,forward_step_candidate,257,268,03B8,(any:forward),True,True,True,True,decoded_root_motion,1,1,15,,,,unknown_from_static_bytecode,unknown,030,Amy,local,resolved_local,unresolved,155,offensive cells exist and no static return/recovery frame is known
030,Amy,forward_step_candidate,272,273,0551,(any:forward),True,True,True,True,decoded_root_motion,2,2,31,,,,unknown_from_static_bytecode,unknown,030,Amy,local,resolved_local,unresolved,155,offensive cells exist and no static return/recovery frame is known
030,Amy,forward_step_candidate,289,290,0222,(any:forward),True,True,True,True,decoded_root_motion,1,1,16,,,,unknown_from_static_bytecode,unknown,030,Amy,local,resolved_local,unresolved,155,offensive cells exist and no static return/recovery frame is known
030,Amy,forward_step_candidate,363,364,054F,(any:forward),True,True,True,True,decoded_root_motion,4,4,19,,,,unknown_from_static_bytecode,unknown,030,Amy,local,resolved_local,unresolved,155,offensive cells exist and no static return/recovery frame is known
030,Amy,forward_step_candidate,384,340,0431,(any:forward),True,True,True,True,decoded_root_motion,3,3,19,,,,unknown_from_static_bytecode,unknown,030,Amy,local,resolved_local,unresolved,155,offensive cells exist and no static return/recovery frame is known
030,Amy,forward_step_candidate,390,391,0552,(any:forward),True,True,True,True,decoded_root_motion,2,2,24,,,,unknown_from_static_bytecode,unknown,030,Amy,local,resolved_local,unresolved,155,offensive cells exist and no static return/recovery frame is known
030,Amy,forward_step_candidate,464,468,0560,(any:forward),True,True,True,True,decoded_root_motion,2,2,17,,,,unknown_from_static_bytecode,unknown,030,Amy,local,resolved_local,unresolved,155,offensive cells exist and no static return/recovery frame is known
030,Amy,forward_step_candidate,486,489,01E9,(any:forward),True,True,True,True,decoded_root_motion,1,1,32,,,,unknown_from_static_bytecode,unknown,030,Amy,local,resolved_local,unresolved,155,offensive cells exist and no static return/recovery frame is known
030,Amy,forward_step_candidate,494,496,01B1,(any:forward),True,True,True,True,decoded_root_motion,1,1,15,,,,unknown_from_static_bytecode,unknown,030,Amy,local,resolved_local,unresolved,155,offensive cells exist and no static return/recovery frame is known
030,Amy,forward_step_candidate,2041,1675,1491,(any:forward),True,True,True,False,unknown_without_root_motion_decode,0,0,,,,,unknown_from_static_bytecode,unknown,030,Amy,move_bucket_2,resolved_move_bucket,unresolved,113,root motion did not decode with high confidence
030,Amy,forward_step_candidate,168,419,0206,(any:forward),False,False,True,True,decoded_root_motion,1,0,,,,,unknown_from_static_bytecode,unknown,030,Amy,local,resolved_local,measured_but_not_basic,155,source is not proven neutral or stance-root basic movement
030,Amy,forward_step_candidate,460,463,055C,(any:forward),False,False,True,True,decoded_root_motion,0,0,,,,,unknown_from_static_bytecode,unknown,030,Amy,local,resolved_local,measured_but_not_basic,155,source is not proven neutral or stance-root basic movement
030,Amy,forward_step_candidate,276,277,054D,(any:forward),False,False,True,True,decoded_root_motion,5,5,19,,,,unknown_from_static_bytecode,unknown,030,Amy,local,resolved_local,unresolved,155,offensive cells exist and no static return/recovery frame is known
030,Amy,forward_step_candidate,328,329,052D,(any:forward),False,False,True,True,decoded_root_motion,1,1,37,,,,unknown_from_static_bytecode,unknown,030,Amy,local,resolved_local,unresolved,155,offensive cells exist and no static return/recovery frame is known
030,Amy,forward_step_candidate,330,331,052D,(any:forward),False,False,True,True,decoded_root_motion,1,1,37,,,,unknown_from_static_bytecode,unknown,030,Amy,local,resolved_local,unresolved,155,offensive cells exist and no static return/recovery frame is known
030,Amy,forward_step_candidate,340,341,054C,(any:forward),False,False,True,True,decoded_root_motion,4,4,19,,,,unknown_from_static_bytecode,unknown,030,Amy,local,resolved_local,unresolved,155,offensive cells exist and no static return/recovery frame is known
030,Amy,forward_step_candidate,344,345,054D,(any:forward),False,False,True,True,decoded_root_motion,5,5,19,,,,unknown_from_static_bytecode,unknown,030,Amy,local,resolved_local,unresolved,155,offensive cells exist and no static return/recovery frame is known
030,Amy,forward_step_candidate,385,340,0431,(any:forward),False,False,True,True,decoded_root_motion,3,3,19,,,,unknown_from_static_bytecode,unknown,030,Amy,local,resolved_local,unresolved,155,offensive cells exist and no static return/recovery frame is known
030,Amy,forward_step_candidate,461,462,03CA,(any:forward),False,False,True,True,decoded_root_motion,1,1,28,,,,unknown_from_static_bytecode,unknown,030,Amy,local,resolved_local,unresolved,155,offensive cells exist and no static return/recovery frame is known
030,Amy,forward_step_candidate,468,469,055F,(any:forward),False,False,True,True,decoded_root_motion,1,1,18,,,,unknown_from_static_bytecode,unknown,030,Amy,local,resolved_local,unresolved,155,offensive cells exist and no static return/recovery frame is known
030,Amy,forward_step_candidate,496,497,0246,(any:forward),False,False,True,True,decoded_root_motion,1,1,34,,,,unknown_from_static_bytecode,unknown,030,Amy,local,resolved_local,unresolved,155,offensive cells exist and no static return/recovery frame is known
030,Amy,forward_step_candidate,2957,516,0562,(any:forward),False,False,True,True,decoded_root_motion,1,1,19,,,,unknown_from_static_bytecode,unknown,030,Amy,local,resolved_local,unresolved,155,offensive cells exist and no static return/recovery frame is known
030,Amy,forward_step_candidate,2958,494,055D,(any:forward),False,False,True,True,decoded_root_motion,1,1,11,,,,unknown_from_static_bytecode,unknown,030,Amy,local,resolved_local,unresolved,155,offensive cells exist and no static return/recovery frame is known
030,Amy,forward_step_candidate,2959,506,0516,(any:forward),False,False,True,True,decoded_root_motion,1,1,32,,,,unknown_from_static_bytecode,unknown,030,Amy,local,resolved_local,unresolved,155,offensive cells exist and no static return/recovery frame is known
030,Amy,forward_step_candidate,2042,2344,1254,(any:forward),False,False,True,False,unknown_without_root_motion_decode,0,0,,,,,unknown_from_static_bytecode,unknown,030,Amy,move_bucket_2,resolved_move_bucket,unresolved,113,root motion did not decode with high confidence
030,Amy,forward_step_candidate,2175,2350,15DF,(any:forward),False,False,True,False,unknown_without_root_motion_decode,0,0,,,,,unknown_from_static_bytecode,unknown,030,Amy,move_bucket_2,resolved_move_bucket,unresolved,113,root motion did not decode with high confidence
030,Amy,forward_step_candidate,2177,2350,15DF,(any:forward),False,False,True,False,unknown_without_root_motion_decode,0,0,,,,,unknown_from_static_bytecode,unknown,030,Amy,move_bucket_2,resolved_move_bucket,unresolved,113,root motion did not decode with high confidence
030,Amy,forward_step_candidate,2232,2353,1168,(any:forward),False,False,True,False,unknown_without_root_motion_decode,0,0,,,,,unknown_from_static_bytecode,unknown,030,Amy,move_bucket_2,resolved_move_bucket,unresolved,113,root motion did not decode with high confidence
030,Amy,forward_step_candidate,2272,2355,1251,(any:forward),False,False,True,False,unknown_without_root_motion_decode,0,0,,,,,unknown_from_static_bytecode,unknown,030,Amy,move_bucket_2,resolved_move_bucket,unresolved,113,root motion did not decode with high confidence
030,Amy,sidestep_down_candidate,257,271,01EF,(any:down),True,True,True,True,decoded_root_motion,0,0,,,,,unknown_from_static_bytecode,unknown,030,Amy,local,resolved_local,trusted_basic,205,direct movement predicate; same-bank route; root motion decoded; source is neutral-like; no active offensive cells on destination slot
030,Amy,sidestep_down_candidate,289,294,0036,(any:down),True,True,True,True,decoded_root_motion,0,0,,,,,unknown_from_static_bytecode,unknown,030,Amy,local,resolved_local,trusted_basic,205,direct movement predicate; same-bank route; root motion decoded; source is neutral-like; no active offensive cells on destination slot
030,Amy,sidestep_down_candidate,513,515,0514,(any:down),False,False,True,True,decoded_root_motion,0,0,,,,,unknown_from_static_bytecode,unknown,030,Amy,local,resolved_local,measured_but_not_basic,155,source is not proven neutral or stance-root basic movement
030,Amy,sidestep_down_candidate,514,515,0514,(any:down),False,False,True,True,decoded_root_motion,0,0,,,,,unknown_from_static_bytecode,unknown,030,Amy,local,resolved_local,measured_but_not_basic,155,source is not proven neutral or stance-root basic movement
030,Amy,sidestep_down_candidate,533,6,0524,(any:down),False,False,True,True,decoded_root_motion,0,0,,,,,unknown_from_static_bytecode,unknown,030,Amy,local,resolved_local,measured_but_not_basic,155,source is not proven neutral or stance-root basic movement
030,Amy,sidestep_down_candidate,1507,1487,0090,(any:down),False,False,True,True,decoded_root_motion,0,0,,,,,unknown_from_static_bytecode,unknown,030,Amy,move_bucket_2,resolved_move_bucket,measured_but_not_basic,155,source is not proven neutral or stance-root basic movement
030,Amy,sidestep_down_candidate,2623,533,0424,(any:down),False,False,True,True,decoded_root_motion,0,0,,,,,unknown_from_static_bytecode,unknown,030,Amy,local,resolved_local,measured_but_not_basic,155,source is not proven neutral or stance-root basic movement
030,Amy,sidestep_down_candidate,2623,533,0424,(any:down),False,False,True,True,decoded_root_motion,0,0,,,,,unknown_from_static_bytecode,unknown,030,Amy,local,resolved_local,measured_but_not_basic,155,source is not proven neutral or stance-root basic movement
030,Amy,sidestep_down_candidate,2948,448,01B7,(any:down),False,False,True,True,decoded_root_motion,0,0,,,,,unknown_from_static_bytecode,unknown,030,Amy,local,resolved_local,measured_but_not_basic,155,source is not proven neutral or stance-root basic movement
030,Amy,sidestep_down_candidate,2948,449,01B7,(any:down),False,False,True,True,decoded_root_motion,0,0,,,,,unknown_from_static_bytecode,unknown,030,Amy,local,resolved_local,measured_but_not_basic,155,source is not proven neutral or stance-root basic movement
030,Amy,sidestep_down_candidate,2948,450,01B7,(any:down),False,False,True,True,decoded_root_motion,0,0,,,,,unknown_from_static_bytecode,unknown,030,Amy,local,resolved_local,measured_but_not_basic,155,source is not proven neutral or stance-root basic movement
030,Amy,sidestep_down_candidate,2948,541,041B,(any:down),False,False,True,True,decoded_root_motion,1,0,,,,,unknown_from_static_bytecode,unknown,030,Amy,local,resolved_local,measured_but_not_basic,155,source is not proven neutral or stance-root basic movement
030,Amy,sidestep_down_candidate,2954,451,01B7,(any:down),False,False,True,True,decoded_root_motion,0,0,,,,,unknown_from_static_bytecode,unknown,030,Amy,local,resolved_local,measured_but_not_basic,155,source is not proven neutral or stance-root basic movement
030,Amy,sidestep_down_candidate,2948,288,0536,(any:down),False,False,True,True,decoded_root_motion,1,1,35,,,,unknown_from_static_bytecode,unknown,030,Amy,local,resolved_local,unresolved,155,offensive cells exist and no static return/recovery frame is known
030,Amy,sidestep_down_candidate,2948,313,0534,(any:down),False,False,True,True,decoded_root_motion,1,1,13,,,,unknown_from_static_bytecode,unknown,030,Amy,local,resolved_local,unresolved,155,offensive cells exist and no static return/recovery frame is known
030,Amy,sidestep_down_candidate,2951,518,054E,(any:down),False,False,True,True,decoded_root_motion,1,1,19,,,,unknown_from_static_bytecode,unknown,030,Amy,local,resolved_local,unresolved,155,offensive cells exist and no static return/recovery frame is known
030,Amy,sidestep_down_candidate,2952,509,054E,(any:down),False,False,True,True,decoded_root_motion,1,1,19,,,,unknown_from_static_bytecode,unknown,030,Amy,local,resolved_local,unresolved,155,offensive cells exist and no static return/recovery frame is known
030,Amy,sidestep_down_candidate,2953,500,054E,(any:down),False,False,True,True,decoded_root_motion,1,1,19,,,,unknown_from_static_bytecode,unknown,030,Amy,local,resolved_local,unresolved,155,offensive cells exist and no static return/recovery frame is known
030,Amy,sidestep_down_candidate,2954,473,0535,(any:down),False,False,True,True,decoded_root_motion,1,1,21,,,,unknown_from_static_bytecode,unknown,030,Amy,local,resolved_local,unresolved,155,offensive cells exist and no static return/recovery frame is known
030,Amy,sidestep_down_candidate,2960,473,0535,(any:down),False,False,True,True,decoded_root_motion,1,1,21,,,,unknown_from_static_bytecode,unknown,030,Amy,local,resolved_local,unresolved,155,offensive cells exist and no static return/recovery frame is known
030,Amy,sidestep_up_candidate,257,269,01E8,(any:up),True,True,True,True,decoded_root_motion,1,1,20,,,,unknown_from_static_bytecode,unknown,030,Amy,local,resolved_local,unresolved,155,offensive cells exist and no static return/recovery frame is known
030,Amy,sidestep_up_candidate,324,325,0252,(any:up),True,True,True,True,decoded_root_motion,1,1,20,,,,unknown_from_static_bytecode,unknown,030,Amy,local,resolved_local,unresolved,155,offensive cells exist and no static return/recovery frame is known
030,Amy,sidestep_up_candidate,464,470,025E,(any:up),True,True,True,True,decoded_root_motion,1,1,23,,,,unknown_from_static_bytecode,unknown,030,Amy,local,resolved_local,unresolved,155,offensive cells exist and no static return/recovery frame is known
030,Amy,sidestep_up_candidate,486,492,022C,(any:up),True,True,True,True,decoded_root_motion,1,1,17,,,,unknown_from_static_bytecode,unknown,030,Amy,local,resolved_local,unresolved,155,offensive cells exist and no static return/recovery frame is known
030,Amy,sidestep_up_candidate,494,498,0554,(any:up),True,True,True,True,decoded_root_motion,1,1,19,,,,unknown_from_static_bytecode,unknown,030,Amy,local,resolved_local,unresolved,155,offensive cells exist and no static return/recovery frame is known
030,Amy,sidestep_up_candidate,2948,421,0206,(any:up),False,False,True,True,decoded_root_motion,1,0,,,,,unknown_from_static_bytecode,unknown,030,Amy,local,resolved_local,measured_but_not_basic,155,source is not proven neutral or stance-root basic movement
030,Amy,sidestep_up_candidate,2948,452,01B7,(any:up),False,False,True,True,decoded_root_motion,0,0,,,,,unknown_from_static_bytecode,unknown,030,Amy,local,resolved_local,measured_but_not_basic,155,source is not proven neutral or stance-root basic movement
030,Amy,sidestep_up_candidate,290,291,024D,(any:up),False,False,True,True,decoded_root_motion,1,1,17,,,,unknown_from_static_bytecode,unknown,030,Amy,local,resolved_local,unresolved,155,offensive cells exist and no static return/recovery frame is known
030,Amy,sidestep_up_candidate,2957,517,01C0,(any:up),False,False,True,True,decoded_root_motion,1,1,29,,,,unknown_from_static_bytecode,unknown,030,Amy,local,resolved_local,unresolved,155,offensive cells exist and no static return/recovery frame is known
030,Amy,sidestep_up_candidate,2958,499,01D0,(any:up),False,False,True,True,decoded_root_motion,1,1,17,,,,unknown_from_static_bytecode,unknown,030,Amy,local,resolved_local,unresolved,155,offensive cells exist and no static return/recovery frame is known
030,Amy,sidestep_up_candidate,2959,508,051B,(any:up),False,False,True,True,decoded_root_motion,2,2,17,,,,unknown_from_static_bytecode,unknown,030,Amy,local,resolved_local,unresolved,155,offensive cells exist and no static return/recovery frame is known
030,Amy,sidestep_up_candidate,2960,464,025D,(any:up),False,False,True,True,decoded_root_motion,2,2,16,,,,unknown_from_static_bytecode,unknown,030,Amy,local,resolved_local,unresolved,155,offensive cells exist and no static return/recovery frame is known
060,2B,backstep_candidate,257,258,035E,(any:back),True,True,True,True,decoded_root_motion,1,1,11,,,,unknown_from_static_bytecode,unknown,060,2B,local,resolved_local,unresolved,155,offensive cells exist and no static return/recovery frame is known
060,2B,backstep_candidate,257,273,0394,(any:back),True,True,True,True,decoded_root_motion,1,1,15,,,,unknown_from_static_bytecode,unknown,060,2B,local,resolved_local,unresolved,155,offensive cells exist and no static return/recovery frame is known
060,2B,backstep_candidate,260,262,036F,(any:back),True,True,True,True,decoded_root_motion,2,2,6,,,,unknown_from_static_bytecode,unknown,060,2B,local,resolved_local,unresolved,155,offensive cells exist and no static return/recovery frame is known
060,2B,backstep_candidate,306,307,04C3,(any:back),True,True,True,True,decoded_root_motion,2,2,29,,,,unknown_from_static_bytecode,unknown,060,2B,local,resolved_local,unresolved,155,offensive cells exist and no static return/recovery frame is known
060,2B,backstep_candidate,446,447,0342,(any:back),True,True,True,True,decoded_root_motion,1,1,43,,,,unknown_from_static_bytecode,unknown,060,2B,local,resolved_local,unresolved,155,offensive cells exist and no static return/recovery frame is known
060,2B,backstep_candidate,451,453,0477,(any:back),True,True,True,True,decoded_root_motion,1,1,29,,,,unknown_from_static_bytecode,unknown,060,2B,local,resolved_local,unresolved,155,offensive cells exist and no static return/recovery frame is known
060,2B,backstep_candidate,528,532,0384,(any:back),True,True,True,True,decoded_root_motion,1,1,19,,,,unknown_from_static_bytecode,unknown,060,2B,local,resolved_local,unresolved,155,offensive cells exist and no static return/recovery frame is known
060,2B,backstep_candidate,617,628,034B,(any:back),True,True,True,True,decoded_root_motion,1,1,29,,,,unknown_from_static_bytecode,unknown,060,2B,local,resolved_local,unresolved,155,offensive cells exist and no static return/recovery frame is known
060,2B,backstep_candidate,2160,1794,1491,(any:back),True,True,True,False,unknown_without_root_motion_decode,0,0,,,,,unknown_from_static_bytecode,unknown,060,2B,move_bucket_2,resolved_move_bucket,unresolved,113,root motion did not decode with high confidence
060,2B,backstep_candidate,412,406,0377,(any:back),False,False,True,True,decoded_root_motion,0,0,,,,,unknown_from_static_bytecode,unknown,060,2B,local,resolved_local,measured_but_not_basic,155,source is not proven neutral or stance-root basic movement
060,2B,backstep_candidate,281,282,0370,(any:back),False,False,True,True,decoded_root_motion,1,1,37,,,,unknown_from_static_bytecode,unknown,060,2B,local,resolved_local,unresolved,155,offensive cells exist and no static return/recovery frame is known
060,2B,backstep_candidate,282,283,0489,(any:back),False,False,True,True,decoded_root_motion,1,1,25,,,,unknown_from_static_bytecode,unknown,060,2B,local,resolved_local,unresolved,155,offensive cells exist and no static return/recovery frame is known
060,2B,backstep_candidate,285,286,0439,(any:back),False,False,True,True,decoded_root_motion,1,1,33,,,,unknown_from_static_bytecode,unknown,060,2B,local,resolved_local,unresolved,155,offensive cells exist and no static return/recovery frame is known
060,2B,backstep_candidate,311,312,0361,(any:back),False,False,True,True,decoded_root_motion,2,2,43,,,,unknown_from_static_bytecode,unknown,060,2B,local,resolved_local,unresolved,155,offensive cells exist and no static return/recovery frame is known
060,2B,backstep_candidate,628,629,034B,(any:back),False,False,True,True,decoded_root_motion,1,1,49,,,,unknown_from_static_bytecode,unknown,060,2B,local,resolved_local,unresolved,155,offensive cells exist and no static return/recovery frame is known
060,2B,backstep_candidate,629,630,034C,(any:back),False,False,True,True,decoded_root_motion,1,1,17,,,,unknown_from_static_bytecode,unknown,060,2B,local,resolved_local,unresolved,155,offensive cells exist and no static return/recovery frame is known
060,2B,backstep_candidate,3070,566,044F,(any:back),False,False,True,True,decoded_root_motion,2,2,11,,,,unknown_from_static_bytecode,unknown,060,2B,local,resolved_local,unresolved,155,offensive cells exist and no static return/recovery frame is known
060,2B,backstep_candidate,3071,566,044F,(any:back),False,False,True,True,decoded_root_motion,2,2,11,,,,unknown_from_static_bytecode,unknown,060,2B,local,resolved_local,unresolved,155,offensive cells exist and no static return/recovery frame is known
060,2B,backstep_candidate,3080,411,0378,(any:back),False,False,True,True,decoded_root_motion,1,1,15,,,,unknown_from_static_bytecode,unknown,060,2B,local,resolved_local,unresolved,155,offensive cells exist and no static return/recovery frame is known
060,2B,backstep_candidate,3081,411,0378,(any:back),False,False,True,True,decoded_root_motion,1,1,15,,,,unknown_from_static_bytecode,unknown,060,2B,local,resolved_local,unresolved,155,offensive cells exist and no static return/recovery frame is known
060,2B,backstep_candidate,2161,2463,1254,(any:back),False,False,True,False,unknown_without_root_motion_decode,0,0,,,,,unknown_from_static_bytecode,unknown,060,2B,move_bucket_2,resolved_move_bucket,unresolved,113,root motion did not decode with high confidence
060,2B,backstep_candidate,2294,2469,15DF,(any:back),False,False,True,False,unknown_without_root_motion_decode,0,0,,,,,unknown_from_static_bytecode,unknown,060,2B,move_bucket_2,resolved_move_bucket,unresolved,113,root motion did not decode with high confidence
060,2B,backstep_candidate,2296,2469,15DF,(any:back),False,False,True,False,unknown_without_root_motion_decode,0,0,,,,,unknown_from_static_bytecode,unknown,060,2B,move_bucket_2,resolved_move_bucket,unresolved,113,root motion did not decode with high confidence
060,2B,backstep_candidate,2350,2472,1168,(any:back),False,False,True,False,unknown_without_root_motion_decode,0,0,,,,,unknown_from_static_bytecode,unknown,060,2B,move_bucket_2,resolved_move_bucket,unresolved,113,root motion did not decode with high confidence
060,2B,backstep_candidate,2389,2474,1251,(any:back),False,False,True,False,unknown_without_root_motion_decode,0,0,,,,,unknown_from_static_bytecode,unknown,060,2B,move_bucket_2,resolved_move_bucket,unresolved,113,root motion did not decode with high confidence
060,2B,eight_way_or_ambiguous,161,164,0433,(any:back|forward|down),True,True,True,True,decoded_root_motion,0,0,,,,,unknown_from_static_bytecode,unknown,060,2B,local,resolved_local,trusted_basic,182,direct movement predicate; same-bank route; root motion decoded; source is neutral-like; no active offensive cells on destination slot
060,2B,eight_way_or_ambiguous,398,399,048B,(back+forward),False,False,True,True,decoded_root_motion,2,2,37,,,,unknown_from_static_bytecode,unknown,060,2B,local,resolved_local,unresolved,132,offensive cells exist and no static return/recovery frame is known
060,2B,eight_way_or_ambiguous,400,401,0374,(back+forward),False,False,True,True,decoded_root_motion,1,1,39,,,,unknown_from_static_bytecode,unknown,060,2B,local,resolved_local,unresolved,132,offensive cells exist and no static return/recovery frame is known
060,2B,eight_way_or_ambiguous,404,405,03B0,(back+forward),False,False,True,True,decoded_root_motion,2,2,23,,,,unknown_from_static_bytecode,unknown,060,2B,local,resolved_local,unresolved,132,offensive cells exist and no static return/recovery frame is known
060,2B,eight_way_or_ambiguous,544,549,044E,(back+forward),False,False,True,True,decoded_root_motion,1,1,23,,,,unknown_from_static_bytecode,unknown,060,2B,local,resolved_local,unresolved,132,offensive cells exist and no static return/recovery frame is known
060,2B,eight_way_or_ambiguous,595,599,0485,(back+forward),False,False,True,True,decoded_root_motion,1,1,23,,,,unknown_from_static_bytecode,unknown,060,2B,local,resolved_local,unresolved,132,offensive cells exist and no static return/recovery frame is known
060,2B,eight_way_or_ambiguous,3070,595,0485,(back+forward),False,False,True,True,decoded_root_motion,1,1,23,,,,unknown_from_static_bytecode,unknown,060,2B,local,resolved_local,unresolved,132,offensive cells exist and no static return/recovery frame is known
060,2B,eight_way_or_ambiguous,3071,595,0485,(back+forward),False,False,True,True,decoded_root_motion,1,1,23,,,,unknown_from_static_bytecode,unknown,060,2B,local,resolved_local,unresolved,132,offensive cells exist and no static return/recovery frame is known
060,2B,forward_diagonal,3070,603,0494,(forward+up),False,False,True,True,decoded_root_motion,2,2,23,,,,unknown_from_static_bytecode,unknown,060,2B,local,resolved_local,unresolved,148,offensive cells exist and no static return/recovery frame is known
060,2B,forward_step_candidate,260,269,0438,(any:forward),True,True,True,True,decoded_root_motion,1,1,7,,,,unknown_from_static_bytecode,unknown,060,2B,local,resolved_local,unresolved,155,offensive cells exist and no static return/recovery frame is known
060,2B,forward_step_candidate,306,310,0344,(any:forward),True,True,True,True,decoded_root_motion,2,2,16,,,,unknown_from_static_bytecode,unknown,060,2B,local,resolved_local,unresolved,155,offensive cells exist and no static return/recovery frame is known
060,2B,forward_step_candidate,306,314,0373,(any:forward),True,True,True,True,decoded_root_motion,1,1,24,,,,unknown_from_static_bytecode,unknown,060,2B,local,resolved_local,unresolved,155,offensive cells exist and no static return/recovery frame is known
060,2B,forward_step_candidate,318,324,04D5,(any:forward),True,True,True,True,decoded_root_motion,2,2,21,,,,unknown_from_static_bytecode,unknown,060,2B,local,resolved_local,unresolved,155,offensive cells exist and no static return/recovery frame is known
060,2B,forward_step_candidate,318,327,04D5,(any:forward),True,True,True,True,decoded_root_motion,2,2,21,,,,unknown_from_static_bytecode,unknown,060,2B,local,resolved_local,unresolved,155,offensive cells exist and no static return/recovery frame is known
060,2B,forward_step_candidate,352,353,0488,(any:forward),True,True,True,True,decoded_root_motion,2,2,14,,,,unknown_from_static_bytecode,unknown,060,2B,local,resolved_local,unresolved,155,offensive cells exist and no static return/recovery frame is known
060,2B,forward_step_candidate,366,367,049B,(any:forward),True,True,True,True,decoded_root_motion,2,2,31,,,,unknown_from_static_bytecode,unknown,060,2B,local,resolved_local,unresolved,155,offensive cells exist and no static return/recovery frame is known
060,2B,forward_step_candidate,465,466,03AF,(any:forward),True,True,True,True,decoded_root_motion,2,2,30,,,,unknown_from_static_bytecode,unknown,060,2B,local,resolved_local,unresolved,155,offensive cells exist and no static return/recovery frame is known
060,2B,forward_step_candidate,528,530,049E,(any:forward),True,True,True,True,decoded_root_motion,2,2,25,,,,unknown_from_static_bytecode,unknown,060,2B,local,resolved_local,unresolved,155,offensive cells exist and no static return/recovery frame is known
060,2B,forward_step_candidate,538,542,0386,(any:forward),True,True,True,True,decoded_root_motion,2,2,23,,,,unknown_from_static_bytecode,unknown,060,2B,local,resolved_local,unresolved,155,offensive cells exist and no static return/recovery frame is known
060,2B,forward_step_candidate,567,575,046B,(any:forward),True,True,True,True,decoded_root_motion,3,3,27,,,,unknown_from_static_bytecode,unknown,060,2B,local,resolved_local,unresolved,155,offensive cells exist and no static return/recovery frame is known
060,2B,forward_step_candidate,567,578,0470,(any:forward),True,True,True,True,decoded_root_motion,1,1,33,,,,unknown_from_static_bytecode,unknown,060,2B,local,resolved_local,unresolved,155,offensive cells exist and no static return/recovery frame is known
060,2B,forward_step_candidate,617,632,0476,(any:forward),True,True,True,True,decoded_root_motion,1,1,31,,,,unknown_from_static_bytecode,unknown,060,2B,local,resolved_local,unresolved,155,offensive cells exist and no static return/recovery frame is known
060,2B,forward_step_candidate,2160,1794,1491,(any:forward),True,True,True,False,unknown_without_root_motion_decode,0,0,,,,,unknown_from_static_bytecode,unknown,060,2B,move_bucket_2,resolved_move_bucket,unresolved,113,root motion did not decode with high confidence
060,2B,forward_step_candidate,168,503,0389,(any:forward),False,False,True,True,decoded_root_motion,1,0,,,,,unknown_from_static_bytecode,unknown,060,2B,local,resolved_local,measured_but_not_basic,155,source is not proven neutral or stance-root basic movement
060,2B,forward_step_candidate,414,406,0377,(any:forward),False,False,True,True,decoded_root_motion,0,0,,,,,unknown_from_static_bytecode,unknown,060,2B,local,resolved_local,measured_but_not_basic,155,source is not proven neutral or stance-root basic movement
060,2B,forward_step_candidate,415,406,0377,(any:forward),False,False,True,True,decoded_root_motion,0,0,,,,,unknown_from_static_bytecode,unknown,060,2B,local,resolved_local,measured_but_not_basic,155,source is not proven neutral or stance-root basic movement
060,2B,forward_step_candidate,416,406,0377,(any:forward),False,False,True,True,decoded_root_motion,0,0,,,,,unknown_from_static_bytecode,unknown,060,2B,local,resolved_local,measured_but_not_basic,155,source is not proven neutral or stance-root basic movement
060,2B,forward_step_candidate,310,311,0361,(any:forward),False,False,True,True,decoded_root_motion,1,1,21,,,,unknown_from_static_bytecode,unknown,060,2B,local,resolved_local,unresolved,155,offensive cells exist and no static return/recovery frame is known
060,2B,forward_step_candidate,319,320,0346,(any:forward),False,False,True,True,decoded_root_motion,1,1,33,,,,unknown_from_static_bytecode,unknown,060,2B,local,resolved_local,unresolved,155,offensive cells exist and no static return/recovery frame is known
060,2B,forward_step_candidate,320,321,0346,(any:forward),False,False,True,True,decoded_root_motion,2,2,45,,,,unknown_from_static_bytecode,unknown,060,2B,local,resolved_local,unresolved,155,offensive cells exist and no static return/recovery frame is known
060,2B,forward_step_candidate,321,322,0347,(any:forward),False,False,True,True,decoded_root_motion,1,1,32,,,,unknown_from_static_bytecode,unknown,060,2B,local,resolved_local,unresolved,155,offensive cells exist and no static return/recovery frame is known
060,2B,forward_step_candidate,332,333,03C6,(any:forward),False,False,True,True,decoded_root_motion,2,2,18,,,,unknown_from_static_bytecode,unknown,060,2B,local,resolved_local,unresolved,155,offensive cells exist and no static return/recovery frame is known
060,2B,forward_step_candidate,364,365,0316,(any:forward),False,False,True,True,decoded_root_motion,1,1,22,,,,unknown_from_static_bytecode,unknown,060,2B,local,resolved_local,unresolved,155,offensive cells exist and no static return/recovery frame is known
060,2B,forward_step_candidate,365,366,0316,(any:forward),False,False,True,True,decoded_root_motion,1,1,31,,,,unknown_from_static_bytecode,unknown,060,2B,local,resolved_local,unresolved,155,offensive cells exist and no static return/recovery frame is known
060,2B,forward_step_candidate,535,536,0385,(any:forward),False,False,True,True,decoded_root_motion,1,1,21,,,,unknown_from_static_bytecode,unknown,060,2B,local,resolved_local,unresolved,155,offensive cells exist and no static return/recovery frame is known
060,2B,forward_step_candidate,536,537,0385,(any:forward),False,False,True,True,decoded_root_motion,1,1,28,,,,unknown_from_static_bytecode,unknown,060,2B,local,resolved_local,unresolved,155,offensive cells exist and no static return/recovery frame is known
060,2B,forward_step_candidate,537,538,0385,(any:forward),False,False,True,True,decoded_root_motion,2,2,40,,,,unknown_from_static_bytecode,unknown,060,2B,local,resolved_local,unresolved,155,offensive cells exist and no static return/recovery frame is known
060,2B,forward_step_candidate,3080,414,0379,(any:forward),False,False,True,True,decoded_root_motion,1,1,15,,,,unknown_from_static_bytecode,unknown,060,2B,local,resolved_local,unresolved,155,offensive cells exist and no static return/recovery frame is known
060,2B,forward_step_candidate,3081,414,0379,(any:forward),False,False,True,True,decoded_root_motion,1,1,15,,,,unknown_from_static_bytecode,unknown,060,2B,local,resolved_local,unresolved,155,offensive cells exist and no static return/recovery frame is known
060,2B,forward_step_candidate,2161,2463,1254,(any:forward),False,False,True,False,unknown_without_root_motion_decode,0,0,,,,,unknown_from_static_bytecode,unknown,060,2B,move_bucket_2,resolved_move_bucket,unresolved,113,root motion did not decode with high confidence
060,2B,forward_step_candidate,2294,2469,15DF,(any:forward),False,False,True,False,unknown_without_root_motion_decode,0,0,,,,,unknown_from_static_bytecode,unknown,060,2B,move_bucket_2,resolved_move_bucket,unresolved,113,root motion did not decode with high confidence
060,2B,forward_step_candidate,2296,2469,15DF,(any:forward),False,False,True,False,unknown_without_root_motion_decode,0,0,,,,,unknown_from_static_bytecode,unknown,060,2B,move_bucket_2,resolved_move_bucket,unresolved,113,root motion did not decode with high confidence
060,2B,forward_step_candidate,2351,2472,1168,(any:forward),False,False,True,False,unknown_without_root_motion_decode,0,0,,,,,unknown_from_static_bytecode,unknown,060,2B,move_bucket_2,resolved_move_bucket,unresolved,113,root motion did not decode with high confidence
060,2B,forward_step_candidate,2391,2474,1251,(any:forward),False,False,True,False,unknown_without_root_motion_decode,0,0,,,,,unknown_from_static_bytecode,unknown,060,2B,move_bucket_2,resolved_move_bucket,unresolved,113,root motion did not decode with high confidence
060,2B,sidestep_down_candidate,257,614,035D,(any:down),True,True,True,True,decoded_root_motion,0,0,,,,,unknown_from_static_bytecode,unknown,060,2B,local,resolved_local,trusted_basic,205,direct movement predicate; same-bank route; root motion decoded; source is neutral-like; no active offensive cells on destination slot
060,2B,sidestep_down_candidate,498,501,03B2,(any:down),True,True,True,True,decoded_root_motion,0,0,,,,,unknown_from_static_bytecode,unknown,060,2B,local,resolved_local,trusted_basic,205,direct movement predicate; same-bank route; root motion decoded; source is neutral-like; no active offensive cells on destination slot
060,2B,sidestep_down_candidate,528,529,0480,(any:down),True,True,True,True,decoded_root_motion,2,2,25,,,,unknown_from_static_bytecode,unknown,060,2B,local,resolved_local,unresolved,155,offensive cells exist and no static return/recovery frame is known
060,2B,sidestep_down_candidate,621,6,033D,(any:down),False,False,True,True,decoded_root_motion,0,0,,,,,unknown_from_static_bytecode,unknown,060,2B,local,resolved_local,measured_but_not_basic,155,source is not proven neutral or stance-root basic movement
060,2B,sidestep_down_candidate,1626,1606,0453,(any:down),False,False,True,True,decoded_root_motion,0,0,,,,,unknown_from_static_bytecode,unknown,060,2B,move_bucket_2,resolved_move_bucket,measured_but_not_basic,155,source is not proven neutral or stance-root basic movement
060,2B,sidestep_down_candidate,2742,621,03B9,(any:down),False,False,True,True,decoded_root_motion,0,0,,,,,unknown_from_static_bytecode,unknown,060,2B,local,resolved_local,measured_but_not_basic,155,source is not proven neutral or stance-root basic movement
060,2B,sidestep_down_candidate,2742,621,03B9,(any:down),False,False,True,True,decoded_root_motion,0,0,,,,,unknown_from_static_bytecode,unknown,060,2B,local,resolved_local,measured_but_not_basic,155,source is not proven neutral or stance-root basic movement
060,2B,sidestep_down_candidate,3080,425,0377,(any:down),False,False,True,True,decoded_root_motion,0,0,,,,,unknown_from_static_bytecode,unknown,060,2B,local,resolved_local,measured_but_not_basic,155,source is not proven neutral or stance-root basic movement
060,2B,sidestep_down_candidate,3081,425,0377,(any:down),False,False,True,True,decoded_root_motion,0,0,,,,,unknown_from_static_bytecode,unknown,060,2B,local,resolved_local,measured_but_not_basic,155,source is not proven neutral or stance-root basic movement
060,2B,sidestep_down_candidate,259,260,0315,(any:down),False,False,True,True,decoded_root_motion,1,1,33,,,,unknown_from_static_bytecode,unknown,060,2B,local,resolved_local,unresolved,155,offensive cells exist and no static return/recovery frame is known
060,2B,sidestep_down_candidate,3069,528,0382,(any:down),False,False,True,True,decoded_root_motion,1,1,27,,,,unknown_from_static_bytecode,unknown,060,2B,local,resolved_local,unresolved,155,offensive cells exist and no static return/recovery frame is known
060,2B,sidestep_down_candidate,3069,535,0385,(any:down),False,False,True,True,decoded_root_motion,1,1,15,,,,unknown_from_static_bytecode,unknown,060,2B,local,resolved_local,unresolved,155,offensive cells exist and no static return/recovery frame is known
060,2B,sidestep_down_candidate,3069,544,044E,(any:down),False,False,True,True,decoded_root_motion,1,1,23,,,,unknown_from_static_bytecode,unknown,060,2B,local,resolved_local,unresolved,155,offensive cells exist and no static return/recovery frame is known
060,2B,sidestep_down_candidate,3069,554,03B3,(any:down),False,False,True,True,decoded_root_motion,1,1,30,,,,unknown_from_static_bytecode,unknown,060,2B,local,resolved_local,unresolved,155,offensive cells exist and no static return/recovery frame is known
060,2B,sidestep_down_candidate,3085,595,0485,(any:down),False,False,True,True,decoded_root_motion,1,1,23,,,,unknown_from_static_bytecode,unknown,060,2B,local,resolved_local,unresolved,155,offensive cells exist and no static return/recovery frame is known
060,2B,sidestep_down_candidate,3085,595,0485,(any:down),False,False,True,True,decoded_root_motion,1,1,23,,,,unknown_from_static_bytecode,unknown,060,2B,local,resolved_local,unresolved,155,offensive cells exist and no static return/recovery frame is known
060,2B,sidestep_down_candidate,3085,595,0485,(any:down),False,False,True,True,decoded_root_motion,1,1,23,,,,unknown_from_static_bytecode,unknown,060,2B,local,resolved_local,unresolved,155,offensive cells exist and no static return/recovery frame is known
060,2B,sidestep_down_candidate,3085,603,0494,(any:down),False,False,True,True,decoded_root_motion,2,2,23,,,,unknown_from_static_bytecode,unknown,060,2B,local,resolved_local,unresolved,155,offensive cells exist and no static return/recovery frame is known
060,2B,sidestep_down_candidate,3085,603,0494,(any:down),False,False,True,True,decoded_root_motion,2,2,23,,,,unknown_from_static_bytecode,unknown,060,2B,local,resolved_local,unresolved,155,offensive cells exist and no static return/recovery frame is known
060,2B,sidestep_down_candidate,3086,544,044E,(any:down),False,False,True,True,decoded_root_motion,1,1,23,,,,unknown_from_static_bytecode,unknown,060,2B,local,resolved_local,unresolved,155,offensive cells exist and no static return/recovery frame is known
060,2B,sidestep_down_candidate,3086,544,044E,(any:down),False,False,True,True,decoded_root_motion,1,1,23,,,,unknown_from_static_bytecode,unknown,060,2B,local,resolved_local,unresolved,155,offensive cells exist and no static return/recovery frame is known
060,2B,sidestep_down_candidate,3086,554,03B3,(any:down),False,False,True,True,decoded_root_motion,1,1,30,,,,unknown_from_static_bytecode,unknown,060,2B,local,resolved_local,unresolved,155,offensive cells exist and no static return/recovery frame is known
060,2B,sidestep_down_candidate,3086,554,03B3,(any:down),False,False,True,True,decoded_root_motion,1,1,30,,,,unknown_from_static_bytecode,unknown,060,2B,local,resolved_local,unresolved,155,offensive cells exist and no static return/recovery frame is known
060,2B,sidestep_up_candidate,362,363,0377,(any:up),True,True,True,True,decoded_root_motion,0,0,,,,,unknown_from_static_bytecode,unknown,060,2B,local,resolved_local,trusted_basic,205,direct movement predicate; same-bank route; root motion decoded; source is neutral-like; no active offensive cells on destination slot
060,2B,sidestep_up_candidate,318,319,0346,(any:up),True,True,True,True,decoded_root_motion,1,1,22,,,,unknown_from_static_bytecode,unknown,060,2B,local,resolved_local,unresolved,155,offensive cells exist and no static return/recovery frame is known
060,2B,sidestep_up_candidate,352,354,0495,(any:up),True,True,True,True,decoded_root_motion,1,1,15,,,,unknown_from_static_bytecode,unknown,060,2B,local,resolved_local,unresolved,155,offensive cells exist and no static return/recovery frame is known
060,2B,sidestep_up_candidate,366,368,049C,(any:up),True,True,True,True,decoded_root_motion,1,1,18,,,,unknown_from_static_bytecode,unknown,060,2B,local,resolved_local,unresolved,155,offensive cells exist and no static return/recovery frame is known
060,2B,sidestep_up_candidate,366,370,04C9,(any:up),True,True,True,True,decoded_root_motion,1,1,33,,,,unknown_from_static_bytecode,unknown,060,2B,local,resolved_local,unresolved,155,offensive cells exist and no static return/recovery frame is known
060,2B,sidestep_up_candidate,438,440,0341,(any:up),True,True,True,True,decoded_root_motion,1,1,14,,,,unknown_from_static_bytecode,unknown,060,2B,local,resolved_local,unresolved,155,offensive cells exist and no static return/recovery frame is known
060,2B,sidestep_up_candidate,478,481,03B8,(any:up),True,True,True,True,decoded_root_motion,1,1,19,,,,unknown_from_static_bytecode,unknown,060,2B,local,resolved_local,unresolved,155,offensive cells exist and no static return/recovery frame is known
060,2B,sidestep_up_candidate,567,577,0470,(any:up),True,True,True,True,decoded_root_motion,1,1,33,,,,unknown_from_static_bytecode,unknown,060,2B,local,resolved_local,unresolved,155,offensive cells exist and no static return/recovery frame is known
060,2B,sidestep_up_candidate,379,380,0377,(any:up),False,False,True,True,decoded_root_motion,0,0,,,,,unknown_from_static_bytecode,unknown,060,2B,local,resolved_local,measured_but_not_basic,155,source is not proven neutral or stance-root basic movement
060,2B,sidestep_up_candidate,418,406,0377,(any:up),False,False,True,True,decoded_root_motion,0,0,,,,,unknown_from_static_bytecode,unknown,060,2B,local,resolved_local,measured_but_not_basic,155,source is not proven neutral or stance-root basic movement
060,2B,sidestep_up_candidate,420,406,0377,(any:up),False,False,True,True,decoded_root_motion,0,0,,,,,unknown_from_static_bytecode,unknown,060,2B,local,resolved_local,measured_but_not_basic,155,source is not proven neutral or stance-root basic movement
060,2B,sidestep_up_candidate,422,406,0377,(any:up),False,False,True,True,decoded_root_motion,0,0,,,,,unknown_from_static_bytecode,unknown,060,2B,local,resolved_local,measured_but_not_basic,155,source is not proven neutral or stance-root basic movement
060,2B,sidestep_up_candidate,470,471,04E4,(any:up),False,False,True,True,decoded_root_motion,0,0,,,,,unknown_from_static_bytecode,unknown,060,2B,local,resolved_local,measured_but_not_basic,155,source is not proven neutral or stance-root basic movement
060,2B,sidestep_up_candidate,3083,507,0389,(any:up),False,False,True,True,decoded_root_motion,1,0,,,,,unknown_from_static_bytecode,unknown,060,2B,local,resolved_local,measured_but_not_basic,155,source is not proven neutral or stance-root basic movement
060,2B,sidestep_up_candidate,286,287,0475,(any:up),False,False,True,True,decoded_root_motion,2,2,13,,,,unknown_from_static_bytecode,unknown,060,2B,local,resolved_local,unresolved,155,offensive cells exist and no static return/recovery frame is known
060,2B,sidestep_up_candidate,325,326,04D5,(any:up),False,False,True,True,decoded_root_motion,2,2,32,,,,unknown_from_static_bytecode,unknown,060,2B,local,resolved_local,unresolved,155,offensive cells exist and no static return/recovery frame is known
060,2B,sidestep_up_candidate,328,326,04D5,(any:up),False,False,True,True,decoded_root_motion,2,2,32,,,,unknown_from_static_bytecode,unknown,060,2B,local,resolved_local,unresolved,155,offensive cells exist and no static return/recovery frame is known
060,2B,sidestep_up_candidate,382,383,043D,(any:up),False,False,True,True,decoded_root_motion,2,2,27,,,,unknown_from_static_bytecode,unknown,060,2B,local,resolved_local,unresolved,155,offensive cells exist and no static return/recovery frame is known
060,2B,sidestep_up_candidate,385,383,043D,(any:up),False,False,True,True,decoded_root_motion,2,2,27,,,,unknown_from_static_bytecode,unknown,060,2B,local,resolved_local,unresolved,155,offensive cells exist and no static return/recovery frame is known
060,2B,sidestep_up_candidate,440,442,0341,(any:up),False,False,True,True,decoded_root_motion,1,1,45,,,,unknown_from_static_bytecode,unknown,060,2B,local,resolved_local,unresolved,155,offensive cells exist and no static return/recovery frame is known
060,2B,sidestep_up_candidate,472,473,03B6,(any:up),False,False,True,True,decoded_root_motion,1,1,41,,,,unknown_from_static_bytecode,unknown,060,2B,local,resolved_local,unresolved,155,offensive cells exist and no static return/recovery frame is known
060,2B,sidestep_up_candidate,473,474,03B6,(any:up),False,False,True,True,decoded_root_motion,1,1,47,,,,unknown_from_static_bytecode,unknown,060,2B,local,resolved_local,unresolved,155,offensive cells exist and no static return/recovery frame is known
060,2B,sidestep_up_candidate,474,475,03B6,(any:up),False,False,True,True,decoded_root_motion,1,1,53,,,,unknown_from_static_bytecode,unknown,060,2B,local,resolved_local,unresolved,155,offensive cells exist and no static return/recovery frame is known
060,2B,sidestep_up_candidate,475,476,03B7,(any:up),False,False,True,True,decoded_root_motion,1,1,25,,,,unknown_from_static_bytecode,unknown,060,2B,local,resolved_local,unresolved,155,offensive cells exist and no static return/recovery frame is known
060,2B,sidestep_up_candidate,476,477,03B7,(any:up),False,False,True,True,decoded_root_motion,1,1,36,,,,unknown_from_static_bytecode,unknown,060,2B,local,resolved_local,unresolved,155,offensive cells exist and no static return/recovery frame is known
060,2B,sidestep_up_candidate,3070,588,0349,(any:up),False,False,True,True,decoded_root_motion,1,1,15,,,,unknown_from_static_bytecode,unknown,060,2B,local,resolved_local,unresolved,155,offensive cells exist and no static return/recovery frame is known
060,2B,sidestep_up_candidate,3071,589,0349,(any:up),False,False,True,True,decoded_root_motion,1,1,15,,,,unknown_from_static_bytecode,unknown,060,2B,local,resolved_local,unresolved,155,offensive cells exist and no static return/recovery frame is known
061,Haohmaru,back_diagonal,482,519,0025,(back+up),True,True,True,True,decoded_root_motion,1,1,17,,,,unknown_from_static_bytecode,unknown,061,Haohmaru,local,resolved_local,unresolved,148,offensive cells exist and no static return/recovery frame is known
061,Haohmaru,back_diagonal,461,463,0026,(back+down),False,False,True,True,decoded_root_motion,1,0,,,,,unknown_from_static_bytecode,unknown,061,Haohmaru,local,resolved_local,measured_but_not_basic,148,source is not proven neutral or stance-root basic movement
061,Haohmaru,back_diagonal,464,465,0026,(back+down),False,False,True,True,decoded_root_motion,1,0,,,,,unknown_from_static_bytecode,unknown,061,Haohmaru,local,resolved_local,measured_but_not_basic,148,source is not proven neutral or stance-root basic movement
061,Haohmaru,back_diagonal,468,469,0625,(back+down),False,False,True,True,decoded_root_motion,1,0,,,,,unknown_from_static_bytecode,unknown,061,Haohmaru,local,resolved_local,measured_but_not_basic,148,source is not proven neutral or stance-root basic movement
061,Haohmaru,backstep_candidate,3124,497,063B,(any:back),True,False,True,True,decoded_root_motion,0,0,,,,,unknown_from_static_bytecode,unknown,061,Haohmaru,local,resolved_local,trusted_basic,205,direct movement predicate; same-bank route; root motion decoded; source is neutral-like; no active offensive cells on destination slot
061,Haohmaru,backstep_candidate,265,266,0010,(any:back),True,True,True,True,decoded_root_motion,2,2,33,,,,unknown_from_static_bytecode,unknown,061,Haohmaru,local,resolved_local,unresolved,155,offensive cells exist and no static return/recovery frame is known
061,Haohmaru,backstep_candidate,357,358,0611,(any:back),True,True,True,True,decoded_root_motion,2,2,21,,,,unknown_from_static_bytecode,unknown,061,Haohmaru,local,resolved_local,unresolved,155,offensive cells exist and no static return/recovery frame is known
061,Haohmaru,backstep_candidate,482,483,0025,(any:back),True,True,True,True,decoded_root_motion,1,1,17,,,,unknown_from_static_bytecode,unknown,061,Haohmaru,local,resolved_local,unresolved,155,offensive cells exist and no static return/recovery frame is known
061,Haohmaru,backstep_candidate,555,556,0114,(any:back),True,True,True,True,decoded_root_motion,1,1,13,,,,unknown_from_static_bytecode,unknown,061,Haohmaru,local,resolved_local,unresolved,155,offensive cells exist and no static return/recovery frame is known
061,Haohmaru,backstep_candidate,2263,1863,1491,(any:back),True,True,True,False,unknown_without_root_motion_decode,0,0,,,,,unknown_from_static_bytecode,unknown,061,Haohmaru,move_bucket_2,resolved_move_bucket,unresolved,113,root motion did not decode with high confidence
061,Haohmaru,backstep_candidate,381,385,064D,(any:back),False,False,True,True,decoded_root_motion,0,0,,,,,unknown_from_static_bytecode,unknown,061,Haohmaru,local,resolved_local,measured_but_not_basic,155,source is not proven neutral or stance-root basic movement
061,Haohmaru,backstep_candidate,382,385,064D,(any:back),False,False,True,True,decoded_root_motion,0,0,,,,,unknown_from_static_bytecode,unknown,061,Haohmaru,local,resolved_local,measured_but_not_basic,155,source is not proven neutral or stance-root basic movement
061,Haohmaru,backstep_candidate,383,385,064D,(any:back),False,False,True,True,decoded_root_motion,0,0,,,,,unknown_from_static_bytecode,unknown,061,Haohmaru,local,resolved_local,measured_but_not_basic,155,source is not proven neutral or stance-root basic movement
061,Haohmaru,backstep_candidate,483,484,0641,(any:back),False,False,True,True,decoded_root_motion,0,0,,,,,unknown_from_static_bytecode,unknown,061,Haohmaru,local,resolved_local,measured_but_not_basic,155,source is not proven neutral or stance-root basic movement
061,Haohmaru,backstep_candidate,492,493,0651,(any:back),False,False,True,True,decoded_root_motion,0,0,,,,,unknown_from_static_bytecode,unknown,061,Haohmaru,local,resolved_local,measured_but_not_basic,155,source is not proven neutral or stance-root basic movement
061,Haohmaru,backstep_candidate,519,484,0641,(any:back),False,False,True,True,decoded_root_motion,0,0,,,,,unknown_from_static_bytecode,unknown,061,Haohmaru,local,resolved_local,measured_but_not_basic,155,source is not proven neutral or stance-root basic movement
061,Haohmaru,backstep_candidate,485,486,00F8,(any:back),False,False,True,True,decoded_root_motion,1,1,22,,,,unknown_from_static_bytecode,unknown,061,Haohmaru,local,resolved_local,unresolved,155,offensive cells exist and no static return/recovery frame is known
061,Haohmaru,backstep_candidate,2264,2461,1254,(any:back),False,False,True,False,unknown_without_root_motion_decode,0,0,,,,,unknown_from_static_bytecode,unknown,061,Haohmaru,move_bucket_2,resolved_move_bucket,unresolved,113,root motion did not decode with high confidence
061,Haohmaru,eight_way_or_ambiguous,161,164,0057,(any:back|forward|down),True,True,True,True,decoded_root_motion,0,0,,,,,unknown_from_static_bytecode,unknown,061,Haohmaru,local,resolved_local,trusted_basic,182,direct movement predicate; same-bank route; root motion decoded; source is neutral-like; no active offensive cells on destination slot
061,Haohmaru,eight_way_or_ambiguous,166,169,0057,(any:back|forward|down),False,False,True,True,decoded_root_motion,0,0,,,,,unknown_from_static_bytecode,unknown,061,Haohmaru,local,resolved_local,measured_but_not_basic,132,source is not proven neutral or stance-root basic movement
061,Haohmaru,eight_way_or_ambiguous,378,385,064D,(back+forward),False,False,True,True,decoded_root_motion,0,0,,,,,unknown_from_static_bytecode,unknown,061,Haohmaru,local,resolved_local,measured_but_not_basic,132,source is not proven neutral or stance-root basic movement
061,Haohmaru,eight_way_or_ambiguous,379,385,064D,(back+forward),False,False,True,True,decoded_root_motion,0,0,,,,,unknown_from_static_bytecode,unknown,061,Haohmaru,local,resolved_local,measured_but_not_basic,132,source is not proven neutral or stance-root basic movement
061,Haohmaru,eight_way_or_ambiguous,380,385,064D,(back+forward),False,False,True,True,decoded_root_motion,0,0,,,,,unknown_from_static_bytecode,unknown,061,Haohmaru,local,resolved_local,measured_but_not_basic,132,source is not proven neutral or stance-root basic movement
061,Haohmaru,eight_way_or_ambiguous,3146,514,0639,(back+forward+up),False,False,True,True,decoded_root_motion,0,0,,,,,unknown_from_static_bytecode,unknown,061,Haohmaru,local,resolved_local,measured_but_not_basic,132,source is not proven neutral or stance-root basic movement
061,Haohmaru,eight_way_or_ambiguous,3146,516,0629,(back+forward+up),False,False,True,True,decoded_root_motion,1,1,15,,,,unknown_from_static_bytecode,unknown,061,Haohmaru,local,resolved_local,unresolved,132,offensive cells exist and no static return/recovery frame is known
061,Haohmaru,eight_way_or_ambiguous,3146,518,05FF,(back+forward+up),False,False,True,True,decoded_root_motion,1,1,23,,,,unknown_from_static_bytecode,unknown,061,Haohmaru,local,resolved_local,unresolved,132,offensive cells exist and no static return/recovery frame is known
061,Haohmaru,forward_diagonal,561,562,0017,(forward+up),True,True,True,True,decoded_root_motion,4,4,27,,,,unknown_from_static_bytecode,unknown,061,Haohmaru,local,resolved_local,unresolved,148,offensive cells exist and no static return/recovery frame is known
061,Haohmaru,forward_step_candidate,265,268,001E,(any:forward),True,True,True,True,decoded_root_motion,3,3,29,,,,unknown_from_static_bytecode,unknown,061,Haohmaru,local,resolved_local,unresolved,155,offensive cells exist and no static return/recovery frame is known
061,Haohmaru,forward_step_candidate,357,359,0612,(any:forward),True,True,True,True,decoded_root_motion,1,1,23,,,,unknown_from_static_bytecode,unknown,061,Haohmaru,local,resolved_local,unresolved,155,offensive cells exist and no static return/recovery frame is known
061,Haohmaru,forward_step_candidate,365,366,0640,(any:forward),True,True,True,True,decoded_root_motion,2,2,17,,,,unknown_from_static_bytecode,unknown,061,Haohmaru,local,resolved_local,unresolved,155,offensive cells exist and no static return/recovery frame is known
061,Haohmaru,forward_step_candidate,557,558,00EE,(any:forward),True,True,True,True,decoded_root_motion,1,1,21,,,,unknown_from_static_bytecode,unknown,061,Haohmaru,local,resolved_local,unresolved,155,offensive cells exist and no static return/recovery frame is known
061,Haohmaru,forward_step_candidate,558,559,001E,(any:forward),True,True,True,True,decoded_root_motion,1,1,21,,,,unknown_from_static_bytecode,unknown,061,Haohmaru,local,resolved_local,unresolved,155,offensive cells exist and no static return/recovery frame is known
061,Haohmaru,forward_step_candidate,559,560,0015,(any:forward),True,True,True,True,decoded_root_motion,1,1,17,,,,unknown_from_static_bytecode,unknown,061,Haohmaru,local,resolved_local,unresolved,155,offensive cells exist and no static return/recovery frame is known
061,Haohmaru,forward_step_candidate,560,561,0620,(any:forward),True,True,True,True,decoded_root_motion,1,1,19,,,,unknown_from_static_bytecode,unknown,061,Haohmaru,local,resolved_local,unresolved,155,offensive cells exist and no static return/recovery frame is known
061,Haohmaru,forward_step_candidate,3124,496,0602,(any:forward),True,False,True,True,decoded_root_motion,1,1,17,,,,unknown_from_static_bytecode,unknown,061,Haohmaru,local,resolved_local,unresolved,155,offensive cells exist and no static return/recovery frame is known
061,Haohmaru,forward_step_candidate,2263,1863,1491,(any:forward),True,True,True,False,unknown_without_root_motion_decode,0,0,,,,,unknown_from_static_bytecode,unknown,061,Haohmaru,move_bucket_2,resolved_move_bucket,unresolved,113,root motion did not decode with high confidence
061,Haohmaru,forward_step_candidate,173,461,0026,(any:forward),False,False,True,True,decoded_root_motion,1,0,,,,,unknown_from_static_bytecode,unknown,061,Haohmaru,local,resolved_local,measured_but_not_basic,155,source is not proven neutral or stance-root basic movement
061,Haohmaru,forward_step_candidate,494,495,0652,(any:forward),False,False,True,True,decoded_root_motion,0,0,,,,,unknown_from_static_bytecode,unknown,061,Haohmaru,local,resolved_local,measured_but_not_basic,155,source is not proven neutral or stance-root basic movement
061,Haohmaru,forward_step_candidate,278,279,0014,(any:forward),False,False,True,True,decoded_root_motion,2,2,29,,,,unknown_from_static_bytecode,unknown,061,Haohmaru,local,resolved_local,unresolved,155,offensive cells exist and no static return/recovery frame is known
061,Haohmaru,forward_step_candidate,429,430,0623,(any:forward),False,False,True,True,decoded_root_motion,1,1,25,,,,unknown_from_static_bytecode,unknown,061,Haohmaru,local,resolved_local,unresolved,155,offensive cells exist and no static return/recovery frame is known
061,Haohmaru,forward_step_candidate,430,431,0624,(any:forward),False,False,True,True,decoded_root_motion,1,1,29,,,,unknown_from_static_bytecode,unknown,061,Haohmaru,local,resolved_local,unresolved,155,offensive cells exist and no static return/recovery frame is known
061,Haohmaru,forward_step_candidate,553,554,00E9,(any:forward),False,False,True,True,decoded_root_motion,1,1,17,,,,unknown_from_static_bytecode,unknown,061,Haohmaru,local,resolved_local,unresolved,155,offensive cells exist and no static return/recovery frame is known
061,Haohmaru,forward_step_candidate,553,554,00E9,(any:forward),False,False,True,True,decoded_root_motion,1,1,17,,,,unknown_from_static_bytecode,unknown,061,Haohmaru,local,resolved_local,unresolved,155,offensive cells exist and no static return/recovery frame is known
061,Haohmaru,forward_step_candidate,554,555,0114,(any:forward),False,False,True,True,decoded_root_motion,1,1,13,,,,unknown_from_static_bytecode,unknown,061,Haohmaru,local,resolved_local,unresolved,155,offensive cells exist and no static return/recovery frame is known
061,Haohmaru,forward_step_candidate,554,555,0114,(any:forward),False,False,True,True,decoded_root_motion,1,1,13,,,,unknown_from_static_bytecode,unknown,061,Haohmaru,local,resolved_local,unresolved,155,offensive cells exist and no static return/recovery frame is known
061,Haohmaru,forward_step_candidate,556,557,00E9,(any:forward),False,False,True,True,decoded_root_motion,1,1,17,,,,unknown_from_static_bytecode,unknown,061,Haohmaru,local,resolved_local,unresolved,155,offensive cells exist and no static return/recovery frame is known
061,Haohmaru,forward_step_candidate,2264,2461,1254,(any:forward),False,False,True,False,unknown_without_root_motion_decode,0,0,,,,,unknown_from_static_bytecode,unknown,061,Haohmaru,move_bucket_2,resolved_move_bucket,unresolved,113,root motion did not decode with high confidence
061,Haohmaru,sidestep_down_candidate,361,362,064E,(any:down),True,True,True,True,decoded_root_motion,0,0,,,,,unknown_from_static_bytecode,unknown,061,Haohmaru,local,resolved_local,trusted_basic,205,direct movement predicate; same-bank route; root motion decoded; source is neutral-like; no active offensive cells on destination slot
061,Haohmaru,sidestep_down_candidate,3124,491,062B,(any:down),True,False,True,True,decoded_root_motion,0,0,,,,,unknown_from_static_bytecode,unknown,061,Haohmaru,local,resolved_local,trusted_basic,205,direct movement predicate; same-bank route; root motion decoded; source is neutral-like; no active offensive cells on destination slot
061,Haohmaru,sidestep_down_candidate,525,6,000D,(any:down),False,False,True,True,decoded_root_motion,0,0,,,,,unknown_from_static_bytecode,unknown,061,Haohmaru,local,resolved_local,measured_but_not_basic,155,source is not proven neutral or stance-root basic movement
061,Haohmaru,sidestep_down_candidate,1658,1638,0064,(any:down),False,False,True,True,decoded_root_motion,0,0,,,,,unknown_from_static_bytecode,unknown,061,Haohmaru,move_bucket_2,resolved_move_bucket,measured_but_not_basic,155,source is not proven neutral or stance-root basic movement
061,Haohmaru,sidestep_down_candidate,2744,525,00F9,(any:down),False,False,True,True,decoded_root_motion,0,0,,,,,unknown_from_static_bytecode,unknown,061,Haohmaru,local,resolved_local,measured_but_not_basic,155,source is not proven neutral or stance-root basic movement
061,Haohmaru,sidestep_down_candidate,2744,525,00F9,(any:down),False,False,True,True,decoded_root_motion,0,0,,,,,unknown_from_static_bytecode,unknown,061,Haohmaru,local,resolved_local,measured_but_not_basic,155,source is not proven neutral or stance-root basic movement
061,Haohmaru,sidestep_down_candidate,3145,311,060E,(any:down),False,False,True,True,decoded_root_motion,1,0,,,,,unknown_from_static_bytecode,unknown,061,Haohmaru,local,resolved_local,measured_but_not_basic,155,source is not proven neutral or stance-root basic movement
061,Haohmaru,sidestep_down_candidate,3145,312,060E,(any:down),False,False,True,True,decoded_root_motion,1,0,,,,,unknown_from_static_bytecode,unknown,061,Haohmaru,local,resolved_local,measured_but_not_basic,155,source is not proven neutral or stance-root basic movement
061,Haohmaru,sidestep_down_candidate,3145,322,0619,(any:down),False,False,True,True,decoded_root_motion,0,0,,,,,unknown_from_static_bytecode,unknown,061,Haohmaru,local,resolved_local,measured_but_not_basic,155,source is not proven neutral or stance-root basic movement
061,Haohmaru,sidestep_down_candidate,3145,533,00E4,(any:down),False,False,True,True,decoded_root_motion,1,0,,,,,unknown_from_static_bytecode,unknown,061,Haohmaru,local,resolved_local,measured_but_not_basic,155,source is not proven neutral or stance-root basic movement
061,Haohmaru,sidestep_down_candidate,3146,311,060E,(any:down),False,False,True,True,decoded_root_motion,1,0,,,,,unknown_from_static_bytecode,unknown,061,Haohmaru,local,resolved_local,measured_but_not_basic,155,source is not proven neutral or stance-root basic movement
061,Haohmaru,sidestep_down_candidate,3146,311,060E,(any:down),False,False,True,True,decoded_root_motion,1,0,,,,,unknown_from_static_bytecode,unknown,061,Haohmaru,local,resolved_local,measured_but_not_basic,155,source is not proven neutral or stance-root basic movement
061,Haohmaru,sidestep_down_candidate,3146,312,060E,(any:down),False,False,True,True,decoded_root_motion,1,0,,,,,unknown_from_static_bytecode,unknown,061,Haohmaru,local,resolved_local,measured_but_not_basic,155,source is not proven neutral or stance-root basic movement
061,Haohmaru,sidestep_down_candidate,3146,321,0619,(any:down),False,False,True,True,decoded_root_motion,0,0,,,,,unknown_from_static_bytecode,unknown,061,Haohmaru,local,resolved_local,measured_but_not_basic,155,source is not proven neutral or stance-root basic movement
061,Haohmaru,sidestep_down_candidate,3146,321,0619,(any:down),False,False,True,True,decoded_root_motion,0,0,,,,,unknown_from_static_bytecode,unknown,061,Haohmaru,local,resolved_local,measured_but_not_basic,155,source is not proven neutral or stance-root basic movement
061,Haohmaru,sidestep_down_candidate,3146,321,0619,(any:down),False,False,True,True,decoded_root_motion,0,0,,,,,unknown_from_static_bytecode,unknown,061,Haohmaru,local,resolved_local,measured_but_not_basic,155,source is not proven neutral or stance-root basic movement
061,Haohmaru,sidestep_down_candidate,3146,391,0011,(any:down),False,False,True,True,decoded_root_motion,0,0,,,,,unknown_from_static_bytecode,unknown,061,Haohmaru,local,resolved_local,measured_but_not_basic,155,source is not proven neutral or stance-root basic movement
061,Haohmaru,sidestep_down_candidate,3146,458,0616,(any:down),False,False,True,True,decoded_root_motion,0,0,,,,,unknown_from_static_bytecode,unknown,061,Haohmaru,local,resolved_local,measured_but_not_basic,155,source is not proven neutral or stance-root basic movement
061,Haohmaru,sidestep_down_candidate,3122,480,0023,(any:down),False,False,True,True,decoded_root_motion,1,1,13,,,,attack_followup_only,confirmed_static_data,061,Haohmaru,local,resolved_local,unresolved,155,offensive cells exist and no static return/recovery frame is known
061,Haohmaru,sidestep_down_candidate,3122,482,0024,(any:down),False,False,True,True,decoded_root_motion,1,1,17,,,,unknown_from_static_bytecode,unknown,061,Haohmaru,local,resolved_local,unresolved,155,offensive cells exist and no static return/recovery frame is known
061,Haohmaru,sidestep_down_candidate,3122,485,00F7,(any:down),False,False,True,True,decoded_root_motion,1,1,17,,,,unknown_from_static_bytecode,unknown,061,Haohmaru,local,resolved_local,unresolved,155,offensive cells exist and no static return/recovery frame is known
061,Haohmaru,sidestep_down_candidate,3145,308,00E6,(any:down),False,False,True,True,decoded_root_motion,2,2,13,,,,unknown_from_static_bytecode,unknown,061,Haohmaru,local,resolved_local,unresolved,155,offensive cells exist and no static return/recovery frame is known
061,Haohmaru,sidestep_down_candidate,3145,517,0629,(any:down),False,False,True,True,decoded_root_motion,1,1,15,,,,unknown_from_static_bytecode,unknown,061,Haohmaru,local,resolved_local,unresolved,155,offensive cells exist and no static return/recovery frame is known
061,Haohmaru,sidestep_down_candidate,3146,308,00E6,(any:down),False,False,True,True,decoded_root_motion,2,2,13,,,,unknown_from_static_bytecode,unknown,061,Haohmaru,local,resolved_local,unresolved,155,offensive cells exist and no static return/recovery frame is known
061,Haohmaru,sidestep_down_candidate,3146,340,0638,(any:down),False,False,True,True,decoded_root_motion,2,2,43,,,,unknown_from_static_bytecode,unknown,061,Haohmaru,local,resolved_local,unresolved,155,offensive cells exist and no static return/recovery frame is known
061,Haohmaru,sidestep_down_candidate,3146,341,0638,(any:down),False,False,True,True,decoded_root_motion,2,2,43,,,,unknown_from_static_bytecode,unknown,061,Haohmaru,local,resolved_local,unresolved,155,offensive cells exist and no static return/recovery frame is known
061,Haohmaru,sidestep_down_candidate,3146,342,0638,(any:down),False,False,True,True,decoded_root_motion,2,2,43,,,,unknown_from_static_bytecode,unknown,061,Haohmaru,local,resolved_local,unresolved,155,offensive cells exist and no static return/recovery frame is known
061,Haohmaru,sidestep_down_candidate,3146,381,0011,(any:down),False,False,True,True,decoded_root_motion,3,3,35,,,,unknown_from_static_bytecode,unknown,061,Haohmaru,local,resolved_local,unresolved,155,offensive cells exist and no static return/recovery frame is known
061,Haohmaru,sidestep_down_candidate,3146,386,0629,(any:down),False,False,True,True,decoded_root_motion,1,1,15,,,,unknown_from_static_bytecode,unknown,061,Haohmaru,local,resolved_local,unresolved,155,offensive cells exist and no static return/recovery frame is known
061,Haohmaru,sidestep_down_candidate,3146,393,0637,(any:down),False,False,True,True,decoded_root_motion,2,2,17,,,,unknown_from_static_bytecode,unknown,061,Haohmaru,local,resolved_local,unresolved,155,offensive cells exist and no static return/recovery frame is known
061,Haohmaru,sidestep_down_candidate,3146,399,0018,(any:down),False,False,True,True,decoded_root_motion,1,1,17,,,,unknown_from_static_bytecode,unknown,061,Haohmaru,local,resolved_local,unresolved,155,offensive cells exist and no static return/recovery frame is known
061,Haohmaru,sidestep_down_candidate,3146,409,0018,(any:down),False,False,True,True,decoded_root_motion,1,1,17,,,,unknown_from_static_bytecode,unknown,061,Haohmaru,local,resolved_local,unresolved,155,offensive cells exist and no static return/recovery frame is known
061,Haohmaru,sidestep_down_candidate,3146,426,0620,(any:down),False,False,True,True,decoded_root_motion,2,2,19,,,,unknown_from_static_bytecode,unknown,061,Haohmaru,local,resolved_local,unresolved,155,offensive cells exist and no static return/recovery frame is known
061,Haohmaru,sidestep_down_candidate,3146,435,001D,(any:down),False,False,True,True,decoded_root_motion,2,2,35,,,,unknown_from_static_bytecode,unknown,061,Haohmaru,local,resolved_local,unresolved,155,offensive cells exist and no static return/recovery frame is known
061,Haohmaru,sidestep_down_candidate,3146,438,011B,(any:down),False,False,True,True,decoded_root_motion,2,2,17,,,,unknown_from_static_bytecode,unknown,061,Haohmaru,local,resolved_local,unresolved,155,offensive cells exist and no static return/recovery frame is known
061,Haohmaru,sidestep_down_candidate,3146,441,0618,(any:down),False,False,True,True,decoded_root_motion,1,1,27,,,,unknown_from_static_bytecode,unknown,061,Haohmaru,local,resolved_local,unresolved,155,offensive cells exist and no static return/recovery frame is known
061,Haohmaru,sidestep_down_candidate,3146,444,0618,(any:down),False,False,True,True,decoded_root_motion,1,1,27,,,,unknown_from_static_bytecode,unknown,061,Haohmaru,local,resolved_local,unresolved,155,offensive cells exist and no static return/recovery frame is known
061,Haohmaru,sidestep_down_candidate,3146,516,0629,(any:down),False,False,True,True,decoded_root_motion,1,1,15,,,,unknown_from_static_bytecode,unknown,061,Haohmaru,local,resolved_local,unresolved,155,offensive cells exist and no static return/recovery frame is known
061,Haohmaru,sidestep_up_candidate,555,556,0114,(any:up),True,True,True,True,decoded_root_motion,1,1,13,,,,unknown_from_static_bytecode,unknown,061,Haohmaru,local,resolved_local,unresolved,155,offensive cells exist and no static return/recovery frame is known
061,Haohmaru,sidestep_up_candidate,557,558,00EE,(any:up),True,True,True,True,decoded_root_motion,1,1,21,,,,unknown_from_static_bytecode,unknown,061,Haohmaru,local,resolved_local,unresolved,155,offensive cells exist and no static return/recovery frame is known
061,Haohmaru,sidestep_up_candidate,558,559,001E,(any:up),True,True,True,True,decoded_root_motion,1,1,21,,,,unknown_from_static_bytecode,unknown,061,Haohmaru,local,resolved_local,unresolved,155,offensive cells exist and no static return/recovery frame is known
061,Haohmaru,sidestep_up_candidate,559,560,0015,(any:up),True,True,True,True,decoded_root_motion,1,1,17,,,,unknown_from_static_bytecode,unknown,061,Haohmaru,local,resolved_local,unresolved,155,offensive cells exist and no static return/recovery frame is known
061,Haohmaru,sidestep_up_candidate,560,561,0620,(any:up),True,True,True,True,decoded_root_motion,1,1,19,,,,unknown_from_static_bytecode,unknown,061,Haohmaru,local,resolved_local,unresolved,155,offensive cells exist and no static return/recovery frame is known
061,Haohmaru,sidestep_up_candidate,561,563,0017,(any:up),True,True,True,True,decoded_root_motion,1,1,27,,,,unknown_from_static_bytecode,unknown,061,Haohmaru,local,resolved_local,unresolved,155,offensive cells exist and no static return/recovery frame is known
061,Haohmaru,sidestep_up_candidate,3124,492,011E,(any:up),True,False,True,True,decoded_root_motion,2,2,13,,,,unknown_from_static_bytecode,unknown,061,Haohmaru,local,resolved_local,unresolved,155,offensive cells exist and no static return/recovery frame is known
061,Haohmaru,sidestep_up_candidate,3124,494,062D,(any:up),True,False,True,True,decoded_root_motion,1,1,9,,,,unknown_from_static_bytecode,unknown,061,Haohmaru,local,resolved_local,unresolved,155,offensive cells exist and no static return/recovery frame is known
061,Haohmaru,sidestep_up_candidate,2801,461,0026,(any:up),False,False,True,True,decoded_root_motion,1,0,,,,,unknown_from_static_bytecode,unknown,061,Haohmaru,local,resolved_local,measured_but_not_basic,155,source is not proven neutral or stance-root basic movement
061,Haohmaru,sidestep_up_candidate,3122,487,0026,(any:up),False,False,True,True,decoded_root_motion,1,0,,,,,unknown_from_static_bytecode,unknown,061,Haohmaru,local,resolved_local,measured_but_not_basic,155,source is not proven neutral or stance-root basic movement
061,Haohmaru,sidestep_up_candidate,3123,487,0026,(any:up),False,False,True,True,decoded_root_motion,1,0,,,,,unknown_from_static_bytecode,unknown,061,Haohmaru,local,resolved_local,measured_but_not_basic,155,source is not proven neutral or stance-root basic movement
061,Haohmaru,sidestep_up_candidate,3146,161,0056,(any:up),False,False,True,True,decoded_root_motion,0,0,,,,,unknown_from_static_bytecode,unknown,061,Haohmaru,local,resolved_local,measured_but_not_basic,155,source is not proven neutral or stance-root basic movement
061,Haohmaru,sidestep_up_candidate,3146,166,0056,(any:up),False,False,True,True,decoded_root_motion,0,0,,,,,unknown_from_static_bytecode,unknown,061,Haohmaru,local,resolved_local,measured_but_not_basic,155,source is not proven neutral or stance-root basic movement
061,Haohmaru,sidestep_up_candidate,426,428,0621,(any:up),False,False,True,True,decoded_root_motion,4,4,21,,,,unknown_from_static_bytecode,unknown,061,Haohmaru,local,resolved_local,unresolved,155,offensive cells exist and no static return/recovery frame is known
061,Haohmaru,sidestep_up_candidate,427,428,0621,(any:up),False,False,True,True,decoded_root_motion,4,4,21,,,,unknown_from_static_bytecode,unknown,061,Haohmaru,local,resolved_local,unresolved,155,offensive cells exist and no static return/recovery frame is known
061,Haohmaru,sidestep_up_candidate,549,550,00FB,(any:up),False,False,True,True,decoded_root_motion,1,1,13,,,,unknown_from_static_bytecode,unknown,061,Haohmaru,local,resolved_local,unresolved,155,offensive cells exist and no static return/recovery frame is known
061,Haohmaru,sidestep_up_candidate,549,550,00FB,(any:up),False,False,True,True,decoded_root_motion,1,1,13,,,,unknown_from_static_bytecode,unknown,061,Haohmaru,local,resolved_local,unresolved,155,offensive cells exist and no static return/recovery frame is known
061,Haohmaru,sidestep_up_candidate,550,551,00FB,(any:up),False,False,True,True,decoded_root_motion,1,1,13,,,,unknown_from_static_bytecode,unknown,061,Haohmaru,local,resolved_local,unresolved,155,offensive cells exist and no static return/recovery frame is known
061,Haohmaru,sidestep_up_candidate,550,551,00FB,(any:up),False,False,True,True,decoded_root_motion,1,1,13,,,,unknown_from_static_bytecode,unknown,061,Haohmaru,local,resolved_local,unresolved,155,offensive cells exist and no static return/recovery frame is known
061,Haohmaru,sidestep_up_candidate,551,552,000F,(any:up),False,False,True,True,decoded_root_motion,1,1,15,,,,unknown_from_static_bytecode,unknown,061,Haohmaru,local,resolved_local,unresolved,155,offensive cells exist and no static return/recovery frame is known
061,Haohmaru,sidestep_up_candidate,551,552,000F,(any:up),False,False,True,True,decoded_root_motion,1,1,15,,,,unknown_from_static_bytecode,unknown,061,Haohmaru,local,resolved_local,unresolved,155,offensive cells exist and no static return/recovery frame is known
061,Haohmaru,sidestep_up_candidate,552,553,001A,(any:up),False,False,True,True,decoded_root_motion,1,1,17,,,,unknown_from_static_bytecode,unknown,061,Haohmaru,local,resolved_local,unresolved,155,offensive cells exist and no static return/recovery frame is known
061,Haohmaru,sidestep_up_candidate,552,553,001A,(any:up),False,False,True,True,decoded_root_motion,1,1,17,,,,unknown_from_static_bytecode,unknown,061,Haohmaru,local,resolved_local,unresolved,155,offensive cells exist and no static return/recovery frame is known
061,Haohmaru,sidestep_up_candidate,556,557,00E9,(any:up),False,False,True,True,decoded_root_motion,1,1,17,,,,unknown_from_static_bytecode,unknown,061,Haohmaru,local,resolved_local,unresolved,155,offensive cells exist and no static return/recovery frame is known
062,Groh,backstep_candidate,260,261,0332,(any:back),True,True,True,True,decoded_root_motion,1,1,33,,,,unknown_from_static_bytecode,unknown,062,Groh,local,resolved_local,unresolved,155,offensive cells exist and no static return/recovery frame is known
062,Groh,backstep_candidate,263,333,032D,(any:back),True,True,True,True,decoded_root_motion,1,1,19,,,,unknown_from_static_bytecode,unknown,062,Groh,local,resolved_local,unresolved,155,offensive cells exist and no static return/recovery frame is known
062,Groh,backstep_candidate,306,310,0306,(any:back),True,True,True,True,decoded_root_motion,1,1,23,,,,unknown_from_static_bytecode,unknown,062,Groh,local,resolved_local,unresolved,155,offensive cells exist and no static return/recovery frame is known
062,Groh,backstep_candidate,314,319,032F,(any:back),True,True,True,True,decoded_root_motion,1,1,19,,,,unknown_from_static_bytecode,unknown,062,Groh,local,resolved_local,unresolved,155,offensive cells exist and no static return/recovery frame is known
062,Groh,backstep_candidate,372,373,032A,(any:back),True,True,True,True,decoded_root_motion,1,1,22,,,,unknown_from_static_bytecode,unknown,062,Groh,local,resolved_local,unresolved,155,offensive cells exist and no static return/recovery frame is known
062,Groh,backstep_candidate,1924,1558,1491,(any:back),True,True,True,False,unknown_without_root_motion_decode,0,0,,,,,unknown_from_static_bytecode,unknown,062,Groh,move_bucket_2,resolved_move_bucket,unresolved,113,root motion did not decode with high confidence
062,Groh,backstep_candidate,299,333,032D,(any:back),False,False,True,True,decoded_root_motion,1,1,19,,,,unknown_from_static_bytecode,unknown,062,Groh,local,resolved_local,unresolved,155,offensive cells exist and no static return/recovery frame is known
062,Groh,backstep_candidate,346,333,032D,(any:back),False,False,True,True,decoded_root_motion,1,1,19,,,,unknown_from_static_bytecode,unknown,062,Groh,local,resolved_local,unresolved,155,offensive cells exist and no static return/recovery frame is known
062,Groh,backstep_candidate,2831,321,0319,(any:back),False,False,True,True,decoded_root_motion,1,1,27,,,,unknown_from_static_bytecode,unknown,062,Groh,local,resolved_local,unresolved,155,offensive cells exist and no static return/recovery frame is known
062,Groh,backstep_candidate,1925,2227,1254,(any:back),False,False,True,False,unknown_without_root_motion_decode,0,0,,,,,unknown_from_static_bytecode,unknown,062,Groh,move_bucket_2,resolved_move_bucket,unresolved,113,root motion did not decode with high confidence
062,Groh,backstep_candidate,2058,2233,15DF,(any:back),False,False,True,False,unknown_without_root_motion_decode,0,0,,,,,unknown_from_static_bytecode,unknown,062,Groh,move_bucket_2,resolved_move_bucket,unresolved,113,root motion did not decode with high confidence
062,Groh,backstep_candidate,2060,2233,15DF,(any:back),False,False,True,False,unknown_without_root_motion_decode,0,0,,,,,unknown_from_static_bytecode,unknown,062,Groh,move_bucket_2,resolved_move_bucket,unresolved,113,root motion did not decode with high confidence
062,Groh,backstep_candidate,2114,2236,1168,(any:back),False,False,True,False,unknown_without_root_motion_decode,0,0,,,,,unknown_from_static_bytecode,unknown,062,Groh,move_bucket_2,resolved_move_bucket,unresolved,113,root motion did not decode with high confidence
062,Groh,backstep_candidate,2153,2238,1251,(any:back),False,False,True,False,unknown_without_root_motion_decode,0,0,,,,,unknown_from_static_bytecode,unknown,062,Groh,move_bucket_2,resolved_move_bucket,unresolved,113,root motion did not decode with high confidence
062,Groh,eight_way_or_ambiguous,161,164,027D,(any:back|forward|down),True,True,True,True,decoded_root_motion,0,0,,,,,unknown_from_static_bytecode,unknown,062,Groh,local,resolved_local,trusted_basic,182,direct movement predicate; same-bank route; root motion decoded; source is neutral-like; no active offensive cells on destination slot
062,Groh,eight_way_or_ambiguous,315,316,0322,(back+forward),False,False,True,True,decoded_root_motion,1,1,17,,,,unknown_from_static_bytecode,unknown,062,Groh,local,resolved_local,unresolved,132,offensive cells exist and no static return/recovery frame is known
062,Groh,eight_way_or_ambiguous,2831,319,032F,(back+forward+up),False,False,True,True,decoded_root_motion,1,1,19,,,,unknown_from_static_bytecode,unknown,062,Groh,local,resolved_local,unresolved,132,offensive cells exist and no static return/recovery frame is known
062,Groh,forward_step_candidate,263,336,0355,(any:forward),True,True,True,True,decoded_root_motion,2,2,23,,,,unknown_from_static_bytecode,unknown,062,Groh,local,resolved_local,unresolved,155,offensive cells exist and no static return/recovery frame is known
062,Groh,forward_step_candidate,274,275,02F1,(any:forward),True,True,True,True,decoded_root_motion,1,1,19,,,,unknown_from_static_bytecode,unknown,062,Groh,local,resolved_local,unresolved,155,offensive cells exist and no static return/recovery frame is known
062,Groh,forward_step_candidate,306,319,032F,(any:forward),True,True,True,True,decoded_root_motion,1,1,19,,,,unknown_from_static_bytecode,unknown,062,Groh,local,resolved_local,unresolved,155,offensive cells exist and no static return/recovery frame is known
062,Groh,forward_step_candidate,376,377,0314,(any:forward),True,True,True,True,decoded_root_motion,1,1,21,,,,unknown_from_static_bytecode,unknown,062,Groh,local,resolved_local,unresolved,155,offensive cells exist and no static return/recovery frame is known
062,Groh,forward_step_candidate,1924,1558,1491,(any:forward),True,True,True,False,unknown_without_root_motion_decode,0,0,,,,,unknown_from_static_bytecode,unknown,062,Groh,move_bucket_2,resolved_move_bucket,unresolved,113,root motion did not decode with high confidence
062,Groh,forward_step_candidate,168,396,02E6,(any:forward),False,False,True,True,decoded_root_motion,1,0,,,,,unknown_from_static_bytecode,unknown,062,Groh,local,resolved_local,measured_but_not_basic,155,source is not proven neutral or stance-root basic movement
062,Groh,forward_step_candidate,299,336,0355,(any:forward),False,False,True,True,decoded_root_motion,2,2,23,,,,unknown_from_static_bytecode,unknown,062,Groh,local,resolved_local,unresolved,155,offensive cells exist and no static return/recovery frame is known
062,Groh,forward_step_candidate,318,321,0319,(any:forward),False,False,True,True,decoded_root_motion,1,1,27,,,,unknown_from_static_bytecode,unknown,062,Groh,local,resolved_local,unresolved,155,offensive cells exist and no static return/recovery frame is known
062,Groh,forward_step_candidate,346,336,0355,(any:forward),False,False,True,True,decoded_root_motion,2,2,23,,,,unknown_from_static_bytecode,unknown,062,Groh,local,resolved_local,unresolved,155,offensive cells exist and no static return/recovery frame is known
062,Groh,forward_step_candidate,2831,318,0328,(any:forward),False,False,True,True,decoded_root_motion,1,1,15,,,,unknown_from_static_bytecode,unknown,062,Groh,local,resolved_local,unresolved,155,offensive cells exist and no static return/recovery frame is known
062,Groh,forward_step_candidate,1925,2227,1254,(any:forward),False,False,True,False,unknown_without_root_motion_decode,0,0,,,,,unknown_from_static_bytecode,unknown,062,Groh,move_bucket_2,resolved_move_bucket,unresolved,113,root motion did not decode with high confidence
062,Groh,forward_step_candidate,2058,2233,15DF,(any:forward),False,False,True,False,unknown_without_root_motion_decode,0,0,,,,,unknown_from_static_bytecode,unknown,062,Groh,move_bucket_2,resolved_move_bucket,unresolved,113,root motion did not decode with high confidence
062,Groh,forward_step_candidate,2060,2233,15DF,(any:forward),False,False,True,False,unknown_without_root_motion_decode,0,0,,,,,unknown_from_static_bytecode,unknown,062,Groh,move_bucket_2,resolved_move_bucket,unresolved,113,root motion did not decode with high confidence
062,Groh,forward_step_candidate,2115,2236,1168,(any:forward),False,False,True,False,unknown_without_root_motion_decode,0,0,,,,,unknown_from_static_bytecode,unknown,062,Groh,move_bucket_2,resolved_move_bucket,unresolved,113,root motion did not decode with high confidence
062,Groh,forward_step_candidate,2155,2238,1251,(any:forward),False,False,True,False,unknown_without_root_motion_decode,0,0,,,,,unknown_from_static_bytecode,unknown,062,Groh,move_bucket_2,resolved_move_bucket,unresolved,113,root motion did not decode with high confidence
062,Groh,sidestep_down_candidate,257,405,02B6,(any:down),True,True,True,True,decoded_root_motion,0,0,,,,,unknown_from_static_bytecode,unknown,062,Groh,local,resolved_local,trusted_basic,205,direct movement predicate; same-bank route; root motion decoded; source is neutral-like; no active offensive cells on destination slot
062,Groh,sidestep_down_candidate,271,406,02B9,(any:down),True,True,True,True,decoded_root_motion,0,0,,,,,unknown_from_static_bytecode,unknown,062,Groh,local,resolved_local,trusted_basic,205,direct movement predicate; same-bank route; root motion decoded; source is neutral-like; no active offensive cells on destination slot
062,Groh,sidestep_down_candidate,285,407,02FF,(any:down),True,True,True,True,decoded_root_motion,0,0,,,,,unknown_from_static_bytecode,unknown,062,Groh,local,resolved_local,trusted_basic,205,direct movement predicate; same-bank route; root motion decoded; source is neutral-like; no active offensive cells on destination slot
062,Groh,sidestep_down_candidate,435,6,0119,(any:down),False,False,True,True,decoded_root_motion,0,0,,,,,unknown_from_static_bytecode,unknown,062,Groh,local,resolved_local,measured_but_not_basic,155,source is not proven neutral or stance-root basic movement
062,Groh,sidestep_down_candidate,1390,1370,023C,(any:down),False,False,True,True,decoded_root_motion,0,0,,,,,unknown_from_static_bytecode,unknown,062,Groh,move_bucket_2,resolved_move_bucket,measured_but_not_basic,155,source is not proven neutral or stance-root basic movement
062,Groh,sidestep_down_candidate,2506,435,02CF,(any:down),False,False,True,True,decoded_root_motion,0,0,,,,,unknown_from_static_bytecode,unknown,062,Groh,local,resolved_local,measured_but_not_basic,155,source is not proven neutral or stance-root basic movement
062,Groh,sidestep_down_candidate,2506,435,02CF,(any:down),False,False,True,True,decoded_root_motion,0,0,,,,,unknown_from_static_bytecode,unknown,062,Groh,local,resolved_local,measured_but_not_basic,155,source is not proven neutral or stance-root basic movement
062,Groh,sidestep_up_candidate,263,340,0354,(any:up),True,True,True,True,decoded_root_motion,1,1,17,,,,unknown_from_static_bytecode,unknown,062,Groh,local,resolved_local,unresolved,155,offensive cells exist and no static return/recovery frame is known
062,Groh,sidestep_up_candidate,314,321,0319,(any:up),True,True,True,True,decoded_root_motion,1,1,27,,,,unknown_from_static_bytecode,unknown,062,Groh,local,resolved_local,unresolved,155,offensive cells exist and no static return/recovery frame is known
062,Groh,sidestep_up_candidate,299,340,0354,(any:up),False,False,True,True,decoded_root_motion,1,1,17,,,,unknown_from_static_bytecode,unknown,062,Groh,local,resolved_local,unresolved,155,offensive cells exist and no static return/recovery frame is known
062,Groh,sidestep_up_candidate,346,340,0354,(any:up),False,False,True,True,decoded_root_motion,1,1,17,,,,unknown_from_static_bytecode,unknown,062,Groh,local,resolved_local,unresolved,155,offensive cells exist and no static return/recovery frame is known
062,Groh,sidestep_up_candidate,2831,306,0306,(any:up),False,False,True,True,decoded_root_motion,1,1,23,,,,unknown_from_static_bytecode,unknown,062,Groh,local,resolved_local,unresolved,155,offensive cells exist and no static return/recovery frame is known
062,Groh,sidestep_up_candidate,2831,314,0321,(any:up),False,False,True,True,decoded_root_motion,1,1,11,,,,unknown_from_static_bytecode,unknown,062,Groh,local,resolved_local,unresolved,155,offensive cells exist and no static return/recovery frame is known
064,Azwel,backstep_candidate,256,259,0338,(any:back),True,True,True,True,decoded_root_motion,1,1,15,,,,unknown_from_static_bytecode,unknown,064,Azwel,local,resolved_local,unresolved,155,offensive cells exist and no static return/recovery frame is known
064,Azwel,backstep_candidate,287,294,058E,(any:back),True,True,True,True,decoded_root_motion,2,2,27,,,,unknown_from_static_bytecode,unknown,064,Azwel,local,resolved_local,unresolved,155,offensive cells exist and no static return/recovery frame is known
064,Azwel,backstep_candidate,478,479,059E,(any:back),True,True,True,True,decoded_root_motion,1,1,21,,,,unknown_from_static_bytecode,unknown,064,Azwel,local,resolved_local,unresolved,155,offensive cells exist and no static return/recovery frame is known
064,Azwel,backstep_candidate,2030,1664,1491,(any:back),True,True,True,False,unknown_without_root_motion_decode,0,0,,,,,unknown_from_static_bytecode,unknown,064,Azwel,move_bucket_2,resolved_move_bucket,unresolved,113,root motion did not decode with high confidence
064,Azwel,backstep_candidate,257,259,0338,(any:back),False,False,True,True,decoded_root_motion,1,1,15,,,,unknown_from_static_bytecode,unknown,064,Azwel,local,resolved_local,unresolved,155,offensive cells exist and no static return/recovery frame is known
064,Azwel,backstep_candidate,259,260,0358,(any:back),False,False,True,True,decoded_root_motion,1,1,29,,,,unknown_from_static_bytecode,unknown,064,Azwel,local,resolved_local,unresolved,155,offensive cells exist and no static return/recovery frame is known
064,Azwel,backstep_candidate,288,294,058E,(any:back),False,False,True,True,decoded_root_motion,2,2,27,,,,unknown_from_static_bytecode,unknown,064,Azwel,local,resolved_local,unresolved,155,offensive cells exist and no static return/recovery frame is known
064,Azwel,backstep_candidate,2031,2333,1254,(any:back),False,False,True,False,unknown_without_root_motion_decode,0,0,,,,,unknown_from_static_bytecode,unknown,064,Azwel,move_bucket_2,resolved_move_bucket,unresolved,113,root motion did not decode with high confidence
064,Azwel,backstep_candidate,2164,2339,15DF,(any:back),False,False,True,False,unknown_without_root_motion_decode,0,0,,,,,unknown_from_static_bytecode,unknown,064,Azwel,move_bucket_2,resolved_move_bucket,unresolved,113,root motion did not decode with high confidence
064,Azwel,backstep_candidate,2166,2339,15DF,(any:back),False,False,True,False,unknown_without_root_motion_decode,0,0,,,,,unknown_from_static_bytecode,unknown,064,Azwel,move_bucket_2,resolved_move_bucket,unresolved,113,root motion did not decode with high confidence
064,Azwel,backstep_candidate,2220,2342,1168,(any:back),False,False,True,False,unknown_without_root_motion_decode,0,0,,,,,unknown_from_static_bytecode,unknown,064,Azwel,move_bucket_2,resolved_move_bucket,unresolved,113,root motion did not decode with high confidence
064,Azwel,backstep_candidate,2259,2344,1251,(any:back),False,False,True,False,unknown_without_root_motion_decode,0,0,,,,,unknown_from_static_bytecode,unknown,064,Azwel,move_bucket_2,resolved_move_bucket,unresolved,113,root motion did not decode with high confidence
064,Azwel,eight_way_or_ambiguous,161,164,0014,(any:back|forward|down),True,True,True,True,decoded_root_motion,0,0,,,,,unknown_from_static_bytecode,unknown,064,Azwel,local,resolved_local,trusted_basic,182,direct movement predicate; same-bank route; root motion decoded; source is neutral-like; no active offensive cells on destination slot
064,Azwel,eight_way_or_ambiguous,459,467,024C,(back+forward+up+down;any:back|forward|up|down),False,False,True,True,decoded_root_motion,0,0,,,,,unknown_from_static_bytecode,unknown,064,Azwel,local,resolved_local,measured_but_not_basic,132,source is not proven neutral or stance-root basic movement
064,Azwel,eight_way_or_ambiguous,460,469,024B,(back+forward+up+down;any:back|forward|up|down),False,False,True,True,decoded_root_motion,0,0,,,,,unknown_from_static_bytecode,unknown,064,Azwel,local,resolved_local,measured_but_not_basic,132,source is not proven neutral or stance-root basic movement
064,Azwel,eight_way_or_ambiguous,461,486,0342,(back+forward+up+down;any:back|forward|up|down),False,False,True,True,decoded_root_motion,0,0,,,,,unknown_from_static_bytecode,unknown,064,Azwel,local,resolved_local,measured_but_not_basic,132,source is not proven neutral or stance-root basic movement
064,Azwel,eight_way_or_ambiguous,462,498,0343,(back+forward+up+down;any:back|forward|up|down),False,False,True,True,decoded_root_motion,0,0,,,,,unknown_from_static_bytecode,unknown,064,Azwel,local,resolved_local,measured_but_not_basic,132,source is not proven neutral or stance-root basic movement
064,Azwel,eight_way_or_ambiguous,2937,477,0533,(back+forward),False,False,True,True,decoded_root_motion,1,1,11,,,,unknown_from_static_bytecode,unknown,064,Azwel,local,resolved_local,unresolved,132,offensive cells exist and no static return/recovery frame is known
064,Azwel,eight_way_or_ambiguous,2938,493,059F,(back+forward),False,False,True,True,decoded_root_motion,1,1,21,,,,unknown_from_static_bytecode,unknown,064,Azwel,local,resolved_local,unresolved,132,offensive cells exist and no static return/recovery frame is known
064,Azwel,eight_way_or_ambiguous,2938,494,04EC,(back+forward),False,False,True,True,decoded_root_motion,1,1,27,,,,unknown_from_static_bytecode,unknown,064,Azwel,local,resolved_local,unresolved,132,offensive cells exist and no static return/recovery frame is known
064,Azwel,eight_way_or_ambiguous,2939,505,0428,(back+forward),False,False,True,True,decoded_root_motion,1,1,23,,,,unknown_from_static_bytecode,unknown,064,Azwel,local,resolved_local,unresolved,132,offensive cells exist and no static return/recovery frame is known
064,Azwel,forward_diagonal,2937,483,053B,(forward+up),False,False,True,True,decoded_root_motion,1,1,19,,,,unknown_from_static_bytecode,unknown,064,Azwel,local,resolved_local,unresolved,148,offensive cells exist and no static return/recovery frame is known
064,Azwel,forward_diagonal,2939,507,0330,(forward+up),False,False,True,True,decoded_root_motion,1,1,25,,,,unknown_from_static_bytecode,unknown,064,Azwel,local,resolved_local,unresolved,148,offensive cells exist and no static return/recovery frame is known
064,Azwel,forward_step_candidate,256,272,04A4,(any:forward),True,True,True,True,decoded_root_motion,1,1,21,,,,unknown_from_static_bytecode,unknown,064,Azwel,local,resolved_local,unresolved,155,offensive cells exist and no static return/recovery frame is known
064,Azwel,forward_step_candidate,287,295,0368,(any:forward),True,True,True,True,decoded_root_motion,2,2,13,,,,unknown_from_static_bytecode,unknown,064,Azwel,local,resolved_local,unresolved,155,offensive cells exist and no static return/recovery frame is known
064,Azwel,forward_step_candidate,295,297,0359,(any:forward),True,True,True,True,decoded_root_motion,1,1,31,,,,unknown_from_static_bytecode,unknown,064,Azwel,local,resolved_local,unresolved,155,offensive cells exist and no static return/recovery frame is known
064,Azwel,forward_step_candidate,315,317,03D9,(any:forward),True,True,True,True,decoded_root_motion,1,1,15,,,,unknown_from_static_bytecode,unknown,064,Azwel,local,resolved_local,unresolved,155,offensive cells exist and no static return/recovery frame is known
064,Azwel,forward_step_candidate,318,321,0566,(any:forward),True,True,True,True,decoded_root_motion,1,1,21,,,,unknown_from_static_bytecode,unknown,064,Azwel,local,resolved_local,unresolved,155,offensive cells exist and no static return/recovery frame is known
064,Azwel,forward_step_candidate,379,381,0597,(any:forward),True,True,True,True,decoded_root_motion,1,1,27,,,,unknown_from_static_bytecode,unknown,064,Azwel,local,resolved_local,unresolved,155,offensive cells exist and no static return/recovery frame is known
064,Azwel,forward_step_candidate,387,389,0382,(any:forward),True,True,True,True,decoded_root_motion,1,1,19,,,,unknown_from_static_bytecode,unknown,064,Azwel,local,resolved_local,unresolved,155,offensive cells exist and no static return/recovery frame is known
064,Azwel,forward_step_candidate,412,413,034D,(any:forward),True,True,True,True,decoded_root_motion,2,2,35,,,,unknown_from_static_bytecode,unknown,064,Azwel,local,resolved_local,unresolved,155,offensive cells exist and no static return/recovery frame is known
064,Azwel,forward_step_candidate,478,480,034D,(any:forward),True,True,True,True,decoded_root_motion,1,1,23,,,,unknown_from_static_bytecode,unknown,064,Azwel,local,resolved_local,unresolved,155,offensive cells exist and no static return/recovery frame is known
064,Azwel,forward_step_candidate,507,508,0430,(any:forward),True,True,True,True,decoded_root_motion,2,2,25,,,,unknown_from_static_bytecode,unknown,064,Azwel,local,resolved_local,unresolved,155,offensive cells exist and no static return/recovery frame is known
064,Azwel,forward_step_candidate,2030,1664,1491,(any:forward),True,True,True,False,unknown_without_root_motion_decode,0,0,,,,,unknown_from_static_bytecode,unknown,064,Azwel,move_bucket_2,resolved_move_bucket,unresolved,113,root motion did not decode with high confidence
064,Azwel,forward_step_candidate,168,432,034E,(any:forward),False,False,True,True,decoded_root_motion,1,0,,,,,unknown_from_static_bytecode,unknown,064,Azwel,local,resolved_local,measured_but_not_basic,155,source is not proven neutral or stance-root basic movement
064,Azwel,forward_step_candidate,257,272,04A4,(any:forward),False,False,True,True,decoded_root_motion,1,1,21,,,,unknown_from_static_bytecode,unknown,064,Azwel,local,resolved_local,unresolved,155,offensive cells exist and no static return/recovery frame is known
064,Azwel,forward_step_candidate,288,296,0368,(any:forward),False,False,True,True,decoded_root_motion,2,2,13,,,,unknown_from_static_bytecode,unknown,064,Azwel,local,resolved_local,unresolved,155,offensive cells exist and no static return/recovery frame is known
064,Azwel,forward_step_candidate,296,297,0359,(any:forward),False,False,True,True,decoded_root_motion,1,1,31,,,,unknown_from_static_bytecode,unknown,064,Azwel,local,resolved_local,unresolved,155,offensive cells exist and no static return/recovery frame is known
064,Azwel,forward_step_candidate,313,314,0340,(any:forward),False,False,True,True,decoded_root_motion,2,2,26,,,,unknown_from_static_bytecode,unknown,064,Azwel,local,resolved_local,unresolved,155,offensive cells exist and no static return/recovery frame is known
064,Azwel,forward_step_candidate,316,317,03D9,(any:forward),False,False,True,True,decoded_root_motion,1,1,15,,,,unknown_from_static_bytecode,unknown,064,Azwel,local,resolved_local,unresolved,155,offensive cells exist and no static return/recovery frame is known
064,Azwel,forward_step_candidate,319,321,0566,(any:forward),False,False,True,True,decoded_root_motion,1,1,21,,,,unknown_from_static_bytecode,unknown,064,Azwel,local,resolved_local,unresolved,155,offensive cells exist and no static return/recovery frame is known
064,Azwel,forward_step_candidate,380,381,0597,(any:forward),False,False,True,True,decoded_root_motion,1,1,27,,,,unknown_from_static_bytecode,unknown,064,Azwel,local,resolved_local,unresolved,155,offensive cells exist and no static return/recovery frame is known
064,Azwel,forward_step_candidate,388,389,0382,(any:forward),False,False,True,True,decoded_root_motion,1,1,19,,,,unknown_from_static_bytecode,unknown,064,Azwel,local,resolved_local,unresolved,155,offensive cells exist and no static return/recovery frame is known
064,Azwel,forward_step_candidate,414,415,034D,(any:forward),False,False,True,True,decoded_root_motion,2,2,27,,,,unknown_from_static_bytecode,unknown,064,Azwel,local,resolved_local,unresolved,155,offensive cells exist and no static return/recovery frame is known
064,Azwel,forward_step_candidate,477,481,0535,(any:forward),False,False,True,True,decoded_root_motion,1,1,9,,,,unknown_from_static_bytecode,unknown,064,Azwel,local,resolved_local,unresolved,155,offensive cells exist and no static return/recovery frame is known
064,Azwel,forward_step_candidate,505,506,0561,(any:forward),False,False,True,True,decoded_root_motion,1,1,21,,,,unknown_from_static_bytecode,unknown,064,Azwel,local,resolved_local,unresolved,155,offensive cells exist and no static return/recovery frame is known
064,Azwel,forward_step_candidate,2031,2333,1254,(any:forward),False,False,True,False,unknown_without_root_motion_decode,0,0,,,,,unknown_from_static_bytecode,unknown,064,Azwel,move_bucket_2,resolved_move_bucket,unresolved,113,root motion did not decode with high confidence
064,Azwel,forward_step_candidate,2164,2339,15DF,(any:forward),False,False,True,False,unknown_without_root_motion_decode,0,0,,,,,unknown_from_static_bytecode,unknown,064,Azwel,move_bucket_2,resolved_move_bucket,unresolved,113,root motion did not decode with high confidence
064,Azwel,forward_step_candidate,2166,2339,15DF,(any:forward),False,False,True,False,unknown_without_root_motion_decode,0,0,,,,,unknown_from_static_bytecode,unknown,064,Azwel,move_bucket_2,resolved_move_bucket,unresolved,113,root motion did not decode with high confidence
064,Azwel,forward_step_candidate,2221,2342,1168,(any:forward),False,False,True,False,unknown_without_root_motion_decode,0,0,,,,,unknown_from_static_bytecode,unknown,064,Azwel,move_bucket_2,resolved_move_bucket,unresolved,113,root motion did not decode with high confidence
064,Azwel,forward_step_candidate,2261,2344,1251,(any:forward),False,False,True,False,unknown_without_root_motion_decode,0,0,,,,,unknown_from_static_bytecode,unknown,064,Azwel,move_bucket_2,resolved_move_bucket,unresolved,113,root motion did not decode with high confidence
064,Azwel,sidestep_down_candidate,256,258,0337,(any:down),True,True,True,True,decoded_root_motion,0,0,,,,,unknown_from_static_bytecode,unknown,064,Azwel,local,resolved_local,trusted_basic,205,direct movement predicate; same-bank route; root motion decoded; source is neutral-like; no active offensive cells on destination slot
064,Azwel,sidestep_down_candidate,287,289,0367,(any:down),True,True,True,True,decoded_root_motion,0,0,,,,,unknown_from_static_bytecode,unknown,064,Azwel,local,resolved_local,trusted_basic,205,direct movement predicate; same-bank route; root motion decoded; source is neutral-like; no active offensive cells on destination slot
064,Azwel,sidestep_down_candidate,257,258,0337,(any:down),False,False,True,True,decoded_root_motion,0,0,,,,,unknown_from_static_bytecode,unknown,064,Azwel,local,resolved_local,measured_but_not_basic,155,source is not proven neutral or stance-root basic movement
064,Azwel,sidestep_down_candidate,288,289,0367,(any:down),False,False,True,True,decoded_root_motion,0,0,,,,,unknown_from_static_bytecode,unknown,064,Azwel,local,resolved_local,measured_but_not_basic,155,source is not proven neutral or stance-root basic movement
064,Azwel,sidestep_down_candidate,325,330,0352,(any:down),False,False,True,True,decoded_root_motion,0,0,,,,,unknown_from_static_bytecode,unknown,064,Azwel,local,resolved_local,measured_but_not_basic,155,source is not proven neutral or stance-root basic movement
064,Azwel,sidestep_down_candidate,326,330,0352,(any:down),False,False,True,True,decoded_root_motion,0,0,,,,,unknown_from_static_bytecode,unknown,064,Azwel,local,resolved_local,measured_but_not_basic,155,source is not proven neutral or stance-root basic movement
064,Azwel,sidestep_down_candidate,327,331,0352,(any:down),False,False,True,True,decoded_root_motion,0,0,,,,,unknown_from_static_bytecode,unknown,064,Azwel,local,resolved_local,measured_but_not_basic,155,source is not proven neutral or stance-root basic movement
064,Azwel,sidestep_down_candidate,328,332,0352,(any:down),False,False,True,True,decoded_root_motion,0,0,,,,,unknown_from_static_bytecode,unknown,064,Azwel,local,resolved_local,measured_but_not_basic,155,source is not proven neutral or stance-root basic movement
064,Azwel,sidestep_down_candidate,329,333,0352,(any:down),False,False,True,True,decoded_root_motion,0,0,,,,,unknown_from_static_bytecode,unknown,064,Azwel,local,resolved_local,measured_but_not_basic,155,source is not proven neutral or stance-root basic movement
064,Azwel,sidestep_down_candidate,1496,1476,005C,(any:down),False,False,True,True,decoded_root_motion,0,0,,,,,unknown_from_static_bytecode,unknown,064,Azwel,move_bucket_2,resolved_move_bucket,measured_but_not_basic,155,source is not proven neutral or stance-root basic movement
064,Azwel,sidestep_down_candidate,2612,528,0366,(any:down),False,False,True,True,decoded_root_motion,0,0,,,,,unknown_from_static_bytecode,unknown,064,Azwel,local,resolved_local,measured_but_not_basic,155,source is not proven neutral or stance-root basic movement
064,Azwel,sidestep_down_candidate,2612,528,0366,(any:down),False,False,True,True,decoded_root_motion,0,0,,,,,unknown_from_static_bytecode,unknown,064,Azwel,local,resolved_local,measured_but_not_basic,155,source is not proven neutral or stance-root basic movement
064,Azwel,sidestep_down_candidate,2940,344,0003,(any:down),False,False,True,True,decoded_root_motion,1,0,,,,,unknown_from_static_bytecode,unknown,064,Azwel,local,resolved_local,measured_but_not_basic,155,source is not proven neutral or stance-root basic movement
064,Azwel,sidestep_down_candidate,2940,326,0352,(any:down),False,False,True,True,decoded_root_motion,1,1,33,,,,unknown_from_static_bytecode,unknown,064,Azwel,local,resolved_local,unresolved,155,offensive cells exist and no static return/recovery frame is known
064,Azwel,sidestep_down_candidate,2940,326,0352,(any:down),False,False,True,True,decoded_root_motion,1,1,33,,,,unknown_from_static_bytecode,unknown,064,Azwel,local,resolved_local,unresolved,155,offensive cells exist and no static return/recovery frame is known
064,Azwel,sidestep_down_candidate,2940,327,0352,(any:down),False,False,True,True,decoded_root_motion,1,1,41,,,,unknown_from_static_bytecode,unknown,064,Azwel,local,resolved_local,unresolved,155,offensive cells exist and no static return/recovery frame is known
064,Azwel,sidestep_down_candidate,2940,327,0352,(any:down),False,False,True,True,decoded_root_motion,1,1,41,,,,unknown_from_static_bytecode,unknown,064,Azwel,local,resolved_local,unresolved,155,offensive cells exist and no static return/recovery frame is known
064,Azwel,sidestep_down_candidate,2940,328,0352,(any:down),False,False,True,True,decoded_root_motion,1,1,41,,,,unknown_from_static_bytecode,unknown,064,Azwel,local,resolved_local,unresolved,155,offensive cells exist and no static return/recovery frame is known
064,Azwel,sidestep_down_candidate,2940,328,0352,(any:down),False,False,True,True,decoded_root_motion,1,1,41,,,,unknown_from_static_bytecode,unknown,064,Azwel,local,resolved_local,unresolved,155,offensive cells exist and no static return/recovery frame is known
064,Azwel,sidestep_down_candidate,2940,329,0352,(any:down),False,False,True,True,decoded_root_motion,1,1,41,,,,unknown_from_static_bytecode,unknown,064,Azwel,local,resolved_local,unresolved,155,offensive cells exist and no static return/recovery frame is known
064,Azwel,sidestep_down_candidate,2940,329,0352,(any:down),False,False,True,True,decoded_root_motion,1,1,41,,,,unknown_from_static_bytecode,unknown,064,Azwel,local,resolved_local,unresolved,155,offensive cells exist and no static return/recovery frame is known
064,Azwel,sidestep_down_candidate,2940,334,0359,(any:down),False,False,True,True,decoded_root_motion,1,1,31,,,,unknown_from_static_bytecode,unknown,064,Azwel,local,resolved_local,unresolved,155,offensive cells exist and no static return/recovery frame is known
064,Azwel,sidestep_down_candidate,2940,345,0587,(any:down),False,False,True,True,decoded_root_motion,1,1,17,,,,unknown_from_static_bytecode,unknown,064,Azwel,local,resolved_local,unresolved,155,offensive cells exist and no static return/recovery frame is known
064,Azwel,sidestep_down_candidate,2940,346,03BE,(any:down),False,False,True,True,decoded_root_motion,1,1,37,,,,unknown_from_static_bytecode,unknown,064,Azwel,local,resolved_local,unresolved,155,offensive cells exist and no static return/recovery frame is known
064,Azwel,sidestep_down_candidate,2940,416,0358,(any:down),False,False,True,True,decoded_root_motion,1,1,29,,,,unknown_from_static_bytecode,unknown,064,Azwel,local,resolved_local,unresolved,155,offensive cells exist and no static return/recovery frame is known
064,Azwel,sidestep_down_candidate,2940,417,0358,(any:down),False,False,True,True,decoded_root_motion,1,1,29,,,,unknown_from_static_bytecode,unknown,064,Azwel,local,resolved_local,unresolved,155,offensive cells exist and no static return/recovery frame is known
064,Azwel,sidestep_down_candidate,2940,418,0358,(any:down),False,False,True,True,decoded_root_motion,1,1,29,,,,unknown_from_static_bytecode,unknown,064,Azwel,local,resolved_local,unresolved,155,offensive cells exist and no static return/recovery frame is known
064,Azwel,sidestep_down_candidate,2940,430,0358,(any:down),False,False,True,True,decoded_root_motion,1,1,29,,,,unknown_from_static_bytecode,unknown,064,Azwel,local,resolved_local,unresolved,155,offensive cells exist and no static return/recovery frame is known
064,Azwel,sidestep_down_candidate,2940,430,0358,(any:down),False,False,True,True,decoded_root_motion,1,1,29,,,,unknown_from_static_bytecode,unknown,064,Azwel,local,resolved_local,unresolved,155,offensive cells exist and no static return/recovery frame is known
064,Azwel,sidestep_down_candidate,2940,430,0358,(any:down),False,False,True,True,decoded_root_motion,1,1,29,,,,unknown_from_static_bytecode,unknown,064,Azwel,local,resolved_local,unresolved,155,offensive cells exist and no static return/recovery frame is known
064,Azwel,sidestep_down_candidate,2940,463,0390,(any:down),False,False,True,True,decoded_root_motion,1,1,19,,,,unknown_from_static_bytecode,unknown,064,Azwel,local,resolved_local,unresolved,155,offensive cells exist and no static return/recovery frame is known
064,Azwel,sidestep_down_candidate,2940,514,0357,(any:down),False,False,True,True,decoded_root_motion,2,2,17,,,,unknown_from_static_bytecode,unknown,064,Azwel,local,resolved_local,unresolved,155,offensive cells exist and no static return/recovery frame is known
064,Azwel,sidestep_down_candidate,2940,514,0357,(any:down),False,False,True,True,decoded_root_motion,2,2,17,,,,unknown_from_static_bytecode,unknown,064,Azwel,local,resolved_local,unresolved,155,offensive cells exist and no static return/recovery frame is known
064,Azwel,sidestep_down_candidate,2940,514,0357,(any:down),False,False,True,True,decoded_root_motion,2,2,17,,,,unknown_from_static_bytecode,unknown,064,Azwel,local,resolved_local,unresolved,155,offensive cells exist and no static return/recovery frame is known
064,Azwel,sidestep_down_candidate,2940,514,0357,(any:down),False,False,True,True,decoded_root_motion,2,2,17,,,,unknown_from_static_bytecode,unknown,064,Azwel,local,resolved_local,unresolved,155,offensive cells exist and no static return/recovery frame is known
064,Azwel,sidestep_down_candidate,2940,514,0357,(any:down),False,False,True,True,decoded_root_motion,2,2,17,,,,unknown_from_static_bytecode,unknown,064,Azwel,local,resolved_local,unresolved,155,offensive cells exist and no static return/recovery frame is known
064,Azwel,sidestep_down_candidate,2940,514,0357,(any:down),False,False,True,True,decoded_root_motion,2,2,17,,,,unknown_from_static_bytecode,unknown,064,Azwel,local,resolved_local,unresolved,155,offensive cells exist and no static return/recovery frame is known
064,Azwel,sidestep_down_candidate,2940,516,0357,(any:down),False,False,True,True,decoded_root_motion,2,2,19,,,,unknown_from_static_bytecode,unknown,064,Azwel,local,resolved_local,unresolved,155,offensive cells exist and no static return/recovery frame is known
064,Azwel,sidestep_down_candidate,2940,516,0357,(any:down),False,False,True,True,decoded_root_motion,2,2,19,,,,unknown_from_static_bytecode,unknown,064,Azwel,local,resolved_local,unresolved,155,offensive cells exist and no static return/recovery frame is known
064,Azwel,sidestep_down_candidate,2940,516,0357,(any:down),False,False,True,True,decoded_root_motion,2,2,19,,,,unknown_from_static_bytecode,unknown,064,Azwel,local,resolved_local,unresolved,155,offensive cells exist and no static return/recovery frame is known
064,Azwel,sidestep_down_candidate,2940,516,0357,(any:down),False,False,True,True,decoded_root_motion,2,2,19,,,,unknown_from_static_bytecode,unknown,064,Azwel,local,resolved_local,unresolved,155,offensive cells exist and no static return/recovery frame is known
064,Azwel,sidestep_down_candidate,2940,517,033B,(any:down),False,False,True,True,decoded_root_motion,2,2,19,,,,unknown_from_static_bytecode,unknown,064,Azwel,local,resolved_local,unresolved,155,offensive cells exist and no static return/recovery frame is known
064,Azwel,sidestep_down_candidate,2940,517,033B,(any:down),False,False,True,True,decoded_root_motion,2,2,19,,,,unknown_from_static_bytecode,unknown,064,Azwel,local,resolved_local,unresolved,155,offensive cells exist and no static return/recovery frame is known
064,Azwel,sidestep_down_candidate,2940,517,033B,(any:down),False,False,True,True,decoded_root_motion,2,2,19,,,,unknown_from_static_bytecode,unknown,064,Azwel,local,resolved_local,unresolved,155,offensive cells exist and no static return/recovery frame is known
064,Azwel,sidestep_down_candidate,2940,517,033B,(any:down),False,False,True,True,decoded_root_motion,2,2,19,,,,unknown_from_static_bytecode,unknown,064,Azwel,local,resolved_local,unresolved,155,offensive cells exist and no static return/recovery frame is known
064,Azwel,sidestep_down_candidate,2940,517,033B,(any:down),False,False,True,True,decoded_root_motion,2,2,19,,,,unknown_from_static_bytecode,unknown,064,Azwel,local,resolved_local,unresolved,155,offensive cells exist and no static return/recovery frame is known
064,Azwel,sidestep_down_candidate,2940,519,033B,(any:down),False,False,True,True,decoded_root_motion,2,2,21,,,,unknown_from_static_bytecode,unknown,064,Azwel,local,resolved_local,unresolved,155,offensive cells exist and no static return/recovery frame is known
064,Azwel,sidestep_down_candidate,2940,519,033B,(any:down),False,False,True,True,decoded_root_motion,2,2,21,,,,unknown_from_static_bytecode,unknown,064,Azwel,local,resolved_local,unresolved,155,offensive cells exist and no static return/recovery frame is known
064,Azwel,sidestep_down_candidate,2940,519,033B,(any:down),False,False,True,True,decoded_root_motion,2,2,21,,,,unknown_from_static_bytecode,unknown,064,Azwel,local,resolved_local,unresolved,155,offensive cells exist and no static return/recovery frame is known
064,Azwel,sidestep_down_candidate,2940,520,0351,(any:down),False,False,True,True,decoded_root_motion,1,1,23,,,,unknown_from_static_bytecode,unknown,064,Azwel,local,resolved_local,unresolved,155,offensive cells exist and no static return/recovery frame is known
064,Azwel,sidestep_down_candidate,2940,520,0351,(any:down),False,False,True,True,decoded_root_motion,1,1,23,,,,unknown_from_static_bytecode,unknown,064,Azwel,local,resolved_local,unresolved,155,offensive cells exist and no static return/recovery frame is known
064,Azwel,sidestep_down_candidate,2940,520,0351,(any:down),False,False,True,True,decoded_root_motion,1,1,23,,,,unknown_from_static_bytecode,unknown,064,Azwel,local,resolved_local,unresolved,155,offensive cells exist and no static return/recovery frame is known
064,Azwel,sidestep_down_candidate,2940,520,0351,(any:down),False,False,True,True,decoded_root_motion,1,1,23,,,,unknown_from_static_bytecode,unknown,064,Azwel,local,resolved_local,unresolved,155,offensive cells exist and no static return/recovery frame is known
064,Azwel,sidestep_down_candidate,2940,520,0351,(any:down),False,False,True,True,decoded_root_motion,1,1,23,,,,unknown_from_static_bytecode,unknown,064,Azwel,local,resolved_local,unresolved,155,offensive cells exist and no static return/recovery frame is known
064,Azwel,sidestep_down_candidate,2940,523,0351,(any:down),False,False,True,True,decoded_root_motion,1,1,25,,,,unknown_from_static_bytecode,unknown,064,Azwel,local,resolved_local,unresolved,155,offensive cells exist and no static return/recovery frame is known
064,Azwel,sidestep_down_candidate,2940,523,0351,(any:down),False,False,True,True,decoded_root_motion,1,1,25,,,,unknown_from_static_bytecode,unknown,064,Azwel,local,resolved_local,unresolved,155,offensive cells exist and no static return/recovery frame is known
064,Azwel,sidestep_down_candidate,2940,523,0351,(any:down),False,False,True,True,decoded_root_motion,1,1,25,,,,unknown_from_static_bytecode,unknown,064,Azwel,local,resolved_local,unresolved,155,offensive cells exist and no static return/recovery frame is known
064,Azwel,sidestep_up_candidate,370,280,0365,(any:up),True,True,True,True,decoded_root_motion,1,1,27,,,,unknown_from_static_bytecode,unknown,064,Azwel,local,resolved_local,unresolved,155,offensive cells exist and no static return/recovery frame is known
064,Azwel,sidestep_up_candidate,2940,432,034E,(any:up),False,False,True,True,decoded_root_motion,1,0,,,,,unknown_from_static_bytecode,unknown,064,Azwel,local,resolved_local,measured_but_not_basic,155,source is not proven neutral or stance-root basic movement
064,Azwel,sidestep_up_candidate,2940,433,034E,(any:up),False,False,True,True,decoded_root_motion,1,0,,,,,unknown_from_static_bytecode,unknown,064,Azwel,local,resolved_local,measured_but_not_basic,155,source is not proven neutral or stance-root basic movement
064,Azwel,sidestep_up_candidate,2940,434,0361,(any:up),False,False,True,True,decoded_root_motion,1,0,,,,,unknown_from_static_bytecode,unknown,064,Azwel,local,resolved_local,measured_but_not_basic,155,source is not proven neutral or stance-root basic movement
064,Azwel,sidestep_up_candidate,278,280,0365,(any:up),False,False,True,True,decoded_root_motion,1,1,27,,,,unknown_from_static_bytecode,unknown,064,Azwel,local,resolved_local,unresolved,155,offensive cells exist and no static return/recovery frame is known
064,Azwel,sidestep_up_candidate,279,280,0365,(any:up),False,False,True,True,decoded_root_motion,1,1,27,,,,unknown_from_static_bytecode,unknown,064,Azwel,local,resolved_local,unresolved,155,offensive cells exist and no static return/recovery frame is known
064,Azwel,sidestep_up_candidate,371,280,0365,(any:up),False,False,True,True,decoded_root_motion,1,1,27,,,,unknown_from_static_bytecode,unknown,064,Azwel,local,resolved_local,unresolved,155,offensive cells exist and no static return/recovery frame is known
065,Geralt,backstep_candidate,303,308,0420,(any:back),True,True,True,True,decoded_root_motion,1,1,21,,,,unknown_from_static_bytecode,unknown,065,Geralt,local,resolved_local,unresolved,155,offensive cells exist and no static return/recovery frame is known
065,Geralt,backstep_candidate,306,308,0420,(any:back),True,True,True,True,decoded_root_motion,1,1,21,,,,unknown_from_static_bytecode,unknown,065,Geralt,local,resolved_local,unresolved,155,offensive cells exist and no static return/recovery frame is known
065,Geralt,backstep_candidate,307,308,0420,(any:back),True,True,True,True,decoded_root_motion,1,1,21,,,,unknown_from_static_bytecode,unknown,065,Geralt,local,resolved_local,unresolved,155,offensive cells exist and no static return/recovery frame is known
065,Geralt,backstep_candidate,354,355,0426,(any:back),True,True,True,True,decoded_root_motion,2,2,23,,,,unknown_from_static_bytecode,unknown,065,Geralt,local,resolved_local,unresolved,155,offensive cells exist and no static return/recovery frame is known
065,Geralt,backstep_candidate,359,308,0420,(any:back),True,True,True,True,decoded_root_motion,1,1,21,,,,unknown_from_static_bytecode,unknown,065,Geralt,local,resolved_local,unresolved,155,offensive cells exist and no static return/recovery frame is known
065,Geralt,backstep_candidate,1915,1549,1491,(any:back),True,True,True,False,unknown_without_root_motion_decode,0,0,,,,,unknown_from_static_bytecode,unknown,065,Geralt,move_bucket_2,resolved_move_bucket,unresolved,113,root motion did not decode with high confidence
065,Geralt,backstep_candidate,268,269,04A7,(any:back),False,False,True,True,decoded_root_motion,1,1,45,,,,unknown_from_static_bytecode,unknown,065,Geralt,local,resolved_local,unresolved,155,offensive cells exist and no static return/recovery frame is known
065,Geralt,backstep_candidate,277,278,04B0,(any:back),False,False,True,True,decoded_root_motion,2,2,20,,,,unknown_from_static_bytecode,unknown,065,Geralt,local,resolved_local,unresolved,155,offensive cells exist and no static return/recovery frame is known
065,Geralt,backstep_candidate,277,279,04B1,(any:back),False,False,True,True,decoded_root_motion,2,2,26,,,,unknown_from_static_bytecode,unknown,065,Geralt,local,resolved_local,unresolved,155,offensive cells exist and no static return/recovery frame is known
065,Geralt,backstep_candidate,305,308,0420,(any:back),False,False,True,True,decoded_root_motion,1,1,21,,,,unknown_from_static_bytecode,unknown,065,Geralt,local,resolved_local,unresolved,155,offensive cells exist and no static return/recovery frame is known
065,Geralt,backstep_candidate,410,419,0430,(any:back),False,False,True,True,decoded_root_motion,1,1,28,,,,unknown_from_static_bytecode,unknown,065,Geralt,local,resolved_local,unresolved,155,offensive cells exist and no static return/recovery frame is known
065,Geralt,backstep_candidate,1916,2218,1254,(any:back),False,False,True,False,unknown_without_root_motion_decode,0,0,,,,,unknown_from_static_bytecode,unknown,065,Geralt,move_bucket_2,resolved_move_bucket,unresolved,113,root motion did not decode with high confidence
065,Geralt,backstep_candidate,2049,2224,15DF,(any:back),False,False,True,False,unknown_without_root_motion_decode,0,0,,,,,unknown_from_static_bytecode,unknown,065,Geralt,move_bucket_2,resolved_move_bucket,unresolved,113,root motion did not decode with high confidence
065,Geralt,backstep_candidate,2051,2224,15DF,(any:back),False,False,True,False,unknown_without_root_motion_decode,0,0,,,,,unknown_from_static_bytecode,unknown,065,Geralt,move_bucket_2,resolved_move_bucket,unresolved,113,root motion did not decode with high confidence
065,Geralt,backstep_candidate,2105,2227,1168,(any:back),False,False,True,False,unknown_without_root_motion_decode,0,0,,,,,unknown_from_static_bytecode,unknown,065,Geralt,move_bucket_2,resolved_move_bucket,unresolved,113,root motion did not decode with high confidence
065,Geralt,backstep_candidate,2144,2229,1251,(any:back),False,False,True,False,unknown_without_root_motion_decode,0,0,,,,,unknown_from_static_bytecode,unknown,065,Geralt,move_bucket_2,resolved_move_bucket,unresolved,113,root motion did not decode with high confidence
065,Geralt,eight_way_or_ambiguous,161,164,0378,(any:back|forward|down),True,True,True,True,decoded_root_motion,0,0,,,,,unknown_from_static_bytecode,unknown,065,Geralt,local,resolved_local,trusted_basic,182,direct movement predicate; same-bank route; root motion decoded; source is neutral-like; no active offensive cells on destination slot
065,Geralt,eight_way_or_ambiguous,314,316,033E,(back+forward),False,False,True,True,decoded_root_motion,0,0,,,,,unknown_from_static_bytecode,unknown,065,Geralt,local,resolved_local,measured_but_not_basic,132,source is not proven neutral or stance-root basic movement
065,Geralt,forward_diagonal,303,310,0422,(forward+up),True,True,True,True,decoded_root_motion,0,0,,,,,unknown_from_static_bytecode,unknown,065,Geralt,local,resolved_local,trusted_basic,198,direct movement predicate; same-bank route; root motion decoded; source is neutral-like; no active offensive cells on destination slot
065,Geralt,forward_diagonal,303,311,0477,(forward+up),True,True,True,True,decoded_root_motion,0,0,,,,,unknown_from_static_bytecode,unknown,065,Geralt,local,resolved_local,trusted_basic,198,direct movement predicate; same-bank route; root motion decoded; source is neutral-like; no active offensive cells on destination slot
065,Geralt,forward_diagonal,306,310,0422,(forward+up),True,True,True,True,decoded_root_motion,0,0,,,,,unknown_from_static_bytecode,unknown,065,Geralt,local,resolved_local,trusted_basic,198,direct movement predicate; same-bank route; root motion decoded; source is neutral-like; no active offensive cells on destination slot
065,Geralt,forward_diagonal,306,311,0477,(forward+up),True,True,True,True,decoded_root_motion,0,0,,,,,unknown_from_static_bytecode,unknown,065,Geralt,local,resolved_local,trusted_basic,198,direct movement predicate; same-bank route; root motion decoded; source is neutral-like; no active offensive cells on destination slot
065,Geralt,forward_diagonal,323,325,0422,(forward+up),True,True,True,True,decoded_root_motion,0,0,,,,,unknown_from_static_bytecode,unknown,065,Geralt,local,resolved_local,trusted_basic,198,direct movement predicate; same-bank route; root motion decoded; source is neutral-like; no active offensive cells on destination slot
065,Geralt,forward_diagonal,323,326,0477,(forward+up),True,True,True,True,decoded_root_motion,0,0,,,,,unknown_from_static_bytecode,unknown,065,Geralt,local,resolved_local,trusted_basic,198,direct movement predicate; same-bank route; root motion decoded; source is neutral-like; no active offensive cells on destination slot
065,Geralt,forward_diagonal,359,310,0422,(forward+up),True,True,True,True,decoded_root_motion,0,0,,,,,unknown_from_static_bytecode,unknown,065,Geralt,local,resolved_local,trusted_basic,198,direct movement predicate; same-bank route; root motion decoded; source is neutral-like; no active offensive cells on destination slot
065,Geralt,forward_diagonal,359,311,0477,(forward+up),True,True,True,True,decoded_root_motion,0,0,,,,,unknown_from_static_bytecode,unknown,065,Geralt,local,resolved_local,trusted_basic,198,direct movement predicate; same-bank route; root motion decoded; source is neutral-like; no active offensive cells on destination slot
065,Geralt,forward_diagonal,305,310,0422,(forward+up),False,False,True,True,decoded_root_motion,0,0,,,,,unknown_from_static_bytecode,unknown,065,Geralt,local,resolved_local,measured_but_not_basic,148,source is not proven neutral or stance-root basic movement
065,Geralt,forward_diagonal,305,311,0477,(forward+up),False,False,True,True,decoded_root_motion,0,0,,,,,unknown_from_static_bytecode,unknown,065,Geralt,local,resolved_local,measured_but_not_basic,148,source is not proven neutral or stance-root basic movement
065,Geralt,forward_diagonal,324,325,0422,(forward+up),False,False,True,True,decoded_root_motion,0,0,,,,,unknown_from_static_bytecode,unknown,065,Geralt,local,resolved_local,measured_but_not_basic,148,source is not proven neutral or stance-root basic movement
065,Geralt,forward_diagonal,324,326,0477,(forward+up),False,False,True,True,decoded_root_motion,0,0,,,,,unknown_from_static_bytecode,unknown,065,Geralt,local,resolved_local,measured_but_not_basic,148,source is not proven neutral or stance-root basic movement
065,Geralt,forward_step_candidate,293,294,033B,(any:forward),True,True,True,True,decoded_root_motion,2,2,21,,,,unknown_from_static_bytecode,unknown,065,Geralt,local,resolved_local,unresolved,155,offensive cells exist and no static return/recovery frame is known
065,Geralt,forward_step_candidate,303,309,049D,(any:forward),True,True,True,True,decoded_root_motion,2,2,29,,,,unknown_from_static_bytecode,unknown,065,Geralt,local,resolved_local,unresolved,155,offensive cells exist and no static return/recovery frame is known
065,Geralt,forward_step_candidate,306,309,049D,(any:forward),True,True,True,True,decoded_root_motion,2,2,29,,,,unknown_from_static_bytecode,unknown,065,Geralt,local,resolved_local,unresolved,155,offensive cells exist and no static return/recovery frame is known
065,Geralt,forward_step_candidate,307,309,049D,(any:forward),True,True,True,True,decoded_root_motion,2,2,29,,,,unknown_from_static_bytecode,unknown,065,Geralt,local,resolved_local,unresolved,155,offensive cells exist and no static return/recovery frame is known
065,Geralt,forward_step_candidate,359,309,049D,(any:forward),True,True,True,True,decoded_root_motion,2,2,29,,,,unknown_from_static_bytecode,unknown,065,Geralt,local,resolved_local,unresolved,155,offensive cells exist and no static return/recovery frame is known
065,Geralt,forward_step_candidate,370,371,0462,(any:forward),True,True,True,True,decoded_root_motion,4,4,23,,,,unknown_from_static_bytecode,unknown,065,Geralt,local,resolved_local,unresolved,155,offensive cells exist and no static return/recovery frame is known
065,Geralt,forward_step_candidate,1915,1549,1491,(any:forward),True,True,True,False,unknown_without_root_motion_decode,0,0,,,,,unknown_from_static_bytecode,unknown,065,Geralt,move_bucket_2,resolved_move_bucket,unresolved,113,root motion did not decode with high confidence
065,Geralt,forward_step_candidate,168,381,0435,(any:forward),False,False,True,True,decoded_root_motion,1,0,,,,,unknown_from_static_bytecode,unknown,065,Geralt,local,resolved_local,measured_but_not_basic,155,source is not proven neutral or stance-root basic movement
065,Geralt,forward_step_candidate,286,288,04AC,(any:forward),False,False,True,True,decoded_root_motion,0,0,,,,,unknown_from_static_bytecode,unknown,065,Geralt,local,resolved_local,measured_but_not_basic,155,source is not proven neutral or stance-root basic movement
065,Geralt,forward_step_candidate,305,309,049D,(any:forward),False,False,True,True,decoded_root_motion,2,2,29,,,,unknown_from_static_bytecode,unknown,065,Geralt,local,resolved_local,unresolved,155,offensive cells exist and no static return/recovery frame is known
065,Geralt,forward_step_candidate,1916,2218,1254,(any:forward),False,False,True,False,unknown_without_root_motion_decode,0,0,,,,,unknown_from_static_bytecode,unknown,065,Geralt,move_bucket_2,resolved_move_bucket,unresolved,113,root motion did not decode with high confidence
065,Geralt,forward_step_candidate,2049,2224,15DF,(any:forward),False,False,True,False,unknown_without_root_motion_decode,0,0,,,,,unknown_from_static_bytecode,unknown,065,Geralt,move_bucket_2,resolved_move_bucket,unresolved,113,root motion did not decode with high confidence
065,Geralt,forward_step_candidate,2051,2224,15DF,(any:forward),False,False,True,False,unknown_without_root_motion_decode,0,0,,,,,unknown_from_static_bytecode,unknown,065,Geralt,move_bucket_2,resolved_move_bucket,unresolved,113,root motion did not decode with high confidence
065,Geralt,forward_step_candidate,2106,2227,1168,(any:forward),False,False,True,False,unknown_without_root_motion_decode,0,0,,,,,unknown_from_static_bytecode,unknown,065,Geralt,move_bucket_2,resolved_move_bucket,unresolved,113,root motion did not decode with high confidence
065,Geralt,forward_step_candidate,2146,2229,1251,(any:forward),False,False,True,False,unknown_without_root_motion_decode,0,0,,,,,unknown_from_static_bytecode,unknown,065,Geralt,move_bucket_2,resolved_move_bucket,unresolved,113,root motion did not decode with high confidence
065,Geralt,sidestep_down_candidate,414,6,040A,(any:down),False,False,True,True,decoded_root_motion,0,0,,,,,unknown_from_static_bytecode,unknown,065,Geralt,local,resolved_local,measured_but_not_basic,155,source is not proven neutral or stance-root basic movement
065,Geralt,sidestep_down_candidate,1381,1361,0390,(any:down),False,False,True,True,decoded_root_motion,0,0,,,,,unknown_from_static_bytecode,unknown,065,Geralt,move_bucket_2,resolved_move_bucket,measured_but_not_basic,155,source is not proven neutral or stance-root basic movement
065,Geralt,sidestep_down_candidate,2497,414,040C,(any:down),False,False,True,True,decoded_root_motion,0,0,,,,,unknown_from_static_bytecode,unknown,065,Geralt,local,resolved_local,measured_but_not_basic,155,source is not proven neutral or stance-root basic movement
065,Geralt,sidestep_down_candidate,2497,414,040C,(any:down),False,False,True,True,decoded_root_motion,0,0,,,,,unknown_from_static_bytecode,unknown,065,Geralt,local,resolved_local,measured_but_not_basic,155,source is not proven neutral or stance-root basic movement
065,Geralt,sidestep_up_candidate,297,298,0452,(any:up),True,True,True,True,decoded_root_motion,1,1,17,,,,unknown_from_static_bytecode,unknown,065,Geralt,local,resolved_local,unresolved,155,offensive cells exist and no static return/recovery frame is known
065,Geralt,sidestep_up_candidate,354,356,049F,(any:up),True,True,True,True,decoded_root_motion,1,1,26,,,,unknown_from_static_bytecode,unknown,065,Geralt,local,resolved_local,unresolved,155,offensive cells exist and no static return/recovery frame is known
065,Geralt,sidestep_up_candidate,356,357,049F,(any:up),False,False,True,True,decoded_root_motion,1,1,26,,,,unknown_from_static_bytecode,unknown,065,Geralt,local,resolved_local,unresolved,155,offensive cells exist and no static return/recovery frame is known
066,Unknown (cid 066),backstep_candidate,257,258,0185,(any:back),True,True,True,True,decoded_root_motion,1,1,13,,,,unknown_from_static_bytecode,unknown,066,Unknown (cid 066),local,resolved_local,unresolved,155,offensive cells exist and no static return/recovery frame is known
066,Unknown (cid 066),backstep_candidate,265,266,0177,(any:back),True,True,True,True,decoded_root_motion,1,1,37,,,,unknown_from_static_bytecode,unknown,066,Unknown (cid 066),local,resolved_local,unresolved,155,offensive cells exist and no static return/recovery frame is known
066,Unknown (cid 066),backstep_candidate,1870,1504,1491,(any:back),True,True,True,False,unknown_without_root_motion_decode,0,0,,,,,unknown_from_static_bytecode,unknown,066,Unknown (cid 066),move_bucket_2,resolved_move_bucket,unresolved,113,root motion did not decode with high confidence
066,Unknown (cid 066),backstep_candidate,1871,2173,1254,(any:back),False,False,True,False,unknown_without_root_motion_decode,0,0,,,,,unknown_from_static_bytecode,unknown,066,Unknown (cid 066),move_bucket_2,resolved_move_bucket,unresolved,113,root motion did not decode with high confidence
066,Unknown (cid 066),backstep_candidate,2004,2179,15DF,(any:back),False,False,True,False,unknown_without_root_motion_decode,0,0,,,,,unknown_from_static_bytecode,unknown,066,Unknown (cid 066),move_bucket_2,resolved_move_bucket,unresolved,113,root motion did not decode with high confidence
066,Unknown (cid 066),backstep_candidate,2006,2179,15DF,(any:back),False,False,True,False,unknown_without_root_motion_decode,0,0,,,,,unknown_from_static_bytecode,unknown,066,Unknown (cid 066),move_bucket_2,resolved_move_bucket,unresolved,113,root motion did not decode with high confidence
066,Unknown (cid 066),backstep_candidate,2060,2182,1168,(any:back),False,False,True,False,unknown_without_root_motion_decode,0,0,,,,,unknown_from_static_bytecode,unknown,066,Unknown (cid 066),move_bucket_2,resolved_move_bucket,unresolved,113,root motion did not decode with high confidence
066,Unknown (cid 066),backstep_candidate,2099,2184,1251,(any:back),False,False,True,False,unknown_without_root_motion_decode,0,0,,,,,unknown_from_static_bytecode,unknown,066,Unknown (cid 066),move_bucket_2,resolved_move_bucket,unresolved,113,root motion did not decode with high confidence
066,Unknown (cid 066),eight_way_or_ambiguous,161,164,0585,(any:back|forward|down),True,True,True,True,decoded_root_motion,0,0,,,,,unknown_from_static_bytecode,unknown,066,Unknown (cid 066),local,resolved_local,trusted_basic,182,direct movement predicate; same-bank route; root motion decoded; source is neutral-like; no active offensive cells on destination slot
066,Unknown (cid 066),forward_step_candidate,266,268,07FD,(any:forward),True,True,True,True,decoded_root_motion,2,1,37,,,,unknown_from_static_bytecode,unknown,066,Unknown (cid 066),local,resolved_local,unresolved,155,offensive cells exist and no static return/recovery frame is known
066,Unknown (cid 066),forward_step_candidate,269,270,07F0,(any:forward),True,True,True,True,decoded_root_motion,2,2,15,,,,unknown_from_static_bytecode,unknown,066,Unknown (cid 066),local,resolved_local,unresolved,155,offensive cells exist and no static return/recovery frame is known
066,Unknown (cid 066),forward_step_candidate,1870,1504,1491,(any:forward),True,True,True,False,unknown_without_root_motion_decode,0,0,,,,,unknown_from_static_bytecode,unknown,066,Unknown (cid 066),move_bucket_2,resolved_move_bucket,unresolved,113,root motion did not decode with high confidence
066,Unknown (cid 066),forward_step_candidate,168,336,03FA,(any:forward),False,False,True,True,decoded_root_motion,1,0,,,,,unknown_from_static_bytecode,unknown,066,Unknown (cid 066),local,resolved_local,measured_but_not_basic,155,source is not proven neutral or stance-root basic movement
066,Unknown (cid 066),forward_step_candidate,2777,361,0227,(any:forward),False,False,True,True,decoded_root_motion,1,1,17,,,,unknown_from_static_bytecode,unknown,066,Unknown (cid 066),local,resolved_local,unresolved,155,offensive cells exist and no static return/recovery frame is known
066,Unknown (cid 066),forward_step_candidate,2777,364,07EE,(any:forward),False,False,True,True,decoded_root_motion,1,1,15,,,,unknown_from_static_bytecode,unknown,066,Unknown (cid 066),local,resolved_local,unresolved,155,offensive cells exist and no static return/recovery frame is known
066,Unknown (cid 066),forward_step_candidate,2777,367,0227,(any:forward),False,False,True,True,decoded_root_motion,1,1,17,,,,unknown_from_static_bytecode,unknown,066,Unknown (cid 066),local,resolved_local,unresolved,155,offensive cells exist and no static return/recovery frame is known
066,Unknown (cid 066),forward_step_candidate,2777,370,07EE,(any:forward),False,False,True,True,decoded_root_motion,1,1,15,,,,unknown_from_static_bytecode,unknown,066,Unknown (cid 066),local,resolved_local,unresolved,155,offensive cells exist and no static return/recovery frame is known
066,Unknown (cid 066),forward_step_candidate,1871,2173,1254,(any:forward),False,False,True,False,unknown_without_root_motion_decode,0,0,,,,,unknown_from_static_bytecode,unknown,066,Unknown (cid 066),move_bucket_2,resolved_move_bucket,unresolved,113,root motion did not decode with high confidence
066,Unknown (cid 066),forward_step_candidate,2004,2179,15DF,(any:forward),False,False,True,False,unknown_without_root_motion_decode,0,0,,,,,unknown_from_static_bytecode,unknown,066,Unknown (cid 066),move_bucket_2,resolved_move_bucket,unresolved,113,root motion did not decode with high confidence
066,Unknown (cid 066),forward_step_candidate,2006,2179,15DF,(any:forward),False,False,True,False,unknown_without_root_motion_decode,0,0,,,,,unknown_from_static_bytecode,unknown,066,Unknown (cid 066),move_bucket_2,resolved_move_bucket,unresolved,113,root motion did not decode with high confidence
066,Unknown (cid 066),forward_step_candidate,2061,2182,1168,(any:forward),False,False,True,False,unknown_without_root_motion_decode,0,0,,,,,unknown_from_static_bytecode,unknown,066,Unknown (cid 066),move_bucket_2,resolved_move_bucket,unresolved,113,root motion did not decode with high confidence
066,Unknown (cid 066),forward_step_candidate,2101,2184,1251,(any:forward),False,False,True,False,unknown_without_root_motion_decode,0,0,,,,,unknown_from_static_bytecode,unknown,066,Unknown (cid 066),move_bucket_2,resolved_move_bucket,unresolved,113,root motion did not decode with high confidence
066,Unknown (cid 066),sidestep_down_candidate,257,259,012D,(any:down),True,True,True,True,decoded_root_motion,0,0,,,,,unknown_from_static_bytecode,unknown,066,Unknown (cid 066),local,resolved_local,trusted_basic,205,direct movement predicate; same-bank route; root motion decoded; source is neutral-like; no active offensive cells on destination slot
066,Unknown (cid 066),sidestep_down_candidate,269,272,012E,(any:down),True,True,True,True,decoded_root_motion,0,0,,,,,unknown_from_static_bytecode,unknown,066,Unknown (cid 066),local,resolved_local,trusted_basic,205,direct movement predicate; same-bank route; root motion decoded; source is neutral-like; no active offensive cells on destination slot
066,Unknown (cid 066),sidestep_down_candidate,1336,1316,0057,(any:down),False,False,True,True,decoded_root_motion,0,0,,,,,unknown_from_static_bytecode,unknown,066,Unknown (cid 066),move_bucket_2,resolved_move_bucket,measured_but_not_basic,155,source is not proven neutral or stance-root basic movement
066,Unknown (cid 066),sidestep_down_candidate,2452,383,030B,(any:down),False,False,True,True,decoded_root_motion,0,0,,,,,unknown_from_static_bytecode,unknown,066,Unknown (cid 066),local,resolved_local,measured_but_not_basic,155,source is not proven neutral or stance-root basic movement
066,Unknown (cid 066),sidestep_down_candidate,2452,383,030B,(any:down),False,False,True,True,decoded_root_motion,0,0,,,,,unknown_from_static_bytecode,unknown,066,Unknown (cid 066),local,resolved_local,measured_but_not_basic,155,source is not proven neutral or stance-root basic movement
066,Unknown (cid 066),sidestep_down_candidate,2779,361,0227,(any:down),False,False,True,True,decoded_root_motion,1,1,17,,,,unknown_from_static_bytecode,unknown,066,Unknown (cid 066),local,resolved_local,unresolved,155,offensive cells exist and no static return/recovery frame is known
066,Unknown (cid 066),sidestep_down_candidate,2779,363,0769,(any:down),False,False,True,True,decoded_root_motion,1,1,17,,,,unknown_from_static_bytecode,unknown,066,Unknown (cid 066),local,resolved_local,unresolved,155,offensive cells exist and no static return/recovery frame is known
066,Unknown (cid 066),sidestep_down_candidate,2779,364,07EE,(any:down),False,False,True,True,decoded_root_motion,1,1,15,,,,unknown_from_static_bytecode,unknown,066,Unknown (cid 066),local,resolved_local,unresolved,155,offensive cells exist and no static return/recovery frame is known
066,Unknown (cid 066),sidestep_up_candidate,263,264,076C,(any:up),True,True,True,True,decoded_root_motion,1,1,23,,,,unknown_from_static_bytecode,unknown,066,Unknown (cid 066),local,resolved_local,unresolved,155,offensive cells exist and no static return/recovery frame is known
066,Unknown (cid 066),sidestep_up_candidate,266,267,076C,(any:up),True,True,True,True,decoded_root_motion,1,1,24,,,,unknown_from_static_bytecode,unknown,066,Unknown (cid 066),local,resolved_local,unresolved,155,offensive cells exist and no static return/recovery frame is known
066,Unknown (cid 066),sidestep_up_candidate,269,271,0206,(any:up),True,True,True,True,decoded_root_motion,1,1,19,,,,unknown_from_static_bytecode,unknown,066,Unknown (cid 066),local,resolved_local,unresolved,155,offensive cells exist and no static return/recovery frame is known
066,Unknown (cid 066),sidestep_up_candidate,275,276,07EE,(any:up),True,True,True,True,decoded_root_motion,1,1,15,,,,unknown_from_static_bytecode,unknown,066,Unknown (cid 066),local,resolved_local,unresolved,155,offensive cells exist and no static return/recovery frame is known
066,Unknown (cid 066),sidestep_up_candidate,299,276,07EE,(any:up),False,False,True,True,decoded_root_motion,1,1,15,,,,unknown_from_static_bytecode,unknown,066,Unknown (cid 066),local,resolved_local,unresolved,155,offensive cells exist and no static return/recovery frame is known
066,Unknown (cid 066),sidestep_up_candidate,308,276,07EE,(any:up),False,False,True,True,decoded_root_motion,1,1,15,,,,unknown_from_static_bytecode,unknown,066,Unknown (cid 066),local,resolved_local,unresolved,155,offensive cells exist and no static return/recovery frame is known
066,Unknown (cid 066),sidestep_up_candidate,2777,363,0769,(any:up),False,False,True,True,decoded_root_motion,1,1,17,,,,unknown_from_static_bytecode,unknown,066,Unknown (cid 066),local,resolved_local,unresolved,155,offensive cells exist and no static return/recovery frame is known
066,Unknown (cid 066),sidestep_up_candidate,2777,369,0769,(any:up),False,False,True,True,decoded_root_motion,1,1,17,,,,unknown_from_static_bytecode,unknown,066,Unknown (cid 066),local,resolved_local,unresolved,155,offensive cells exist and no static return/recovery frame is known
