cid,character,slot,animation_hex,cell_index,role,active_start,active_end,has_offensive_hit,has_throw_or_special,has_non_offensive_metadata_or_body,confidence,reason
001,Mitsurugi,418,02DE,191,offensive_attack,15,16,True,False,False,confirmed_static_data,"High Strike cell, damage=20, active=15-16"
001,Mitsurugi,418,02DE,191,offensive_attack,15,16,True,False,False,confirmed_static_data,"High Strike cell, damage=20, active=15-16"
001,Mitsurugi,418,02DE,191,offensive_attack,15,16,True,False,False,confirmed_static_data,"High Strike cell, damage=20, active=15-16"
001,Mitsurugi,418,02DE,191,offensive_attack,15,16,True,False,False,confirmed_static_data,"High Strike cell, damage=20, active=15-16"
001,Mitsurugi,418,02DE,191,offensive_attack,15,16,True,False,False,confirmed_static_data,"High Strike cell, damage=20, active=15-16"
001,Mitsurugi,418,02DE,191,offensive_attack,15,16,True,False,False,confirmed_static_data,"High Strike cell, damage=20, active=15-16"
001,Mitsurugi,420,019D,192,offensive_attack,9,11,True,False,False,confirmed_static_data,"High Strike cell, damage=20, active=9-11"
001,Mitsurugi,421,019D,193,offensive_attack,9,11,True,False,False,confirmed_static_data,"High Strike cell, damage=38, active=9-11"
001,Mitsurugi,259,0318,26,offensive_attack,41,43,True,False,False,confirmed_static_data,"High Strike cell, damage=30, active=41-43"
001,Mitsurugi,259,0318,27,offensive_attack,41,43,True,False,False,confirmed_static_data,"High Strike cell, damage=30, active=41-43"
001,Mitsurugi,474,01DC,229,offensive_attack,28,30,True,False,False,confirmed_static_data,"High Strike cell, damage=14, active=28-30"
001,Mitsurugi,475,01DB,230,offensive_attack,20,22,True,False,False,confirmed_static_data,"High Strike cell, damage=34, active=20-22"
001,Mitsurugi,424,019C,197,nondamaging,,,False,False,True,confirmed_static_data,NonDamaging cell is non-damage metadata/body data until a narrower role is proven
001,Mitsurugi,424,019C,197,nondamaging,,,False,False,True,confirmed_static_data,NonDamaging cell is non-damage metadata/body data until a narrower role is proven
001,Mitsurugi,424,019C,197,nondamaging,,,False,False,True,confirmed_static_data,NonDamaging cell is non-damage metadata/body data until a narrower role is proven
001,Mitsurugi,424,019C,197,nondamaging,,,False,False,True,confirmed_static_data,NonDamaging cell is non-damage metadata/body data until a narrower role is proven
001,Mitsurugi,424,019C,197,nondamaging,,,False,False,True,confirmed_static_data,NonDamaging cell is non-damage metadata/body data until a narrower role is proven
001,Mitsurugi,424,019C,197,nondamaging,,,False,False,True,confirmed_static_data,NonDamaging cell is non-damage metadata/body data until a narrower role is proven
001,Mitsurugi,424,019C,197,nondamaging,,,False,False,True,confirmed_static_data,NonDamaging cell is non-damage metadata/body data until a narrower role is proven
001,Mitsurugi,424,019C,197,nondamaging,,,False,False,True,confirmed_static_data,NonDamaging cell is non-damage metadata/body data until a narrower role is proven
001,Mitsurugi,425,019E,198,offensive_attack,11,13,True,False,False,confirmed_static_data,"Mid Strike cell, damage=55, active=11-13"
001,Mitsurugi,425,019E,198,offensive_attack,11,13,True,False,False,confirmed_static_data,"Mid Strike cell, damage=55, active=11-13"
001,Mitsurugi,456,01C4,213,offensive_attack,27,29,True,False,False,confirmed_static_data,"Mid Strike cell, damage=36, active=27-29"
001,Mitsurugi,456,01C4,213,offensive_attack,27,29,True,False,False,confirmed_static_data,"Mid Strike cell, damage=36, active=27-29"
001,Mitsurugi,315,0191,98,offensive_attack,26,28,True,False,False,confirmed_static_data,"Mid Strike cell, damage=24, active=26-28"
001,Mitsurugi,315,0191,99,offensive_attack,25,28,True,False,False,confirmed_static_data,"Mid Strike cell, damage=24, active=25-28"
001,Mitsurugi,422,02D0,194,offensive_attack,19,21,True,False,False,confirmed_static_data,"Mid Strike cell, damage=26, active=19-21"
001,Mitsurugi,422,02D0,194,offensive_attack,19,21,True,False,False,confirmed_static_data,"Mid Strike cell, damage=26, active=19-21"
001,Mitsurugi,422,02D0,194,offensive_attack,19,21,True,False,False,confirmed_static_data,"Mid Strike cell, damage=26, active=19-21"
001,Mitsurugi,422,02D0,194,offensive_attack,19,21,True,False,False,confirmed_static_data,"Mid Strike cell, damage=26, active=19-21"
001,Mitsurugi,422,02D0,194,offensive_attack,19,21,True,False,False,confirmed_static_data,"Mid Strike cell, damage=26, active=19-21"
001,Mitsurugi,418,02DE,191,offensive_attack,15,16,True,False,False,confirmed_static_data,"High Strike cell, damage=20, active=15-16"
001,Mitsurugi,423,0316,195,offensive_attack,13,15,True,False,False,confirmed_static_data,"Mid Super_or_Other cell, damage=16, active=13-15"
001,Mitsurugi,423,0316,196,offensive_attack,25,26,True,False,False,confirmed_static_data,"Unblockable Super_or_Other cell, damage=22, active=25-26"
001,Mitsurugi,448,01E7,206,offensive_attack,10,11,True,False,False,confirmed_static_data,"High Strike cell, damage=8, active=10-11"
001,Mitsurugi,448,01E7,207,offensive_attack,10,11,True,False,False,confirmed_static_data,"High Strike cell, damage=8, active=10-11"
001,Mitsurugi,385,0203,176,nondamaging,17,18,False,False,True,confirmed_static_data,NonDamaging cell is non-damage metadata/body data until a narrower role is proven
001,Mitsurugi,303,02D6,84,offensive_attack,26,28,True,False,False,confirmed_static_data,"Mid Strike cell, damage=22, active=26-28"
001,Mitsurugi,303,02D6,85,offensive_attack,27,28,True,False,False,confirmed_static_data,"Mid Strike cell, damage=22, active=27-28"
001,Mitsurugi,401,016F,186,offensive_attack,13,14,True,False,False,confirmed_static_data,"Mid Strike cell, damage=60, active=13-14"
001,Mitsurugi,403,016F,188,offensive_attack,13,14,True,False,False,confirmed_static_data,"Mid Strike cell, damage=60, active=13-14"
001,Mitsurugi,455,0282,212,offensive_attack,16,17,True,False,False,confirmed_static_data,"High Strike cell, damage=28, active=16-17"
001,Mitsurugi,418,02DE,191,offensive_attack,15,16,True,False,False,confirmed_static_data,"High Strike cell, damage=20, active=15-16"
001,Mitsurugi,423,0316,195,offensive_attack,13,15,True,False,False,confirmed_static_data,"Mid Super_or_Other cell, damage=16, active=13-15"
001,Mitsurugi,423,0316,196,offensive_attack,25,26,True,False,False,confirmed_static_data,"Unblockable Super_or_Other cell, damage=22, active=25-26"
001,Mitsurugi,418,02DE,191,offensive_attack,15,16,True,False,False,confirmed_static_data,"High Strike cell, damage=20, active=15-16"
001,Mitsurugi,423,0316,195,offensive_attack,13,15,True,False,False,confirmed_static_data,"Mid Super_or_Other cell, damage=16, active=13-15"
001,Mitsurugi,423,0316,196,offensive_attack,25,26,True,False,False,confirmed_static_data,"Unblockable Super_or_Other cell, damage=22, active=25-26"
001,Mitsurugi,446,028A,203,offensive_attack,23,25,True,False,False,confirmed_static_data,"High Strike cell, damage=28, active=23-25"
001,Mitsurugi,454,01CD,211,offensive_attack,15,17,True,False,False,confirmed_static_data,"Mid Grab cell, damage=16, active=15-17"
001,Mitsurugi,446,028A,203,offensive_attack,23,25,True,False,False,confirmed_static_data,"High Strike cell, damage=28, active=23-25"
001,Mitsurugi,454,01CD,211,offensive_attack,15,17,True,False,False,confirmed_static_data,"Mid Grab cell, damage=16, active=15-17"
001,Mitsurugi,396,0259,181,offensive_attack,13,15,True,False,False,confirmed_static_data,"High Strike cell, damage=12, active=13-15"
001,Mitsurugi,404,026D,189,offensive_attack,17,19,True,False,False,confirmed_static_data,"Mid Grab cell, damage=16, active=17-19"
001,Mitsurugi,396,0259,181,offensive_attack,13,15,True,False,False,confirmed_static_data,"High Strike cell, damage=12, active=13-15"
001,Mitsurugi,400,016F,185,offensive_attack,15,16,True,False,False,confirmed_static_data,"Mid Strike cell, damage=40, active=15-16"
001,Mitsurugi,423,0316,195,offensive_attack,13,15,True,False,False,confirmed_static_data,"Mid Super_or_Other cell, damage=16, active=13-15"
001,Mitsurugi,423,0316,196,offensive_attack,25,26,True,False,False,confirmed_static_data,"Unblockable Super_or_Other cell, damage=22, active=25-26"
001,Mitsurugi,423,0316,195,offensive_attack,13,15,True,False,False,confirmed_static_data,"Mid Super_or_Other cell, damage=16, active=13-15"
001,Mitsurugi,423,0316,196,offensive_attack,25,26,True,False,False,confirmed_static_data,"Unblockable Super_or_Other cell, damage=22, active=25-26"
001,Mitsurugi,423,0316,195,offensive_attack,13,15,True,False,False,confirmed_static_data,"Mid Super_or_Other cell, damage=16, active=13-15"
001,Mitsurugi,423,0316,196,offensive_attack,25,26,True,False,False,confirmed_static_data,"Unblockable Super_or_Other cell, damage=22, active=25-26"
001,Mitsurugi,423,0316,195,offensive_attack,13,15,True,False,False,confirmed_static_data,"Mid Super_or_Other cell, damage=16, active=13-15"
001,Mitsurugi,423,0316,196,offensive_attack,25,26,True,False,False,confirmed_static_data,"Unblockable Super_or_Other cell, damage=22, active=25-26"
001,Mitsurugi,423,0316,195,offensive_attack,13,15,True,False,False,confirmed_static_data,"Mid Super_or_Other cell, damage=16, active=13-15"
001,Mitsurugi,423,0316,196,offensive_attack,25,26,True,False,False,confirmed_static_data,"Unblockable Super_or_Other cell, damage=22, active=25-26"
001,Mitsurugi,422,02D0,194,offensive_attack,19,21,True,False,False,confirmed_static_data,"Mid Strike cell, damage=26, active=19-21"
001,Mitsurugi,405,0294,190,offensive_attack,17,19,True,False,False,confirmed_static_data,"Mid Grab cell, damage=16, active=17-19"
001,Mitsurugi,422,02D0,194,offensive_attack,19,21,True,False,False,confirmed_static_data,"Mid Strike cell, damage=26, active=19-21"
001,Mitsurugi,422,02D0,194,offensive_attack,19,21,True,False,False,confirmed_static_data,"Mid Strike cell, damage=26, active=19-21"
001,Mitsurugi,400,016F,185,offensive_attack,15,16,True,False,False,confirmed_static_data,"Mid Strike cell, damage=40, active=15-16"
002,Seong Mi-na,259,00FE,25,offensive_attack,35,37,True,False,False,confirmed_static_data,"Mid Strike cell, damage=26, active=35-37"
002,Seong Mi-na,270,0188,35,offensive_attack,23,25,True,False,False,confirmed_static_data,"Mid Strike cell, damage=12, active=23-25"
002,Seong Mi-na,284,0285,49,offensive_attack,19,22,True,False,False,confirmed_static_data,"Mid Strike cell, damage=20, active=19-22"
002,Seong Mi-na,284,0285,50,offensive_attack,19,22,True,False,False,confirmed_static_data,"Mid Strike cell, damage=28, active=19-22"
002,Seong Mi-na,344,0200,119,offensive_attack,27,30,True,False,False,confirmed_static_data,"Mid Strike cell, damage=16, active=27-30"
002,Seong Mi-na,455,0177,255,offensive_attack,37,40,True,False,False,confirmed_static_data,"Mid Strike cell, damage=30, active=37-40"
002,Seong Mi-na,316,017A,83,offensive_attack,9,17,True,False,False,confirmed_static_data,"Mid Strike cell, damage=5, active=9-17"
002,Seong Mi-na,430,02F7,217,offensive_attack,19,22,True,False,False,confirmed_static_data,"High Strike cell, damage=20, active=19-22"
002,Seong Mi-na,430,02F7,218,offensive_attack,19,22,True,False,False,confirmed_static_data,"High Strike cell, damage=32, active=19-22"
002,Seong Mi-na,431,02F8,219,offensive_attack,21,22,True,False,False,confirmed_static_data,"Mid Strike cell, damage=22, active=21-22"
002,Seong Mi-na,431,02F8,220,offensive_attack,21,22,True,False,False,confirmed_static_data,"Mid Strike cell, damage=34, active=21-22"
002,Seong Mi-na,434,02F7,222,offensive_attack,19,21,True,False,False,confirmed_static_data,"High Strike cell, damage=20, active=19-21"
002,Seong Mi-na,434,02F7,223,offensive_attack,19,21,True,False,False,confirmed_static_data,"High Strike cell, damage=32, active=19-21"
002,Seong Mi-na,435,02F8,224,offensive_attack,21,22,True,False,False,confirmed_static_data,"Mid Strike cell, damage=22, active=21-22"
002,Seong Mi-na,435,02F8,225,offensive_attack,21,22,True,False,False,confirmed_static_data,"Mid Strike cell, damage=34, active=21-22"
002,Seong Mi-na,393,02EE,185,offensive_attack,17,18,True,False,False,confirmed_static_data,"Mid Strike cell, damage=16, active=17-18"
002,Seong Mi-na,398,00BC,191,offensive_attack,37,38,True,False,False,confirmed_static_data,"Mid Strike cell, damage=44, active=37-38"
002,Seong Mi-na,400,00BC,193,offensive_attack,37,38,True,False,False,confirmed_static_data,"Mid Strike cell, damage=52, active=37-38"
002,Seong Mi-na,432,02F2,221,offensive_attack,35,36,True,False,False,confirmed_static_data,"Mid Grab cell, damage=35, active=35-36"
002,Seong Mi-na,436,02F2,226,offensive_attack,30,31,True,False,False,confirmed_static_data,"Mid Grab cell, damage=35, active=30-31"
002,Seong Mi-na,260,0006,26,offensive_attack,26,28,True,False,False,confirmed_static_data,"Mid Strike cell, damage=30, active=26-28"
002,Seong Mi-na,275,0287,39,offensive_attack,21,22,True,False,False,confirmed_static_data,"Mid Strike cell, damage=12, active=21-22"
002,Seong Mi-na,275,0287,40,offensive_attack,21,22,True,False,False,confirmed_static_data,"Mid Strike cell, damage=12, active=21-22"
002,Seong Mi-na,336,016A,107,offensive_attack,30,31,True,False,False,confirmed_static_data,"Mid Strike cell, damage=22, active=30-31"
002,Seong Mi-na,359,016E,136,offensive_attack,86,88,True,False,False,confirmed_static_data,"Mid Strike cell, damage=60, active=86-88"
002,Seong Mi-na,379,02EF,165,offensive_attack,19,20,True,False,False,confirmed_static_data,"Mid Strike cell, damage=35, active=19-20"
002,Seong Mi-na,379,02EF,166,offensive_attack,19,20,True,False,False,confirmed_static_data,"Mid Strike cell, damage=35, active=19-20"
002,Seong Mi-na,453,02E5,251,offensive_attack,38,39,True,False,False,confirmed_static_data,"Mid Strike cell, damage=28, active=38-39"
002,Seong Mi-na,453,02E5,252,offensive_attack,36,39,True,False,False,confirmed_static_data,"Mid Strike cell, damage=28, active=36-39"
002,Seong Mi-na,402,0279,195,nondamaging,17,18,False,False,True,confirmed_static_data,NonDamaging cell is non-damage metadata/body data until a narrower role is proven
002,Seong Mi-na,313,00DC,81,offensive_attack,26,31,True,False,False,confirmed_static_data,"High Strike cell, damage=20, active=26-31"
002,Seong Mi-na,413,00D1,200,offensive_attack,15,16,True,False,False,confirmed_static_data,"Mid Strike cell, damage=30, active=15-16"
002,Seong Mi-na,413,00D1,201,offensive_attack,15,16,True,False,False,confirmed_static_data,"Mid Strike cell, damage=42, active=15-16"
002,Seong Mi-na,414,00D1,202,offensive_attack,15,16,True,False,False,confirmed_static_data,"Mid Strike cell, damage=46, active=15-16"
002,Seong Mi-na,454,02E5,253,offensive_attack,41,42,True,False,False,confirmed_static_data,"Mid Strike cell, damage=35, active=41-42"
002,Seong Mi-na,454,02E5,254,offensive_attack,39,42,True,False,False,confirmed_static_data,"Mid Strike cell, damage=35, active=39-42"
002,Seong Mi-na,390,0227,180,offensive_attack,39,40,True,False,False,confirmed_static_data,"Mid Strike cell, damage=52, active=39-40"
002,Seong Mi-na,390,0227,181,offensive_attack,37,40,True,False,False,confirmed_static_data,"Mid Strike cell, damage=52, active=37-40"
002,Seong Mi-na,390,0227,180,offensive_attack,39,40,True,False,False,confirmed_static_data,"Mid Strike cell, damage=52, active=39-40"
002,Seong Mi-na,390,0227,181,offensive_attack,37,40,True,False,False,confirmed_static_data,"Mid Strike cell, damage=52, active=37-40"
002,Seong Mi-na,397,00BC,190,offensive_attack,37,38,True,False,False,confirmed_static_data,"Mid Strike cell, damage=40, active=37-38"
002,Seong Mi-na,384,002D,174,offensive_attack,21,22,True,False,False,confirmed_static_data,"Mid Grab cell, damage=10, active=21-22"
003,Taki,493,01A8,221,nondamaging,17,18,False,False,True,confirmed_static_data,NonDamaging cell is non-damage metadata/body data until a narrower role is proven
003,Taki,430,01E9,188,nondamaging,9,17,False,False,True,confirmed_static_data,NonDamaging cell is non-damage metadata/body data until a narrower role is proven
003,Taki,430,01E9,188,nondamaging,9,17,False,False,True,confirmed_static_data,NonDamaging cell is non-damage metadata/body data until a narrower role is proven
003,Taki,430,01E9,188,nondamaging,9,17,False,False,True,confirmed_static_data,NonDamaging cell is non-damage metadata/body data until a narrower role is proven
003,Taki,430,01E9,188,nondamaging,9,17,False,False,True,confirmed_static_data,NonDamaging cell is non-damage metadata/body data until a narrower role is proven
003,Taki,430,01E9,188,nondamaging,9,17,False,False,True,confirmed_static_data,NonDamaging cell is non-damage metadata/body data until a narrower role is proven
003,Taki,274,01AC,39,offensive_attack,21,23,True,False,False,confirmed_static_data,"Mid Strike cell, damage=15, active=21-23"
003,Taki,290,0188,53,offensive_attack,14,16,True,False,False,confirmed_static_data,"High Strike cell, damage=10, active=14-16"
003,Taki,290,0188,54,offensive_attack,14,16,True,False,False,confirmed_static_data,"High Strike cell, damage=10, active=14-16"
003,Taki,495,002C,223,offensive_attack,21,22,True,False,False,confirmed_static_data,"High Strike cell, damage=16, active=21-22"
003,Taki,498,00C6,226,offensive_attack,21,22,True,False,False,confirmed_static_data,"High Strike cell, damage=16, active=21-22"
003,Taki,486,012A,213,offensive_attack,19,22,True,False,False,confirmed_static_data,"Mid Strike cell, damage=30, active=19-22"
003,Taki,495,002C,223,offensive_attack,21,22,True,False,False,confirmed_static_data,"High Strike cell, damage=16, active=21-22"
003,Taki,498,00C6,226,offensive_attack,21,22,True,False,False,confirmed_static_data,"High Strike cell, damage=16, active=21-22"
003,Taki,486,012A,213,offensive_attack,19,22,True,False,False,confirmed_static_data,"Mid Strike cell, damage=30, active=19-22"
003,Taki,495,002C,223,offensive_attack,21,22,True,False,False,confirmed_static_data,"High Strike cell, damage=16, active=21-22"
003,Taki,498,00C6,226,offensive_attack,21,22,True,False,False,confirmed_static_data,"High Strike cell, damage=16, active=21-22"
003,Taki,519,0133,245,offensive_attack,17,19,True,False,False,confirmed_static_data,"Mid Strike cell, damage=22, active=17-19"
003,Taki,520,01A5,246,offensive_attack,17,19,True,False,False,confirmed_static_data,"Mid Strike cell, damage=22, active=17-19"
003,Taki,530,0272,254,offensive_attack,46,48,True,False,False,confirmed_static_data,"Mid Strike cell, damage=35, active=46-48"
003,Taki,530,0272,254,offensive_attack,46,48,True,False,False,confirmed_static_data,"Mid Strike cell, damage=35, active=46-48"
003,Taki,569,0217,285,offensive_attack,27,29,True,False,False,confirmed_static_data,"High Strike cell, damage=14, active=27-29"
003,Taki,570,01AE,286,offensive_attack,25,26,True,False,False,confirmed_static_data,"Mid Strike cell, damage=10, active=25-26"
003,Taki,520,01A5,246,offensive_attack,17,19,True,False,False,confirmed_static_data,"Mid Strike cell, damage=22, active=17-19"
003,Taki,519,0133,245,offensive_attack,17,19,True,False,False,confirmed_static_data,"Mid Strike cell, damage=22, active=17-19"
003,Taki,530,0272,254,offensive_attack,46,48,True,False,False,confirmed_static_data,"Mid Strike cell, damage=35, active=46-48"
003,Taki,530,0272,254,offensive_attack,46,48,True,False,False,confirmed_static_data,"Mid Strike cell, damage=35, active=46-48"
003,Taki,486,012A,213,offensive_attack,19,22,True,False,False,confirmed_static_data,"Mid Strike cell, damage=30, active=19-22"
003,Taki,495,002C,223,offensive_attack,21,22,True,False,False,confirmed_static_data,"High Strike cell, damage=16, active=21-22"
003,Taki,498,00C6,226,offensive_attack,21,22,True,False,False,confirmed_static_data,"High Strike cell, damage=16, active=21-22"
003,Taki,486,012A,213,offensive_attack,19,22,True,False,False,confirmed_static_data,"Mid Strike cell, damage=30, active=19-22"
003,Taki,495,002C,223,offensive_attack,21,22,True,False,False,confirmed_static_data,"High Strike cell, damage=16, active=21-22"
003,Taki,498,00C6,226,offensive_attack,21,22,True,False,False,confirmed_static_data,"High Strike cell, damage=16, active=21-22"
003,Taki,530,0272,254,offensive_attack,46,48,True,False,False,confirmed_static_data,"Mid Strike cell, damage=35, active=46-48"
003,Taki,530,0272,254,offensive_attack,46,48,True,False,False,confirmed_static_data,"Mid Strike cell, damage=35, active=46-48"
003,Taki,530,0272,254,offensive_attack,46,48,True,False,False,confirmed_static_data,"Mid Strike cell, damage=35, active=46-48"
003,Taki,530,0272,254,offensive_attack,46,48,True,False,False,confirmed_static_data,"Mid Strike cell, damage=35, active=46-48"
003,Taki,415,012A,173,offensive_attack,18,22,True,False,False,confirmed_static_data,"Mid Strike cell, damage=26, active=18-22"
003,Taki,415,012A,173,offensive_attack,18,22,True,False,False,confirmed_static_data,"Mid Strike cell, damage=26, active=18-22"
003,Taki,530,0272,254,offensive_attack,46,48,True,False,False,confirmed_static_data,"Mid Strike cell, damage=35, active=46-48"
003,Taki,530,0272,254,offensive_attack,46,48,True,False,False,confirmed_static_data,"Mid Strike cell, damage=35, active=46-48"
003,Taki,520,01A5,246,offensive_attack,17,19,True,False,False,confirmed_static_data,"Mid Strike cell, damage=22, active=17-19"
003,Taki,519,0133,245,offensive_attack,17,19,True,False,False,confirmed_static_data,"Mid Strike cell, damage=22, active=17-19"
003,Taki,454,002A,195,offensive_attack,5,6,True,False,False,confirmed_static_data,"High Strike cell, damage=10, active=5-6"
003,Taki,454,002A,195,offensive_attack,5,6,True,False,False,confirmed_static_data,"High Strike cell, damage=10, active=5-6"
003,Taki,415,012A,173,offensive_attack,18,22,True,False,False,confirmed_static_data,"Mid Strike cell, damage=26, active=18-22"
003,Taki,415,012A,173,offensive_attack,18,22,True,False,False,confirmed_static_data,"Mid Strike cell, damage=26, active=18-22"
003,Taki,536,002F,259,offensive_attack,43,45,True,False,False,confirmed_static_data,"Mid Grab cell, damage=10, active=43-45"
003,Taki,520,01A5,246,offensive_attack,17,19,True,False,False,confirmed_static_data,"Mid Strike cell, damage=22, active=17-19"
003,Taki,519,0133,245,offensive_attack,17,19,True,False,False,confirmed_static_data,"Mid Strike cell, damage=22, active=17-19"
003,Taki,470,02B2,203,offensive_attack,11,13,True,False,False,confirmed_static_data,"High Strike cell, damage=10, active=11-13"
003,Taki,486,012A,213,offensive_attack,19,22,True,False,False,confirmed_static_data,"Mid Strike cell, damage=30, active=19-22"
003,Taki,495,002C,223,offensive_attack,21,22,True,False,False,confirmed_static_data,"High Strike cell, damage=16, active=21-22"
003,Taki,498,00C6,226,offensive_attack,21,22,True,False,False,confirmed_static_data,"High Strike cell, damage=16, active=21-22"
003,Taki,470,02B2,203,offensive_attack,11,13,True,False,False,confirmed_static_data,"High Strike cell, damage=10, active=11-13"
003,Taki,486,012A,213,offensive_attack,19,22,True,False,False,confirmed_static_data,"Mid Strike cell, damage=30, active=19-22"
003,Taki,495,002C,223,offensive_attack,21,22,True,False,False,confirmed_static_data,"High Strike cell, damage=16, active=21-22"
003,Taki,498,00C6,226,offensive_attack,21,22,True,False,False,confirmed_static_data,"High Strike cell, damage=16, active=21-22"
003,Taki,507,01AE,235,offensive_attack,22,24,True,False,False,confirmed_static_data,"Mid Strike cell, damage=10, active=22-24"
003,Taki,544,00DE,264,offensive_attack,21,24,True,False,False,confirmed_static_data,"Mid Strike cell, damage=10, active=21-24"
003,Taki,479,012D,211,offensive_attack,45,46,True,False,False,confirmed_static_data,"Mid Strike cell, damage=60, active=45-46"
003,Taki,479,012D,211,offensive_attack,45,46,True,False,False,confirmed_static_data,"Mid Strike cell, damage=60, active=45-46"
003,Taki,277,01B9,41,offensive_attack,14,15,True,False,False,confirmed_static_data,"Mid Strike cell, damage=8, active=14-15"
003,Taki,293,012E,56,offensive_attack,15,17,True,False,False,confirmed_static_data,"Mid Strike cell, damage=12, active=15-17"
003,Taki,296,02B4,57,offensive_attack,19,21,True,False,False,confirmed_static_data,"Mid Strike cell, damage=10, active=19-21"
003,Taki,296,02B4,58,offensive_attack,19,21,True,False,False,confirmed_static_data,"Mid Strike cell, damage=10, active=19-21"
003,Taki,487,0219,214,offensive_attack,19,20,True,False,False,confirmed_static_data,"Mid Strike cell, damage=18, active=19-20"
003,Taki,501,0025,229,offensive_attack,19,21,True,False,False,confirmed_static_data,"Mid Strike cell, damage=15, active=19-21"
003,Taki,501,0025,229,offensive_attack,19,21,True,False,False,confirmed_static_data,"Mid Strike cell, damage=15, active=19-21"
003,Taki,487,0219,214,offensive_attack,19,20,True,False,False,confirmed_static_data,"Mid Strike cell, damage=18, active=19-20"
003,Taki,501,0025,229,offensive_attack,19,21,True,False,False,confirmed_static_data,"Mid Strike cell, damage=15, active=19-21"
003,Taki,501,0025,229,offensive_attack,19,21,True,False,False,confirmed_static_data,"Mid Strike cell, damage=15, active=19-21"
003,Taki,487,0219,214,offensive_attack,19,20,True,False,False,confirmed_static_data,"Mid Strike cell, damage=18, active=19-20"
003,Taki,501,0025,229,offensive_attack,19,21,True,False,False,confirmed_static_data,"Mid Strike cell, damage=15, active=19-21"
003,Taki,501,0025,229,offensive_attack,19,21,True,False,False,confirmed_static_data,"Mid Strike cell, damage=15, active=19-21"
003,Taki,521,00CA,247,offensive_attack,25,27,True,False,False,confirmed_static_data,"Mid Strike cell, damage=30, active=25-27"
003,Taki,521,00CA,247,offensive_attack,25,27,True,False,False,confirmed_static_data,"Mid Strike cell, damage=30, active=25-27"
003,Taki,531,0275,255,offensive_attack,52,61,True,False,False,confirmed_static_data,"Mid Strike cell, damage=55, active=52-61"
003,Taki,531,0275,255,offensive_attack,52,61,True,False,False,confirmed_static_data,"Mid Strike cell, damage=55, active=52-61"
003,Taki,425,0109,178,nondamaging,17,18,False,False,True,confirmed_static_data,NonDamaging cell is non-damage metadata/body data until a narrower role is proven
003,Taki,425,0109,179,nondamaging,17,18,False,False,True,confirmed_static_data,NonDamaging cell is non-damage metadata/body data until a narrower role is proven
003,Taki,521,00CA,247,offensive_attack,25,27,True,False,False,confirmed_static_data,"Mid Strike cell, damage=30, active=25-27"
003,Taki,521,00CA,247,offensive_attack,25,27,True,False,False,confirmed_static_data,"Mid Strike cell, damage=30, active=25-27"
003,Taki,301,02D4,64,offensive_attack,36,37,True,False,False,confirmed_static_data,"Mid Super_or_Other cell, damage=10, active=36-37"
003,Taki,531,0275,255,offensive_attack,52,61,True,False,False,confirmed_static_data,"Mid Strike cell, damage=55, active=52-61"
003,Taki,531,0275,255,offensive_attack,52,61,True,False,False,confirmed_static_data,"Mid Strike cell, damage=55, active=52-61"
003,Taki,487,0219,214,offensive_attack,19,20,True,False,False,confirmed_static_data,"Mid Strike cell, damage=18, active=19-20"
003,Taki,501,0025,229,offensive_attack,19,21,True,False,False,confirmed_static_data,"Mid Strike cell, damage=15, active=19-21"
003,Taki,501,0025,229,offensive_attack,19,21,True,False,False,confirmed_static_data,"Mid Strike cell, damage=15, active=19-21"
003,Taki,487,0219,214,offensive_attack,19,20,True,False,False,confirmed_static_data,"Mid Strike cell, damage=18, active=19-20"
003,Taki,501,0025,229,offensive_attack,19,21,True,False,False,confirmed_static_data,"Mid Strike cell, damage=15, active=19-21"
003,Taki,501,0025,229,offensive_attack,19,21,True,False,False,confirmed_static_data,"Mid Strike cell, damage=15, active=19-21"
003,Taki,531,0275,255,offensive_attack,52,61,True,False,False,confirmed_static_data,"Mid Strike cell, damage=55, active=52-61"
003,Taki,531,0275,255,offensive_attack,52,61,True,False,False,confirmed_static_data,"Mid Strike cell, damage=55, active=52-61"
003,Taki,531,0275,255,offensive_attack,52,61,True,False,False,confirmed_static_data,"Mid Strike cell, damage=55, active=52-61"
003,Taki,531,0275,255,offensive_attack,52,61,True,False,False,confirmed_static_data,"Mid Strike cell, damage=55, active=52-61"
003,Taki,531,0275,255,offensive_attack,52,61,True,False,False,confirmed_static_data,"Mid Strike cell, damage=55, active=52-61"
003,Taki,531,0275,255,offensive_attack,52,61,True,False,False,confirmed_static_data,"Mid Strike cell, damage=55, active=52-61"
003,Taki,521,00CA,247,offensive_attack,25,27,True,False,False,confirmed_static_data,"Mid Strike cell, damage=30, active=25-27"
003,Taki,521,00CA,247,offensive_attack,25,27,True,False,False,confirmed_static_data,"Mid Strike cell, damage=30, active=25-27"
003,Taki,521,00CA,247,offensive_attack,25,27,True,False,False,confirmed_static_data,"Mid Strike cell, damage=30, active=25-27"
003,Taki,521,00CA,247,offensive_attack,25,27,True,False,False,confirmed_static_data,"Mid Strike cell, damage=30, active=25-27"
003,Taki,472,012F,204,offensive_attack,21,23,True,False,False,confirmed_static_data,"Mid Strike cell, damage=34, active=21-23"
003,Taki,487,0219,214,offensive_attack,19,20,True,False,False,confirmed_static_data,"Mid Strike cell, damage=18, active=19-20"
003,Taki,501,0025,229,offensive_attack,19,21,True,False,False,confirmed_static_data,"Mid Strike cell, damage=15, active=19-21"
003,Taki,501,0025,229,offensive_attack,19,21,True,False,False,confirmed_static_data,"Mid Strike cell, damage=15, active=19-21"
003,Taki,472,012F,204,offensive_attack,21,23,True,False,False,confirmed_static_data,"Mid Strike cell, damage=34, active=21-23"
003,Taki,487,0219,214,offensive_attack,19,20,True,False,False,confirmed_static_data,"Mid Strike cell, damage=18, active=19-20"
003,Taki,501,0025,229,offensive_attack,19,21,True,False,False,confirmed_static_data,"Mid Strike cell, damage=15, active=19-21"
003,Taki,501,0025,229,offensive_attack,19,21,True,False,False,confirmed_static_data,"Mid Strike cell, damage=15, active=19-21"
003,Taki,509,01C0,237,offensive_attack,9,11,True,False,False,confirmed_static_data,"Mid Strike cell, damage=24, active=9-11"
003,Taki,546,0175,267,offensive_attack,14,16,True,False,False,confirmed_static_data,"Mid Strike cell, damage=30, active=14-16"
003,Taki,486,012A,213,offensive_attack,19,22,True,False,False,confirmed_static_data,"Mid Strike cell, damage=30, active=19-22"
003,Taki,357,0283,116,offensive_attack,15,26,True,False,False,confirmed_static_data,"Mid Strike cell, damage=10, active=15-26"
003,Taki,357,0283,116,offensive_attack,15,26,True,False,False,confirmed_static_data,"Mid Strike cell, damage=10, active=15-26"
003,Taki,285,0210,49,offensive_attack,18,20,True,False,False,confirmed_static_data,"Mid Grab cell, damage=10, active=18-20"
003,Taki,298,0034,60,offensive_attack,18,20,True,False,False,confirmed_static_data,"High Grab cell, damage=25, active=18-20"
003,Taki,291,0036,55,offensive_attack,20,22,True,False,False,confirmed_static_data,"High Grab cell, damage=26, active=20-22"
003,Taki,317,0128,78,offensive_attack,17,18,True,False,False,confirmed_static_data,"High Grab cell, damage=10, active=17-18"
003,Taki,317,0128,79,offensive_attack,17,18,True,False,False,confirmed_static_data,"High Grab cell, damage=10, active=17-18"
003,Taki,319,0131,80,offensive_attack,18,18,True,False,False,confirmed_static_data,"High Grab cell, damage=12, active=18-18"
003,Taki,320,0134,81,offensive_attack,25,26,True,False,False,confirmed_static_data,"Mid Grab cell, damage=10, active=25-26"
003,Taki,328,01C6,92,offensive_attack,22,23,True,False,False,confirmed_static_data,"Mid Grab cell, damage=20, active=22-23"
003,Taki,490,0215,218,offensive_attack,16,18,True,False,False,confirmed_static_data,"Mid Grab cell, damage=10, active=16-18"
003,Taki,490,0215,219,offensive_attack,17,18,True,False,False,confirmed_static_data,"Mid Grab cell, damage=10, active=17-18"
003,Taki,504,01C4,231,offensive_attack,13,15,True,False,False,confirmed_static_data,"Mid Grab cell, damage=20, active=13-15"
003,Taki,504,01C4,232,offensive_attack,27,31,True,False,False,confirmed_static_data,"Mid Grab cell, damage=25, active=27-31"
003,Taki,504,01C4,231,offensive_attack,13,15,True,False,False,confirmed_static_data,"Mid Grab cell, damage=20, active=13-15"
003,Taki,504,01C4,232,offensive_attack,27,31,True,False,False,confirmed_static_data,"Mid Grab cell, damage=25, active=27-31"
003,Taki,490,0215,218,offensive_attack,16,18,True,False,False,confirmed_static_data,"Mid Grab cell, damage=10, active=16-18"
003,Taki,490,0215,219,offensive_attack,17,18,True,False,False,confirmed_static_data,"Mid Grab cell, damage=10, active=17-18"
003,Taki,504,01C4,231,offensive_attack,13,15,True,False,False,confirmed_static_data,"Mid Grab cell, damage=20, active=13-15"
003,Taki,504,01C4,232,offensive_attack,27,31,True,False,False,confirmed_static_data,"Mid Grab cell, damage=25, active=27-31"
003,Taki,504,01C4,231,offensive_attack,13,15,True,False,False,confirmed_static_data,"Mid Grab cell, damage=20, active=13-15"
003,Taki,504,01C4,232,offensive_attack,27,31,True,False,False,confirmed_static_data,"Mid Grab cell, damage=25, active=27-31"
003,Taki,490,0215,218,offensive_attack,16,18,True,False,False,confirmed_static_data,"Mid Grab cell, damage=10, active=16-18"
003,Taki,490,0215,219,offensive_attack,17,18,True,False,False,confirmed_static_data,"Mid Grab cell, damage=10, active=17-18"
003,Taki,504,01C4,231,offensive_attack,13,15,True,False,False,confirmed_static_data,"Mid Grab cell, damage=20, active=13-15"
003,Taki,504,01C4,232,offensive_attack,27,31,True,False,False,confirmed_static_data,"Mid Grab cell, damage=25, active=27-31"
003,Taki,504,01C4,231,offensive_attack,13,15,True,False,False,confirmed_static_data,"Mid Grab cell, damage=20, active=13-15"
003,Taki,504,01C4,232,offensive_attack,27,31,True,False,False,confirmed_static_data,"Mid Grab cell, damage=25, active=27-31"
003,Taki,522,0185,248,offensive_attack,12,14,True,False,False,confirmed_static_data,"High Grab cell, damage=14, active=12-14"
003,Taki,524,0186,251,offensive_attack,12,14,True,False,False,confirmed_static_data,"High Grab cell, damage=14, active=12-14"
003,Taki,533,0274,256,offensive_attack,41,42,True,False,False,confirmed_static_data,"Mid Grab cell, damage=10, active=41-42"
003,Taki,533,0274,256,offensive_attack,41,42,True,False,False,confirmed_static_data,"Mid Grab cell, damage=10, active=41-42"
003,Taki,427,0109,182,nondamaging,17,18,False,False,True,confirmed_static_data,NonDamaging cell is non-damage metadata/body data until a narrower role is proven
003,Taki,427,0109,183,nondamaging,17,18,False,False,True,confirmed_static_data,NonDamaging cell is non-damage metadata/body data until a narrower role is proven
003,Taki,493,01A8,221,nondamaging,17,18,False,False,True,confirmed_static_data,NonDamaging cell is non-damage metadata/body data until a narrower role is proven
003,Taki,493,01A8,221,nondamaging,17,18,False,False,True,confirmed_static_data,NonDamaging cell is non-damage metadata/body data until a narrower role is proven
003,Taki,524,0186,251,offensive_attack,12,14,True,False,False,confirmed_static_data,"High Grab cell, damage=14, active=12-14"
003,Taki,522,0185,248,offensive_attack,12,14,True,False,False,confirmed_static_data,"High Grab cell, damage=14, active=12-14"
003,Taki,299,0034,61,offensive_attack,18,20,True,False,False,confirmed_static_data,"High Grab cell, damage=35, active=18-20"
003,Taki,299,0034,62,offensive_attack,18,20,True,False,False,confirmed_static_data,"High Grab cell, damage=30, active=18-20"
003,Taki,533,0274,256,offensive_attack,41,42,True,False,False,confirmed_static_data,"Mid Grab cell, damage=10, active=41-42"
003,Taki,533,0274,256,offensive_attack,41,42,True,False,False,confirmed_static_data,"Mid Grab cell, damage=10, active=41-42"
003,Taki,325,0287,89,offensive_attack,21,22,True,False,False,confirmed_static_data,"Mid Grab cell, damage=22, active=21-22"
003,Taki,327,01C3,91,offensive_attack,22,23,True,False,False,confirmed_static_data,"Mid Grab cell, damage=10, active=22-23"
003,Taki,490,0215,218,offensive_attack,16,18,True,False,False,confirmed_static_data,"Mid Grab cell, damage=10, active=16-18"
003,Taki,490,0215,219,offensive_attack,17,18,True,False,False,confirmed_static_data,"Mid Grab cell, damage=10, active=17-18"
003,Taki,504,01C4,231,offensive_attack,13,15,True,False,False,confirmed_static_data,"Mid Grab cell, damage=20, active=13-15"
003,Taki,504,01C4,232,offensive_attack,27,31,True,False,False,confirmed_static_data,"Mid Grab cell, damage=25, active=27-31"
003,Taki,504,01C4,231,offensive_attack,13,15,True,False,False,confirmed_static_data,"Mid Grab cell, damage=20, active=13-15"
003,Taki,504,01C4,232,offensive_attack,27,31,True,False,False,confirmed_static_data,"Mid Grab cell, damage=25, active=27-31"
003,Taki,490,0215,218,offensive_attack,16,18,True,False,False,confirmed_static_data,"Mid Grab cell, damage=10, active=16-18"
003,Taki,490,0215,219,offensive_attack,17,18,True,False,False,confirmed_static_data,"Mid Grab cell, damage=10, active=17-18"
003,Taki,504,01C4,231,offensive_attack,13,15,True,False,False,confirmed_static_data,"Mid Grab cell, damage=20, active=13-15"
003,Taki,504,01C4,232,offensive_attack,27,31,True,False,False,confirmed_static_data,"Mid Grab cell, damage=25, active=27-31"
003,Taki,504,01C4,231,offensive_attack,13,15,True,False,False,confirmed_static_data,"Mid Grab cell, damage=20, active=13-15"
003,Taki,504,01C4,232,offensive_attack,27,31,True,False,False,confirmed_static_data,"Mid Grab cell, damage=25, active=27-31"
003,Taki,533,0274,256,offensive_attack,41,42,True,False,False,confirmed_static_data,"Mid Grab cell, damage=10, active=41-42"
003,Taki,533,0274,256,offensive_attack,41,42,True,False,False,confirmed_static_data,"Mid Grab cell, damage=10, active=41-42"
003,Taki,533,0274,256,offensive_attack,41,42,True,False,False,confirmed_static_data,"Mid Grab cell, damage=10, active=41-42"
003,Taki,533,0274,256,offensive_attack,41,42,True,False,False,confirmed_static_data,"Mid Grab cell, damage=10, active=41-42"
003,Taki,533,0274,256,offensive_attack,41,42,True,False,False,confirmed_static_data,"Mid Grab cell, damage=10, active=41-42"
003,Taki,533,0274,256,offensive_attack,41,42,True,False,False,confirmed_static_data,"Mid Grab cell, damage=10, active=41-42"
003,Taki,524,0186,251,offensive_attack,12,14,True,False,False,confirmed_static_data,"High Grab cell, damage=14, active=12-14"
003,Taki,522,0185,248,offensive_attack,12,14,True,False,False,confirmed_static_data,"High Grab cell, damage=14, active=12-14"
003,Taki,512,01D1,240,offensive_attack,15,18,True,False,False,confirmed_static_data,"High Grab cell, damage=10, active=15-18"
003,Taki,524,0186,251,offensive_attack,12,14,True,False,False,confirmed_static_data,"High Grab cell, damage=14, active=12-14"
003,Taki,522,0185,248,offensive_attack,12,14,True,False,False,confirmed_static_data,"High Grab cell, damage=14, active=12-14"
003,Taki,477,0148,208,offensive_attack,27,29,True,False,False,confirmed_static_data,"Mid Grab cell, damage=22, active=27-29"
003,Taki,477,0148,209,offensive_attack,30,31,True,False,False,confirmed_static_data,"Unblockable Grab cell, damage=22, active=30-31"
003,Taki,490,0215,218,offensive_attack,16,18,True,False,False,confirmed_static_data,"Mid Grab cell, damage=10, active=16-18"
003,Taki,490,0215,219,offensive_attack,17,18,True,False,False,confirmed_static_data,"Mid Grab cell, damage=10, active=17-18"
003,Taki,504,01C4,231,offensive_attack,13,15,True,False,False,confirmed_static_data,"Mid Grab cell, damage=20, active=13-15"
003,Taki,504,01C4,232,offensive_attack,27,31,True,False,False,confirmed_static_data,"Mid Grab cell, damage=25, active=27-31"
003,Taki,504,01C4,231,offensive_attack,13,15,True,False,False,confirmed_static_data,"Mid Grab cell, damage=20, active=13-15"
003,Taki,504,01C4,232,offensive_attack,27,31,True,False,False,confirmed_static_data,"Mid Grab cell, damage=25, active=27-31"
003,Taki,477,0148,208,offensive_attack,27,29,True,False,False,confirmed_static_data,"Mid Grab cell, damage=22, active=27-29"
003,Taki,477,0148,209,offensive_attack,30,31,True,False,False,confirmed_static_data,"Unblockable Grab cell, damage=22, active=30-31"
003,Taki,490,0215,218,offensive_attack,16,18,True,False,False,confirmed_static_data,"Mid Grab cell, damage=10, active=16-18"
003,Taki,490,0215,219,offensive_attack,17,18,True,False,False,confirmed_static_data,"Mid Grab cell, damage=10, active=17-18"
003,Taki,504,01C4,231,offensive_attack,13,15,True,False,False,confirmed_static_data,"Mid Grab cell, damage=20, active=13-15"
003,Taki,504,01C4,232,offensive_attack,27,31,True,False,False,confirmed_static_data,"Mid Grab cell, damage=25, active=27-31"
003,Taki,504,01C4,231,offensive_attack,13,15,True,False,False,confirmed_static_data,"Mid Grab cell, damage=20, active=13-15"
003,Taki,504,01C4,232,offensive_attack,27,31,True,False,False,confirmed_static_data,"Mid Grab cell, damage=25, active=27-31"
003,Taki,547,027F,268,offensive_attack,37,42,True,False,False,confirmed_static_data,"Mid Grab cell, damage=40, active=37-42"
004,Maxi,333,00F1,114,offensive_attack,19,21,True,False,False,confirmed_static_data,"Mid Strike cell, damage=3, active=19-21"
004,Maxi,333,00F1,115,offensive_attack,19,21,True,False,False,confirmed_static_data,"Mid Strike cell, damage=3, active=19-21"
004,Maxi,258,003A,24,offensive_attack,13,15,True,False,False,confirmed_static_data,"High Strike cell, damage=12, active=13-15"
004,Maxi,268,0200,31,offensive_attack,16,18,True,False,False,confirmed_static_data,"Mid Strike cell, damage=14, active=16-18"
004,Maxi,299,0288,66,offensive_attack,15,17,True,False,False,confirmed_static_data,"High Strike cell, damage=18, active=15-17"
004,Maxi,359,0228,150,offensive_attack,18,22,True,False,False,confirmed_static_data,"Mid Strike cell, damage=8, active=18-22"
004,Maxi,457,027B,250,offensive_attack,27,29,True,False,False,confirmed_static_data,"High Strike cell, damage=20, active=27-29"
004,Maxi,269,00E1,32,offensive_attack,25,27,True,False,False,confirmed_static_data,"Mid Strike cell, damage=14, active=25-27"
004,Maxi,341,00F5,128,offensive_attack,17,20,True,False,False,confirmed_static_data,"Mid Strike cell, damage=36, active=17-20"
004,Maxi,341,00F5,129,offensive_attack,17,20,True,False,False,confirmed_static_data,"Mid Strike cell, damage=22, active=17-20"
004,Maxi,341,00F5,128,offensive_attack,17,20,True,False,False,confirmed_static_data,"Mid Strike cell, damage=36, active=17-20"
004,Maxi,341,00F5,129,offensive_attack,17,20,True,False,False,confirmed_static_data,"Mid Strike cell, damage=22, active=17-20"
004,Maxi,341,00F5,128,offensive_attack,17,20,True,False,False,confirmed_static_data,"Mid Strike cell, damage=36, active=17-20"
004,Maxi,341,00F5,129,offensive_attack,17,20,True,False,False,confirmed_static_data,"Mid Strike cell, damage=22, active=17-20"
004,Maxi,524,00C7,306,offensive_attack,26,29,True,False,False,confirmed_static_data,"Mid Strike cell, damage=20, active=26-29"
004,Maxi,443,0097,234,offensive_attack,13,15,True,False,False,confirmed_static_data,"High Strike cell, damage=14, active=13-15"
004,Maxi,443,0097,235,offensive_attack,18,20,True,False,False,confirmed_static_data,"High Strike cell, damage=14, active=18-20"
004,Maxi,486,00E3,275,offensive_attack,17,19,True,False,False,confirmed_static_data,"High Strike cell, damage=30, active=17-19"
004,Maxi,477,022A,267,offensive_attack,31,33,True,False,False,confirmed_static_data,"Mid Strike cell, damage=18, active=31-33"
004,Maxi,455,00D5,249,offensive_attack,21,23,True,False,False,confirmed_static_data,"Mid Strike cell, damage=14, active=21-23"
004,Maxi,468,0021,257,offensive_attack,15,18,True,False,False,confirmed_static_data,"High Strike cell, damage=22, active=15-18"
004,Maxi,495,020F,284,offensive_attack,15,16,True,False,False,confirmed_static_data,"Mid Strike cell, damage=20, active=15-16"
004,Maxi,495,020F,284,offensive_attack,15,16,True,False,False,confirmed_static_data,"Mid Strike cell, damage=20, active=15-16"
004,Maxi,318,0106,90,offensive_attack,30,32,True,False,False,confirmed_static_data,"Mid Strike cell, damage=22, active=30-32"
004,Maxi,416,027F,213,offensive_attack,41,43,True,False,False,confirmed_static_data,"Mid Strike cell, damage=20, active=41-43"
004,Maxi,319,0106,91,offensive_attack,31,32,True,False,False,confirmed_static_data,"Mid Strike cell, damage=20, active=31-32"
004,Maxi,342,00F1,130,offensive_attack,19,21,True,False,False,confirmed_static_data,"Mid Strike cell, damage=3, active=19-21"
004,Maxi,342,00F1,131,offensive_attack,19,21,True,False,False,confirmed_static_data,"Mid Strike cell, damage=3, active=19-21"
004,Maxi,345,009A,135,offensive_attack,32,33,True,False,False,confirmed_static_data,"Mid Strike cell, damage=28, active=32-33"
004,Maxi,449,0119,244,offensive_attack,27,31,True,False,False,confirmed_static_data,"High Grab cell, damage=24, active=27-31"
004,Maxi,480,0119,271,offensive_attack,27,31,True,False,False,confirmed_static_data,"High Grab cell, damage=24, active=27-31"
004,Maxi,502,020E,293,offensive_attack,16,17,True,False,False,confirmed_static_data,"Mid Strike cell, damage=45, active=16-17"
004,Maxi,265,00FB,29,offensive_attack,30,32,True,False,False,confirmed_static_data,"Mid Strike cell, damage=30, active=30-32"
004,Maxi,273,00DF,35,offensive_attack,17,18,True,False,False,confirmed_static_data,"High Strike cell, damage=42, active=17-18"
004,Maxi,273,00DF,36,offensive_cell_window_unknown,,,True,False,False,unresolved,offensive cell: damage-bearing High cell has invalid active window 998-999
004,Maxi,283,01CC,48,offensive_attack,14,16,True,False,False,confirmed_static_data,"Mid Strike cell, damage=12, active=14-16"
004,Maxi,283,01CC,49,offensive_attack,14,16,True,False,False,confirmed_static_data,"Mid Strike cell, damage=12, active=14-16"
004,Maxi,301,006C,68,offensive_attack,34,36,True,False,False,confirmed_static_data,"Mid Strike cell, damage=20, active=34-36"
004,Maxi,301,006C,69,offensive_attack,35,36,True,False,False,confirmed_static_data,"Mid Strike cell, damage=20, active=35-36"
004,Maxi,348,01E3,138,offensive_attack,20,22,True,False,False,confirmed_static_data,"Mid Strike cell, damage=20, active=20-22"
004,Maxi,348,01E3,138,offensive_attack,20,22,True,False,False,confirmed_static_data,"Mid Strike cell, damage=20, active=20-22"
004,Maxi,418,0281,214,offensive_attack,25,26,True,False,False,confirmed_static_data,"Mid Strike cell, damage=30, active=25-26"
004,Maxi,459,0105,251,offensive_attack,23,24,True,False,False,confirmed_static_data,"Mid Strike cell, damage=25, active=23-24"
004,Maxi,421,0183,217,nondamaging,17,18,False,False,True,confirmed_static_data,NonDamaging cell is non-damage metadata/body data until a narrower role is proven
004,Maxi,271,0105,33,offensive_attack,23,24,True,False,False,confirmed_static_data,"Mid Strike cell, damage=25, active=23-24"
004,Maxi,284,01BB,50,offensive_attack,10,12,True,False,False,confirmed_static_data,"High Strike cell, damage=30, active=10-12"
004,Maxi,335,00F2,118,offensive_attack,5,7,True,False,False,confirmed_static_data,"Mid Strike cell, damage=4, active=5-7"
004,Maxi,335,00F2,119,offensive_attack,5,7,True,False,False,confirmed_static_data,"Mid Strike cell, damage=4, active=5-7"
004,Maxi,335,00F2,118,offensive_attack,5,7,True,False,False,confirmed_static_data,"Mid Strike cell, damage=4, active=5-7"
004,Maxi,335,00F2,119,offensive_attack,5,7,True,False,False,confirmed_static_data,"Mid Strike cell, damage=4, active=5-7"
004,Maxi,337,00F3,122,offensive_attack,5,7,True,False,False,confirmed_static_data,"Mid Strike cell, damage=5, active=5-7"
004,Maxi,337,00F3,123,offensive_attack,5,7,True,False,False,confirmed_static_data,"Mid Strike cell, damage=5, active=5-7"
004,Maxi,337,00F3,122,offensive_attack,5,7,True,False,False,confirmed_static_data,"Mid Strike cell, damage=5, active=5-7"
004,Maxi,337,00F3,123,offensive_attack,5,7,True,False,False,confirmed_static_data,"Mid Strike cell, damage=5, active=5-7"
004,Maxi,337,00F3,122,offensive_attack,5,7,True,False,False,confirmed_static_data,"Mid Strike cell, damage=5, active=5-7"
004,Maxi,337,00F3,123,offensive_attack,5,7,True,False,False,confirmed_static_data,"Mid Strike cell, damage=5, active=5-7"
004,Maxi,339,00F4,126,offensive_attack,3,5,True,False,False,confirmed_static_data,"Mid Strike cell, damage=6, active=3-5"
004,Maxi,339,00F4,126,offensive_attack,3,5,True,False,False,confirmed_static_data,"Mid Strike cell, damage=6, active=3-5"
004,Maxi,339,00F4,126,offensive_attack,3,5,True,False,False,confirmed_static_data,"Mid Strike cell, damage=6, active=3-5"
004,Maxi,448,0284,242,offensive_attack,15,17,True,False,False,confirmed_static_data,"Mid Strike cell, damage=16, active=15-17"
004,Maxi,448,0284,243,offensive_attack,15,18,True,False,False,confirmed_static_data,"Mid Strike cell, damage=16, active=15-18"
004,Maxi,497,0236,287,offensive_attack,21,22,True,False,False,confirmed_static_data,"Mid Strike cell, damage=24, active=21-22"
004,Maxi,497,0236,288,offensive_attack,21,23,True,False,False,confirmed_static_data,"Mid Strike cell, damage=24, active=21-23"
004,Maxi,497,0236,289,offensive_attack,21,22,True,False,False,confirmed_static_data,"Mid Strike cell, damage=24, active=21-22"
004,Maxi,447,0229,240,offensive_attack,17,19,True,False,False,confirmed_static_data,"Mid Strike cell, damage=20, active=17-19"
004,Maxi,447,0229,241,offensive_attack,17,19,True,False,False,confirmed_static_data,"Mid Strike cell, damage=20, active=17-19"
004,Maxi,488,023A,277,offensive_attack,15,16,True,False,False,confirmed_static_data,"Mid Strike cell, damage=40, active=15-16"
004,Maxi,479,0065,269,offensive_attack,15,17,True,False,False,confirmed_static_data,"Mid Strike cell, damage=16, active=15-17"
004,Maxi,479,0065,270,offensive_attack,15,18,True,False,False,confirmed_static_data,"Mid Strike cell, damage=16, active=15-18"
004,Maxi,461,023B,253,offensive_attack,25,26,True,False,False,confirmed_static_data,"Mid Strike cell, damage=30, active=25-26"
004,Maxi,469,0282,258,offensive_attack,21,22,True,False,False,confirmed_static_data,"Mid Strike cell, damage=16, active=21-22"
004,Maxi,469,0282,259,offensive_attack,21,23,True,False,False,confirmed_static_data,"Mid Strike cell, damage=16, active=21-23"
004,Maxi,469,0282,260,offensive_attack,21,22,True,False,False,confirmed_static_data,"Mid Strike cell, damage=16, active=21-22"
004,Maxi,496,0287,285,offensive_attack,19,21,True,False,False,confirmed_static_data,"Mid Strike cell, damage=20, active=19-21"
004,Maxi,496,0287,286,offensive_attack,19,21,True,False,False,confirmed_static_data,"Mid Strike cell, damage=20, active=19-21"
004,Maxi,496,0287,285,offensive_attack,19,21,True,False,False,confirmed_static_data,"Mid Strike cell, damage=20, active=19-21"
004,Maxi,496,0287,286,offensive_attack,19,21,True,False,False,confirmed_static_data,"Mid Strike cell, damage=20, active=19-21"
004,Maxi,317,0106,89,offensive_attack,31,32,True,False,False,confirmed_static_data,"Mid Strike cell, damage=20, active=31-32"
004,Maxi,349,009F,139,offensive_attack,63,65,True,False,False,confirmed_static_data,"Mid Strike cell, damage=60, active=63-65"
004,Maxi,290,017B,58,offensive_attack,23,26,True,False,False,confirmed_static_data,"Mid Strike cell, damage=10, active=23-26"
004,Maxi,304,0096,72,offensive_attack,25,26,True,False,False,confirmed_static_data,"Mid Strike cell, damage=16, active=25-26"
004,Maxi,302,0064,70,offensive_attack,24,26,True,False,False,confirmed_static_data,"Mid Grab cell, damage=16, active=24-26"
004,Maxi,368,0176,158,offensive_attack,20,26,True,False,False,confirmed_static_data,"High Grab cell, damage=30, active=20-26"
004,Maxi,412,0118,207,offensive_attack,13,15,True,False,False,confirmed_static_data,"Mid Grab cell, damage=16, active=13-15"
004,Maxi,413,01C4,208,offensive_attack,23,27,True,False,False,confirmed_static_data,"High Grab cell, damage=30, active=23-27"
004,Maxi,472,00D2,262,offensive_attack,9,12,True,False,False,confirmed_static_data,"High Grab cell, damage=22, active=9-12"
004,Maxi,474,01C4,266,offensive_attack,15,19,True,False,False,confirmed_static_data,"High Grab cell, damage=30, active=15-19"
004,Maxi,478,0020,268,offensive_attack,30,32,True,False,False,confirmed_static_data,"Mid Grab cell, damage=20, active=30-32"
004,Maxi,490,0039,281,offensive_attack,25,27,True,False,False,confirmed_static_data,"Mid Grab cell, damage=22, active=25-27"
004,Maxi,490,0039,282,offensive_attack,25,27,True,False,False,confirmed_static_data,"Mid Grab cell, damage=22, active=25-27"
004,Maxi,500,01E4,291,offensive_attack,25,28,True,False,False,confirmed_static_data,"Mid Grab cell, damage=28, active=25-28"
004,Maxi,451,01C4,247,offensive_attack,23,28,True,False,False,confirmed_static_data,"High Grab cell, damage=40, active=23-28"
004,Maxi,489,00A0,278,offensive_attack,29,31,True,False,False,confirmed_static_data,"Mid Grab cell, damage=18, active=29-31"
004,Maxi,489,00A0,279,offensive_attack,33,34,True,False,False,confirmed_static_data,"Unblockable Grab cell, damage=18, active=33-34"
004,Maxi,489,00A0,280,offensive_attack,29,31,True,False,False,confirmed_static_data,"Mid Grab cell, damage=18, active=29-31"
004,Maxi,482,023C,274,offensive_attack,19,20,True,False,False,confirmed_static_data,"High Grab cell, damage=18, active=19-20"
004,Maxi,462,001D,254,offensive_attack,17,18,True,False,False,confirmed_static_data,"Mid Grab cell, damage=20, active=17-18"
004,Maxi,471,001C,261,offensive_attack,23,24,True,False,False,confirmed_static_data,"Mid Grab cell, damage=18, active=23-24"
004,Maxi,499,01CD,290,offensive_attack,21,23,True,False,False,confirmed_static_data,"Mid Grab cell, damage=18, active=21-23"
004,Maxi,499,01CD,290,offensive_attack,21,23,True,False,False,confirmed_static_data,"Mid Grab cell, damage=18, active=21-23"
005,Voldo,504,0307,246,nondamaging,19,20,False,False,True,confirmed_static_data,NonDamaging cell is non-damage metadata/body data until a narrower role is proven
005,Voldo,257,00F7,23,offensive_attack,18,20,True,False,False,confirmed_static_data,"High Strike cell, damage=22, active=18-20"
005,Voldo,264,0059,31,offensive_attack,26,28,True,False,False,confirmed_static_data,"Mid Strike cell, damage=6, active=26-28"
005,Voldo,428,030B,176,offensive_attack,17,20,True,False,False,confirmed_static_data,"High Strike cell, damage=22, active=17-20"
005,Voldo,547,01D8,273,offensive_attack,15,17,True,False,False,confirmed_static_data,"High Strike cell, damage=16, active=15-17"
005,Voldo,561,02A0,285,offensive_attack,19,21,True,False,False,confirmed_static_data,"Mid Strike cell, damage=16, active=19-21"
005,Voldo,513,0350,247,offensive_attack,27,29,True,False,False,confirmed_static_data,"Mid Strike cell, damage=30, active=27-29"
005,Voldo,513,0350,248,offensive_attack,21,26,True,False,False,confirmed_static_data,"Mid Strike cell, damage=30, active=21-26"
005,Voldo,513,0350,247,offensive_attack,27,29,True,False,False,confirmed_static_data,"Mid Strike cell, damage=30, active=27-29"
005,Voldo,513,0350,248,offensive_attack,21,26,True,False,False,confirmed_static_data,"Mid Strike cell, damage=30, active=21-26"
005,Voldo,583,01C1,291,offensive_attack,37,39,True,False,False,confirmed_static_data,"Mid Strike cell, damage=20, active=37-39"
005,Voldo,260,01E4,28,offensive_attack,19,21,True,False,False,confirmed_static_data,"Mid Strike cell, damage=16, active=19-21"
005,Voldo,260,01E4,29,offensive_attack,19,21,True,False,False,confirmed_static_data,"Mid Strike cell, damage=16, active=19-21"
005,Voldo,268,0059,35,offensive_attack,26,28,True,False,False,confirmed_static_data,"Mid Strike cell, damage=8, active=26-28"
005,Voldo,425,022F,174,offensive_attack,15,16,True,False,False,confirmed_static_data,"High Strike cell, damage=12, active=15-16"
005,Voldo,548,01D9,274,offensive_attack,13,16,True,False,False,confirmed_static_data,"Mid Strike cell, damage=18, active=13-16"
005,Voldo,357,00A1,116,offensive_attack,17,25,True,False,False,confirmed_static_data,"High Strike cell, damage=60, active=17-25"
005,Voldo,357,00A1,117,offensive_attack,33,42,True,False,False,confirmed_static_data,"Unblockable Grab cell, damage=60, active=33-42"
005,Voldo,367,00F2,125,offensive_attack,38,40,True,False,False,confirmed_static_data,"Mid Strike cell, damage=20, active=38-40"
005,Voldo,394,02CB,159,offensive_attack,25,27,True,False,False,confirmed_static_data,"High Grab cell, damage=30, active=25-27"
005,Voldo,401,0059,164,offensive_attack,30,32,True,False,False,confirmed_static_data,"Mid Strike cell, damage=8, active=30-32"
005,Voldo,553,01DD,282,offensive_attack,21,23,True,False,False,confirmed_static_data,"Mid Strike cell, damage=28, active=21-23"
005,Voldo,590,01C3,299,offensive_attack,77,80,True,False,False,confirmed_static_data,"Mid Strike cell, damage=60, active=77-80"
005,Voldo,267,005A,34,offensive_attack,14,16,True,False,False,confirmed_static_data,"Mid Grab cell, damage=12, active=14-16"
005,Voldo,271,005A,38,offensive_attack,14,16,True,False,False,confirmed_static_data,"Mid Grab cell, damage=16, active=14-16"
005,Voldo,320,0056,86,offensive_attack,16,17,True,False,False,confirmed_static_data,"Mid Strike cell, damage=20, active=16-17"
005,Voldo,367,00F2,125,offensive_attack,38,40,True,False,False,confirmed_static_data,"Mid Strike cell, damage=20, active=38-40"
005,Voldo,400,005A,163,offensive_attack,14,16,True,False,False,confirmed_static_data,"Mid Grab cell, damage=12, active=14-16"
005,Voldo,404,005A,167,offensive_attack,14,16,True,False,False,confirmed_static_data,"Mid Grab cell, damage=16, active=14-16"
005,Voldo,446,01E1,199,offensive_attack,4,5,True,False,False,confirmed_static_data,"Mid Strike cell, damage=5, active=4-5"
005,Voldo,523,0015,258,offensive_attack,13,15,True,False,False,confirmed_static_data,"Mid Grab cell, damage=22, active=13-15"
005,Voldo,523,0015,258,offensive_attack,13,15,True,False,False,confirmed_static_data,"Mid Grab cell, damage=22, active=13-15"
005,Voldo,523,0015,258,offensive_attack,13,15,True,False,False,confirmed_static_data,"Mid Grab cell, damage=22, active=13-15"
005,Voldo,591,026A,300,offensive_attack,19,21,True,False,False,confirmed_static_data,"Mid Strike cell, damage=10, active=19-21"
005,Voldo,342,035D,98,offensive_attack,27,28,True,False,False,confirmed_static_data,"Mid Strike cell, damage=20, active=27-28"
005,Voldo,342,035D,98,offensive_attack,27,28,True,False,False,confirmed_static_data,"Mid Strike cell, damage=20, active=27-28"
005,Voldo,342,035D,98,offensive_attack,27,28,True,False,False,confirmed_static_data,"Mid Strike cell, damage=20, active=27-28"
005,Voldo,342,035D,98,offensive_attack,27,28,True,False,False,confirmed_static_data,"Mid Strike cell, damage=20, active=27-28"
005,Voldo,523,0015,258,offensive_attack,13,15,True,False,False,confirmed_static_data,"Mid Grab cell, damage=22, active=13-15"
005,Voldo,523,0015,258,offensive_attack,13,15,True,False,False,confirmed_static_data,"Mid Grab cell, damage=22, active=13-15"
005,Voldo,523,0015,258,offensive_attack,13,15,True,False,False,confirmed_static_data,"Mid Grab cell, damage=22, active=13-15"
005,Voldo,259,01E2,26,offensive_attack,20,22,True,False,False,confirmed_static_data,"Mid Strike cell, damage=10, active=20-22"
005,Voldo,259,01E2,27,offensive_attack,20,22,True,False,False,confirmed_static_data,"Mid Strike cell, damage=10, active=20-22"
005,Voldo,275,0199,43,offensive_attack,21,22,True,False,False,confirmed_static_data,"Mid Strike cell, damage=8, active=21-22"
005,Voldo,280,0048,49,offensive_attack,17,18,True,False,False,confirmed_static_data,"Mid Strike cell, damage=18, active=17-18"
005,Voldo,288,035B,56,offensive_attack,22,24,True,False,False,confirmed_static_data,"Mid Strike cell, damage=20, active=22-24"
005,Voldo,288,035B,57,offensive_attack,23,24,True,False,False,confirmed_static_data,"Mid Strike cell, damage=20, active=23-24"
005,Voldo,292,0185,60,offensive_attack,20,23,True,False,False,confirmed_static_data,"Mid Strike cell, damage=32, active=20-23"
005,Voldo,292,0185,61,offensive_attack,22,23,True,False,False,confirmed_static_data,"Mid Strike cell, damage=32, active=22-23"
005,Voldo,295,009C,65,offensive_attack,15,16,True,False,False,confirmed_static_data,"Mid Strike cell, damage=18, active=15-16"
005,Voldo,299,00A9,67,offensive_attack,16,17,True,False,False,confirmed_static_data,"Mid Strike cell, damage=12, active=16-17"
005,Voldo,429,02AC,177,offensive_attack,24,26,True,False,False,confirmed_static_data,"Mid Strike cell, damage=18, active=24-26"
005,Voldo,429,02AC,178,offensive_attack,24,26,True,False,False,confirmed_static_data,"Mid Strike cell, damage=18, active=24-26"
005,Voldo,549,032D,275,offensive_attack,29,30,True,False,False,confirmed_static_data,"Mid Strike cell, damage=26, active=29-30"
005,Voldo,549,032D,276,offensive_attack,31,32,True,False,False,confirmed_static_data,"Unblockable Strike cell, damage=26, active=31-32"
005,Voldo,562,0103,286,offensive_attack,17,18,True,False,False,confirmed_static_data,"Mid Strike cell, damage=36, active=17-18"
005,Voldo,514,035C,249,offensive_attack,13,14,True,False,False,confirmed_static_data,"Mid Strike cell, damage=14, active=13-14"
005,Voldo,534,02D9,267,offensive_attack,17,19,True,False,False,confirmed_static_data,"Mid Strike cell, damage=20, active=17-19"
005,Voldo,586,01BC,294,offensive_attack,27,29,True,False,False,confirmed_static_data,"Mid Strike cell, damage=22, active=27-29"
005,Voldo,410,005B,169,nondamaging,17,18,False,False,True,confirmed_static_data,NonDamaging cell is non-damage metadata/body data until a narrower role is proven
005,Voldo,281,01AD,50,offensive_attack,31,32,True,False,False,confirmed_static_data,"Mid Strike cell, damage=22, active=31-32"
005,Voldo,282,01AD,51,offensive_attack,18,19,True,False,False,confirmed_static_data,"Mid Strike cell, damage=20, active=18-19"
005,Voldo,293,0185,62,offensive_attack,20,23,True,False,False,confirmed_static_data,"Mid Strike cell, damage=32, active=20-23"
005,Voldo,293,0185,63,offensive_attack,22,23,True,False,False,confirmed_static_data,"Mid Strike cell, damage=32, active=22-23"
005,Voldo,305,0351,74,offensive_attack,21,22,True,False,False,confirmed_static_data,"Mid Strike cell, damage=8, active=21-22"
005,Voldo,382,026B,144,offensive_attack,19,21,True,False,False,confirmed_static_data,"Mid Super_or_Other cell, damage=36, active=19-21"
005,Voldo,430,01E1,179,offensive_attack,14,15,True,False,False,confirmed_static_data,"Mid Strike cell, damage=10, active=14-15"
005,Voldo,436,02E6,186,offensive_attack,17,18,True,False,False,confirmed_static_data,"Mid Strike cell, damage=18, active=17-18"
005,Voldo,439,02AA,190,offensive_attack,20,22,True,False,False,confirmed_static_data,"Mid Strike cell, damage=20, active=20-22"
005,Voldo,439,02AA,191,offensive_attack,21,22,True,False,False,confirmed_static_data,"Mid Strike cell, damage=20, active=21-22"
005,Voldo,440,01E1,192,offensive_attack,14,15,True,False,False,confirmed_static_data,"Mid Strike cell, damage=7, active=14-15"
005,Voldo,447,0281,200,offensive_attack,21,22,True,False,False,confirmed_static_data,"Mid Strike cell, damage=30, active=21-22"
005,Voldo,491,0351,239,offensive_attack,21,22,True,False,False,confirmed_static_data,"Mid Strike cell, damage=8, active=21-22"
005,Voldo,551,01B1,279,offensive_attack,24,25,True,False,False,confirmed_static_data,"Mid Strike cell, damage=26, active=24-25"
005,Voldo,551,01B1,280,offensive_attack,22,25,True,False,False,confirmed_static_data,"Mid Strike cell, damage=26, active=22-25"
005,Voldo,550,01B0,277,offensive_attack,26,27,True,False,False,confirmed_static_data,"Mid Strike cell, damage=14, active=26-27"
005,Voldo,550,01B0,278,offensive_attack,26,27,True,False,False,confirmed_static_data,"Mid Strike cell, damage=14, active=26-27"
005,Voldo,523,0015,258,offensive_attack,13,15,True,False,False,confirmed_static_data,"Mid Grab cell, damage=22, active=13-15"
005,Voldo,397,0059,160,offensive_attack,27,29,True,False,False,confirmed_static_data,"Mid Strike cell, damage=6, active=27-29"
005,Voldo,455,02B2,210,offensive_attack,29,30,True,False,False,confirmed_static_data,"Mid Strike cell, damage=24, active=29-30"
005,Voldo,455,02B2,210,offensive_attack,29,30,True,False,False,confirmed_static_data,"Mid Strike cell, damage=24, active=29-30"
005,Voldo,460,0209,213,offensive_attack,37,38,True,False,False,confirmed_static_data,"High Strike cell, damage=60, active=37-38"
005,Voldo,460,0209,213,offensive_attack,37,38,True,False,False,confirmed_static_data,"High Strike cell, damage=60, active=37-38"
005,Voldo,462,035D,214,offensive_attack,33,34,True,False,False,confirmed_static_data,"Mid Strike cell, damage=20, active=33-34"
005,Voldo,462,035D,214,offensive_attack,33,34,True,False,False,confirmed_static_data,"Mid Strike cell, damage=20, active=33-34"
005,Voldo,523,0015,258,offensive_attack,13,15,True,False,False,confirmed_static_data,"Mid Grab cell, damage=22, active=13-15"
005,Voldo,590,01C3,299,offensive_attack,77,80,True,False,False,confirmed_static_data,"Mid Strike cell, damage=60, active=77-80"
005,Voldo,591,026A,300,offensive_attack,19,21,True,False,False,confirmed_static_data,"Mid Strike cell, damage=10, active=19-21"
005,Voldo,552,0222,281,offensive_attack,23,25,True,False,False,confirmed_static_data,"Mid Grab cell, damage=18, active=23-25"
005,Voldo,563,029D,287,offensive_attack,25,27,True,False,False,confirmed_static_data,"Mid Grab cell, damage=18, active=25-27"
005,Voldo,516,0359,252,offensive_attack,9,10,True,False,False,confirmed_static_data,"Mid Super_or_Other cell, damage=16, active=9-10"
005,Voldo,521,001F,257,offensive_attack,17,18,True,False,False,confirmed_static_data,"High Grab cell, damage=24, active=17-18"
005,Voldo,521,001F,257,offensive_attack,17,18,True,False,False,confirmed_static_data,"High Grab cell, damage=24, active=17-18"
005,Voldo,535,035A,268,offensive_attack,9,10,True,False,False,confirmed_static_data,"Mid Super_or_Other cell, damage=14, active=9-10"
005,Voldo,589,0230,297,offensive_attack,23,24,True,False,False,confirmed_static_data,"Mid Grab cell, damage=16, active=23-24"
005,Voldo,589,0230,298,offensive_attack,33,34,True,False,False,confirmed_static_data,"Mid Super_or_Other cell, damage=16, active=33-34"
005,Voldo,412,0307,171,nondamaging,19,20,False,False,True,confirmed_static_data,NonDamaging cell is non-damage metadata/body data until a narrower role is proven
005,Voldo,449,0014,203,offensive_attack,31,32,True,False,False,confirmed_static_data,"Mid Grab cell, damage=20, active=31-32"
005,Voldo,449,0014,204,offensive_attack,33,34,True,False,False,confirmed_static_data,"Unblockable Grab cell, damage=20, active=33-34"
005,Voldo,449,0014,203,offensive_attack,31,32,True,False,False,confirmed_static_data,"Mid Grab cell, damage=20, active=31-32"
005,Voldo,449,0014,204,offensive_attack,33,34,True,False,False,confirmed_static_data,"Unblockable Grab cell, damage=20, active=33-34"
006,Sophitia,258,0185,24,offensive_attack,13,14,True,False,False,confirmed_static_data,"High Strike cell, damage=10, active=13-14"
006,Sophitia,258,0185,25,offensive_attack,13,14,True,False,False,confirmed_static_data,"High Strike cell, damage=10, active=13-14"
006,Sophitia,264,0326,29,offensive_attack,24,26,True,False,False,confirmed_static_data,"Mid Strike cell, damage=18, active=24-26"
006,Sophitia,269,0173,33,offensive_attack,23,25,True,False,False,confirmed_static_data,"Mid Strike cell, damage=25, active=23-25"
006,Sophitia,271,0177,35,offensive_attack,37,40,True,False,False,confirmed_static_data,"Mid Strike cell, damage=15, active=37-40"
006,Sophitia,275,02C6,39,offensive_attack,17,20,True,False,False,confirmed_static_data,"High Strike cell, damage=30, active=17-20"
006,Sophitia,287,02F4,54,offensive_attack,25,27,True,False,False,confirmed_static_data,"Mid Strike cell, damage=24, active=25-27"
006,Sophitia,288,02F4,55,offensive_attack,25,27,True,False,False,confirmed_static_data,"Mid Strike cell, damage=24, active=25-27"
006,Sophitia,336,00F9,114,offensive_attack,45,48,True,False,False,confirmed_static_data,"Mid Strike cell, damage=20, active=45-48"
006,Sophitia,367,014C,146,offensive_attack,33,36,True,False,False,confirmed_static_data,"Mid Strike cell, damage=25, active=33-36"
006,Sophitia,259,031C,26,offensive_attack,27,30,True,False,False,confirmed_static_data,"High Strike cell, damage=25, active=27-30"
006,Sophitia,272,0173,36,offensive_attack,23,25,True,False,False,confirmed_static_data,"Mid Strike cell, damage=25, active=23-25"
006,Sophitia,276,0177,40,offensive_attack,37,40,True,False,False,confirmed_static_data,"Mid Strike cell, damage=15, active=37-40"
006,Sophitia,277,0173,41,offensive_attack,23,25,True,False,False,confirmed_static_data,"Mid Strike cell, damage=25, active=23-25"
006,Sophitia,368,014C,147,offensive_attack,33,36,True,False,False,confirmed_static_data,"Mid Strike cell, damage=40, active=33-36"
006,Sophitia,425,022B,200,offensive_attack,17,19,True,False,False,confirmed_static_data,"Mid Strike cell, damage=20, active=17-19"
006,Sophitia,323,01C3,98,offensive_attack,37,40,True,False,False,confirmed_static_data,"Mid Strike cell, damage=60, active=37-40"
006,Sophitia,323,01C3,99,nondamaging,43,44,False,False,True,confirmed_static_data,NonDamaging cell is non-damage metadata/body data until a narrower role is proven
006,Sophitia,273,017A,37,offensive_attack,27,30,True,False,False,confirmed_static_data,"Mid Strike cell, damage=20, active=27-30"
006,Sophitia,280,0327,46,offensive_attack,15,17,True,False,False,confirmed_static_data,"Mid Strike cell, damage=14, active=15-17"
006,Sophitia,280,0327,47,offensive_attack,15,17,True,False,False,confirmed_static_data,"Mid Strike cell, damage=14, active=15-17"
006,Sophitia,291,0197,58,offensive_attack,21,22,True,False,False,confirmed_static_data,"Mid Strike cell, damage=16, active=21-22"
006,Sophitia,298,022D,69,offensive_attack,15,16,True,False,False,confirmed_static_data,"Mid Strike cell, damage=8, active=15-16"
006,Sophitia,298,022D,70,offensive_attack,15,16,True,False,False,confirmed_static_data,"Mid Strike cell, damage=8, active=15-16"
006,Sophitia,338,0175,116,offensive_attack,47,50,True,False,False,confirmed_static_data,"Mid Strike cell, damage=40, active=47-50"
006,Sophitia,294,0188,63,offensive_attack,13,14,True,False,False,confirmed_static_data,"Mid Strike cell, damage=22, active=13-14"
006,Sophitia,294,0188,64,offensive_attack,13,14,True,False,False,confirmed_static_data,"Mid Strike cell, damage=22, active=13-14"
006,Sophitia,390,0030,177,nondamaging,17,18,False,False,True,confirmed_static_data,NonDamaging cell is non-damage metadata/body data until a narrower role is proven
006,Sophitia,273,017A,37,offensive_attack,27,30,True,False,False,confirmed_static_data,"Mid Strike cell, damage=20, active=27-30"
006,Sophitia,281,0165,48,offensive_attack,17,18,True,False,False,confirmed_static_data,"Mid Strike cell, damage=14, active=17-18"
006,Sophitia,281,0165,49,offensive_attack,17,19,True,False,False,confirmed_static_data,"Mid Strike cell, damage=14, active=17-19"
006,Sophitia,294,0188,63,offensive_attack,13,14,True,False,False,confirmed_static_data,"Mid Strike cell, damage=22, active=13-14"
006,Sophitia,294,0188,64,offensive_attack,13,14,True,False,False,confirmed_static_data,"Mid Strike cell, damage=22, active=13-14"
006,Sophitia,299,022D,71,offensive_attack,15,16,True,False,False,confirmed_static_data,"Mid Strike cell, damage=8, active=15-16"
006,Sophitia,300,022D,72,offensive_attack,15,16,True,False,False,confirmed_static_data,"Mid Strike cell, damage=8, active=15-16"
006,Sophitia,294,0188,63,offensive_attack,13,14,True,False,False,confirmed_static_data,"Mid Strike cell, damage=22, active=13-14"
006,Sophitia,294,0188,64,offensive_attack,13,14,True,False,False,confirmed_static_data,"Mid Strike cell, damage=22, active=13-14"
006,Sophitia,337,0102,115,offensive_attack,17,20,True,False,False,confirmed_static_data,"Mid Strike cell, damage=30, active=17-20"
006,Sophitia,428,00F8,205,offensive_attack,19,21,True,False,False,confirmed_static_data,"Mid Strike cell, damage=25, active=19-21"
006,Sophitia,453,0227,225,offensive_attack,17,19,True,False,False,confirmed_static_data,"Mid Strike cell, damage=18, active=17-19"
006,Sophitia,453,0227,225,offensive_attack,17,19,True,False,False,confirmed_static_data,"Mid Strike cell, damage=18, active=17-19"
006,Sophitia,465,00B9,232,offensive_attack,33,34,True,False,False,confirmed_static_data,"Mid Grab cell, damage=30, active=33-34"
006,Sophitia,465,00B9,232,offensive_attack,33,34,True,False,False,confirmed_static_data,"Mid Grab cell, damage=30, active=33-34"
006,Sophitia,429,0188,206,offensive_attack,13,14,True,False,False,confirmed_static_data,"Mid Strike cell, damage=30, active=13-14"
006,Sophitia,429,0188,207,offensive_attack,13,14,True,False,False,confirmed_static_data,"Mid Strike cell, damage=30, active=13-14"
006,Sophitia,425,022B,200,offensive_attack,17,19,True,False,False,confirmed_static_data,"Mid Strike cell, damage=20, active=17-19"
006,Sophitia,429,0188,206,offensive_attack,13,14,True,False,False,confirmed_static_data,"Mid Strike cell, damage=30, active=13-14"
006,Sophitia,429,0188,207,offensive_attack,13,14,True,False,False,confirmed_static_data,"Mid Strike cell, damage=30, active=13-14"
006,Sophitia,440,0230,214,offensive_attack,15,16,True,False,False,confirmed_static_data,"High Grab cell, damage=20, active=15-16"
006,Sophitia,261,0174,27,offensive_attack,25,26,True,False,False,confirmed_static_data,"Mid Grab cell, damage=10, active=25-26"
006,Sophitia,284,0206,52,offensive_attack,22,23,True,False,False,confirmed_static_data,"High Grab cell, damage=18, active=22-23"
006,Sophitia,339,017B,117,offensive_attack,15,17,True,False,False,confirmed_static_data,"Mid Grab cell, damage=22, active=15-17"
006,Sophitia,339,017B,118,offensive_attack,14,16,True,False,False,confirmed_static_data,"Mid Grab cell, damage=22, active=14-16"
006,Sophitia,296,02F7,67,offensive_attack,14,16,True,False,False,confirmed_static_data,"High Grab cell, damage=20, active=14-16"
006,Sophitia,377,00B9,161,offensive_attack,31,34,True,False,False,confirmed_static_data,"Mid Grab cell, damage=40, active=31-34"
006,Sophitia,395,0030,182,nondamaging,17,18,False,False,True,confirmed_static_data,NonDamaging cell is non-damage metadata/body data until a narrower role is proven
006,Sophitia,296,02F7,67,offensive_attack,14,16,True,False,False,confirmed_static_data,"High Grab cell, damage=20, active=14-16"
006,Sophitia,309,0087,82,offensive_attack,19,22,True,False,False,confirmed_static_data,"Mid Grab cell, damage=30, active=19-22"
006,Sophitia,456,01A7,228,offensive_attack,13,16,True,False,False,confirmed_static_data,"Mid Strike cell, damage=35, active=13-16"
006,Sophitia,456,01A7,229,offensive_attack,13,14,True,False,False,confirmed_static_data,"Mid Strike cell, damage=30, active=13-14"
006,Sophitia,456,01A7,228,offensive_attack,13,16,True,False,False,confirmed_static_data,"Mid Strike cell, damage=35, active=13-16"
006,Sophitia,456,01A7,229,offensive_attack,13,14,True,False,False,confirmed_static_data,"Mid Strike cell, damage=30, active=13-14"
006,Sophitia,440,0230,214,offensive_attack,15,16,True,False,False,confirmed_static_data,"High Grab cell, damage=20, active=15-16"
007,Siegfried,259,0128,23,offensive_attack,22,24,True,False,False,confirmed_static_data,"High Strike cell, damage=14, active=22-24"
007,Siegfried,263,01E1,26,offensive_attack,22,25,True,False,False,confirmed_static_data,"High Strike cell, damage=30, active=22-25"
007,Siegfried,273,018C,32,offensive_attack,14,18,True,False,False,confirmed_static_data,"High Strike cell, damage=30, active=14-18"
007,Siegfried,315,0067,73,offensive_attack,23,25,True,False,False,confirmed_static_data,"High Strike cell, damage=15, active=23-25"
007,Siegfried,338,015E,92,offensive_attack,36,38,True,False,False,confirmed_static_data,"Mid Strike cell, damage=16, active=36-38"
007,Siegfried,513,012F,221,offensive_attack,21,24,True,False,False,confirmed_static_data,"Mid Strike cell, damage=20, active=21-24"
007,Siegfried,458,024A,194,offensive_attack,27,31,True,False,False,confirmed_static_data,"High Strike cell, damage=36, active=27-31"
007,Siegfried,458,024A,195,offensive_attack,27,31,True,False,False,confirmed_static_data,"High Strike cell, damage=36, active=27-31"
007,Siegfried,441,0245,186,offensive_attack,27,31,True,False,False,confirmed_static_data,"Mid Strike cell, damage=26, active=27-31"
007,Siegfried,269,0115,29,offensive_attack,13,16,True,False,False,confirmed_static_data,"High Strike cell, damage=28, active=13-16"
007,Siegfried,318,0063,75,offensive_attack,28,30,True,False,False,confirmed_static_data,"Mid Strike cell, damage=34, active=28-30"
007,Siegfried,339,015E,93,offensive_attack,54,56,True,False,False,confirmed_static_data,"Mid Strike cell, damage=16, active=54-56"
007,Siegfried,340,015F,94,offensive_attack,31,33,True,False,False,confirmed_static_data,"Mid Strike cell, damage=30, active=31-33"
007,Siegfried,488,028C,209,offensive_attack,23,24,True,False,False,confirmed_static_data,"Mid Strike cell, damage=30, active=23-24"
007,Siegfried,465,01C6,201,nondamaging,99,99,False,False,True,confirmed_static_data,NonDamaging cell is non-damage metadata/body data until a narrower role is proven
007,Siegfried,521,0186,228,offensive_attack,17,23,True,False,False,confirmed_static_data,"Mid Strike cell, damage=22, active=17-23"
007,Siegfried,521,0186,229,offensive_attack,17,23,True,False,False,confirmed_static_data,"Mid Strike cell, damage=22, active=17-23"
007,Siegfried,521,0186,230,offensive_attack,17,23,True,False,False,confirmed_static_data,"Mid Strike cell, damage=22, active=17-23"
007,Siegfried,448,01B2,193,offensive_attack,35,39,True,False,False,confirmed_static_data,"Mid Strike cell, damage=32, active=35-39"
007,Siegfried,401,027E,154,offensive_attack,47,50,True,False,False,confirmed_static_data,"Mid Strike cell, damage=45, active=47-50"
007,Siegfried,401,027E,155,offensive_attack,49,50,True,False,False,confirmed_static_data,"Mid Strike cell, damage=45, active=49-50"
007,Siegfried,401,027E,156,offensive_attack,47,50,True,False,False,confirmed_static_data,"Mid Strike cell, damage=45, active=47-50"
007,Siegfried,403,027E,160,offensive_attack,47,50,True,False,False,confirmed_static_data,"Mid Strike cell, damage=45, active=47-50"
007,Siegfried,403,027E,161,offensive_attack,49,50,True,False,False,confirmed_static_data,"Mid Strike cell, damage=45, active=49-50"
007,Siegfried,403,027E,162,offensive_attack,47,50,True,False,False,confirmed_static_data,"Mid Strike cell, damage=45, active=47-50"
007,Siegfried,499,0215,220,offensive_attack,21,24,True,False,False,confirmed_static_data,"High Strike cell, damage=46, active=21-24"
007,Siegfried,264,02B1,27,offensive_attack,15,18,True,False,False,confirmed_static_data,"Mid Strike cell, damage=26, active=15-18"
007,Siegfried,265,02B1,28,offensive_attack,15,18,True,False,False,confirmed_static_data,"Mid Strike cell, damage=30, active=15-18"
007,Siegfried,261,0164,24,offensive_attack,36,37,True,False,False,confirmed_static_data,"Mid Strike cell, damage=30, active=36-37"
007,Siegfried,261,0164,25,offensive_attack,36,37,True,False,False,confirmed_static_data,"Mid Strike cell, damage=30, active=36-37"
007,Siegfried,274,01AC,33,offensive_attack,17,19,True,False,False,confirmed_static_data,"Mid Strike cell, damage=20, active=17-19"
007,Siegfried,291,0240,48,offensive_attack,17,19,True,False,False,confirmed_static_data,"Mid Strike cell, damage=40, active=17-19"
007,Siegfried,291,0240,49,offensive_attack,17,20,True,False,False,confirmed_static_data,"Mid Strike cell, damage=40, active=17-20"
007,Siegfried,319,0122,76,offensive_attack,31,33,True,False,False,confirmed_static_data,"Mid Strike cell, damage=36, active=31-33"
007,Siegfried,338,015E,92,offensive_attack,36,38,True,False,False,confirmed_static_data,"Mid Strike cell, damage=16, active=36-38"
007,Siegfried,381,00C3,133,offensive_attack,21,22,True,False,False,confirmed_static_data,"Mid Strike cell, damage=15, active=21-22"
007,Siegfried,388,00EF,138,offensive_attack,27,29,True,False,False,confirmed_static_data,"Mid Strike cell, damage=30, active=27-29"
007,Siegfried,516,023B,223,offensive_attack,25,27,True,False,False,confirmed_static_data,"Mid Strike cell, damage=26, active=25-27"
007,Siegfried,516,023B,224,offensive_attack,25,27,True,False,False,confirmed_static_data,"Mid Strike cell, damage=26, active=25-27"
007,Siegfried,461,01C1,198,offensive_attack,17,18,True,False,False,confirmed_static_data,"Mid Strike cell, damage=35, active=17-18"
007,Siegfried,443,019B,187,offensive_attack,33,35,True,False,False,confirmed_static_data,"Mid Strike cell, damage=38, active=33-35"
007,Siegfried,443,019B,188,offensive_attack,33,35,True,False,False,confirmed_static_data,"Mid Strike cell, damage=38, active=33-35"
007,Siegfried,405,00A5,164,nondamaging,17,18,False,False,True,confirmed_static_data,NonDamaging cell is non-damage metadata/body data until a narrower role is proven
007,Siegfried,284,00EC,43,offensive_attack,28,29,True,False,False,confirmed_static_data,"Mid Strike cell, damage=24, active=28-29"
007,Siegfried,289,00EC,46,offensive_attack,23,24,True,False,False,confirmed_static_data,"Mid Strike cell, damage=36, active=23-24"
007,Siegfried,339,015E,93,offensive_attack,54,56,True,False,False,confirmed_static_data,"Mid Strike cell, damage=16, active=54-56"
007,Siegfried,491,00C9,212,offensive_attack,17,18,True,False,False,confirmed_static_data,"Mid Strike cell, damage=60, active=17-18"
007,Siegfried,491,00C9,213,offensive_attack,16,18,True,False,False,confirmed_static_data,"Mid Strike cell, damage=60, active=16-18"
007,Siegfried,517,01C7,225,offensive_attack,37,39,True,False,False,confirmed_static_data,"Mid Strike cell, damage=20, active=37-39"
007,Siegfried,518,00EF,226,offensive_attack,19,21,True,False,False,confirmed_static_data,"Mid Strike cell, damage=25, active=19-21"
007,Siegfried,520,0131,227,offensive_attack,9,10,True,False,False,confirmed_static_data,"High Grab cell, damage=18, active=9-10"
007,Siegfried,463,01B1,200,offensive_attack,19,20,True,False,False,confirmed_static_data,"Mid Grab cell, damage=25, active=19-20"
007,Siegfried,444,01AE,189,offensive_attack,15,20,True,False,False,confirmed_static_data,"Mid Strike cell, damage=20, active=15-20"
007,Siegfried,309,0117,67,offensive_attack,31,32,True,False,False,confirmed_static_data,"Mid Grab cell, damage=10, active=31-32"
007,Siegfried,310,0118,68,offensive_attack,26,27,True,False,False,confirmed_static_data,"Mid Super_or_Other cell, damage=20, active=26-27"
007,Siegfried,322,00F1,79,offensive_attack,3,4,True,False,False,confirmed_static_data,"Mid Grab cell, damage=10, active=3-4"
007,Siegfried,323,00F1,80,offensive_attack,3,4,True,False,False,confirmed_static_data,"Mid Grab cell, damage=4, active=3-4"
007,Siegfried,324,00F1,81,offensive_attack,3,4,True,False,False,confirmed_static_data,"Mid Grab cell, damage=4, active=3-4"
007,Siegfried,325,00F1,82,offensive_attack,3,4,True,False,False,confirmed_static_data,"Mid Grab cell, damage=12, active=3-4"
007,Siegfried,369,0118,122,offensive_attack,26,27,True,False,False,confirmed_static_data,"Mid Super_or_Other cell, damage=20, active=26-27"
007,Siegfried,369,0118,122,offensive_attack,26,27,True,False,False,confirmed_static_data,"Mid Super_or_Other cell, damage=20, active=26-27"
007,Siegfried,369,0118,122,offensive_attack,26,27,True,False,False,confirmed_static_data,"Mid Super_or_Other cell, damage=20, active=26-27"
007,Siegfried,391,0221,140,offensive_attack,20,21,True,False,False,confirmed_static_data,"High Grab cell, damage=24, active=20-21"
007,Siegfried,493,0130,215,offensive_attack,9,10,True,False,False,confirmed_static_data,"Mid Grab cell, damage=12, active=9-10"
007,Siegfried,493,0130,216,offensive_attack,9,10,True,False,False,confirmed_static_data,"Mid Grab cell, damage=12, active=9-10"
009,Hwang,272,02C6,37,offensive_attack,19,20,True,False,False,confirmed_static_data,"Mid Strike cell, damage=18, active=19-20"
009,Hwang,272,02C6,38,offensive_attack,20,20,True,False,False,confirmed_static_data,"Mid Strike cell, damage=18, active=20-20"
009,Hwang,417,02D3,248,offensive_attack,17,19,True,False,False,confirmed_static_data,"Mid Strike cell, damage=8, active=17-19"
009,Hwang,496,02E6,309,offensive_attack,19,21,True,False,False,confirmed_static_data,"Mid Strike cell, damage=18, active=19-21"
009,Hwang,507,02EE,317,offensive_attack,15,16,True,False,False,confirmed_static_data,"Mid Strike cell, damage=26, active=15-16"
009,Hwang,286,01F6,59,offensive_attack,17,18,True,False,False,confirmed_static_data,"High Strike cell, damage=8, active=17-18"
009,Hwang,286,01F6,60,offensive_attack,17,18,True,False,False,confirmed_static_data,"High Strike cell, damage=8, active=17-18"
009,Hwang,315,02CD,100,offensive_attack,29,31,True,False,False,confirmed_static_data,"Mid Strike cell, damage=30, active=29-31"
009,Hwang,315,02CD,101,offensive_attack,29,31,True,False,False,confirmed_static_data,"Mid Strike cell, damage=30, active=29-31"
009,Hwang,430,02D3,262,offensive_attack,17,19,True,False,False,confirmed_static_data,"Mid Strike cell, damage=8, active=17-19"
009,Hwang,496,02E6,309,offensive_attack,19,21,True,False,False,confirmed_static_data,"Mid Strike cell, damage=18, active=19-21"
009,Hwang,496,02E6,309,offensive_attack,19,21,True,False,False,confirmed_static_data,"Mid Strike cell, damage=18, active=19-21"
009,Hwang,496,02E6,309,offensive_attack,19,21,True,False,False,confirmed_static_data,"Mid Strike cell, damage=18, active=19-21"
009,Hwang,496,02E6,309,offensive_attack,19,21,True,False,False,confirmed_static_data,"Mid Strike cell, damage=18, active=19-21"
009,Hwang,507,02EE,317,offensive_attack,15,16,True,False,False,confirmed_static_data,"Mid Strike cell, damage=26, active=15-16"
009,Hwang,507,02EE,317,offensive_attack,15,16,True,False,False,confirmed_static_data,"Mid Strike cell, damage=26, active=15-16"
009,Hwang,507,02EE,317,offensive_attack,15,16,True,False,False,confirmed_static_data,"Mid Strike cell, damage=26, active=15-16"
009,Hwang,507,02EE,317,offensive_attack,15,16,True,False,False,confirmed_static_data,"Mid Strike cell, damage=26, active=15-16"
009,Hwang,476,02E2,298,offensive_attack,13,15,True,False,False,confirmed_static_data,"High Strike cell, damage=32, active=13-15"
009,Hwang,487,02EA,305,offensive_attack,15,16,True,False,False,confirmed_static_data,"Mid Strike cell, damage=26, active=15-16"
009,Hwang,360,0043,165,offensive_attack,25,26,True,False,False,confirmed_static_data,"Mid Strike cell, damage=36, active=25-26"
009,Hwang,528,0740,342,offensive_attack,29,30,True,False,False,confirmed_static_data,"Mid Strike cell, damage=24, active=29-30"
009,Hwang,528,0740,343,offensive_attack,29,31,True,False,False,confirmed_static_data,"Mid Strike cell, damage=24, active=29-31"
009,Hwang,529,0192,344,offensive_attack,17,18,True,False,False,confirmed_static_data,"High Strike cell, damage=20, active=17-18"
009,Hwang,448,02DE,287,offensive_attack,39,41,True,False,False,confirmed_static_data,"Mid Grab cell, damage=50, active=39-41"
009,Hwang,300,074D,83,offensive_attack,25,26,True,False,False,confirmed_static_data,"Mid Strike cell, damage=22, active=25-26"
009,Hwang,498,02E7,311,offensive_attack,23,24,True,False,False,confirmed_static_data,"Mid Strike cell, damage=46, active=23-24"
009,Hwang,498,02E7,312,offensive_attack,23,24,True,False,False,confirmed_static_data,"Mid Strike cell, damage=46, active=23-24"
009,Hwang,509,02EF,319,offensive_attack,21,22,True,False,False,confirmed_static_data,"Mid Strike cell, damage=22, active=21-22"
009,Hwang,452,0202,291,nondamaging,17,18,False,False,True,confirmed_static_data,NonDamaging cell is non-damage metadata/body data until a narrower role is proven
009,Hwang,287,01E9,61,offensive_attack,27,28,True,False,False,confirmed_static_data,"Mid Strike cell, damage=26, active=27-28"
009,Hwang,293,0155,71,offensive_attack,19,20,True,False,False,confirmed_static_data,"Mid Strike cell, damage=36, active=19-20"
009,Hwang,296,02C6,76,offensive_attack,27,28,True,False,False,confirmed_static_data,"Mid Strike cell, damage=12, active=27-28"
009,Hwang,296,02C6,77,offensive_attack,28,28,True,False,False,confirmed_static_data,"Mid Strike cell, damage=12, active=28-28"
009,Hwang,498,02E7,311,offensive_attack,23,24,True,False,False,confirmed_static_data,"Mid Strike cell, damage=46, active=23-24"
009,Hwang,498,02E7,312,offensive_attack,23,24,True,False,False,confirmed_static_data,"Mid Strike cell, damage=46, active=23-24"
009,Hwang,498,02E7,311,offensive_attack,23,24,True,False,False,confirmed_static_data,"Mid Strike cell, damage=46, active=23-24"
009,Hwang,498,02E7,312,offensive_attack,23,24,True,False,False,confirmed_static_data,"Mid Strike cell, damage=46, active=23-24"
009,Hwang,498,02E7,311,offensive_attack,23,24,True,False,False,confirmed_static_data,"Mid Strike cell, damage=46, active=23-24"
009,Hwang,498,02E7,312,offensive_attack,23,24,True,False,False,confirmed_static_data,"Mid Strike cell, damage=46, active=23-24"
009,Hwang,498,02E7,311,offensive_attack,23,24,True,False,False,confirmed_static_data,"Mid Strike cell, damage=46, active=23-24"
009,Hwang,498,02E7,312,offensive_attack,23,24,True,False,False,confirmed_static_data,"Mid Strike cell, damage=46, active=23-24"
009,Hwang,509,02EF,319,offensive_attack,21,22,True,False,False,confirmed_static_data,"Mid Strike cell, damage=22, active=21-22"
009,Hwang,509,02EF,319,offensive_attack,21,22,True,False,False,confirmed_static_data,"Mid Strike cell, damage=22, active=21-22"
009,Hwang,509,02EF,319,offensive_attack,21,22,True,False,False,confirmed_static_data,"Mid Strike cell, damage=22, active=21-22"
009,Hwang,509,02EF,319,offensive_attack,21,22,True,False,False,confirmed_static_data,"Mid Strike cell, damage=22, active=21-22"
009,Hwang,511,073D,326,offensive_attack,27,28,True,False,False,confirmed_static_data,"Mid Super_or_Other cell, damage=34, active=27-28"
009,Hwang,511,073D,327,offensive_attack,27,28,True,False,False,confirmed_static_data,"Mid Super_or_Other cell, damage=40, active=27-28"
009,Hwang,511,073D,328,offensive_attack,27,28,True,False,False,confirmed_static_data,"Mid Super_or_Other cell, damage=50, active=27-28"
009,Hwang,511,073D,329,offensive_attack,27,28,True,False,False,confirmed_static_data,"Mid Super_or_Other cell, damage=26, active=27-28"
009,Hwang,511,073D,330,offensive_attack,27,28,True,False,False,confirmed_static_data,"Mid Super_or_Other cell, damage=32, active=27-28"
009,Hwang,511,073D,331,offensive_attack,27,28,True,False,False,confirmed_static_data,"Mid Super_or_Other cell, damage=42, active=27-28"
009,Hwang,477,02E3,299,offensive_attack,15,16,True,False,False,confirmed_static_data,"Mid Strike cell, damage=36, active=15-16"
009,Hwang,477,02E3,300,offensive_attack,15,16,True,False,False,confirmed_static_data,"Mid Strike cell, damage=36, active=15-16"
009,Hwang,477,02E3,301,offensive_attack,15,16,True,False,False,confirmed_static_data,"Mid Strike cell, damage=36, active=15-16"
009,Hwang,488,02EB,306,offensive_attack,19,20,True,False,False,confirmed_static_data,"Mid Grab cell, damage=36, active=19-20"
009,Hwang,280,02C0,49,offensive_attack,21,22,True,False,False,confirmed_static_data,"Mid Grab cell, damage=22, active=21-22"
009,Hwang,338,0024,130,offensive_attack,17,18,True,False,False,confirmed_static_data,"Mid Grab cell, damage=16, active=17-18"
009,Hwang,415,02D2,245,offensive_attack,22,23,True,False,False,confirmed_static_data,"Mid Grab cell, damage=12, active=22-23"
009,Hwang,427,0022,259,offensive_attack,21,22,True,False,False,confirmed_static_data,"Mid Grab cell, damage=14, active=21-22"
009,Hwang,436,0746,268,offensive_attack,28,30,True,False,False,confirmed_static_data,"Mid Grab cell, damage=20, active=28-30"
009,Hwang,436,0746,269,offensive_attack,28,30,True,False,False,confirmed_static_data,"Mid Grab cell, damage=20, active=28-30"
009,Hwang,500,02E8,315,offensive_attack,33,35,True,False,False,confirmed_static_data,"Mid Grab cell, damage=12, active=33-35"
009,Hwang,512,02F2,332,offensive_attack,11,12,True,False,False,confirmed_static_data,"Mid Grab cell, damage=10, active=11-12"
009,Hwang,452,0202,291,nondamaging,17,18,False,False,True,confirmed_static_data,NonDamaging cell is non-damage metadata/body data until a narrower role is proven
009,Hwang,500,02E8,315,offensive_attack,33,35,True,False,False,confirmed_static_data,"Mid Grab cell, damage=12, active=33-35"
009,Hwang,500,02E8,315,offensive_attack,33,35,True,False,False,confirmed_static_data,"Mid Grab cell, damage=12, active=33-35"
009,Hwang,500,02E8,315,offensive_attack,33,35,True,False,False,confirmed_static_data,"Mid Grab cell, damage=12, active=33-35"
009,Hwang,500,02E8,315,offensive_attack,33,35,True,False,False,confirmed_static_data,"Mid Grab cell, damage=12, active=33-35"
009,Hwang,512,02F2,332,offensive_attack,11,12,True,False,False,confirmed_static_data,"Mid Grab cell, damage=10, active=11-12"
009,Hwang,512,02F2,332,offensive_attack,11,12,True,False,False,confirmed_static_data,"Mid Grab cell, damage=10, active=11-12"
009,Hwang,512,02F2,332,offensive_attack,11,12,True,False,False,confirmed_static_data,"Mid Grab cell, damage=10, active=11-12"
009,Hwang,512,02F2,332,offensive_attack,11,12,True,False,False,confirmed_static_data,"Mid Grab cell, damage=10, active=11-12"
009,Hwang,478,02E4,302,offensive_attack,21,22,True,False,False,confirmed_static_data,"Mid Grab cell, damage=20, active=21-22"
009,Hwang,478,02E4,303,offensive_attack,21,22,True,False,False,confirmed_static_data,"Mid Grab cell, damage=20, active=21-22"
009,Hwang,490,02EC,308,offensive_attack,15,16,True,False,False,confirmed_static_data,"Mid Grab cell, damage=22, active=15-16"
00b,Ivy,262,0272,28,offensive_attack,49,51,True,False,False,confirmed_static_data,"Mid Strike cell, damage=10, active=49-51"
00b,Ivy,267,02B4,34,offensive_attack,19,21,True,False,False,confirmed_static_data,"High Strike cell, damage=18, active=19-21"
00b,Ivy,271,017D,36,offensive_attack,21,23,True,False,False,confirmed_static_data,"Mid Strike cell, damage=16, active=21-23"
00b,Ivy,271,017D,37,offensive_attack,21,23,True,False,False,confirmed_static_data,"Mid Strike cell, damage=20, active=21-23"
00b,Ivy,274,013A,40,offensive_attack,6,10,True,False,False,confirmed_static_data,"Mid Strike cell, damage=12, active=6-10"
00b,Ivy,287,004E,54,offensive_attack,17,19,True,False,False,confirmed_static_data,"High Strike cell, damage=30, active=17-19"
00b,Ivy,292,018B,62,offensive_attack,27,30,True,False,False,confirmed_static_data,"High Strike cell, damage=24, active=27-30"
00b,Ivy,292,018B,63,offensive_attack,27,30,True,False,False,confirmed_static_data,"High Strike cell, damage=24, active=27-30"
00b,Ivy,388,01F8,183,offensive_attack,21,25,True,False,False,confirmed_static_data,"High Strike cell, damage=14, active=21-25"
00b,Ivy,425,030B,226,offensive_attack,4,7,True,False,False,confirmed_static_data,"Mid Strike cell, damage=18, active=4-7"
00b,Ivy,425,030B,227,offensive_attack,4,7,True,False,False,confirmed_static_data,"Mid Strike cell, damage=18, active=4-7"
00b,Ivy,439,02C5,240,offensive_attack,30,34,True,False,False,confirmed_static_data,"High Strike cell, damage=20, active=30-34"
00b,Ivy,288,01F6,55,offensive_attack,11,16,True,False,False,confirmed_static_data,"High Strike cell, damage=12, active=11-16"
00b,Ivy,337,0112,122,offensive_attack,13,15,True,False,False,confirmed_static_data,"Mid Strike cell, damage=8, active=13-15"
00b,Ivy,431,010E,234,offensive_attack,27,31,True,False,False,confirmed_static_data,"Mid Strike cell, damage=14, active=27-31"
00b,Ivy,431,010E,235,offensive_attack,27,31,True,False,False,confirmed_static_data,"Mid Strike cell, damage=14, active=27-31"
00b,Ivy,503,0272,289,offensive_attack,49,51,True,False,False,confirmed_static_data,"Mid Strike cell, damage=10, active=49-51"
00b,Ivy,509,0238,297,offensive_attack,23,24,True,False,False,confirmed_static_data,"High Strike cell, damage=10, active=23-24"
00b,Ivy,509,0238,297,offensive_attack,23,24,True,False,False,confirmed_static_data,"High Strike cell, damage=10, active=23-24"
00b,Ivy,313,0234,92,offensive_attack,33,34,True,False,False,confirmed_static_data,"High Strike cell, damage=4, active=33-34"
00b,Ivy,313,0234,93,offensive_attack,33,34,True,False,False,confirmed_static_data,"High Strike cell, damage=4, active=33-34"
00b,Ivy,459,00E2,259,offensive_attack,47,49,True,False,False,confirmed_static_data,"Mid Strike cell, damage=70, active=47-49"
00b,Ivy,528,0139,319,offensive_attack,73,77,True,False,False,confirmed_static_data,"Mid Strike cell, damage=60, active=73-77"
00b,Ivy,359,0100,148,offensive_attack,27,33,True,False,False,confirmed_static_data,"Mid Strike cell, damage=28, active=27-33"
00b,Ivy,369,0173,155,offensive_attack,27,28,True,False,False,confirmed_static_data,"Mid Strike cell, damage=16, active=27-28"
00b,Ivy,369,0173,156,offensive_attack,27,28,True,False,False,confirmed_static_data,"Mid Strike cell, damage=16, active=27-28"
00b,Ivy,283,029D,50,offensive_attack,38,41,True,False,False,confirmed_static_data,"Mid Strike cell, damage=16, active=38-41"
00b,Ivy,285,0203,51,offensive_attack,14,18,True,False,False,confirmed_static_data,"Mid Strike cell, damage=14, active=14-18"
00b,Ivy,294,00CE,64,offensive_attack,21,23,True,False,False,confirmed_static_data,"Mid Strike cell, damage=18, active=21-23"
00b,Ivy,297,0263,66,offensive_attack,23,27,True,False,False,confirmed_static_data,"Mid Strike cell, damage=14, active=23-27"
00b,Ivy,297,0263,67,offensive_attack,23,27,True,False,False,confirmed_static_data,"Mid Strike cell, damage=14, active=23-27"
00b,Ivy,297,0263,68,offensive_attack,23,27,True,False,False,confirmed_static_data,"Mid Strike cell, damage=14, active=23-27"
00b,Ivy,306,0265,79,offensive_attack,27,28,True,False,False,confirmed_static_data,"Mid Strike cell, damage=10, active=27-28"
00b,Ivy,326,0310,111,offensive_attack,33,34,True,False,False,confirmed_static_data,"High Strike cell, damage=24, active=33-34"
00b,Ivy,326,0310,112,offensive_attack,29,31,True,False,False,confirmed_static_data,"Mid Strike cell, damage=24, active=29-31"
00b,Ivy,541,00CA,335,offensive_attack,3,8,True,False,False,confirmed_static_data,"Mid Strike cell, damage=20, active=3-8"
00b,Ivy,542,00CA,336,offensive_attack,3,8,True,False,False,confirmed_static_data,"Mid Strike cell, damage=25, active=3-8"
00b,Ivy,344,0047,131,offensive_attack,42,55,True,False,False,confirmed_static_data,"Mid Strike cell, damage=6, active=42-55"
00b,Ivy,344,0047,132,offensive_attack,42,55,True,False,False,confirmed_static_data,"Mid Strike cell, damage=6, active=42-55"
00b,Ivy,346,029E,135,offensive_attack,35,38,True,False,False,confirmed_static_data,"Mid Strike cell, damage=8, active=35-38"
00b,Ivy,541,00CA,335,offensive_attack,3,8,True,False,False,confirmed_static_data,"Mid Strike cell, damage=20, active=3-8"
00b,Ivy,542,00CA,336,offensive_attack,3,8,True,False,False,confirmed_static_data,"Mid Strike cell, damage=25, active=3-8"
00b,Ivy,390,02B9,186,offensive_attack,21,27,True,False,False,confirmed_static_data,"High Strike cell, damage=6, active=21-27"
00b,Ivy,390,02B9,187,offensive_attack,21,27,True,False,False,confirmed_static_data,"High Strike cell, damage=6, active=21-27"
00b,Ivy,404,02C1,201,offensive_attack,19,22,True,False,False,confirmed_static_data,"Mid Strike cell, damage=16, active=19-22"
00b,Ivy,437,02AD,237,offensive_attack,27,28,True,False,False,confirmed_static_data,"Mid Strike cell, damage=22, active=27-28"
00b,Ivy,440,02B5,241,offensive_attack,22,27,True,False,False,confirmed_static_data,"Mid Strike cell, damage=22, active=22-27"
00b,Ivy,440,02B5,242,offensive_attack,23,27,True,False,False,confirmed_static_data,"Mid Strike cell, damage=22, active=23-27"
00b,Ivy,541,00CA,335,offensive_attack,3,8,True,False,False,confirmed_static_data,"Mid Strike cell, damage=20, active=3-8"
00b,Ivy,542,00CA,336,offensive_attack,3,8,True,False,False,confirmed_static_data,"Mid Strike cell, damage=25, active=3-8"
00b,Ivy,465,0195,267,nondamaging,17,18,False,False,True,confirmed_static_data,NonDamaging cell is non-damage metadata/body data until a narrower role is proven
00b,Ivy,465,0195,268,nondamaging,17,18,False,False,True,confirmed_static_data,NonDamaging cell is non-damage metadata/body data until a narrower role is proven
00b,Ivy,345,0047,133,offensive_attack,57,60,True,False,False,confirmed_static_data,"Mid Strike cell, damage=6, active=57-60"
00b,Ivy,345,0047,134,offensive_attack,57,60,True,False,False,confirmed_static_data,"Mid Strike cell, damage=6, active=57-60"
00b,Ivy,346,029E,135,offensive_attack,35,38,True,False,False,confirmed_static_data,"Mid Strike cell, damage=8, active=35-38"
00b,Ivy,353,02C4,143,offensive_attack,29,32,True,False,False,confirmed_static_data,"Mid Strike cell, damage=10, active=29-32"
00b,Ivy,352,022D,142,offensive_attack,9,11,True,False,False,confirmed_static_data,"Mid Strike cell, damage=20, active=9-11"
00b,Ivy,404,02C1,201,offensive_attack,19,22,True,False,False,confirmed_static_data,"Mid Strike cell, damage=16, active=19-22"
00b,Ivy,404,02C1,201,offensive_attack,19,22,True,False,False,confirmed_static_data,"Mid Strike cell, damage=16, active=19-22"
00b,Ivy,405,01AD,202,offensive_attack,21,25,True,False,False,confirmed_static_data,"High Strike cell, damage=6, active=21-25"
00b,Ivy,414,0198,214,offensive_attack,23,26,True,False,False,confirmed_static_data,"Mid Strike cell, damage=22, active=23-26"
00b,Ivy,414,0198,214,offensive_attack,23,26,True,False,False,confirmed_static_data,"Mid Strike cell, damage=22, active=23-26"
00b,Ivy,517,015A,303,offensive_attack,15,16,True,False,False,confirmed_static_data,"Mid Strike cell, damage=10, active=15-16"
00b,Ivy,517,015A,304,offensive_attack,15,17,True,False,False,confirmed_static_data,"Mid Strike cell, damage=10, active=15-17"
00b,Ivy,518,015A,305,offensive_attack,15,16,True,False,False,confirmed_static_data,"Mid Strike cell, damage=10, active=15-16"
00b,Ivy,518,015A,306,offensive_attack,15,17,True,False,False,confirmed_static_data,"Mid Strike cell, damage=10, active=15-17"
00b,Ivy,518,015A,305,offensive_attack,15,16,True,False,False,confirmed_static_data,"Mid Strike cell, damage=10, active=15-16"
00b,Ivy,518,015A,306,offensive_attack,15,17,True,False,False,confirmed_static_data,"Mid Strike cell, damage=10, active=15-17"
00b,Ivy,519,015B,307,offensive_attack,15,16,True,False,False,confirmed_static_data,"Mid Strike cell, damage=10, active=15-16"
00b,Ivy,519,015B,308,offensive_attack,15,17,True,False,False,confirmed_static_data,"Mid Strike cell, damage=10, active=15-17"
00b,Ivy,520,015B,309,offensive_attack,15,16,True,False,False,confirmed_static_data,"Mid Strike cell, damage=16, active=15-16"
00b,Ivy,520,015B,310,offensive_attack,15,17,True,False,False,confirmed_static_data,"Mid Strike cell, damage=16, active=15-17"
00b,Ivy,520,015B,309,offensive_attack,15,16,True,False,False,confirmed_static_data,"Mid Strike cell, damage=16, active=15-16"
00b,Ivy,520,015B,310,offensive_attack,15,17,True,False,False,confirmed_static_data,"Mid Strike cell, damage=16, active=15-17"
00b,Ivy,520,015B,309,offensive_attack,15,16,True,False,False,confirmed_static_data,"Mid Strike cell, damage=16, active=15-16"
00b,Ivy,520,015B,310,offensive_attack,15,17,True,False,False,confirmed_static_data,"Mid Strike cell, damage=16, active=15-17"
00b,Ivy,521,015A,311,offensive_attack,15,16,True,False,False,confirmed_static_data,"Mid Strike cell, damage=10, active=15-16"
00b,Ivy,521,015A,312,offensive_attack,15,17,True,False,False,confirmed_static_data,"Mid Strike cell, damage=10, active=15-17"
00b,Ivy,522,015B,313,offensive_attack,15,16,True,False,False,confirmed_static_data,"Mid Strike cell, damage=28, active=15-16"
00b,Ivy,522,015B,314,offensive_attack,15,17,True,False,False,confirmed_static_data,"Mid Strike cell, damage=28, active=15-17"
00b,Ivy,542,00CA,336,offensive_attack,3,8,True,False,False,confirmed_static_data,"Mid Strike cell, damage=25, active=3-8"
00b,Ivy,543,00CA,337,offensive_attack,3,8,True,False,False,confirmed_static_data,"Mid Strike cell, damage=50, active=3-8"
00b,Ivy,557,015A,352,offensive_attack,14,16,True,False,False,confirmed_static_data,"Mid Strike cell, damage=5, active=14-16"
00b,Ivy,557,015A,353,offensive_attack,14,17,True,False,False,confirmed_static_data,"Mid Strike cell, damage=5, active=14-17"
00b,Ivy,558,015B,354,offensive_attack,13,15,True,False,False,confirmed_static_data,"Mid Strike cell, damage=5, active=13-15"
00b,Ivy,558,015B,355,offensive_attack,13,15,True,False,False,confirmed_static_data,"Mid Strike cell, damage=5, active=13-15"
00b,Ivy,559,015A,356,offensive_attack,13,15,True,False,False,confirmed_static_data,"Mid Strike cell, damage=5, active=13-15"
00b,Ivy,559,015A,357,offensive_attack,13,16,True,False,False,confirmed_static_data,"Mid Strike cell, damage=5, active=13-16"
00b,Ivy,560,015B,358,offensive_attack,12,14,True,False,False,confirmed_static_data,"Mid Strike cell, damage=6, active=12-14"
00b,Ivy,560,015B,359,offensive_attack,12,15,True,False,False,confirmed_static_data,"Mid Strike cell, damage=6, active=12-15"
00b,Ivy,561,015A,360,offensive_attack,12,14,True,False,False,confirmed_static_data,"Mid Strike cell, damage=6, active=12-14"
00b,Ivy,561,015A,361,offensive_attack,12,15,True,False,False,confirmed_static_data,"Mid Strike cell, damage=6, active=12-15"
00b,Ivy,562,015B,362,offensive_attack,11,13,True,False,False,confirmed_static_data,"Mid Strike cell, damage=22, active=11-13"
00b,Ivy,562,015B,363,offensive_attack,11,14,True,False,False,confirmed_static_data,"Mid Strike cell, damage=22, active=11-14"
00b,Ivy,266,023C,33,offensive_attack,16,17,True,False,False,confirmed_static_data,"High Grab cell, damage=18, active=16-17"
00b,Ivy,469,0309,275,nondamaging,27,28,False,False,True,confirmed_static_data,NonDamaging cell is non-damage metadata/body data until a narrower role is proven
00b,Ivy,469,0309,276,nondamaging,27,28,False,False,True,confirmed_static_data,NonDamaging cell is non-damage metadata/body data until a narrower role is proven
00b,Ivy,470,0308,277,nondamaging,27,28,False,False,True,confirmed_static_data,NonDamaging cell is non-damage metadata/body data until a narrower role is proven
00b,Ivy,470,0308,278,nondamaging,27,28,False,False,True,confirmed_static_data,NonDamaging cell is non-damage metadata/body data until a narrower role is proven
00b,Ivy,302,02C7,72,offensive_attack,14,15,True,False,False,confirmed_static_data,"Mid Grab cell, damage=16, active=14-15"
00b,Ivy,538,02C7,333,offensive_attack,14,15,True,False,False,confirmed_static_data,"Mid Grab cell, damage=16, active=14-15"
00b,Ivy,526,023A,318,offensive_attack,15,17,True,False,False,confirmed_static_data,"Mid Grab cell, damage=18, active=15-17"
00c,Kilik,275,0154,43,offensive_attack,23,25,True,False,False,confirmed_static_data,"Mid Strike cell, damage=12, active=23-25"
00c,Kilik,383,0005,175,offensive_attack,30,32,True,False,False,confirmed_static_data,"Mid Strike cell, damage=16, active=30-32"
00c,Kilik,468,0194,249,offensive_attack,25,26,True,False,False,confirmed_static_data,"Mid Strike cell, damage=15, active=25-26"
00c,Kilik,476,01C4,254,offensive_attack,25,29,True,False,False,confirmed_static_data,"Mid Strike cell, damage=22, active=25-29"
00c,Kilik,317,00D4,94,offensive_attack,33,35,True,False,False,confirmed_static_data,"Mid Strike cell, damage=50, active=33-35"
00c,Kilik,317,00D4,95,offensive_attack,33,35,True,False,False,confirmed_static_data,"Mid Strike cell, damage=50, active=33-35"
00c,Kilik,317,00D4,96,offensive_attack,33,35,True,False,False,confirmed_static_data,"Mid Strike cell, damage=65, active=33-35"
00c,Kilik,317,00D4,94,offensive_attack,33,35,True,False,False,confirmed_static_data,"Mid Strike cell, damage=50, active=33-35"
00c,Kilik,317,00D4,95,offensive_attack,33,35,True,False,False,confirmed_static_data,"Mid Strike cell, damage=50, active=33-35"
00c,Kilik,317,00D4,96,offensive_attack,33,35,True,False,False,confirmed_static_data,"Mid Strike cell, damage=65, active=33-35"
00c,Kilik,403,01F9,197,offensive_attack,18,19,True,False,False,confirmed_static_data,"Mid Strike cell, damage=20, active=18-19"
00c,Kilik,339,020F,118,offensive_attack,21,23,True,False,False,confirmed_static_data,"Mid Strike cell, damage=23, active=21-23"
00c,Kilik,385,014D,177,offensive_attack,24,25,True,False,False,confirmed_static_data,"Mid Strike cell, damage=28, active=24-25"
00c,Kilik,395,00B4,184,offensive_attack,19,20,True,False,False,confirmed_static_data,"Mid Strike cell, damage=30, active=19-20"
00c,Kilik,450,01B0,236,offensive_attack,18,19,True,False,False,confirmed_static_data,"Mid Strike cell, damage=10, active=18-19"
00c,Kilik,452,01B0,238,offensive_attack,18,19,True,False,False,confirmed_static_data,"Mid Strike cell, damage=13, active=18-19"
00c,Kilik,420,00C8,213,nondamaging,17,18,False,False,True,confirmed_static_data,NonDamaging cell is non-damage metadata/body data until a narrower role is proven
00c,Kilik,353,0220,139,offensive_attack,44,47,True,False,False,confirmed_static_data,"Mid Strike cell, damage=12, active=44-47"
00c,Kilik,353,0220,140,offensive_attack,46,47,True,False,False,confirmed_static_data,"Mid Strike cell, damage=12, active=46-47"
00c,Kilik,356,00BA,145,offensive_attack,19,21,True,False,False,confirmed_static_data,"Mid Strike cell, damage=20, active=19-21"
00c,Kilik,356,00BA,146,offensive_attack,20,21,True,False,False,confirmed_static_data,"Mid Strike cell, damage=20, active=20-21"
00c,Kilik,355,0220,143,offensive_attack,82,85,True,False,False,confirmed_static_data,"Mid Strike cell, damage=12, active=82-85"
00c,Kilik,355,0220,144,offensive_attack,84,85,True,False,False,confirmed_static_data,"Mid Strike cell, damage=12, active=84-85"
00c,Kilik,356,00BA,145,offensive_attack,19,21,True,False,False,confirmed_static_data,"Mid Strike cell, damage=20, active=19-21"
00c,Kilik,356,00BA,146,offensive_attack,20,21,True,False,False,confirmed_static_data,"Mid Strike cell, damage=20, active=20-21"
00c,Kilik,457,01DE,242,offensive_attack,29,30,True,False,False,confirmed_static_data,"Mid Strike cell, damage=16, active=29-30"
00c,Kilik,469,0196,250,offensive_attack,19,21,True,False,False,confirmed_static_data,"Mid Strike cell, damage=10, active=19-21"
00c,Kilik,471,0196,252,offensive_attack,19,21,True,False,False,confirmed_static_data,"Mid Strike cell, damage=13, active=19-21"
00c,Kilik,455,0195,240,offensive_attack,17,19,True,False,False,confirmed_static_data,"Mid Strike cell, damage=18, active=17-19"
00c,Kilik,455,0195,241,offensive_attack,17,19,True,False,False,confirmed_static_data,"Mid Strike cell, damage=18, active=17-19"
00c,Kilik,460,004B,245,offensive_attack,15,17,True,False,False,confirmed_static_data,"High Grab cell, damage=15, active=15-17"
00c,Kilik,477,01C2,255,offensive_attack,33,34,True,False,False,confirmed_static_data,"Mid Strike cell, damage=45, active=33-34"
00c,Kilik,477,01C2,256,offensive_attack,32,34,True,False,False,confirmed_static_data,"Mid Strike cell, damage=45, active=32-34"
00c,Kilik,399,009A,192,offensive_attack,30,32,True,False,False,confirmed_static_data,"Mid Grab cell, damage=10, active=30-32"
00c,Kilik,399,009A,193,offensive_attack,30,32,True,False,False,confirmed_static_data,"Mid Grab cell, damage=10, active=30-32"
00c,Kilik,451,01B1,237,offensive_attack,19,21,True,False,False,confirmed_static_data,"Mid Super_or_Other cell, damage=35, active=19-21"
00c,Kilik,451,01B1,237,offensive_attack,19,21,True,False,False,confirmed_static_data,"Mid Super_or_Other cell, damage=35, active=19-21"
00c,Kilik,451,01B1,237,offensive_attack,19,21,True,False,False,confirmed_static_data,"Mid Super_or_Other cell, damage=35, active=19-21"
00c,Kilik,453,01B1,239,offensive_attack,19,21,True,False,False,confirmed_static_data,"Mid Super_or_Other cell, damage=40, active=19-21"
00c,Kilik,463,0160,248,offensive_attack,25,27,True,False,False,confirmed_static_data,"Mid Grab cell, damage=30, active=25-27"
00c,Kilik,470,0197,251,offensive_attack,19,21,True,False,False,confirmed_static_data,"Mid Super_or_Other cell, damage=35, active=19-21"
00c,Kilik,470,0197,251,offensive_attack,19,21,True,False,False,confirmed_static_data,"Mid Super_or_Other cell, damage=35, active=19-21"
00c,Kilik,470,0197,251,offensive_attack,19,21,True,False,False,confirmed_static_data,"Mid Super_or_Other cell, damage=35, active=19-21"
00c,Kilik,472,0197,253,offensive_attack,19,21,True,False,False,confirmed_static_data,"Mid Super_or_Other cell, damage=40, active=19-21"
00c,Kilik,459,014E,244,offensive_attack,25,26,True,False,False,confirmed_static_data,"Mid Strike cell, damage=36, active=25-26"
00c,Kilik,462,01DF,247,offensive_attack,63,64,True,False,False,confirmed_static_data,"Mid Strike cell, damage=75, active=63-64"
00c,Kilik,478,01C3,257,offensive_attack,21,22,True,False,False,confirmed_static_data,"High Grab cell, damage=24, active=21-22"
00d,Xianghua,550,00E0,298,nondamaging,17,18,False,False,True,confirmed_static_data,NonDamaging cell is non-damage metadata/body data until a narrower role is proven
00d,Xianghua,552,00E0,300,nondamaging,17,18,False,False,True,confirmed_static_data,NonDamaging cell is non-damage metadata/body data until a narrower role is proven
00d,Xianghua,534,00E0,279,nondamaging,17,18,False,False,True,confirmed_static_data,NonDamaging cell is non-damage metadata/body data until a narrower role is proven
00d,Xianghua,536,00E0,281,nondamaging,17,18,False,False,True,confirmed_static_data,NonDamaging cell is non-damage metadata/body data until a narrower role is proven
00d,Xianghua,534,00E0,279,nondamaging,17,18,False,False,True,confirmed_static_data,NonDamaging cell is non-damage metadata/body data until a narrower role is proven
00d,Xianghua,536,00E0,281,nondamaging,17,18,False,False,True,confirmed_static_data,NonDamaging cell is non-damage metadata/body data until a narrower role is proven
00d,Xianghua,550,00E0,298,nondamaging,17,18,False,False,True,confirmed_static_data,NonDamaging cell is non-damage metadata/body data until a narrower role is proven
00d,Xianghua,552,00E0,300,nondamaging,17,18,False,False,True,confirmed_static_data,NonDamaging cell is non-damage metadata/body data until a narrower role is proven
00d,Xianghua,259,0041,25,offensive_attack,15,16,True,False,False,confirmed_static_data,"High Strike cell, damage=10, active=15-16"
00d,Xianghua,259,0041,26,offensive_attack,15,16,True,False,False,confirmed_static_data,"High Strike cell, damage=10, active=15-16"
00d,Xianghua,260,003D,27,offensive_attack,27,29,True,False,False,confirmed_static_data,"Mid Strike cell, damage=18, active=27-29"
00d,Xianghua,261,01B1,28,offensive_attack,24,25,True,False,False,confirmed_static_data,"Mid Strike cell, damage=22, active=24-25"
00d,Xianghua,287,01E6,53,offensive_attack,29,31,True,False,False,confirmed_static_data,"High Strike cell, damage=14, active=29-31"
00d,Xianghua,287,01E6,53,offensive_attack,29,31,True,False,False,confirmed_static_data,"High Strike cell, damage=14, active=29-31"
00d,Xianghua,372,01F1,146,offensive_attack,18,21,True,False,False,confirmed_static_data,"High Strike cell, damage=18, active=18-21"
00d,Xianghua,539,023F,283,offensive_attack,17,19,True,False,False,confirmed_static_data,"High Strike cell, damage=26, active=17-19"
00d,Xianghua,539,023F,283,offensive_attack,17,19,True,False,False,confirmed_static_data,"High Strike cell, damage=26, active=17-19"
00d,Xianghua,2979,00EF,318,offensive_attack,99,100,True,False,False,confirmed_static_data,"Mid Strike cell, damage=22, active=99-100"
00d,Xianghua,383,003F,160,offensive_attack,20,22,True,False,False,confirmed_static_data,"Mid Strike cell, damage=20, active=20-22"
00d,Xianghua,409,00EE,187,offensive_attack,25,27,True,False,False,confirmed_static_data,"Mid Strike cell, damage=20, active=25-27"
00d,Xianghua,409,00EE,188,offensive_attack,25,27,True,False,False,confirmed_static_data,"Mid Strike cell, damage=20, active=25-27"
00d,Xianghua,523,023F,264,offensive_attack,17,19,True,False,False,confirmed_static_data,"High Strike cell, damage=26, active=17-19"
00d,Xianghua,523,023F,264,offensive_attack,17,19,True,False,False,confirmed_static_data,"High Strike cell, damage=26, active=17-19"
00d,Xianghua,523,023F,264,offensive_attack,17,19,True,False,False,confirmed_static_data,"High Strike cell, damage=26, active=17-19"
00d,Xianghua,523,023F,264,offensive_attack,17,19,True,False,False,confirmed_static_data,"High Strike cell, damage=26, active=17-19"
00d,Xianghua,539,023F,283,offensive_attack,17,19,True,False,False,confirmed_static_data,"High Strike cell, damage=26, active=17-19"
00d,Xianghua,539,023F,283,offensive_attack,17,19,True,False,False,confirmed_static_data,"High Strike cell, damage=26, active=17-19"
00d,Xianghua,545,00C3,294,sentinel,29,30,False,False,True,confirmed_static_data,Sentinel cell is non-damage metadata/body data until a narrower role is proven
00d,Xianghua,545,00C3,294,sentinel,29,30,False,False,True,confirmed_static_data,Sentinel cell is non-damage metadata/body data until a narrower role is proven
00d,Xianghua,435,0195,214,offensive_attack,65,67,True,False,False,confirmed_static_data,"Mid Strike cell, damage=22, active=65-67"
00d,Xianghua,435,0195,215,offensive_attack,65,67,True,False,False,confirmed_static_data,"Mid Strike cell, damage=22, active=65-67"
00d,Xianghua,529,00C3,275,sentinel,29,30,False,False,True,confirmed_static_data,Sentinel cell is non-damage metadata/body data until a narrower role is proven
00d,Xianghua,529,00C3,275,sentinel,29,30,False,False,True,confirmed_static_data,Sentinel cell is non-damage metadata/body data until a narrower role is proven
00d,Xianghua,529,00C3,275,sentinel,29,30,False,False,True,confirmed_static_data,Sentinel cell is non-damage metadata/body data until a narrower role is proven
00d,Xianghua,529,00C3,275,sentinel,29,30,False,False,True,confirmed_static_data,Sentinel cell is non-damage metadata/body data until a narrower role is proven
00d,Xianghua,545,00C3,294,sentinel,29,30,False,False,True,confirmed_static_data,Sentinel cell is non-damage metadata/body data until a narrower role is proven
00d,Xianghua,545,00C3,294,sentinel,29,30,False,False,True,confirmed_static_data,Sentinel cell is non-damage metadata/body data until a narrower role is proven
00d,Xianghua,410,00EF,189,offensive_attack,18,22,True,False,False,confirmed_static_data,"High Strike cell, damage=10, active=18-22"
00d,Xianghua,436,0195,216,offensive_attack,65,67,True,False,False,confirmed_static_data,"Mid Strike cell, damage=16, active=65-67"
00d,Xianghua,436,0195,217,offensive_attack,65,67,True,False,False,confirmed_static_data,"Mid Strike cell, damage=16, active=65-67"
00d,Xianghua,356,0045,126,offensive_attack,39,40,True,False,False,confirmed_static_data,"Mid Strike cell, damage=34, active=39-40"
00d,Xianghua,352,0044,121,sentinel,47,48,False,False,True,confirmed_static_data,Sentinel cell is non-damage metadata/body data until a narrower role is proven
00d,Xianghua,262,01B1,29,offensive_attack,24,25,True,False,False,confirmed_static_data,"Mid Strike cell, damage=22, active=24-25"
00d,Xianghua,328,00A9,102,offensive_attack,30,31,True,False,False,confirmed_static_data,"Mid Strike cell, damage=28, active=30-31"
00d,Xianghua,328,00A9,103,offensive_attack,30,31,True,False,False,confirmed_static_data,"Mid Strike cell, damage=28, active=30-31"
00d,Xianghua,351,01AB,120,offensive_attack,19,20,True,False,False,confirmed_static_data,"Mid Strike cell, damage=45, active=19-20"
00d,Xianghua,374,0056,147,offensive_attack,28,29,True,False,False,confirmed_static_data,"High Strike cell, damage=26, active=28-29"
00d,Xianghua,387,01E0,165,offensive_attack,25,26,True,False,False,confirmed_static_data,"Mid Strike cell, damage=25, active=25-26"
00d,Xianghua,412,0054,191,offensive_attack,25,26,True,False,False,confirmed_static_data,"Mid Strike cell, damage=24, active=25-26"
00d,Xianghua,412,0054,191,offensive_attack,25,26,True,False,False,confirmed_static_data,"Mid Strike cell, damage=24, active=25-26"
00d,Xianghua,540,023B,284,offensive_attack,27,29,True,False,False,confirmed_static_data,"Mid Strike cell, damage=35, active=27-29"
00d,Xianghua,540,023B,285,offensive_attack,27,29,True,False,False,confirmed_static_data,"Mid Strike cell, damage=20, active=27-29"
00d,Xianghua,542,023B,288,offensive_attack,27,29,True,False,False,confirmed_static_data,"Mid Strike cell, damage=45, active=27-29"
00d,Xianghua,542,023B,289,offensive_attack,27,29,True,False,False,confirmed_static_data,"Mid Strike cell, damage=25, active=27-29"
00d,Xianghua,2981,0286,320,offensive_attack,31,33,True,False,False,confirmed_static_data,"Mid Strike cell, damage=20, active=31-33"
00d,Xianghua,457,00E0,233,nondamaging,17,18,False,False,True,confirmed_static_data,NonDamaging cell is non-damage metadata/body data until a narrower role is proven
00d,Xianghua,352,0044,121,sentinel,47,48,False,False,True,confirmed_static_data,Sentinel cell is non-damage metadata/body data until a narrower role is proven
00d,Xianghua,352,0044,121,sentinel,47,48,False,False,True,confirmed_static_data,Sentinel cell is non-damage metadata/body data until a narrower role is proven
00d,Xianghua,320,022A,92,offensive_attack,17,19,True,False,False,confirmed_static_data,"Mid Strike cell, damage=20, active=17-19"
00d,Xianghua,320,022A,93,offensive_attack,18,20,True,False,False,confirmed_static_data,"Mid Strike cell, damage=20, active=18-20"
00d,Xianghua,321,022A,94,offensive_attack,18,20,True,False,False,confirmed_static_data,"Mid Strike cell, damage=20, active=18-20"
00d,Xianghua,351,01AB,120,offensive_attack,19,20,True,False,False,confirmed_static_data,"Mid Strike cell, damage=45, active=19-20"
00d,Xianghua,413,0054,192,offensive_attack,25,26,True,False,False,confirmed_static_data,"Mid Strike cell, damage=36, active=25-26"
00d,Xianghua,444,00CC,226,offensive_attack,29,31,True,False,False,confirmed_static_data,"Mid Strike cell, damage=30, active=29-31"
00d,Xianghua,525,023B,267,offensive_attack,28,29,True,False,False,confirmed_static_data,"Mid Strike cell, damage=45, active=28-29"
00d,Xianghua,525,023B,268,offensive_attack,28,29,True,False,False,confirmed_static_data,"Mid Strike cell, damage=25, active=28-29"
00d,Xianghua,527,023B,271,offensive_attack,28,29,True,False,False,confirmed_static_data,"Mid Strike cell, damage=60, active=28-29"
00d,Xianghua,527,023B,272,offensive_attack,28,29,True,False,False,confirmed_static_data,"Mid Strike cell, damage=35, active=28-29"
00d,Xianghua,541,023B,286,offensive_attack,28,29,True,False,False,confirmed_static_data,"Mid Strike cell, damage=45, active=28-29"
00d,Xianghua,541,023B,287,offensive_attack,28,29,True,False,False,confirmed_static_data,"Mid Strike cell, damage=25, active=28-29"
00d,Xianghua,543,023B,290,offensive_attack,28,29,True,False,False,confirmed_static_data,"Mid Strike cell, damage=60, active=28-29"
00d,Xianghua,543,023B,291,offensive_attack,28,29,True,False,False,confirmed_static_data,"Mid Strike cell, damage=35, active=28-29"
00d,Xianghua,524,023B,265,offensive_attack,27,29,True,False,False,confirmed_static_data,"Mid Strike cell, damage=35, active=27-29"
00d,Xianghua,524,023B,266,offensive_attack,27,29,True,False,False,confirmed_static_data,"Mid Strike cell, damage=20, active=27-29"
00d,Xianghua,526,023B,269,offensive_attack,27,29,True,False,False,confirmed_static_data,"Mid Strike cell, damage=45, active=27-29"
00d,Xianghua,526,023B,270,offensive_attack,27,29,True,False,False,confirmed_static_data,"Mid Strike cell, damage=25, active=27-29"
00d,Xianghua,524,023B,265,offensive_attack,27,29,True,False,False,confirmed_static_data,"Mid Strike cell, damage=35, active=27-29"
00d,Xianghua,524,023B,266,offensive_attack,27,29,True,False,False,confirmed_static_data,"Mid Strike cell, damage=20, active=27-29"
00d,Xianghua,526,023B,269,offensive_attack,27,29,True,False,False,confirmed_static_data,"Mid Strike cell, damage=45, active=27-29"
00d,Xianghua,526,023B,270,offensive_attack,27,29,True,False,False,confirmed_static_data,"Mid Strike cell, damage=25, active=27-29"
00d,Xianghua,540,023B,284,offensive_attack,27,29,True,False,False,confirmed_static_data,"Mid Strike cell, damage=35, active=27-29"
00d,Xianghua,540,023B,285,offensive_attack,27,29,True,False,False,confirmed_static_data,"Mid Strike cell, damage=20, active=27-29"
00d,Xianghua,542,023B,288,offensive_attack,27,29,True,False,False,confirmed_static_data,"Mid Strike cell, damage=45, active=27-29"
00d,Xianghua,542,023B,289,offensive_attack,27,29,True,False,False,confirmed_static_data,"Mid Strike cell, damage=25, active=27-29"
00d,Xianghua,351,01AB,120,offensive_attack,19,20,True,False,False,confirmed_static_data,"Mid Strike cell, damage=45, active=19-20"
00d,Xianghua,474,01B8,242,offensive_attack,18,19,True,False,False,confirmed_static_data,"Mid Grab cell, damage=15, active=18-19"
00d,Xianghua,475,01B8,243,offensive_attack,18,19,True,False,False,confirmed_static_data,"Mid Grab cell, damage=25, active=18-19"
00d,Xianghua,329,00AC,104,offensive_attack,30,31,True,False,False,confirmed_static_data,"Mid Grab cell, damage=24, active=30-31"
00d,Xianghua,329,00AC,105,offensive_attack,32,33,True,False,False,confirmed_static_data,"Unblockable Grab cell, damage=24, active=32-33"
00d,Xianghua,387,01E0,165,offensive_attack,25,26,True,False,False,confirmed_static_data,"Mid Strike cell, damage=25, active=25-26"
00d,Xianghua,544,0249,292,offensive_attack,12,15,True,False,False,confirmed_static_data,"Unblockable Grab cell, damage=16, active=12-15"
00d,Xianghua,544,0249,293,offensive_attack,13,15,True,False,False,confirmed_static_data,"Mid Grab cell, damage=16, active=13-15"
00d,Xianghua,544,0249,292,offensive_attack,12,15,True,False,False,confirmed_static_data,"Unblockable Grab cell, damage=16, active=12-15"
00d,Xianghua,544,0249,293,offensive_attack,13,15,True,False,False,confirmed_static_data,"Mid Grab cell, damage=16, active=13-15"
00d,Xianghua,461,0204,237,nondamaging,9,13,False,False,True,confirmed_static_data,NonDamaging cell is non-damage metadata/body data until a narrower role is proven
00d,Xianghua,462,0204,238,nondamaging,9,13,False,False,True,confirmed_static_data,NonDamaging cell is non-damage metadata/body data until a narrower role is proven
00d,Xianghua,358,008F,128,offensive_attack,19,21,True,False,False,confirmed_static_data,"Unblockable Grab cell, damage=22, active=19-21"
00d,Xianghua,358,008F,129,offensive_attack,20,21,True,False,False,confirmed_static_data,"Mid Grab cell, damage=22, active=20-21"
00d,Xianghua,397,00C7,175,offensive_attack,35,38,True,False,False,confirmed_static_data,"Mid Grab cell, damage=18, active=35-38"
00d,Xianghua,397,00C7,176,offensive_attack,33,38,True,False,False,confirmed_static_data,"Mid Grab cell, damage=18, active=33-38"
00d,Xianghua,528,0249,273,offensive_attack,12,15,True,False,False,confirmed_static_data,"Unblockable Grab cell, damage=16, active=12-15"
00d,Xianghua,528,0249,274,offensive_attack,13,15,True,False,False,confirmed_static_data,"Mid Grab cell, damage=16, active=13-15"
00d,Xianghua,528,0249,273,offensive_attack,12,15,True,False,False,confirmed_static_data,"Unblockable Grab cell, damage=16, active=12-15"
00d,Xianghua,528,0249,274,offensive_attack,13,15,True,False,False,confirmed_static_data,"Mid Grab cell, damage=16, active=13-15"
00d,Xianghua,528,0249,273,offensive_attack,12,15,True,False,False,confirmed_static_data,"Unblockable Grab cell, damage=16, active=12-15"
00d,Xianghua,528,0249,274,offensive_attack,13,15,True,False,False,confirmed_static_data,"Mid Grab cell, damage=16, active=13-15"
00d,Xianghua,528,0249,273,offensive_attack,12,15,True,False,False,confirmed_static_data,"Unblockable Grab cell, damage=16, active=12-15"
00d,Xianghua,528,0249,274,offensive_attack,13,15,True,False,False,confirmed_static_data,"Mid Grab cell, damage=16, active=13-15"
00d,Xianghua,544,0249,292,offensive_attack,12,15,True,False,False,confirmed_static_data,"Unblockable Grab cell, damage=16, active=12-15"
00d,Xianghua,544,0249,293,offensive_attack,13,15,True,False,False,confirmed_static_data,"Mid Grab cell, damage=16, active=13-15"
00d,Xianghua,544,0249,292,offensive_attack,12,15,True,False,False,confirmed_static_data,"Unblockable Grab cell, damage=16, active=12-15"
00d,Xianghua,544,0249,293,offensive_attack,13,15,True,False,False,confirmed_static_data,"Mid Grab cell, damage=16, active=13-15"
00f,Yoshimitsu,544,0235,261,offensive_attack,27,28,True,False,False,confirmed_static_data,"Mid Strike cell, damage=40, active=27-28"
00f,Yoshimitsu,366,0322,128,offensive_attack,24,25,True,False,False,confirmed_static_data,"Mid Strike cell, damage=110, active=24-25"
00f,Yoshimitsu,366,0322,128,offensive_attack,24,25,True,False,False,confirmed_static_data,"Mid Strike cell, damage=110, active=24-25"
00f,Yoshimitsu,627,0017,310,offensive_attack,60,63,True,False,False,confirmed_static_data,"Mid Super_or_Other cell, damage=85, active=60-63"
00f,Yoshimitsu,543,0234,260,offensive_attack,29,30,True,False,False,confirmed_static_data,"Mid Strike cell, damage=60, active=29-30"
00f,Yoshimitsu,258,00AD,24,offensive_attack,13,15,True,False,False,confirmed_static_data,"High Strike cell, damage=8, active=13-15"
00f,Yoshimitsu,258,00AD,25,offensive_attack,13,15,True,False,False,confirmed_static_data,"High Strike cell, damage=8, active=13-15"
00f,Yoshimitsu,263,0384,31,offensive_attack,25,27,True,False,False,confirmed_static_data,"High Strike cell, damage=30, active=25-27"
00f,Yoshimitsu,268,026B,37,offensive_attack,21,22,True,False,False,confirmed_static_data,"High Strike cell, damage=12, active=21-22"
00f,Yoshimitsu,268,026B,37,offensive_attack,21,22,True,False,False,confirmed_static_data,"High Strike cell, damage=12, active=21-22"
00f,Yoshimitsu,276,031C,47,offensive_attack,10,12,True,False,False,confirmed_static_data,"High Strike cell, damage=5, active=10-12"
00f,Yoshimitsu,291,0139,70,offensive_attack,12,13,True,False,False,confirmed_static_data,"Mid Super_or_Other cell, damage=12, active=12-13"
00f,Yoshimitsu,292,0139,71,offensive_attack,12,13,True,False,False,confirmed_static_data,"Mid Super_or_Other cell, damage=12, active=12-13"
00f,Yoshimitsu,313,0367,96,offensive_attack,24,26,True,False,False,confirmed_static_data,"Mid Strike cell, damage=14, active=24-26"
00f,Yoshimitsu,391,031E,147,offensive_attack,9,13,True,False,False,confirmed_static_data,"Mid Strike cell, damage=10, active=9-13"
00f,Yoshimitsu,545,0279,262,offensive_attack,15,17,True,False,False,confirmed_static_data,"Mid Strike cell, damage=80, active=15-17"
00f,Yoshimitsu,259,0388,26,offensive_attack,29,31,True,False,False,confirmed_static_data,"High Strike cell, damage=18, active=29-31"
00f,Yoshimitsu,263,0384,31,offensive_attack,25,27,True,False,False,confirmed_static_data,"High Strike cell, damage=30, active=25-27"
00f,Yoshimitsu,277,031C,48,offensive_attack,10,12,True,False,False,confirmed_static_data,"High Strike cell, damage=5, active=10-12"
00f,Yoshimitsu,277,031C,49,offensive_attack,10,12,True,False,False,confirmed_static_data,"High Strike cell, damage=5, active=10-12"
00f,Yoshimitsu,278,031C,50,offensive_attack,10,12,True,False,False,confirmed_static_data,"High Strike cell, damage=5, active=10-12"
00f,Yoshimitsu,278,031C,51,offensive_attack,10,12,True,False,False,confirmed_static_data,"High Strike cell, damage=5, active=10-12"
00f,Yoshimitsu,279,031C,52,offensive_attack,10,12,True,False,False,confirmed_static_data,"High Strike cell, damage=15, active=10-12"
00f,Yoshimitsu,371,0168,130,offensive_attack,7,11,True,False,False,confirmed_static_data,"Mid Strike cell, damage=15, active=7-11"
00f,Yoshimitsu,372,0168,131,offensive_attack,7,11,True,False,False,confirmed_static_data,"Mid Strike cell, damage=10, active=7-11"
00f,Yoshimitsu,373,0168,132,offensive_attack,7,11,True,False,False,confirmed_static_data,"Mid Strike cell, damage=5, active=7-11"
00f,Yoshimitsu,382,0168,138,offensive_attack,7,11,True,False,False,confirmed_static_data,"Mid Strike cell, damage=15, active=7-11"
00f,Yoshimitsu,383,0168,139,offensive_attack,7,11,True,False,False,confirmed_static_data,"Mid Strike cell, damage=10, active=7-11"
00f,Yoshimitsu,384,0168,140,offensive_attack,7,11,True,False,False,confirmed_static_data,"Mid Strike cell, damage=5, active=7-11"
00f,Yoshimitsu,392,031E,148,offensive_attack,9,13,True,False,False,confirmed_static_data,"Mid Strike cell, damage=10, active=9-13"
00f,Yoshimitsu,392,031E,149,offensive_attack,9,13,True,False,False,confirmed_static_data,"Mid Strike cell, damage=10, active=9-13"
00f,Yoshimitsu,393,031E,150,offensive_attack,9,13,True,False,False,confirmed_static_data,"Mid Strike cell, damage=10, active=9-13"
00f,Yoshimitsu,393,031E,151,offensive_attack,9,13,True,False,False,confirmed_static_data,"Mid Strike cell, damage=10, active=9-13"
00f,Yoshimitsu,394,031E,152,offensive_attack,9,13,True,False,False,confirmed_static_data,"Mid Strike cell, damage=10, active=9-13"
00f,Yoshimitsu,545,0279,262,offensive_attack,15,17,True,False,False,confirmed_static_data,"Mid Strike cell, damage=80, active=15-17"
00f,Yoshimitsu,607,0076,299,offensive_attack,22,24,True,False,False,confirmed_static_data,"High Super_or_Other cell, damage=25, active=22-24"
00f,Yoshimitsu,588,0233,286,offensive_attack,20,22,True,False,False,confirmed_static_data,"Mid Strike cell, damage=30, active=20-22"
00f,Yoshimitsu,338,02A8,115,offensive_attack,28,31,True,False,False,confirmed_static_data,"High Strike cell, damage=30, active=28-31"
00f,Yoshimitsu,338,02A8,115,offensive_attack,28,31,True,False,False,confirmed_static_data,"High Strike cell, damage=30, active=28-31"
00f,Yoshimitsu,339,02A8,116,offensive_attack,35,38,True,False,False,confirmed_static_data,"Mid Strike cell, damage=40, active=35-38"
00f,Yoshimitsu,444,00E8,204,offensive_attack,14,23,True,False,False,confirmed_static_data,"High Super_or_Other cell, damage=14, active=14-23"
00f,Yoshimitsu,444,00E8,205,offensive_attack,31,32,True,False,False,confirmed_static_data,"Unblockable Super_or_Other cell, damage=14, active=31-32"
00f,Yoshimitsu,338,02A8,115,offensive_attack,28,31,True,False,False,confirmed_static_data,"High Strike cell, damage=30, active=28-31"
00f,Yoshimitsu,339,02A8,116,offensive_attack,35,38,True,False,False,confirmed_static_data,"Mid Strike cell, damage=40, active=35-38"
00f,Yoshimitsu,342,010C,119,offensive_attack,21,23,True,False,False,confirmed_static_data,"Mid Strike cell, damage=16, active=21-23"
00f,Yoshimitsu,448,0230,209,offensive_attack,14,23,True,False,False,confirmed_static_data,"High Strike cell, damage=14, active=14-23"
00f,Yoshimitsu,448,0230,210,offensive_attack,31,32,True,False,False,confirmed_static_data,"Unblockable Strike cell, damage=14, active=31-32"
00f,Yoshimitsu,504,0380,242,offensive_attack,17,18,True,False,False,confirmed_static_data,"Mid Strike cell, damage=10, active=17-18"
00f,Yoshimitsu,447,0231,207,offensive_attack,19,21,True,False,False,confirmed_static_data,"Unblockable Grab cell, damage=26, active=19-21"
00f,Yoshimitsu,447,0231,208,offensive_attack,22,24,True,False,False,confirmed_static_data,"Mid Grab cell, damage=26, active=22-24"
00f,Yoshimitsu,348,0011,124,offensive_attack,61,63,True,False,False,confirmed_static_data,"Mid Strike cell, damage=40, active=61-63"
00f,Yoshimitsu,306,00F9,89,sentinel,34,34,False,False,True,confirmed_static_data,Sentinel cell is non-damage metadata/body data until a narrower role is proven
00f,Yoshimitsu,264,0385,32,offensive_attack,23,25,True,False,False,confirmed_static_data,"Mid Strike cell, damage=14, active=23-25"
00f,Yoshimitsu,273,0012,41,offensive_attack,9,10,True,False,False,confirmed_static_data,"Mid Strike cell, damage=10, active=9-10"
00f,Yoshimitsu,273,0012,42,offensive_attack,9,10,True,False,False,confirmed_static_data,"Mid Strike cell, damage=10, active=9-10"
00f,Yoshimitsu,273,0012,41,offensive_attack,9,10,True,False,False,confirmed_static_data,"Mid Strike cell, damage=10, active=9-10"
00f,Yoshimitsu,273,0012,42,offensive_attack,9,10,True,False,False,confirmed_static_data,"Mid Strike cell, damage=10, active=9-10"
00f,Yoshimitsu,288,00AB,67,offensive_attack,16,17,True,False,False,confirmed_static_data,"Mid Strike cell, damage=14, active=16-17"
00f,Yoshimitsu,288,00AB,68,offensive_attack,16,17,True,False,False,confirmed_static_data,"Mid Strike cell, damage=14, active=16-17"
00f,Yoshimitsu,389,0012,144,offensive_attack,9,10,True,False,False,confirmed_static_data,"Mid Strike cell, damage=10, active=9-10"
00f,Yoshimitsu,389,0012,145,offensive_attack,9,10,True,False,False,confirmed_static_data,"Mid Strike cell, damage=10, active=9-10"
00f,Yoshimitsu,389,0012,144,offensive_attack,9,10,True,False,False,confirmed_static_data,"Mid Strike cell, damage=10, active=9-10"
00f,Yoshimitsu,389,0012,145,offensive_attack,9,10,True,False,False,confirmed_static_data,"Mid Strike cell, damage=10, active=9-10"
00f,Yoshimitsu,456,013F,215,nondamaging,17,18,False,False,True,confirmed_static_data,NonDamaging cell is non-damage metadata/body data until a narrower role is proven
00f,Yoshimitsu,307,00F9,90,sentinel,35,35,False,False,True,confirmed_static_data,Sentinel cell is non-damage metadata/body data until a narrower role is proven
00f,Yoshimitsu,328,00F9,110,sentinel,34,34,False,False,True,confirmed_static_data,Sentinel cell is non-damage metadata/body data until a narrower role is proven
00f,Yoshimitsu,307,00F9,90,sentinel,35,35,False,False,True,confirmed_static_data,Sentinel cell is non-damage metadata/body data until a narrower role is proven
00f,Yoshimitsu,264,0385,32,offensive_attack,23,25,True,False,False,confirmed_static_data,"Mid Strike cell, damage=14, active=23-25"
00f,Yoshimitsu,297,00F6,75,offensive_attack,16,17,True,False,False,confirmed_static_data,"High Strike cell, damage=8, active=16-17"
00f,Yoshimitsu,298,00F7,76,offensive_attack,25,26,True,False,False,confirmed_static_data,"Mid Strike cell, damage=26, active=25-26"
00f,Yoshimitsu,298,00F7,77,offensive_attack,27,27,True,False,False,confirmed_static_data,"Mid Strike cell, damage=26, active=27-27"
00f,Yoshimitsu,301,0359,82,offensive_attack,24,26,True,False,False,confirmed_static_data,"Mid Strike cell, damage=4, active=24-26"
00f,Yoshimitsu,302,0359,83,offensive_attack,32,34,True,False,False,confirmed_static_data,"Mid Strike cell, damage=10, active=32-34"
00f,Yoshimitsu,304,035C,84,offensive_attack,23,25,True,False,False,confirmed_static_data,"Mid Strike cell, damage=25, active=23-25"
00f,Yoshimitsu,304,035C,85,offensive_attack,24,25,True,False,False,confirmed_static_data,"Mid Strike cell, damage=25, active=24-25"
00f,Yoshimitsu,304,035C,86,offensive_attack,23,25,True,False,False,confirmed_static_data,"Mid Strike cell, damage=25, active=23-25"
00f,Yoshimitsu,308,00FA,91,offensive_attack,9,11,True,False,False,confirmed_static_data,"Mid Strike cell, damage=22, active=9-11"
00f,Yoshimitsu,309,00FA,92,offensive_attack,9,11,True,False,False,confirmed_static_data,"Mid Strike cell, damage=40, active=9-11"
00f,Yoshimitsu,310,00FA,93,offensive_attack,9,11,True,False,False,confirmed_static_data,"Mid Strike cell, damage=50, active=9-11"
00f,Yoshimitsu,308,00FA,91,offensive_attack,9,11,True,False,False,confirmed_static_data,"Mid Strike cell, damage=22, active=9-11"
00f,Yoshimitsu,502,007E,239,offensive_attack,16,17,True,False,False,confirmed_static_data,"Mid Super_or_Other cell, damage=30, active=16-17"
00f,Yoshimitsu,548,0252,263,offensive_attack,10,11,True,False,False,confirmed_static_data,"Mid Super_or_Other cell, damage=24, active=10-11"
00f,Yoshimitsu,553,033C,265,offensive_attack,27,34,True,False,False,confirmed_static_data,"Mid Strike cell, damage=12, active=27-34"
00f,Yoshimitsu,554,033C,266,offensive_attack,36,39,True,False,False,confirmed_static_data,"Mid Strike cell, damage=12, active=36-39"
00f,Yoshimitsu,500,005C,237,offensive_attack,35,37,True,False,False,confirmed_static_data,"Mid Strike cell, damage=28, active=35-37"
00f,Yoshimitsu,503,0245,240,offensive_attack,23,24,True,False,False,confirmed_static_data,"Mid Grab cell, damage=25, active=23-24"
00f,Yoshimitsu,503,0245,241,offensive_attack,29,30,True,False,False,confirmed_static_data,"Unblockable Grab cell, damage=25, active=29-30"
00f,Yoshimitsu,539,0382,258,offensive_attack,15,16,True,False,False,confirmed_static_data,"Mid Grab cell, damage=14, active=15-16"
00f,Yoshimitsu,440,011A,201,offensive_attack,41,42,True,False,False,confirmed_static_data,"Mid Strike cell, damage=20, active=41-42"
00f,Yoshimitsu,552,033C,264,offensive_attack,17,25,True,False,False,confirmed_static_data,"Mid Strike cell, damage=12, active=17-25"
00f,Yoshimitsu,564,020A,276,offensive_attack,19,20,True,False,False,confirmed_static_data,"Mid Grab cell, damage=26, active=19-20"
00f,Yoshimitsu,586,023C,284,offensive_attack,17,24,True,False,False,confirmed_static_data,"Mid Strike cell, damage=30, active=17-24"
00f,Yoshimitsu,589,023F,287,offensive_attack,64,66,True,False,False,confirmed_static_data,"Mid Grab cell, damage=30, active=64-66"
00f,Yoshimitsu,589,023F,288,nondamaging,68,69,False,False,True,confirmed_static_data,NonDamaging cell is non-damage metadata/body data until a narrower role is proven
00f,Yoshimitsu,346,000D,122,offensive_attack,24,25,True,False,False,confirmed_static_data,"Mid Strike cell, damage=40, active=24-25"
00f,Yoshimitsu,347,000C,123,offensive_attack,23,24,True,False,False,confirmed_static_data,"Mid Strike cell, damage=60, active=23-24"
00f,Yoshimitsu,346,000D,122,offensive_attack,24,25,True,False,False,confirmed_static_data,"Mid Strike cell, damage=40, active=24-25"
00f,Yoshimitsu,347,000C,123,offensive_attack,23,24,True,False,False,confirmed_static_data,"Mid Strike cell, damage=60, active=23-24"
00f,Yoshimitsu,568,02EE,283,offensive_attack,15,16,True,False,False,confirmed_static_data,"High Grab cell, damage=12, active=15-16"
00f,Yoshimitsu,319,0162,100,offensive_attack,15,17,True,False,False,confirmed_static_data,"High Grab cell, damage=36, active=15-17"
00f,Yoshimitsu,340,02FE,117,offensive_attack,27,30,True,False,False,confirmed_static_data,"Mid Grab cell, damage=18, active=27-30"
00f,Yoshimitsu,401,01D3,159,offensive_attack,7,9,True,False,False,confirmed_static_data,"Mid Grab cell, damage=8, active=7-9"
00f,Yoshimitsu,534,00E4,253,nondamaging,39,41,False,False,True,confirmed_static_data,NonDamaging cell is non-damage metadata/body data until a narrower role is proven
00f,Yoshimitsu,536,00E4,255,nondamaging,39,40,False,False,True,confirmed_static_data,NonDamaging cell is non-damage metadata/body data until a narrower role is proven
00f,Yoshimitsu,340,02FE,117,offensive_attack,27,30,True,False,False,confirmed_static_data,"Mid Grab cell, damage=18, active=27-30"
00f,Yoshimitsu,619,0073,304,offensive_attack,9,16,True,False,False,confirmed_static_data,"Mid Grab cell, damage=25, active=9-16"
00f,Yoshimitsu,501,007E,238,offensive_attack,13,14,True,False,False,confirmed_static_data,"Mid Super_or_Other cell, damage=20, active=13-14"
00f,Yoshimitsu,568,02EE,283,offensive_attack,15,16,True,False,False,confirmed_static_data,"High Grab cell, damage=12, active=15-16"
011,Nightmare,273,02C3,37,offensive_attack,27,28,True,False,False,confirmed_static_data,"Mid Strike cell, damage=32, active=27-28"
011,Nightmare,278,0071,42,offensive_attack,31,34,True,False,False,confirmed_static_data,"Mid Strike cell, damage=52, active=31-34"
011,Nightmare,278,0071,43,offensive_attack,31,34,True,False,False,confirmed_static_data,"Mid Strike cell, damage=52, active=31-34"
011,Nightmare,424,01DC,163,offensive_attack,12,13,True,False,False,confirmed_static_data,"High Super_or_Other cell, damage=15, active=12-13"
011,Nightmare,496,0324,198,offensive_attack,25,28,True,False,False,confirmed_static_data,"Mid Strike cell, damage=22, active=25-28"
011,Nightmare,447,01A3,179,offensive_attack,25,28,True,False,False,confirmed_static_data,"Mid Strike cell, damage=26, active=25-28"
011,Nightmare,473,03F0,189,offensive_attack,23,25,True,False,False,confirmed_static_data,"Mid Strike cell, damage=30, active=23-25"
011,Nightmare,266,021E,30,offensive_attack,13,16,True,False,False,confirmed_static_data,"High Strike cell, damage=32, active=13-16"
011,Nightmare,360,0394,120,offensive_attack,27,30,True,False,False,confirmed_static_data,"Mid Strike cell, damage=26, active=27-30"
011,Nightmare,501,02B6,201,offensive_attack,14,16,True,False,False,confirmed_static_data,"High Strike cell, damage=38, active=14-16"
011,Nightmare,502,02B6,202,offensive_attack,14,16,True,False,False,confirmed_static_data,"High Strike cell, damage=48, active=14-16"
011,Nightmare,2968,02B6,238,offensive_attack,33,35,True,False,False,confirmed_static_data,"High Strike cell, damage=42, active=33-35"
011,Nightmare,2978,021E,250,offensive_attack,37,41,True,False,False,confirmed_static_data,"High Strike cell, damage=36, active=37-41"
011,Nightmare,2983,02A3,254,offensive_attack,33,34,True,False,False,confirmed_static_data,"Mid Strike cell, damage=28, active=33-34"
011,Nightmare,2985,0071,257,offensive_attack,31,34,True,False,False,confirmed_static_data,"Mid Strike cell, damage=52, active=31-34"
011,Nightmare,2985,0071,258,offensive_attack,31,34,True,False,False,confirmed_static_data,"Mid Strike cell, damage=52, active=31-34"
011,Nightmare,2983,02A3,254,offensive_attack,33,34,True,False,False,confirmed_static_data,"Mid Strike cell, damage=28, active=33-34"
011,Nightmare,3034,0394,307,offensive_attack,27,30,True,False,False,confirmed_static_data,"Mid Strike cell, damage=26, active=27-30"
011,Nightmare,3057,01DC,327,offensive_attack,12,13,True,False,False,confirmed_static_data,"High Super_or_Other cell, damage=15, active=12-13"
011,Nightmare,3078,0402,353,offensive_attack,28,31,True,False,False,confirmed_static_data,"High Strike cell, damage=30, active=28-31"
011,Nightmare,506,009F,206,offensive_attack,27,28,True,False,False,confirmed_static_data,"Mid Strike cell, damage=30, active=27-28"
011,Nightmare,455,0196,184,offensive_attack,24,26,True,False,False,confirmed_static_data,"Mid Grab cell, damage=10, active=24-26"
011,Nightmare,485,03CD,194,offensive_attack,30,32,True,False,False,confirmed_static_data,"Mid Strike cell, damage=20, active=30-32"
011,Nightmare,299,03EC,65,offensive_attack,24,25,True,False,False,confirmed_static_data,"Mid Super_or_Other cell, damage=10, active=24-25"
011,Nightmare,299,03EC,66,offensive_attack,24,25,True,False,False,confirmed_static_data,"Mid Super_or_Other cell, damage=10, active=24-25"
011,Nightmare,302,031B,70,offensive_attack,23,24,True,False,False,confirmed_static_data,"Mid Strike cell, damage=30, active=23-24"
011,Nightmare,302,031B,71,offensive_attack,25,26,True,False,False,confirmed_static_data,"Unblockable Strike cell, damage=30, active=25-26"
011,Nightmare,310,0292,79,offensive_attack,20,21,True,False,False,confirmed_static_data,"Mid Strike cell, damage=24, active=20-21"
011,Nightmare,376,0360,129,offensive_attack,34,36,True,False,False,confirmed_static_data,"Mid Strike cell, damage=30, active=34-36"
011,Nightmare,426,01EF,164,offensive_attack,11,12,True,False,False,confirmed_static_data,"High Strike cell, damage=20, active=11-12"
011,Nightmare,498,01A6,199,offensive_attack,26,32,True,False,False,confirmed_static_data,"Mid Strike cell, damage=26, active=26-32"
011,Nightmare,500,02A3,200,offensive_attack,19,20,True,False,False,confirmed_static_data,"Mid Strike cell, damage=28, active=19-20"
011,Nightmare,449,01DF,180,offensive_attack,14,18,True,False,False,confirmed_static_data,"Mid Strike cell, damage=22, active=14-18"
011,Nightmare,475,03F1,190,offensive_attack,24,24,True,False,False,confirmed_static_data,"Unblockable Strike cell, damage=36, active=24-24"
011,Nightmare,475,03F1,191,offensive_attack,25,27,True,False,False,confirmed_static_data,"Mid Strike cell, damage=36, active=25-27"
011,Nightmare,388,00F1,140,nondamaging,17,18,False,False,True,confirmed_static_data,NonDamaging cell is non-damage metadata/body data until a narrower role is proven
011,Nightmare,289,00C0,53,offensive_attack,26,28,True,False,False,confirmed_static_data,"Mid Strike cell, damage=6, active=26-28"
011,Nightmare,300,03EC,67,offensive_attack,29,30,True,False,False,confirmed_static_data,"Mid Super_or_Other cell, damage=15, active=29-30"
011,Nightmare,300,03EC,68,offensive_attack,29,30,True,False,False,confirmed_static_data,"Mid Super_or_Other cell, damage=15, active=29-30"
011,Nightmare,346,0372,108,offensive_attack,20,21,True,False,False,confirmed_static_data,"High Strike cell, damage=14, active=20-21"
011,Nightmare,430,038B,169,offensive_attack,17,19,True,False,False,confirmed_static_data,"Mid Grab cell, damage=22, active=17-19"
011,Nightmare,2979,02CC,251,offensive_attack,53,55,True,False,False,confirmed_static_data,"Mid Strike cell, damage=38, active=53-55"
011,Nightmare,2994,00C0,269,offensive_attack,26,28,True,False,False,confirmed_static_data,"Mid Strike cell, damage=6, active=26-28"
011,Nightmare,3048,0360,319,offensive_attack,34,36,True,False,False,confirmed_static_data,"Mid Strike cell, damage=30, active=34-36"
011,Nightmare,3058,01EF,328,offensive_attack,11,12,True,False,False,confirmed_static_data,"High Strike cell, damage=20, active=11-12"
011,Nightmare,3056,0234,326,offensive_attack,17,20,True,False,False,confirmed_static_data,"High Strike cell, damage=16, active=17-20"
011,Nightmare,3061,007E,331,offensive_attack,20,25,True,False,False,confirmed_static_data,"Mid Grab cell, damage=26, active=20-25"
011,Nightmare,421,0229,160,nondamaging,15,17,False,False,True,confirmed_static_data,NonDamaging cell is non-damage metadata/body data until a narrower role is proven
011,Nightmare,421,0229,161,nondamaging,16,17,False,False,True,confirmed_static_data,NonDamaging cell is non-damage metadata/body data until a narrower role is proven
011,Nightmare,318,0239,84,offensive_attack,19,20,True,False,False,confirmed_static_data,"Mid Strike cell, damage=15, active=19-20"
011,Nightmare,318,0239,84,offensive_attack,19,20,True,False,False,confirmed_static_data,"Mid Strike cell, damage=15, active=19-20"
011,Nightmare,327,02E2,85,offensive_attack,66,69,True,False,False,confirmed_static_data,"Mid Strike cell, damage=75, active=66-69"
011,Nightmare,327,02E2,85,offensive_attack,66,69,True,False,False,confirmed_static_data,"Mid Strike cell, damage=75, active=66-69"
011,Nightmare,385,035C,136,offensive_attack,30,32,True,False,False,confirmed_static_data,"Mid Strike cell, damage=48, active=30-32"
011,Nightmare,385,035C,136,offensive_attack,30,32,True,False,False,confirmed_static_data,"Mid Strike cell, damage=48, active=30-32"
011,Nightmare,3010,02DD,284,offensive_attack,59,62,True,False,False,confirmed_static_data,"Mid Strike cell, damage=60, active=59-62"
011,Nightmare,3010,02DD,284,offensive_attack,59,62,True,False,False,confirmed_static_data,"Mid Strike cell, damage=60, active=59-62"
011,Nightmare,3011,03F4,285,offensive_attack,21,47,True,False,False,confirmed_static_data,"High Strike cell, damage=30, active=21-47"
011,Nightmare,3011,03F4,286,offensive_attack,21,47,True,False,False,confirmed_static_data,"High Strike cell, damage=30, active=21-47"
011,Nightmare,3011,03F4,285,offensive_attack,21,47,True,False,False,confirmed_static_data,"High Strike cell, damage=30, active=21-47"
011,Nightmare,3011,03F4,286,offensive_attack,21,47,True,False,False,confirmed_static_data,"High Strike cell, damage=30, active=21-47"
011,Nightmare,3019,03FD,294,offensive_attack,25,26,True,False,False,confirmed_static_data,"Mid Super_or_Other cell, damage=28, active=25-26"
011,Nightmare,3019,03FD,294,offensive_attack,25,26,True,False,False,confirmed_static_data,"Mid Super_or_Other cell, damage=28, active=25-26"
011,Nightmare,3056,0234,326,offensive_attack,17,20,True,False,False,confirmed_static_data,"High Strike cell, damage=16, active=17-20"
011,Nightmare,3059,0235,329,offensive_attack,15,17,True,False,False,confirmed_static_data,"Mid Super_or_Other cell, damage=36, active=15-17"
011,Nightmare,3061,007E,331,offensive_attack,20,25,True,False,False,confirmed_static_data,"Mid Grab cell, damage=26, active=20-25"
011,Nightmare,3062,0375,332,offensive_attack,36,39,True,False,False,confirmed_static_data,"Mid Strike cell, damage=48, active=36-39"
011,Nightmare,274,02C4,38,offensive_attack,36,37,True,False,False,confirmed_static_data,"High Super_or_Other cell, damage=28, active=36-37"
011,Nightmare,279,02DE,44,offensive_attack,16,17,True,False,False,confirmed_static_data,"High Super_or_Other cell, damage=28, active=16-17"
011,Nightmare,505,035E,205,offensive_attack,9,10,True,False,False,confirmed_static_data,"High Grab cell, damage=16, active=9-10"
011,Nightmare,453,0238,181,offensive_attack,15,17,True,False,False,confirmed_static_data,"Unblockable Grab cell, damage=10, active=15-17"
011,Nightmare,453,0238,182,offensive_attack,16,17,True,False,False,confirmed_static_data,"Mid Grab cell, damage=10, active=16-17"
011,Nightmare,476,01AD,192,offensive_attack,9,10,True,False,False,confirmed_static_data,"Mid Grab cell, damage=12, active=9-10"
011,Nightmare,388,00F1,140,nondamaging,17,18,False,False,True,confirmed_static_data,NonDamaging cell is non-damage metadata/body data until a narrower role is proven
011,Nightmare,389,00F1,141,nondamaging,17,18,False,False,True,confirmed_static_data,NonDamaging cell is non-damage metadata/body data until a narrower role is proven
011,Nightmare,308,015A,76,offensive_attack,20,21,True,False,False,confirmed_static_data,"Mid Grab cell, damage=30, active=20-21"
011,Nightmare,380,00A5,131,offensive_attack,32,33,True,False,False,confirmed_static_data,"Mid Super_or_Other cell, damage=24, active=32-33"
011,Nightmare,431,038B,170,offensive_attack,14,16,True,False,False,confirmed_static_data,"Mid Grab cell, damage=12, active=14-16"
011,Nightmare,427,028D,165,offensive_attack,21,23,True,False,False,confirmed_static_data,"Mid Strike cell, damage=42, active=21-23"
011,Nightmare,427,028D,166,offensive_attack,21,23,True,False,False,confirmed_static_data,"Mid Strike cell, damage=42, active=21-23"
011,Nightmare,427,028D,167,offensive_attack,21,23,True,False,False,confirmed_static_data,"Mid Strike cell, damage=42, active=21-23"
011,Nightmare,435,03D0,172,offensive_attack,21,23,True,False,False,confirmed_static_data,"Mid Strike cell, damage=15, active=21-23"
011,Nightmare,3006,0327,281,offensive_attack,11,12,True,False,False,confirmed_static_data,"Mid Grab cell, damage=34, active=11-12"
011,Nightmare,3008,015A,283,offensive_attack,20,21,True,False,False,confirmed_static_data,"Mid Grab cell, damage=30, active=20-21"
011,Nightmare,3059,0235,329,offensive_attack,15,17,True,False,False,confirmed_static_data,"Mid Super_or_Other cell, damage=36, active=15-17"
011,Nightmare,3062,0375,332,offensive_attack,36,39,True,False,False,confirmed_static_data,"Mid Strike cell, damage=48, active=36-39"
012,Astaroth,488,01C1,285,nondamaging,11,17,False,False,True,confirmed_static_data,NonDamaging cell is non-damage metadata/body data until a narrower role is proven
012,Astaroth,470,0271,267,nondamaging,17,18,False,False,True,confirmed_static_data,NonDamaging cell is non-damage metadata/body data until a narrower role is proven
012,Astaroth,472,0271,269,nondamaging,17,18,False,False,True,confirmed_static_data,NonDamaging cell is non-damage metadata/body data until a narrower role is proven
012,Astaroth,476,0271,273,nondamaging,17,18,False,False,True,confirmed_static_data,NonDamaging cell is non-damage metadata/body data until a narrower role is proven
012,Astaroth,477,0271,274,nondamaging,17,18,False,False,True,confirmed_static_data,NonDamaging cell is non-damage metadata/body data until a narrower role is proven
012,Astaroth,266,001F,29,offensive_attack,35,42,True,False,False,confirmed_static_data,"Mid Strike cell, damage=32, active=35-42"
012,Astaroth,277,028E,43,offensive_attack,26,27,True,False,False,confirmed_static_data,"High Strike cell, damage=14, active=26-27"
012,Astaroth,351,0007,123,offensive_attack,28,29,True,False,False,confirmed_static_data,"High Strike cell, damage=30, active=28-29"
012,Astaroth,427,024B,208,offensive_attack,22,25,True,False,False,confirmed_static_data,"Mid Strike cell, damage=36, active=22-25"
012,Astaroth,427,024B,209,offensive_attack,22,25,True,False,False,confirmed_static_data,"Mid Strike cell, damage=40, active=22-25"
012,Astaroth,427,024B,210,offensive_attack,22,25,True,False,False,confirmed_static_data,"Mid Strike cell, damage=40, active=22-25"
012,Astaroth,546,00A6,300,offensive_attack,30,35,True,False,False,confirmed_static_data,"Mid Strike cell, damage=75, active=30-35"
012,Astaroth,471,0271,268,nondamaging,17,18,False,False,True,confirmed_static_data,NonDamaging cell is non-damage metadata/body data until a narrower role is proven
012,Astaroth,473,0271,270,nondamaging,17,18,False,False,True,confirmed_static_data,NonDamaging cell is non-damage metadata/body data until a narrower role is proven
012,Astaroth,270,023C,33,offensive_attack,25,30,True,False,False,confirmed_static_data,"Mid Strike cell, damage=32, active=25-30"
012,Astaroth,270,023C,34,offensive_attack,25,30,True,False,False,confirmed_static_data,"Mid Strike cell, damage=32, active=25-30"
012,Astaroth,268,001F,31,offensive_attack,35,42,True,False,False,confirmed_static_data,"Mid Strike cell, damage=32, active=35-42"
012,Astaroth,270,023C,33,offensive_attack,25,30,True,False,False,confirmed_static_data,"Mid Strike cell, damage=32, active=25-30"
012,Astaroth,270,023C,34,offensive_attack,25,30,True,False,False,confirmed_static_data,"Mid Strike cell, damage=32, active=25-30"
012,Astaroth,273,023C,38,offensive_attack,25,30,True,False,False,confirmed_static_data,"Mid Strike cell, damage=32, active=25-30"
012,Astaroth,273,023C,39,offensive_attack,25,30,True,False,False,confirmed_static_data,"Mid Strike cell, damage=32, active=25-30"
012,Astaroth,279,028E,45,offensive_attack,26,27,True,False,False,confirmed_static_data,"High Strike cell, damage=24, active=26-27"
012,Astaroth,280,028E,46,offensive_attack,26,27,True,False,False,confirmed_static_data,"High Strike cell, damage=24, active=26-27"
012,Astaroth,352,0007,124,offensive_attack,28,29,True,False,False,confirmed_static_data,"High Strike cell, damage=30, active=28-29"
012,Astaroth,351,0007,123,offensive_attack,28,29,True,False,False,confirmed_static_data,"High Strike cell, damage=30, active=28-29"
012,Astaroth,352,0007,124,offensive_attack,28,29,True,False,False,confirmed_static_data,"High Strike cell, damage=30, active=28-29"
012,Astaroth,353,0007,125,offensive_attack,28,29,True,False,False,confirmed_static_data,"High Strike cell, damage=30, active=28-29"
012,Astaroth,354,0008,126,offensive_attack,30,31,True,False,False,confirmed_static_data,"Mid Strike cell, damage=36, active=30-31"
012,Astaroth,355,0008,127,offensive_attack,30,31,True,False,False,confirmed_static_data,"Mid Strike cell, damage=36, active=30-31"
012,Astaroth,356,0008,128,offensive_attack,30,31,True,False,False,confirmed_static_data,"Mid Strike cell, damage=36, active=30-31"
012,Astaroth,411,0008,190,offensive_attack,30,31,True,False,False,confirmed_static_data,"Mid Strike cell, damage=36, active=30-31"
012,Astaroth,546,00A6,300,offensive_attack,30,35,True,False,False,confirmed_static_data,"Mid Strike cell, damage=75, active=30-35"
012,Astaroth,548,00A6,302,offensive_attack,30,35,True,False,False,confirmed_static_data,"Mid Strike cell, damage=90, active=30-35"
012,Astaroth,548,00A6,302,offensive_attack,30,35,True,False,False,confirmed_static_data,"Mid Strike cell, damage=90, active=30-35"
012,Astaroth,546,00A6,300,offensive_attack,30,35,True,False,False,confirmed_static_data,"Mid Strike cell, damage=75, active=30-35"
012,Astaroth,546,00A6,300,offensive_attack,30,35,True,False,False,confirmed_static_data,"Mid Strike cell, damage=75, active=30-35"
012,Astaroth,548,00A6,302,offensive_attack,30,35,True,False,False,confirmed_static_data,"Mid Strike cell, damage=90, active=30-35"
012,Astaroth,548,00A6,302,offensive_attack,30,35,True,False,False,confirmed_static_data,"Mid Strike cell, damage=90, active=30-35"
012,Astaroth,367,00B4,140,offensive_attack,20,22,True,False,False,confirmed_static_data,"Mid Super_or_Other cell, damage=26, active=20-22"
012,Astaroth,373,0012,143,offensive_attack,29,33,True,False,False,confirmed_static_data,"Mid Super_or_Other cell, damage=36, active=29-33"
012,Astaroth,391,0194,160,offensive_attack,41,43,True,False,False,confirmed_static_data,"Mid Strike cell, damage=52, active=41-43"
012,Astaroth,393,0194,162,offensive_attack,41,43,True,False,False,confirmed_static_data,"Mid Strike cell, damage=52, active=41-43"
012,Astaroth,395,0194,164,offensive_attack,41,43,True,False,False,confirmed_static_data,"Mid Strike cell, damage=52, active=41-43"
012,Astaroth,284,0014,48,offensive_attack,26,28,True,False,False,confirmed_static_data,"Mid Strike cell, damage=30, active=26-28"
012,Astaroth,308,00B8,71,offensive_attack,36,38,True,False,False,confirmed_static_data,"Mid Strike cell, damage=20, active=36-38"
012,Astaroth,318,007B,83,offensive_attack,19,20,True,False,False,confirmed_static_data,"Mid Strike cell, damage=26, active=19-20"
012,Astaroth,327,0205,94,offensive_attack,23,26,True,False,False,confirmed_static_data,"Mid Strike cell, damage=52, active=23-26"
012,Astaroth,327,0205,95,offensive_attack,22,26,True,False,False,confirmed_static_data,"Mid Strike cell, damage=52, active=22-26"
012,Astaroth,330,00AB,99,offensive_attack,22,24,True,False,False,confirmed_static_data,"Mid Strike cell, damage=30, active=22-24"
012,Astaroth,332,0200,102,offensive_attack,13,16,True,False,False,confirmed_static_data,"Unblockable Super_or_Other cell, damage=30, active=13-16"
012,Astaroth,332,0200,103,offensive_attack,15,16,True,False,False,confirmed_static_data,"Mid Grab cell, damage=30, active=15-16"
012,Astaroth,407,0031,185,offensive_attack,19,20,True,False,False,confirmed_static_data,"Mid Strike cell, damage=40, active=19-20"
012,Astaroth,444,00B9,236,offensive_attack,28,31,True,False,False,confirmed_static_data,"Mid Strike cell, damage=65, active=28-31"
012,Astaroth,463,0259,257,nondamaging,17,18,False,False,True,confirmed_static_data,NonDamaging cell is non-damage metadata/body data until a narrower role is proven
012,Astaroth,463,0259,258,nondamaging,17,18,False,False,True,confirmed_static_data,NonDamaging cell is non-damage metadata/body data until a narrower role is proven
012,Astaroth,272,023D,37,offensive_attack,40,43,True,False,False,confirmed_static_data,"Mid Strike cell, damage=42, active=40-43"
012,Astaroth,272,023D,37,offensive_attack,40,43,True,False,False,confirmed_static_data,"Mid Strike cell, damage=42, active=40-43"
012,Astaroth,274,023D,40,offensive_attack,40,43,True,False,False,confirmed_static_data,"Mid Strike cell, damage=42, active=40-43"
012,Astaroth,310,00B8,73,offensive_attack,35,38,True,False,False,confirmed_static_data,"Unblockable Strike cell, damage=32, active=35-38"
012,Astaroth,310,00B8,74,offensive_attack,36,38,True,False,False,confirmed_static_data,"Mid Strike cell, damage=32, active=36-38"
012,Astaroth,311,00B8,75,offensive_attack,35,38,True,False,False,confirmed_static_data,"Unblockable Strike cell, damage=32, active=35-38"
012,Astaroth,311,00B8,76,offensive_attack,36,38,True,False,False,confirmed_static_data,"Mid Strike cell, damage=32, active=36-38"
012,Astaroth,313,00DA,78,offensive_attack,21,23,True,False,False,confirmed_static_data,"Mid Strike cell, damage=20, active=21-23"
012,Astaroth,313,00DA,79,offensive_attack,21,23,True,False,False,confirmed_static_data,"Mid Strike cell, damage=20, active=21-23"
012,Astaroth,320,007B,86,offensive_attack,19,20,True,False,False,confirmed_static_data,"Mid Strike cell, damage=26, active=19-20"
012,Astaroth,322,00AB,88,offensive_attack,20,22,True,False,False,confirmed_static_data,"Mid Strike cell, damage=26, active=20-22"
012,Astaroth,322,00AB,88,offensive_attack,20,22,True,False,False,confirmed_static_data,"Mid Strike cell, damage=26, active=20-22"
012,Astaroth,324,00AB,90,offensive_attack,20,22,True,False,False,confirmed_static_data,"Mid Strike cell, damage=26, active=20-22"
012,Astaroth,333,0200,104,offensive_attack,26,29,True,False,False,confirmed_static_data,"Unblockable Super_or_Other cell, damage=30, active=26-29"
012,Astaroth,333,0200,105,offensive_attack,28,29,True,False,False,confirmed_static_data,"Mid Grab cell, damage=30, active=28-29"
012,Astaroth,334,0200,106,offensive_attack,31,34,True,False,False,confirmed_static_data,"Unblockable Super_or_Other cell, damage=36, active=31-34"
012,Astaroth,334,0200,107,offensive_attack,33,34,True,False,False,confirmed_static_data,"Mid Grab cell, damage=36, active=33-34"
012,Astaroth,336,0200,110,offensive_attack,31,34,True,False,False,confirmed_static_data,"Unblockable Super_or_Other cell, damage=36, active=31-34"
012,Astaroth,336,0200,111,offensive_attack,33,34,True,False,False,confirmed_static_data,"Mid Grab cell, damage=36, active=33-34"
012,Astaroth,423,000B,203,offensive_attack,37,39,True,False,False,confirmed_static_data,"Mid Strike cell, damage=75, active=37-39"
012,Astaroth,535,02A5,297,offensive_attack,34,36,True,False,False,confirmed_static_data,"Mid Strike cell, damage=55, active=34-36"
012,Astaroth,536,02A5,298,offensive_attack,39,41,True,False,False,confirmed_static_data,"Mid Strike cell, damage=65, active=39-41"
012,Astaroth,536,02A5,298,offensive_attack,39,41,True,False,False,confirmed_static_data,"Mid Strike cell, damage=65, active=39-41"
012,Astaroth,338,002A,113,offensive_attack,13,14,True,False,False,confirmed_static_data,"High Grab cell, damage=24, active=13-14"
012,Astaroth,348,0006,120,offensive_attack,19,20,True,False,False,confirmed_static_data,"Mid Grab cell, damage=38, active=19-20"
012,Astaroth,451,00E9,241,offensive_attack,17,25,True,False,False,confirmed_static_data,"Mid Super_or_Other cell, damage=20, active=17-25"
012,Astaroth,451,00E9,242,offensive_attack,17,25,True,False,False,confirmed_static_data,"Mid Super_or_Other cell, damage=20, active=17-25"
012,Astaroth,482,02C1,279,nondamaging,45,46,False,False,True,confirmed_static_data,NonDamaging cell is non-damage metadata/body data until a narrower role is proven
012,Astaroth,487,01C1,284,nondamaging,11,17,False,False,True,confirmed_static_data,NonDamaging cell is non-damage metadata/body data until a narrower role is proven
012,Astaroth,488,01C1,285,nondamaging,11,17,False,False,True,confirmed_static_data,NonDamaging cell is non-damage metadata/body data until a narrower role is proven
012,Astaroth,489,01FC,286,nondamaging,13,18,False,False,True,confirmed_static_data,NonDamaging cell is non-damage metadata/body data until a narrower role is proven
012,Astaroth,349,0006,121,offensive_attack,19,20,True,False,False,confirmed_static_data,"Mid Grab cell, damage=38, active=19-20"
012,Astaroth,448,00EA,239,offensive_attack,17,34,True,False,False,confirmed_static_data,"Mid Grab cell, damage=46, active=17-34"
012,Astaroth,448,00EA,240,offensive_attack,17,34,True,False,False,confirmed_static_data,"Mid Grab cell, damage=46, active=17-34"
012,Astaroth,451,00E9,241,offensive_attack,17,25,True,False,False,confirmed_static_data,"Mid Super_or_Other cell, damage=20, active=17-25"
012,Astaroth,451,00E9,242,offensive_attack,17,25,True,False,False,confirmed_static_data,"Mid Super_or_Other cell, damage=20, active=17-25"
012,Astaroth,452,00EA,243,offensive_attack,17,34,True,False,False,confirmed_static_data,"Mid Grab cell, damage=46, active=17-34"
012,Astaroth,452,00EA,244,offensive_attack,17,34,True,False,False,confirmed_static_data,"Mid Grab cell, damage=46, active=17-34"
012,Astaroth,451,00E9,241,offensive_attack,17,25,True,False,False,confirmed_static_data,"Mid Super_or_Other cell, damage=20, active=17-25"
012,Astaroth,451,00E9,242,offensive_attack,17,25,True,False,False,confirmed_static_data,"Mid Super_or_Other cell, damage=20, active=17-25"
012,Astaroth,451,00E9,241,offensive_attack,17,25,True,False,False,confirmed_static_data,"Mid Super_or_Other cell, damage=20, active=17-25"
012,Astaroth,451,00E9,242,offensive_attack,17,25,True,False,False,confirmed_static_data,"Mid Super_or_Other cell, damage=20, active=17-25"
014,Cervantes,266,0014,33,offensive_attack,29,31,True,False,False,confirmed_static_data,"High Strike cell, damage=22, active=29-31"
014,Cervantes,280,006F,46,offensive_attack,17,18,True,False,False,confirmed_static_data,"High Strike cell, damage=15, active=17-18"
014,Cervantes,399,00F1,163,offensive_attack,7,9,True,False,False,confirmed_static_data,"Mid Strike cell, damage=28, active=7-9"
014,Cervantes,546,0258,282,offensive_attack,10,30,True,False,False,confirmed_static_data,"Mid Strike cell, damage=60, active=10-30"
014,Cervantes,546,0258,283,offensive_attack,10,30,True,False,False,confirmed_static_data,"Mid Strike cell, damage=60, active=10-30"
014,Cervantes,546,0258,284,offensive_attack,10,30,True,False,False,confirmed_static_data,"Mid Strike cell, damage=60, active=10-30"
014,Cervantes,546,0258,285,offensive_attack,10,30,True,False,False,confirmed_static_data,"Mid Strike cell, damage=60, active=10-30"
014,Cervantes,546,0258,286,offensive_attack,10,30,True,False,False,confirmed_static_data,"Mid Strike cell, damage=60, active=10-30"
014,Cervantes,545,0256,281,offensive_attack,13,25,True,False,False,confirmed_static_data,"Mid Strike cell, damage=38, active=13-25"
014,Cervantes,513,0254,257,offensive_attack,26,28,True,False,False,confirmed_static_data,"High Strike cell, damage=12, active=26-28"
014,Cervantes,278,01CF,4097,cross_bank_or_unknown,,,False,False,False,unresolved,cell index is outside this KHD bank; shared/common cell semantics are not resolved
014,Cervantes,303,0125,71,offensive_attack,34,35,True,False,False,confirmed_static_data,"Mid Strike cell, damage=5, active=34-35"
014,Cervantes,427,0105,190,offensive_attack,69,70,True,False,False,confirmed_static_data,"Mid Strike cell, damage=68, active=69-70"
014,Cervantes,538,01FB,277,offensive_attack,35,39,True,False,False,confirmed_static_data,"Mid Strike cell, damage=48, active=35-39"
014,Cervantes,538,01FB,278,offensive_attack,35,39,True,False,False,confirmed_static_data,"Mid Strike cell, damage=28, active=35-39"
014,Cervantes,536,01FB,275,offensive_attack,23,26,True,False,False,confirmed_static_data,"Mid Strike cell, damage=22, active=23-26"
014,Cervantes,294,015C,61,offensive_attack,13,15,True,False,False,confirmed_static_data,"Mid Strike cell, damage=15, active=13-15"
014,Cervantes,294,015C,62,offensive_attack,13,15,True,False,False,confirmed_static_data,"Unblockable Strike cell, damage=15, active=13-15"
014,Cervantes,366,0161,128,offensive_attack,21,22,True,False,False,confirmed_static_data,"Mid Strike cell, damage=40, active=21-22"
014,Cervantes,369,015C,131,offensive_attack,4,5,True,False,False,confirmed_static_data,"Mid Strike cell, damage=20, active=4-5"
014,Cervantes,369,015C,132,offensive_attack,5,5,True,False,False,confirmed_static_data,"Mid Strike cell, damage=20, active=5-5"
014,Cervantes,369,015C,131,offensive_attack,4,5,True,False,False,confirmed_static_data,"Mid Strike cell, damage=20, active=4-5"
014,Cervantes,369,015C,132,offensive_attack,5,5,True,False,False,confirmed_static_data,"Mid Strike cell, damage=20, active=5-5"
014,Cervantes,369,015C,131,offensive_attack,4,5,True,False,False,confirmed_static_data,"Mid Strike cell, damage=20, active=4-5"
014,Cervantes,369,015C,132,offensive_attack,5,5,True,False,False,confirmed_static_data,"Mid Strike cell, damage=20, active=5-5"
014,Cervantes,541,0099,280,offensive_attack,37,39,True,False,False,confirmed_static_data,"Mid Strike cell, damage=55, active=37-39"
014,Cervantes,268,0273,34,offensive_attack,23,25,True,False,False,confirmed_static_data,"Mid Strike cell, damage=12, active=23-25"
014,Cervantes,296,0117,64,offensive_attack,16,17,True,False,False,confirmed_static_data,"Mid Strike cell, damage=25, active=16-17"
014,Cervantes,401,015B,164,offensive_attack,32,33,True,False,False,confirmed_static_data,"Mid Strike cell, damage=20, active=32-33"
014,Cervantes,415,021F,176,offensive_attack,42,43,True,False,False,confirmed_static_data,"Mid Strike cell, damage=30, active=42-43"
014,Cervantes,545,0256,281,offensive_attack,13,25,True,False,False,confirmed_static_data,"Mid Strike cell, damage=38, active=13-25"
014,Cervantes,546,0258,282,offensive_attack,10,30,True,False,False,confirmed_static_data,"Mid Strike cell, damage=60, active=10-30"
014,Cervantes,546,0258,283,offensive_attack,10,30,True,False,False,confirmed_static_data,"Mid Strike cell, damage=60, active=10-30"
014,Cervantes,546,0258,284,offensive_attack,10,30,True,False,False,confirmed_static_data,"Mid Strike cell, damage=60, active=10-30"
014,Cervantes,546,0258,285,offensive_attack,10,30,True,False,False,confirmed_static_data,"Mid Strike cell, damage=60, active=10-30"
014,Cervantes,546,0258,286,offensive_attack,10,30,True,False,False,confirmed_static_data,"Mid Strike cell, damage=60, active=10-30"
014,Cervantes,448,019B,199,nondamaging,17,18,False,False,True,confirmed_static_data,NonDamaging cell is non-damage metadata/body data until a narrower role is proven
014,Cervantes,276,01E9,44,offensive_attack,28,31,True,False,False,confirmed_static_data,"Mid Strike cell, damage=20, active=28-31"
014,Cervantes,419,0018,181,offensive_attack,33,35,True,False,False,confirmed_static_data,"Mid Grab cell, damage=26, active=33-35"
014,Cervantes,422,0019,185,offensive_attack,33,35,True,False,False,confirmed_static_data,"Mid Grab cell, damage=26, active=33-35"
014,Cervantes,548,025A,292,offensive_attack,25,32,True,False,False,confirmed_static_data,"Mid Grab cell, damage=24, active=25-32"
014,Cervantes,546,0258,282,offensive_attack,10,30,True,False,False,confirmed_static_data,"Mid Strike cell, damage=60, active=10-30"
014,Cervantes,546,0258,283,offensive_attack,10,30,True,False,False,confirmed_static_data,"Mid Strike cell, damage=60, active=10-30"
014,Cervantes,546,0258,284,offensive_attack,10,30,True,False,False,confirmed_static_data,"Mid Strike cell, damage=60, active=10-30"
014,Cervantes,546,0258,285,offensive_attack,10,30,True,False,False,confirmed_static_data,"Mid Strike cell, damage=60, active=10-30"
014,Cervantes,546,0258,286,offensive_attack,10,30,True,False,False,confirmed_static_data,"Mid Strike cell, damage=60, active=10-30"
014,Cervantes,548,025A,292,offensive_attack,25,32,True,False,False,confirmed_static_data,"Mid Grab cell, damage=24, active=25-32"
014,Cervantes,534,01E1,273,offensive_attack,28,36,True,False,False,confirmed_static_data,"Mid Grab cell, damage=20, active=28-36"
015,Raphael,258,007A,23,offensive_attack,16,17,True,False,False,confirmed_static_data,"High Strike cell, damage=10, active=16-17"
015,Raphael,262,0125,27,offensive_attack,17,18,True,False,False,confirmed_static_data,"High Strike cell, damage=14, active=17-18"
015,Raphael,420,01BD,173,offensive_attack,19,20,True,False,False,confirmed_static_data,"Mid Strike cell, damage=20, active=19-20"
015,Raphael,419,0238,172,offensive_attack,13,14,True,False,False,confirmed_static_data,"Mid Super_or_Other cell, damage=10, active=13-14"
015,Raphael,454,0239,200,offensive_attack,15,17,True,False,False,confirmed_static_data,"Mid Strike cell, damage=20, active=15-17"
015,Raphael,314,0117,83,offensive_attack,12,13,True,False,False,confirmed_static_data,"Mid Strike cell, damage=16, active=12-13"
015,Raphael,259,01CB,24,offensive_attack,15,16,True,False,False,confirmed_static_data,"Mid Strike cell, damage=15, active=15-16"
015,Raphael,273,0249,41,offensive_attack,15,16,True,False,False,confirmed_static_data,"High Strike cell, damage=10, active=15-16"
015,Raphael,274,0249,42,offensive_attack,15,16,True,False,False,confirmed_static_data,"High Strike cell, damage=14, active=15-16"
015,Raphael,346,0087,115,offensive_attack,19,20,True,False,False,confirmed_static_data,"High Strike cell, damage=10, active=19-20"
015,Raphael,373,0086,140,offensive_attack,23,24,True,False,False,confirmed_static_data,"Mid Strike cell, damage=16, active=23-24"
015,Raphael,373,0086,141,offensive_attack,23,24,True,False,False,confirmed_static_data,"Mid Strike cell, damage=16, active=23-24"
015,Raphael,421,0087,174,offensive_attack,16,17,True,False,False,confirmed_static_data,"High Strike cell, damage=15, active=16-17"
015,Raphael,430,012E,182,offensive_attack,19,20,True,False,False,confirmed_static_data,"Mid Strike cell, damage=15, active=19-20"
015,Raphael,424,0082,176,offensive_attack,9,10,True,False,False,confirmed_static_data,"High Strike cell, damage=10, active=9-10"
015,Raphael,387,007D,151,nondamaging,17,18,False,False,True,confirmed_static_data,NonDamaging cell is non-damage metadata/body data until a narrower role is proven
015,Raphael,296,0090,63,offensive_attack,27,29,True,False,False,confirmed_static_data,"Mid Strike cell, damage=30, active=27-29"
015,Raphael,449,00F8,196,offensive_attack,17,18,True,False,False,confirmed_static_data,"Mid Strike cell, damage=16, active=17-18"
015,Raphael,455,0237,201,offensive_attack,19,20,True,False,False,confirmed_static_data,"Mid Strike cell, damage=35, active=19-20"
015,Raphael,440,024C,194,offensive_attack,11,12,True,False,False,confirmed_static_data,"Mid Strike cell, damage=30, active=11-12"
015,Raphael,297,00ED,64,offensive_attack,19,20,True,False,False,confirmed_static_data,"Mid Strike cell, damage=38, active=19-20"
015,Raphael,277,00F1,45,offensive_attack,19,20,True,False,False,confirmed_static_data,"Mid Grab cell, damage=20, active=19-20"
015,Raphael,347,003C,116,offensive_attack,13,14,True,False,False,confirmed_static_data,"Mid Strike cell, damage=8, active=13-14"
015,Raphael,434,01B6,186,offensive_attack,15,16,True,False,False,confirmed_static_data,"High Grab cell, damage=10, active=15-16"
015,Raphael,435,01BF,187,offensive_attack,15,16,True,False,False,confirmed_static_data,"Mid Grab cell, damage=10, active=15-16"
015,Raphael,435,01BF,188,offensive_attack,15,18,True,False,False,confirmed_static_data,"Mid Grab cell, damage=10, active=15-18"
015,Raphael,452,0258,199,offensive_attack,10,18,True,False,False,confirmed_static_data,"Mid Grab cell, damage=20, active=10-18"
015,Raphael,456,027C,202,offensive_attack,19,20,True,False,False,confirmed_static_data,"Mid Grab cell, damage=28, active=19-20"
016,Talim,393,015B,168,nondamaging,16,17,False,False,True,confirmed_static_data,NonDamaging cell is non-damage metadata/body data until a narrower role is proven
016,Talim,393,015B,168,nondamaging,16,17,False,False,True,confirmed_static_data,NonDamaging cell is non-damage metadata/body data until a narrower role is proven
016,Talim,257,01B8,24,offensive_attack,10,11,True,False,False,confirmed_static_data,"High Strike cell, damage=10, active=10-11"
016,Talim,257,01B8,25,offensive_attack,10,11,True,False,False,confirmed_static_data,"High Strike cell, damage=10, active=10-11"
016,Talim,260,01CB,28,offensive_attack,16,17,True,False,False,confirmed_static_data,"Mid Strike cell, damage=14, active=16-17"
016,Talim,296,0225,68,offensive_attack,17,18,True,False,False,confirmed_static_data,"High Strike cell, damage=16, active=17-18"
016,Talim,297,0225,69,offensive_attack,17,18,True,False,False,confirmed_static_data,"High Strike cell, damage=20, active=17-18"
016,Talim,298,0225,70,offensive_attack,17,18,True,False,False,confirmed_static_data,"High Strike cell, damage=28, active=17-18"
016,Talim,353,017E,124,offensive_attack,29,31,True,False,False,confirmed_static_data,"High Strike cell, damage=16, active=29-31"
016,Talim,353,017E,125,offensive_attack,29,31,True,False,False,confirmed_static_data,"High Strike cell, damage=16, active=29-31"
016,Talim,466,014F,218,offensive_attack,19,21,True,False,False,confirmed_static_data,"Mid Strike cell, damage=26, active=19-21"
016,Talim,498,0138,234,offensive_attack,31,34,True,False,False,confirmed_static_data,"Mid Strike cell, damage=20, active=31-34"
016,Talim,498,0138,234,offensive_attack,31,34,True,False,False,confirmed_static_data,"Mid Strike cell, damage=20, active=31-34"
016,Talim,355,017F,127,offensive_attack,35,37,True,False,False,confirmed_static_data,"Mid Strike cell, damage=4, active=35-37"
016,Talim,356,0180,128,offensive_attack,19,21,True,False,False,confirmed_static_data,"Mid Strike cell, damage=4, active=19-21"
016,Talim,364,015D,136,offensive_attack,29,32,True,False,False,confirmed_static_data,"Mid Strike cell, damage=45, active=29-32"
016,Talim,407,01DC,172,offensive_attack,18,27,True,False,False,confirmed_static_data,"Mid Strike cell, damage=5, active=18-27"
016,Talim,420,0150,185,offensive_attack,23,26,True,False,False,confirmed_static_data,"High Strike cell, damage=50, active=23-26"
016,Talim,420,0150,186,offensive_attack,23,26,True,False,False,confirmed_static_data,"High Strike cell, damage=50, active=23-26"
016,Talim,440,01F1,195,offensive_attack,11,13,True,False,False,confirmed_static_data,"High Strike cell, damage=6, active=11-13"
016,Talim,441,01F2,196,offensive_attack,11,13,True,False,False,confirmed_static_data,"High Strike cell, damage=6, active=11-13"
016,Talim,466,014F,218,offensive_attack,19,21,True,False,False,confirmed_static_data,"Mid Strike cell, damage=26, active=19-21"
016,Talim,264,01DD,32,offensive_attack,12,13,True,False,False,confirmed_static_data,"Mid Strike cell, damage=20, active=12-13"
016,Talim,293,01DB,64,offensive_attack,25,26,True,False,False,confirmed_static_data,"Mid Strike cell, damage=4, active=25-26"
016,Talim,318,00A1,87,offensive_attack,23,24,True,False,False,confirmed_static_data,"Mid Strike cell, damage=36, active=23-24"
016,Talim,423,01C5,187,offensive_attack,21,23,True,False,False,confirmed_static_data,"Mid Strike cell, damage=8, active=21-23"
016,Talim,476,01C8,226,offensive_attack,7,9,True,False,False,confirmed_static_data,"Mid Strike cell, damage=6, active=7-9"
016,Talim,507,022B,242,offensive_attack,59,60,True,False,False,confirmed_static_data,"Mid Strike cell, damage=60, active=59-60"
016,Talim,507,022B,242,offensive_attack,59,60,True,False,False,confirmed_static_data,"Mid Strike cell, damage=60, active=59-60"
016,Talim,427,01C5,191,offensive_attack,21,23,True,False,False,confirmed_static_data,"Mid Strike cell, damage=10, active=21-23"
016,Talim,459,01FD,216,offensive_attack,31,33,True,False,False,confirmed_static_data,"Mid Strike cell, damage=26, active=31-33"
016,Talim,460,01FC,217,offensive_attack,31,33,True,False,False,confirmed_static_data,"Mid Strike cell, damage=26, active=31-33"
016,Talim,476,01C8,226,offensive_attack,7,9,True,False,False,confirmed_static_data,"Mid Strike cell, damage=6, active=7-9"
016,Talim,258,0177,26,offensive_attack,18,20,True,False,False,confirmed_static_data,"High Strike cell, damage=10, active=18-20"
016,Talim,282,01B4,53,offensive_attack,18,19,True,False,False,confirmed_static_data,"Mid Strike cell, damage=14, active=18-19"
016,Talim,282,01B4,54,offensive_attack,18,19,True,False,False,confirmed_static_data,"Mid Strike cell, damage=14, active=18-19"
016,Talim,290,0096,61,offensive_attack,19,20,True,False,False,confirmed_static_data,"Mid Strike cell, damage=20, active=19-20"
016,Talim,300,017D,71,offensive_attack,25,26,True,False,False,confirmed_static_data,"Mid Strike cell, damage=26, active=25-26"
016,Talim,369,0159,141,offensive_attack,21,22,True,False,False,confirmed_static_data,"Mid Strike cell, damage=25, active=21-22"
016,Talim,369,0159,142,offensive_attack,20,22,True,False,False,confirmed_static_data,"Mid Strike cell, damage=25, active=20-22"
016,Talim,370,0159,143,offensive_attack,21,22,True,False,False,confirmed_static_data,"Mid Strike cell, damage=15, active=21-22"
016,Talim,370,0159,144,offensive_attack,20,22,True,False,False,confirmed_static_data,"Mid Strike cell, damage=15, active=20-22"
016,Talim,443,01B9,199,offensive_attack,18,19,True,False,False,confirmed_static_data,"Mid Strike cell, damage=25, active=18-19"
016,Talim,469,0088,219,offensive_attack,17,19,True,False,False,confirmed_static_data,"Mid Strike cell, damage=32, active=17-19"
016,Talim,500,0279,235,offensive_attack,19,20,True,False,False,confirmed_static_data,"Mid Super_or_Other cell, damage=20, active=19-20"
016,Talim,500,0279,235,offensive_attack,19,20,True,False,False,confirmed_static_data,"Mid Super_or_Other cell, damage=20, active=19-20"
016,Talim,389,0052,164,nondamaging,17,18,False,False,True,confirmed_static_data,NonDamaging cell is non-damage metadata/body data until a narrower role is proven
016,Talim,291,0096,62,offensive_attack,19,20,True,False,False,confirmed_static_data,"Mid Strike cell, damage=30, active=19-20"
016,Talim,306,0093,77,offensive_attack,23,24,True,False,False,confirmed_static_data,"Mid Strike cell, damage=36, active=23-24"
016,Talim,306,0093,77,offensive_attack,23,24,True,False,False,confirmed_static_data,"Mid Strike cell, damage=36, active=23-24"
016,Talim,358,0093,130,offensive_attack,23,24,True,False,False,confirmed_static_data,"Mid Strike cell, damage=20, active=23-24"
016,Talim,359,0093,131,offensive_attack,23,24,True,False,False,confirmed_static_data,"Mid Strike cell, damage=30, active=23-24"
016,Talim,388,0217,163,offensive_attack,19,29,True,False,False,confirmed_static_data,"Mid Super_or_Other cell, damage=36, active=19-29"
016,Talim,410,01DB,175,offensive_attack,18,30,True,False,False,confirmed_static_data,"Mid Strike cell, damage=5, active=18-30"
016,Talim,454,015E,209,offensive_attack,16,17,True,False,False,confirmed_static_data,"Mid Strike cell, damage=20, active=16-17"
016,Talim,455,0093,210,offensive_attack,25,26,True,False,False,confirmed_static_data,"Mid Super_or_Other cell, damage=25, active=25-26"
016,Talim,455,0093,211,offensive_attack,25,26,True,False,False,confirmed_static_data,"Mid Strike cell, damage=25, active=25-26"
016,Talim,456,0093,212,offensive_attack,25,26,True,False,False,confirmed_static_data,"Mid Super_or_Other cell, damage=35, active=25-26"
016,Talim,456,0093,213,offensive_attack,25,26,True,False,False,confirmed_static_data,"Mid Strike cell, damage=35, active=25-26"
016,Talim,454,015E,209,offensive_attack,16,17,True,False,False,confirmed_static_data,"Mid Strike cell, damage=20, active=16-17"
016,Talim,455,0093,210,offensive_attack,25,26,True,False,False,confirmed_static_data,"Mid Super_or_Other cell, damage=25, active=25-26"
016,Talim,455,0093,211,offensive_attack,25,26,True,False,False,confirmed_static_data,"Mid Strike cell, damage=25, active=25-26"
016,Talim,456,0093,212,offensive_attack,25,26,True,False,False,confirmed_static_data,"Mid Super_or_Other cell, damage=35, active=25-26"
016,Talim,456,0093,213,offensive_attack,25,26,True,False,False,confirmed_static_data,"Mid Strike cell, damage=35, active=25-26"
016,Talim,520,025C,255,offensive_attack,17,20,True,False,False,confirmed_static_data,"Mid Strike cell, damage=14, active=17-20"
016,Talim,452,01F3,207,offensive_attack,19,20,True,False,False,confirmed_static_data,"Mid Strike cell, damage=16, active=19-20"
016,Talim,453,01F4,208,offensive_attack,19,20,True,False,False,confirmed_static_data,"Mid Strike cell, damage=16, active=19-20"
016,Talim,469,0088,219,offensive_attack,17,19,True,False,False,confirmed_static_data,"Mid Strike cell, damage=32, active=17-19"
016,Talim,383,0133,158,offensive_attack,23,25,True,False,False,confirmed_static_data,"Mid Grab cell, damage=5, active=23-25"
016,Talim,284,0094,55,offensive_attack,23,25,True,False,False,confirmed_static_data,"High Grab cell, damage=20, active=23-25"
016,Talim,448,00A2,203,offensive_attack,18,19,True,False,False,confirmed_static_data,"Mid Grab cell, damage=20, active=18-19"
016,Talim,475,022C,224,offensive_attack,14,16,True,False,False,confirmed_static_data,"Mid Grab cell, damage=26, active=14-16"
016,Talim,475,022C,225,offensive_attack,14,15,True,False,False,confirmed_static_data,"Mid Grab cell, damage=26, active=14-15"
016,Talim,471,014E,221,offensive_attack,12,13,True,False,False,confirmed_static_data,"High Grab cell, damage=20, active=12-13"
016,Talim,471,014E,222,offensive_attack,12,13,True,False,False,confirmed_static_data,"High Grab cell, damage=20, active=12-13"
016,Talim,505,027B,240,offensive_attack,17,19,True,False,False,confirmed_static_data,"Mid Grab cell, damage=14, active=17-19"
016,Talim,505,027B,240,offensive_attack,17,19,True,False,False,confirmed_static_data,"Mid Grab cell, damage=14, active=17-19"
016,Talim,442,0135,197,offensive_attack,11,13,True,False,False,confirmed_static_data,"High Strike cell, damage=10, active=11-13"
016,Talim,442,0135,198,offensive_attack,11,13,True,False,False,confirmed_static_data,"High Strike cell, damage=10, active=11-13"
016,Talim,442,0135,197,offensive_attack,11,13,True,False,False,confirmed_static_data,"High Strike cell, damage=10, active=11-13"
016,Talim,442,0135,198,offensive_attack,11,13,True,False,False,confirmed_static_data,"High Strike cell, damage=10, active=11-13"
016,Talim,457,0222,214,offensive_attack,13,14,True,False,False,confirmed_static_data,"Mid Grab cell, damage=20, active=13-14"
016,Talim,458,0221,215,offensive_attack,13,14,True,False,False,confirmed_static_data,"Mid Grab cell, damage=20, active=13-14"
016,Talim,471,014E,221,offensive_attack,12,13,True,False,False,confirmed_static_data,"High Grab cell, damage=20, active=12-13"
016,Talim,471,014E,222,offensive_attack,12,13,True,False,False,confirmed_static_data,"High Grab cell, damage=20, active=12-13"
017,Cassandra,325,04C1,4104,cross_bank_or_unknown,,,False,False,False,unresolved,cell index is outside this KHD bank; shared/common cell semantics are not resolved
017,Cassandra,328,0550,4106,cross_bank_or_unknown,,,False,False,False,unresolved,cell index is outside this KHD bank; shared/common cell semantics are not resolved
017,Cassandra,265,04B0,31,offensive_attack,17,19,True,False,False,confirmed_static_data,"High Strike cell, damage=10, active=17-19"
017,Cassandra,265,04B0,32,offensive_attack,17,19,True,False,False,confirmed_static_data,"High Strike cell, damage=10, active=17-19"
017,Cassandra,265,04B0,33,offensive_attack,17,19,True,False,False,confirmed_static_data,"High Strike cell, damage=10, active=17-19"
017,Cassandra,265,04B0,34,offensive_attack,17,19,True,False,False,confirmed_static_data,"High Strike cell, damage=10, active=17-19"
017,Cassandra,265,04B0,35,offensive_attack,17,19,True,False,False,confirmed_static_data,"High Strike cell, damage=10, active=17-19"
017,Cassandra,265,04B0,36,offensive_attack,17,19,True,False,False,confirmed_static_data,"High Strike cell, damage=10, active=17-19"
017,Cassandra,391,03A2,180,offensive_attack,17,19,True,False,False,confirmed_static_data,"Mid Strike cell, damage=22, active=17-19"
017,Cassandra,391,03A2,181,offensive_attack,17,19,True,False,False,confirmed_static_data,"Mid Strike cell, damage=22, active=17-19"
017,Cassandra,413,046C,221,offensive_attack,24,26,True,False,False,confirmed_static_data,"High Strike cell, damage=10, active=24-26"
017,Cassandra,266,04B1,37,offensive_attack,27,29,True,False,False,confirmed_static_data,"High Strike cell, damage=26, active=27-29"
017,Cassandra,266,04B1,38,offensive_attack,27,29,True,False,False,confirmed_static_data,"High Strike cell, damage=26, active=27-29"
017,Cassandra,480,047E,278,offensive_attack,28,29,True,False,False,confirmed_static_data,"Mid Strike cell, damage=36, active=28-29"
017,Cassandra,480,047E,279,offensive_attack,28,29,True,False,False,confirmed_static_data,"Mid Strike cell, damage=36, active=28-29"
017,Cassandra,503,04D8,307,offensive_attack,27,29,True,False,False,confirmed_static_data,"Mid Strike cell, damage=22, active=27-29"
017,Cassandra,503,04D8,308,offensive_attack,27,29,True,False,False,confirmed_static_data,"Mid Strike cell, damage=22, active=27-29"
017,Cassandra,504,04D8,309,offensive_attack,27,29,True,False,False,confirmed_static_data,"Mid Strike cell, damage=22, active=27-29"
017,Cassandra,504,04D8,310,offensive_attack,27,29,True,False,False,confirmed_static_data,"Mid Strike cell, damage=22, active=27-29"
017,Cassandra,278,0569,55,offensive_attack,25,26,True,False,False,confirmed_static_data,"Mid Strike cell, damage=12, active=25-26"
017,Cassandra,298,04C3,82,offensive_attack,21,22,True,False,False,confirmed_static_data,"Mid Strike cell, damage=16, active=21-22"
017,Cassandra,298,04C3,83,offensive_attack,21,22,True,False,False,confirmed_static_data,"Mid Strike cell, damage=16, active=21-22"
017,Cassandra,298,04C3,84,offensive_attack,21,23,True,False,False,confirmed_static_data,"Mid Strike cell, damage=16, active=21-23"
017,Cassandra,298,04C3,85,offensive_attack,21,22,True,False,False,confirmed_static_data,"Mid Strike cell, damage=16, active=21-22"
017,Cassandra,306,0133,92,offensive_attack,13,14,True,False,False,confirmed_static_data,"Mid Strike cell, damage=28, active=13-14"
017,Cassandra,352,0430,139,offensive_attack,37,39,True,False,False,confirmed_static_data,"Mid Strike cell, damage=56, active=37-39"
017,Cassandra,481,0526,280,offensive_attack,17,19,True,False,False,confirmed_static_data,"Mid Strike cell, damage=16, active=17-19"
017,Cassandra,481,0526,281,offensive_attack,17,19,True,False,False,confirmed_static_data,"Mid Strike cell, damage=16, active=17-19"
017,Cassandra,342,04D7,123,offensive_attack,31,37,True,False,False,confirmed_static_data,"Mid Strike cell, damage=22, active=31-37"
017,Cassandra,342,04D7,124,offensive_attack,31,37,True,False,False,confirmed_static_data,"Mid Strike cell, damage=22, active=31-37"
017,Cassandra,342,04D7,125,offensive_attack,31,37,True,False,False,confirmed_static_data,"Mid Strike cell, damage=22, active=31-37"
017,Cassandra,486,04DC,290,offensive_attack,29,30,True,False,False,confirmed_static_data,"Mid Super_or_Other cell, damage=50, active=29-30"
017,Cassandra,481,0526,280,offensive_attack,17,19,True,False,False,confirmed_static_data,"Mid Strike cell, damage=16, active=17-19"
017,Cassandra,481,0526,281,offensive_attack,17,19,True,False,False,confirmed_static_data,"Mid Strike cell, damage=16, active=17-19"
017,Cassandra,486,04DC,290,offensive_attack,29,30,True,False,False,confirmed_static_data,"Mid Super_or_Other cell, damage=50, active=29-30"
017,Cassandra,330,04C1,4107,cross_bank_or_unknown,,,False,False,False,unresolved,cell index is outside this KHD bank; shared/common cell semantics are not resolved
017,Cassandra,363,0544,151,offensive_attack,41,44,True,False,False,confirmed_static_data,"High Strike cell, damage=46, active=41-44"
017,Cassandra,286,043F,68,offensive_attack,16,17,True,False,False,confirmed_static_data,"Mid Strike cell, damage=14, active=16-17"
017,Cassandra,286,043F,69,offensive_attack,16,17,True,False,False,confirmed_static_data,"Mid Strike cell, damage=14, active=16-17"
017,Cassandra,288,045D,71,offensive_attack,25,26,True,False,False,confirmed_static_data,"Mid Strike cell, damage=30, active=25-26"
017,Cassandra,296,04C7,80,offensive_attack,24,25,True,False,False,confirmed_static_data,"Mid Strike cell, damage=24, active=24-25"
017,Cassandra,302,04D5,90,offensive_attack,13,14,True,False,False,confirmed_static_data,"Mid Strike cell, damage=24, active=13-14"
017,Cassandra,302,04D5,91,offensive_attack,13,14,True,False,False,confirmed_static_data,"Mid Strike cell, damage=24, active=13-14"
017,Cassandra,311,0547,96,offensive_attack,21,22,True,False,False,confirmed_static_data,"Mid Strike cell, damage=20, active=21-22"
017,Cassandra,416,0530,225,offensive_attack,15,16,True,False,False,confirmed_static_data,"Mid Strike cell, damage=20, active=15-16"
017,Cassandra,416,0530,226,offensive_attack,15,16,True,False,False,confirmed_static_data,"Mid Strike cell, damage=20, active=15-16"
017,Cassandra,479,047D,275,offensive_attack,17,19,True,False,False,confirmed_static_data,"Mid Strike cell, damage=18, active=17-19"
017,Cassandra,479,047D,276,offensive_attack,17,19,True,False,False,confirmed_static_data,"Mid Strike cell, damage=18, active=17-19"
017,Cassandra,479,047D,277,offensive_attack,17,19,True,False,False,confirmed_static_data,"Mid Strike cell, damage=18, active=17-19"
017,Cassandra,485,04BE,289,offensive_attack,23,25,True,False,False,confirmed_static_data,"Mid Grab cell, damage=32, active=23-25"
017,Cassandra,480,047E,278,offensive_attack,28,29,True,False,False,confirmed_static_data,"Mid Strike cell, damage=36, active=28-29"
017,Cassandra,480,047E,279,offensive_attack,28,29,True,False,False,confirmed_static_data,"Mid Strike cell, damage=36, active=28-29"
017,Cassandra,439,0030,249,nondamaging,17,18,False,False,True,confirmed_static_data,NonDamaging cell is non-damage metadata/body data until a narrower role is proven
017,Cassandra,287,0544,70,offensive_attack,29,32,True,False,False,confirmed_static_data,"High Strike cell, damage=36, active=29-32"
017,Cassandra,297,04C7,81,offensive_attack,25,26,True,False,False,confirmed_static_data,"Mid Strike cell, damage=32, active=25-26"
017,Cassandra,357,03F7,144,offensive_attack,18,19,True,False,False,confirmed_static_data,"Mid Strike cell, damage=30, active=18-19"
017,Cassandra,519,047F,337,offensive_attack,17,18,True,False,False,confirmed_static_data,"Mid Strike cell, damage=26, active=17-18"
017,Cassandra,519,047F,337,offensive_attack,17,18,True,False,False,confirmed_static_data,"Mid Strike cell, damage=26, active=17-18"
017,Cassandra,520,047F,338,offensive_attack,17,18,True,False,False,confirmed_static_data,"Mid Strike cell, damage=36, active=17-18"
017,Cassandra,479,047D,275,offensive_attack,17,19,True,False,False,confirmed_static_data,"Mid Strike cell, damage=18, active=17-19"
017,Cassandra,479,047D,276,offensive_attack,17,19,True,False,False,confirmed_static_data,"Mid Strike cell, damage=18, active=17-19"
017,Cassandra,479,047D,277,offensive_attack,17,19,True,False,False,confirmed_static_data,"Mid Strike cell, damage=18, active=17-19"
017,Cassandra,485,04BE,289,offensive_attack,23,25,True,False,False,confirmed_static_data,"Mid Grab cell, damage=32, active=23-25"
017,Cassandra,496,047D,297,offensive_attack,17,19,True,False,False,confirmed_static_data,"Mid Strike cell, damage=18, active=17-19"
017,Cassandra,496,047D,298,offensive_attack,17,19,True,False,False,confirmed_static_data,"Mid Strike cell, damage=18, active=17-19"
017,Cassandra,496,047D,299,offensive_attack,17,19,True,False,False,confirmed_static_data,"Mid Strike cell, damage=18, active=17-19"
017,Cassandra,499,04BE,306,offensive_attack,23,25,True,False,False,confirmed_static_data,"Mid Grab cell, damage=32, active=23-25"
017,Cassandra,485,04BE,289,offensive_attack,23,25,True,False,False,confirmed_static_data,"Mid Grab cell, damage=32, active=23-25"
017,Cassandra,517,0483,335,offensive_attack,19,20,True,False,False,confirmed_static_data,"Mid Strike cell, damage=22, active=19-20"
017,Cassandra,518,0483,336,offensive_attack,19,20,True,False,False,confirmed_static_data,"Mid Strike cell, damage=22, active=19-20"
017,Cassandra,381,0568,169,offensive_attack,13,15,True,False,False,confirmed_static_data,"Mid Strike cell, damage=22, active=13-15"
017,Cassandra,345,04DC,132,offensive_attack,29,30,True,False,False,confirmed_static_data,"Mid Super_or_Other cell, damage=48, active=29-30"
017,Cassandra,346,04DC,133,offensive_attack,29,30,True,False,False,confirmed_static_data,"Mid Super_or_Other cell, damage=40, active=29-30"
017,Cassandra,347,04DC,134,offensive_attack,29,30,True,False,False,confirmed_static_data,"Mid Strike cell, damage=22, active=29-30"
017,Cassandra,479,047D,275,offensive_attack,17,19,True,False,False,confirmed_static_data,"Mid Strike cell, damage=18, active=17-19"
017,Cassandra,479,047D,276,offensive_attack,17,19,True,False,False,confirmed_static_data,"Mid Strike cell, damage=18, active=17-19"
017,Cassandra,479,047D,277,offensive_attack,17,19,True,False,False,confirmed_static_data,"Mid Strike cell, damage=18, active=17-19"
017,Cassandra,483,0440,283,offensive_attack,15,16,True,False,False,confirmed_static_data,"Mid Strike cell, damage=28, active=15-16"
017,Cassandra,483,0440,284,offensive_attack,15,16,True,False,False,confirmed_static_data,"Mid Strike cell, damage=32, active=15-16"
017,Cassandra,483,0440,285,offensive_attack,15,16,True,False,False,confirmed_static_data,"Mid Super_or_Other cell, damage=32, active=15-16"
017,Cassandra,485,04BE,289,offensive_attack,23,25,True,False,False,confirmed_static_data,"Mid Grab cell, damage=32, active=23-25"
017,Cassandra,267,044F,39,offensive_attack,20,21,True,False,False,confirmed_static_data,"Mid Grab cell, damage=16, active=20-21"
017,Cassandra,289,0460,72,offensive_attack,21,22,True,False,False,confirmed_static_data,"High Grab cell, damage=16, active=21-22"
017,Cassandra,289,0460,73,offensive_attack,21,22,True,False,False,confirmed_static_data,"High Grab cell, damage=16, active=21-22"
017,Cassandra,320,04AF,104,offensive_attack,17,19,True,False,False,confirmed_static_data,"Mid Super_or_Other cell, damage=24, active=17-19"
017,Cassandra,405,043B,210,offensive_attack,15,16,True,False,False,confirmed_static_data,"Mid Grab cell, damage=24, active=15-16"
017,Cassandra,405,043B,211,offensive_attack,15,18,True,False,False,confirmed_static_data,"Mid Grab cell, damage=24, active=15-18"
017,Cassandra,425,03F8,236,offensive_attack,19,21,True,False,False,confirmed_static_data,"Mid Grab cell, damage=28, active=19-21"
017,Cassandra,483,0440,283,offensive_attack,15,16,True,False,False,confirmed_static_data,"Mid Strike cell, damage=28, active=15-16"
017,Cassandra,483,0440,284,offensive_attack,15,16,True,False,False,confirmed_static_data,"Mid Strike cell, damage=32, active=15-16"
017,Cassandra,483,0440,285,offensive_attack,15,16,True,False,False,confirmed_static_data,"Mid Super_or_Other cell, damage=32, active=15-16"
017,Cassandra,439,0030,249,nondamaging,17,18,False,False,True,confirmed_static_data,NonDamaging cell is non-damage metadata/body data until a narrower role is proven
017,Cassandra,441,0465,251,nondamaging,11,16,False,False,True,confirmed_static_data,NonDamaging cell is non-damage metadata/body data until a narrower role is proven
017,Cassandra,441,0465,251,nondamaging,11,16,False,False,True,confirmed_static_data,NonDamaging cell is non-damage metadata/body data until a narrower role is proven
017,Cassandra,442,0465,252,nondamaging,11,16,False,False,True,confirmed_static_data,NonDamaging cell is non-damage metadata/body data until a narrower role is proven
017,Cassandra,442,0465,252,nondamaging,11,16,False,False,True,confirmed_static_data,NonDamaging cell is non-damage metadata/body data until a narrower role is proven
017,Cassandra,405,043B,210,offensive_attack,15,16,True,False,False,confirmed_static_data,"Mid Grab cell, damage=24, active=15-16"
017,Cassandra,405,043B,211,offensive_attack,15,18,True,False,False,confirmed_static_data,"Mid Grab cell, damage=24, active=15-18"
017,Cassandra,405,043B,210,offensive_attack,15,16,True,False,False,confirmed_static_data,"Mid Grab cell, damage=24, active=15-16"
017,Cassandra,405,043B,211,offensive_attack,15,18,True,False,False,confirmed_static_data,"Mid Grab cell, damage=24, active=15-18"
017,Cassandra,457,04DF,260,offensive_attack,21,22,True,False,False,confirmed_static_data,"High Strike cell, damage=10, active=21-22"
017,Cassandra,483,0440,283,offensive_attack,15,16,True,False,False,confirmed_static_data,"Mid Strike cell, damage=28, active=15-16"
017,Cassandra,483,0440,284,offensive_attack,15,16,True,False,False,confirmed_static_data,"Mid Strike cell, damage=32, active=15-16"
017,Cassandra,483,0440,285,offensive_attack,15,16,True,False,False,confirmed_static_data,"Mid Super_or_Other cell, damage=32, active=15-16"
017,Cassandra,497,0440,300,offensive_attack,15,16,True,False,False,confirmed_static_data,"Mid Strike cell, damage=28, active=15-16"
017,Cassandra,497,0440,301,offensive_attack,15,16,True,False,False,confirmed_static_data,"Mid Strike cell, damage=32, active=15-16"
017,Cassandra,497,0440,302,offensive_attack,15,16,True,False,False,confirmed_static_data,"Mid Super_or_Other cell, damage=32, active=15-16"
017,Cassandra,479,047D,275,offensive_attack,17,19,True,False,False,confirmed_static_data,"Mid Strike cell, damage=18, active=17-19"
017,Cassandra,479,047D,276,offensive_attack,17,19,True,False,False,confirmed_static_data,"Mid Strike cell, damage=18, active=17-19"
017,Cassandra,479,047D,277,offensive_attack,17,19,True,False,False,confirmed_static_data,"Mid Strike cell, damage=18, active=17-19"
017,Cassandra,483,0440,283,offensive_attack,15,16,True,False,False,confirmed_static_data,"Mid Strike cell, damage=28, active=15-16"
017,Cassandra,483,0440,284,offensive_attack,15,16,True,False,False,confirmed_static_data,"Mid Strike cell, damage=32, active=15-16"
017,Cassandra,483,0440,285,offensive_attack,15,16,True,False,False,confirmed_static_data,"Mid Super_or_Other cell, damage=32, active=15-16"
017,Cassandra,521,054C,339,offensive_attack,17,18,True,False,False,confirmed_static_data,"High Grab cell, damage=32, active=17-18"
017,Cassandra,522,054C,340,offensive_attack,17,18,True,False,False,confirmed_static_data,"High Grab cell, damage=32, active=17-18"
022,Setsuka,549,039B,495,nondamaging,17,18,False,False,True,confirmed_static_data,NonDamaging cell is non-damage metadata/body data until a narrower role is proven
022,Setsuka,318,05E9,120,offensive_attack,29,31,True,False,False,confirmed_static_data,"Mid Strike cell, damage=22, active=29-31"
022,Setsuka,318,05E9,121,offensive_attack,29,31,True,False,False,confirmed_static_data,"Mid Strike cell, damage=22, active=29-31"
022,Setsuka,414,0227,273,offensive_attack,19,21,True,False,False,confirmed_static_data,"High Strike cell, damage=20, active=19-21"
022,Setsuka,414,0227,274,offensive_attack,23,25,True,False,False,confirmed_static_data,"High Strike cell, damage=20, active=23-25"
022,Setsuka,414,0227,273,offensive_attack,19,21,True,False,False,confirmed_static_data,"High Strike cell, damage=20, active=19-21"
022,Setsuka,414,0227,274,offensive_attack,23,25,True,False,False,confirmed_static_data,"High Strike cell, damage=20, active=23-25"
022,Setsuka,373,033F,189,offensive_attack,11,13,True,False,False,confirmed_static_data,"Mid Strike cell, damage=12, active=11-13"
022,Setsuka,387,021A,226,offensive_attack,15,16,True,False,False,confirmed_static_data,"Mid Strike cell, damage=12, active=15-16"
022,Setsuka,387,021A,227,offensive_attack,15,16,True,False,False,confirmed_static_data,"Mid Strike cell, damage=12, active=15-16"
022,Setsuka,399,0264,247,offensive_attack,15,17,True,False,False,confirmed_static_data,"High Strike cell, damage=20, active=15-17"
022,Setsuka,266,05EC,29,offensive_attack,24,26,True,False,False,confirmed_static_data,"High Strike cell, damage=24, active=24-26"
022,Setsuka,414,0227,273,offensive_attack,19,21,True,False,False,confirmed_static_data,"High Strike cell, damage=20, active=19-21"
022,Setsuka,414,0227,274,offensive_attack,23,25,True,False,False,confirmed_static_data,"High Strike cell, damage=20, active=23-25"
022,Setsuka,414,0227,273,offensive_attack,19,21,True,False,False,confirmed_static_data,"High Strike cell, damage=20, active=19-21"
022,Setsuka,414,0227,274,offensive_attack,23,25,True,False,False,confirmed_static_data,"High Strike cell, damage=20, active=23-25"
022,Setsuka,320,05D9,122,offensive_attack,33,34,True,False,False,confirmed_static_data,"Mid Strike cell, damage=40, active=33-34"
022,Setsuka,320,05D9,123,offensive_attack,33,34,True,False,False,confirmed_static_data,"Mid Strike cell, damage=40, active=33-34"
022,Setsuka,396,0269,240,offensive_attack,21,22,True,False,False,confirmed_static_data,"Mid Strike cell, damage=22, active=21-22"
022,Setsuka,396,0269,241,offensive_attack,21,22,True,False,False,confirmed_static_data,"Mid Strike cell, damage=22, active=21-22"
022,Setsuka,396,0269,242,offensive_attack,21,22,True,False,False,confirmed_static_data,"Mid Strike cell, damage=22, active=21-22"
022,Setsuka,396,0269,243,offensive_attack,21,22,True,False,False,confirmed_static_data,"Mid Strike cell, damage=22, active=21-22"
022,Setsuka,313,059E,113,offensive_attack,17,18,True,False,False,confirmed_static_data,"Mid Strike cell, damage=16, active=17-18"
022,Setsuka,415,023C,275,offensive_attack,25,26,True,False,False,confirmed_static_data,"Mid Strike cell, damage=20, active=25-26"
022,Setsuka,415,023C,276,offensive_attack,25,26,True,False,False,confirmed_static_data,"Mid Strike cell, damage=20, active=25-26"
022,Setsuka,415,023C,277,offensive_attack,25,26,True,False,False,confirmed_static_data,"Mid Strike cell, damage=20, active=25-26"
022,Setsuka,415,023C,275,offensive_attack,25,26,True,False,False,confirmed_static_data,"Mid Strike cell, damage=20, active=25-26"
022,Setsuka,415,023C,276,offensive_attack,25,26,True,False,False,confirmed_static_data,"Mid Strike cell, damage=20, active=25-26"
022,Setsuka,415,023C,277,offensive_attack,25,26,True,False,False,confirmed_static_data,"Mid Strike cell, damage=20, active=25-26"
022,Setsuka,375,033F,191,offensive_attack,11,13,True,False,False,confirmed_static_data,"Mid Strike cell, damage=12, active=11-13"
022,Setsuka,381,0272,218,offensive_attack,13,14,True,False,False,confirmed_static_data,"Mid Strike cell, damage=16, active=13-14"
022,Setsuka,381,0272,219,offensive_attack,13,14,True,False,False,confirmed_static_data,"Mid Strike cell, damage=16, active=13-14"
022,Setsuka,401,024A,251,offensive_attack,16,18,True,False,False,confirmed_static_data,"Unblockable Strike cell, damage=16, active=16-18"
022,Setsuka,401,024A,252,offensive_attack,17,18,True,False,False,confirmed_static_data,"Mid Strike cell, damage=20, active=17-18"
022,Setsuka,401,024A,253,offensive_attack,16,18,True,False,False,confirmed_static_data,"Unblockable Strike cell, damage=16, active=16-18"
022,Setsuka,544,039B,490,nondamaging,17,18,False,False,True,confirmed_static_data,NonDamaging cell is non-damage metadata/body data until a narrower role is proven
022,Setsuka,272,037C,33,offensive_attack,21,23,True,False,False,confirmed_static_data,"Mid Strike cell, damage=36, active=21-23"
022,Setsuka,272,037C,34,offensive_attack,21,23,True,False,False,confirmed_static_data,"Mid Strike cell, damage=36, active=21-23"
022,Setsuka,292,05ED,79,offensive_attack,27,28,True,False,False,confirmed_static_data,"Mid Strike cell, damage=20, active=27-28"
022,Setsuka,358,01EB,174,offensive_attack,24,25,True,False,False,confirmed_static_data,"Mid Strike cell, damage=12, active=24-25"
022,Setsuka,362,05EB,178,offensive_attack,20,23,True,False,False,confirmed_static_data,"Mid Strike cell, damage=30, active=20-23"
022,Setsuka,362,05EB,179,offensive_attack,20,23,True,False,False,confirmed_static_data,"Mid Strike cell, damage=30, active=20-23"
022,Setsuka,415,023C,275,offensive_attack,25,26,True,False,False,confirmed_static_data,"Mid Strike cell, damage=20, active=25-26"
022,Setsuka,415,023C,276,offensive_attack,25,26,True,False,False,confirmed_static_data,"Mid Strike cell, damage=20, active=25-26"
022,Setsuka,415,023C,277,offensive_attack,25,26,True,False,False,confirmed_static_data,"Mid Strike cell, damage=20, active=25-26"
022,Setsuka,415,023C,275,offensive_attack,25,26,True,False,False,confirmed_static_data,"Mid Strike cell, damage=20, active=25-26"
022,Setsuka,415,023C,276,offensive_attack,25,26,True,False,False,confirmed_static_data,"Mid Strike cell, damage=20, active=25-26"
022,Setsuka,415,023C,277,offensive_attack,25,26,True,False,False,confirmed_static_data,"Mid Strike cell, damage=20, active=25-26"
022,Setsuka,460,02B0,353,offensive_attack,22,23,True,False,False,confirmed_static_data,"High Strike cell, damage=34, active=22-23"
022,Setsuka,463,02B0,356,offensive_attack,22,23,True,False,False,confirmed_static_data,"High Strike cell, damage=34, active=22-23"
022,Setsuka,581,05C4,527,sentinel,15,17,False,False,True,confirmed_static_data,Sentinel cell is non-damage metadata/body data until a narrower role is proven
022,Setsuka,541,05E3,486,offensive_attack,19,21,True,False,False,confirmed_static_data,"Mid Strike cell, damage=26, active=19-21"
022,Setsuka,541,05E3,487,offensive_attack,19,21,True,False,False,confirmed_static_data,"Mid Strike cell, damage=30, active=19-21"
022,Setsuka,542,05E4,488,offensive_attack,19,20,True,False,False,confirmed_static_data,"Mid Strike cell, damage=24, active=19-20"
022,Setsuka,542,05E4,489,offensive_attack,19,20,True,False,False,confirmed_static_data,"Mid Strike cell, damage=28, active=19-20"
022,Setsuka,542,05E4,488,offensive_attack,19,20,True,False,False,confirmed_static_data,"Mid Strike cell, damage=24, active=19-20"
022,Setsuka,542,05E4,489,offensive_attack,19,20,True,False,False,confirmed_static_data,"Mid Strike cell, damage=28, active=19-20"
022,Setsuka,396,0269,240,offensive_attack,21,22,True,False,False,confirmed_static_data,"Mid Strike cell, damage=22, active=21-22"
022,Setsuka,396,0269,241,offensive_attack,21,22,True,False,False,confirmed_static_data,"Mid Strike cell, damage=22, active=21-22"
022,Setsuka,396,0269,242,offensive_attack,21,22,True,False,False,confirmed_static_data,"Mid Strike cell, damage=22, active=21-22"
022,Setsuka,396,0269,243,offensive_attack,21,22,True,False,False,confirmed_static_data,"Mid Strike cell, damage=22, active=21-22"
022,Setsuka,393,038C,233,offensive_attack,15,16,True,False,False,confirmed_static_data,"Mid Grab cell, damage=14, active=15-16"
022,Setsuka,393,038C,233,offensive_attack,15,16,True,False,False,confirmed_static_data,"Mid Grab cell, damage=14, active=15-16"
022,Setsuka,403,01FE,256,offensive_attack,11,12,True,False,False,confirmed_static_data,"Mid Grab cell, damage=18, active=11-12"
022,Setsuka,403,01FE,257,offensive_attack,11,12,True,False,False,confirmed_static_data,"Mid Grab cell, damage=18, active=11-12"
022,Setsuka,544,039B,490,nondamaging,17,18,False,False,True,confirmed_static_data,NonDamaging cell is non-damage metadata/body data until a narrower role is proven
022,Setsuka,549,039B,495,nondamaging,17,18,False,False,True,confirmed_static_data,NonDamaging cell is non-damage metadata/body data until a narrower role is proven
022,Setsuka,548,039B,494,nondamaging,17,18,False,False,True,confirmed_static_data,NonDamaging cell is non-damage metadata/body data until a narrower role is proven
023,Tira,360,002A,141,offensive_attack,21,26,True,False,False,confirmed_static_data,"Mid Strike cell, damage=22, active=21-26"
023,Tira,360,002A,142,offensive_attack,21,26,True,False,False,confirmed_static_data,"Mid Strike cell, damage=26, active=21-26"
023,Tira,360,002A,143,offensive_attack,21,26,True,False,False,confirmed_static_data,"Mid Strike cell, damage=30, active=21-26"
023,Tira,258,0231,24,offensive_attack,16,18,True,False,False,confirmed_static_data,"High Strike cell, damage=10, active=16-18"
023,Tira,258,0231,25,offensive_attack,16,18,True,False,False,confirmed_static_data,"High Strike cell, damage=10, active=16-18"
023,Tira,320,02C7,100,offensive_attack,34,36,True,False,False,confirmed_static_data,"High Strike cell, damage=10, active=34-36"
023,Tira,381,02A9,165,offensive_attack,31,35,True,False,False,confirmed_static_data,"Mid Strike cell, damage=26, active=31-35"
023,Tira,404,0320,188,offensive_attack,16,17,True,False,False,confirmed_static_data,"Mid Strike cell, damage=20, active=16-17"
023,Tira,404,0320,189,offensive_attack,16,17,True,False,False,confirmed_static_data,"Mid Strike cell, damage=20, active=16-17"
023,Tira,413,0291,199,offensive_attack,30,34,True,False,False,confirmed_static_data,"Mid Strike cell, damage=20, active=30-34"
023,Tira,462,02A3,253,offensive_attack,6,12,True,False,False,confirmed_static_data,"Mid Strike cell, damage=10, active=6-12"
023,Tira,512,02A9,297,offensive_attack,31,35,True,False,False,confirmed_static_data,"Mid Strike cell, damage=26, active=31-35"
023,Tira,259,0119,26,offensive_attack,17,19,True,False,False,confirmed_static_data,"Mid Strike cell, damage=18, active=17-19"
023,Tira,345,0235,127,offensive_attack,17,19,True,False,False,confirmed_static_data,"Mid Grab cell, damage=14, active=17-19"
023,Tira,381,02A9,165,offensive_attack,31,35,True,False,False,confirmed_static_data,"Mid Strike cell, damage=26, active=31-35"
023,Tira,381,02A9,165,offensive_attack,31,35,True,False,False,confirmed_static_data,"Mid Strike cell, damage=26, active=31-35"
023,Tira,463,02A3,254,offensive_attack,6,12,True,False,False,confirmed_static_data,"Mid Strike cell, damage=10, active=6-12"
023,Tira,512,02A9,297,offensive_attack,31,35,True,False,False,confirmed_static_data,"Mid Strike cell, damage=26, active=31-35"
023,Tira,512,02A9,297,offensive_attack,31,35,True,False,False,confirmed_static_data,"Mid Strike cell, damage=26, active=31-35"
023,Tira,529,031B,314,offensive_attack,55,56,True,False,False,confirmed_static_data,"Mid Strike cell, damage=4, active=55-56"
023,Tira,534,031B,319,offensive_attack,55,56,True,False,False,confirmed_static_data,"Mid Strike cell, damage=4, active=55-56"
023,Tira,361,0314,144,offensive_attack,19,20,True,False,False,confirmed_static_data,"Mid Strike cell, damage=24, active=19-20"
023,Tira,361,0314,145,offensive_attack,19,20,True,False,False,confirmed_static_data,"Mid Strike cell, damage=30, active=19-20"
023,Tira,361,0314,146,offensive_attack,19,20,True,False,False,confirmed_static_data,"Mid Strike cell, damage=36, active=19-20"
023,Tira,296,0215,69,offensive_attack,17,19,True,False,False,confirmed_static_data,"Mid Strike cell, damage=14, active=17-19"
023,Tira,306,024F,80,offensive_attack,24,26,True,False,False,confirmed_static_data,"Mid Strike cell, damage=24, active=24-26"
023,Tira,325,02A7,104,offensive_attack,27,28,True,False,False,confirmed_static_data,"Mid Strike cell, damage=14, active=27-28"
023,Tira,322,02C6,102,offensive_attack,32,34,True,False,False,confirmed_static_data,"Mid Strike cell, damage=14, active=32-34"
023,Tira,326,02A8,105,offensive_attack,35,36,True,False,False,confirmed_static_data,"Mid Strike cell, damage=14, active=35-36"
023,Tira,382,0290,166,offensive_attack,30,37,True,False,False,confirmed_static_data,"Mid Strike cell, damage=40, active=30-37"
023,Tira,414,0296,200,offensive_attack,30,35,True,False,False,confirmed_static_data,"Mid Strike cell, damage=18, active=30-35"
023,Tira,513,0290,298,offensive_attack,30,37,True,False,False,confirmed_static_data,"Mid Strike cell, damage=40, active=30-37"
023,Tira,477,0211,275,nondamaging,17,18,False,False,True,confirmed_static_data,NonDamaging cell is non-damage metadata/body data until a narrower role is proven
023,Tira,477,0211,275,nondamaging,17,18,False,False,True,confirmed_static_data,NonDamaging cell is non-damage metadata/body data until a narrower role is proven
023,Tira,477,0211,275,nondamaging,17,18,False,False,True,confirmed_static_data,NonDamaging cell is non-damage metadata/body data until a narrower role is proven
023,Tira,274,03EE,41,offensive_attack,21,22,True,False,False,confirmed_static_data,"Mid Strike cell, damage=28, active=21-22"
023,Tira,299,036C,72,offensive_attack,16,17,True,False,False,confirmed_static_data,"Mid Strike cell, damage=16, active=16-17"
023,Tira,300,03EE,73,offensive_attack,25,26,True,False,False,confirmed_static_data,"Mid Strike cell, damage=28, active=25-26"
023,Tira,329,02E9,108,offensive_attack,27,29,True,False,False,confirmed_static_data,"Mid Strike cell, damage=10, active=27-29"
023,Tira,370,038F,149,offensive_attack,35,37,True,False,False,confirmed_static_data,"Mid Strike cell, damage=28, active=35-37"
023,Tira,370,038F,150,offensive_attack,34,37,True,False,False,confirmed_static_data,"Mid Strike cell, damage=28, active=34-37"
023,Tira,371,038F,151,offensive_attack,35,37,True,False,False,confirmed_static_data,"Mid Strike cell, damage=38, active=35-37"
023,Tira,371,038F,152,offensive_attack,34,37,True,False,False,confirmed_static_data,"Mid Strike cell, damage=38, active=34-37"
023,Tira,382,0290,166,offensive_attack,30,37,True,False,False,confirmed_static_data,"Mid Strike cell, damage=40, active=30-37"
023,Tira,382,0290,166,offensive_attack,30,37,True,False,False,confirmed_static_data,"Mid Strike cell, damage=40, active=30-37"
023,Tira,432,039A,223,offensive_attack,29,30,True,False,False,confirmed_static_data,"Mid Strike cell, damage=12, active=29-30"
023,Tira,509,0385,294,offensive_attack,17,18,True,False,False,confirmed_static_data,"Mid Strike cell, damage=26, active=17-18"
023,Tira,513,0290,298,offensive_attack,30,37,True,False,False,confirmed_static_data,"Mid Strike cell, damage=40, active=30-37"
023,Tira,513,0290,298,offensive_attack,30,37,True,False,False,confirmed_static_data,"Mid Strike cell, damage=40, active=30-37"
023,Tira,348,02FE,130,offensive_attack,32,34,True,False,False,confirmed_static_data,"Mid Strike cell, damage=36, active=32-34"
023,Tira,348,02FE,131,offensive_attack,33,34,True,False,False,confirmed_static_data,"Mid Strike cell, damage=36, active=33-34"
023,Tira,348,02FE,132,offensive_attack,32,34,True,False,False,confirmed_static_data,"Mid Strike cell, damage=36, active=32-34"
023,Tira,348,02FE,130,offensive_attack,32,34,True,False,False,confirmed_static_data,"Mid Strike cell, damage=36, active=32-34"
023,Tira,348,02FE,131,offensive_attack,33,34,True,False,False,confirmed_static_data,"Mid Strike cell, damage=36, active=33-34"
023,Tira,348,02FE,132,offensive_attack,32,34,True,False,False,confirmed_static_data,"Mid Strike cell, damage=36, active=32-34"
023,Tira,348,02FE,130,offensive_attack,32,34,True,False,False,confirmed_static_data,"Mid Strike cell, damage=36, active=32-34"
023,Tira,348,02FE,131,offensive_attack,33,34,True,False,False,confirmed_static_data,"Mid Strike cell, damage=36, active=33-34"
023,Tira,348,02FE,132,offensive_attack,32,34,True,False,False,confirmed_static_data,"Mid Strike cell, damage=36, active=32-34"
023,Tira,348,02FE,130,offensive_attack,32,34,True,False,False,confirmed_static_data,"Mid Strike cell, damage=36, active=32-34"
023,Tira,348,02FE,131,offensive_attack,33,34,True,False,False,confirmed_static_data,"Mid Strike cell, damage=36, active=33-34"
023,Tira,348,02FE,132,offensive_attack,32,34,True,False,False,confirmed_static_data,"Mid Strike cell, damage=36, active=32-34"
023,Tira,510,039C,295,offensive_attack,16,17,True,False,False,confirmed_static_data,"Mid Super_or_Other cell, damage=30, active=16-17"
023,Tira,510,039C,296,offensive_attack,16,17,True,False,False,confirmed_static_data,"Mid Super_or_Other cell, damage=20, active=16-17"
023,Tira,510,039C,295,offensive_attack,16,17,True,False,False,confirmed_static_data,"Mid Super_or_Other cell, damage=30, active=16-17"
023,Tira,510,039C,296,offensive_attack,16,17,True,False,False,confirmed_static_data,"Mid Super_or_Other cell, damage=20, active=16-17"
023,Tira,307,0251,81,offensive_attack,28,30,True,False,False,confirmed_static_data,"High Grab cell, damage=24, active=28-30"
023,Tira,324,0317,103,offensive_attack,27,31,True,False,False,confirmed_static_data,"Mid Grab cell, damage=24, active=27-31"
023,Tira,327,0317,106,offensive_attack,25,29,True,False,False,confirmed_static_data,"Mid Grab cell, damage=24, active=25-29"
023,Tira,360,002A,141,offensive_attack,21,26,True,False,False,confirmed_static_data,"Mid Strike cell, damage=22, active=21-26"
023,Tira,360,002A,142,offensive_attack,21,26,True,False,False,confirmed_static_data,"Mid Strike cell, damage=26, active=21-26"
023,Tira,360,002A,143,offensive_attack,21,26,True,False,False,confirmed_static_data,"Mid Strike cell, damage=30, active=21-26"
023,Tira,361,0314,144,offensive_attack,19,20,True,False,False,confirmed_static_data,"Mid Strike cell, damage=24, active=19-20"
023,Tira,361,0314,145,offensive_attack,19,20,True,False,False,confirmed_static_data,"Mid Strike cell, damage=30, active=19-20"
023,Tira,361,0314,146,offensive_attack,19,20,True,False,False,confirmed_static_data,"Mid Strike cell, damage=36, active=19-20"
023,Tira,377,02E5,161,offensive_attack,23,25,True,False,False,confirmed_static_data,"Mid Grab cell, damage=8, active=23-25"
023,Tira,383,02ED,167,offensive_attack,30,37,True,False,False,confirmed_static_data,"Mid Strike cell, damage=24, active=30-37"
023,Tira,383,02ED,168,offensive_attack,38,43,True,False,False,confirmed_static_data,"Mid Strike cell, damage=24, active=38-43"
023,Tira,514,02ED,299,offensive_attack,31,35,True,False,False,confirmed_static_data,"Mid Strike cell, damage=24, active=31-35"
023,Tira,514,02ED,300,offensive_attack,40,43,True,False,False,confirmed_static_data,"Mid Strike cell, damage=24, active=40-43"
023,Tira,477,0211,275,nondamaging,17,18,False,False,True,confirmed_static_data,NonDamaging cell is non-damage metadata/body data until a narrower role is proven
023,Tira,484,02EC,279,nondamaging,19,20,False,False,True,confirmed_static_data,NonDamaging cell is non-damage metadata/body data until a narrower role is proven
023,Tira,383,02ED,167,offensive_attack,30,37,True,False,False,confirmed_static_data,"Mid Strike cell, damage=24, active=30-37"
023,Tira,383,02ED,168,offensive_attack,38,43,True,False,False,confirmed_static_data,"Mid Strike cell, damage=24, active=38-43"
023,Tira,383,02ED,167,offensive_attack,30,37,True,False,False,confirmed_static_data,"Mid Strike cell, damage=24, active=30-37"
023,Tira,383,02ED,168,offensive_attack,38,43,True,False,False,confirmed_static_data,"Mid Strike cell, damage=24, active=38-43"
023,Tira,410,022F,195,offensive_attack,30,32,True,False,False,confirmed_static_data,"Mid Grab cell, damage=28, active=30-32"
023,Tira,514,02ED,299,offensive_attack,31,35,True,False,False,confirmed_static_data,"Mid Strike cell, damage=24, active=31-35"
023,Tira,514,02ED,300,offensive_attack,40,43,True,False,False,confirmed_static_data,"Mid Strike cell, damage=24, active=40-43"
023,Tira,514,02ED,299,offensive_attack,31,35,True,False,False,confirmed_static_data,"Mid Strike cell, damage=24, active=31-35"
023,Tira,514,02ED,300,offensive_attack,40,43,True,False,False,confirmed_static_data,"Mid Strike cell, damage=24, active=40-43"
024,Zasalamel,333,0138,122,offensive_attack,18,20,True,False,False,confirmed_static_data,"High Strike cell, damage=20, active=18-20"
024,Zasalamel,366,0270,160,offensive_attack,33,34,True,False,False,confirmed_static_data,"Mid Strike cell, damage=24, active=33-34"
024,Zasalamel,433,0150,218,offensive_attack,30,36,True,False,False,confirmed_static_data,"Mid Strike cell, damage=30, active=30-36"
024,Zasalamel,265,013B,31,offensive_attack,22,24,True,False,False,confirmed_static_data,"Mid Strike cell, damage=20, active=22-24"
024,Zasalamel,316,0268,105,offensive_attack,32,34,True,False,False,confirmed_static_data,"Mid Strike cell, damage=40, active=32-34"
024,Zasalamel,353,01E9,147,offensive_attack,18,19,True,False,False,confirmed_static_data,"Mid Strike cell, damage=20, active=18-19"
024,Zasalamel,376,0132,171,offensive_attack,27,28,True,False,False,confirmed_static_data,"Mid Strike cell, damage=40, active=27-28"
024,Zasalamel,423,01CD,206,offensive_attack,19,22,True,False,False,confirmed_static_data,"Mid Strike cell, damage=20, active=19-22"
024,Zasalamel,392,012E,187,nondamaging,17,18,False,False,True,confirmed_static_data,NonDamaging cell is non-damage metadata/body data until a narrower role is proven
024,Zasalamel,266,013B,32,offensive_attack,17,19,True,False,False,confirmed_static_data,"Mid Strike cell, damage=40, active=17-19"
024,Zasalamel,373,01FD,168,offensive_attack,9,12,True,False,False,confirmed_static_data,"High Strike cell, damage=26, active=9-12"
024,Zasalamel,423,01CD,206,offensive_attack,19,22,True,False,False,confirmed_static_data,"Mid Strike cell, damage=20, active=19-22"
024,Zasalamel,267,01D6,33,offensive_attack,21,22,True,False,False,confirmed_static_data,"High Grab cell, damage=12, active=21-22"
024,Zasalamel,298,01DA,81,offensive_attack,23,24,True,False,False,confirmed_static_data,"Mid Grab cell, damage=10, active=23-24"
024,Zasalamel,323,0211,113,offensive_attack,7,9,True,False,False,confirmed_static_data,"Mid Super_or_Other cell, damage=20, active=7-9"
024,Zasalamel,324,0211,114,offensive_attack,7,9,True,False,False,confirmed_static_data,"Mid Super_or_Other cell, damage=30, active=7-9"
024,Zasalamel,325,0211,115,offensive_attack,7,9,True,False,False,confirmed_static_data,"Mid Super_or_Other cell, damage=40, active=7-9"
024,Zasalamel,381,0231,176,offensive_attack,18,22,True,False,False,confirmed_static_data,"High Grab cell, damage=14, active=18-22"
028,Hilde,293,072A,71,offensive_cell_window_unknown,,,True,False,False,unresolved,offensive cell: damage-bearing Mid cell has invalid active window 999-999
028,Hilde,341,071F,137,offensive_attack,21,23,True,False,False,confirmed_static_data,"Mid Strike cell, damage=25, active=21-23"
028,Hilde,401,0673,215,offensive_attack,27,29,True,False,False,confirmed_static_data,"Mid Strike cell, damage=30, active=27-29"
028,Hilde,457,068B,277,offensive_attack,19,21,True,False,False,confirmed_static_data,"Mid Strike cell, damage=24, active=19-21"
028,Hilde,457,068B,278,offensive_attack,19,21,True,False,False,confirmed_static_data,"Mid Strike cell, damage=24, active=19-21"
028,Hilde,286,06F4,63,offensive_attack,25,27,True,False,False,confirmed_static_data,"High Strike cell, damage=24, active=25-27"
028,Hilde,286,06F4,64,offensive_attack,25,27,True,False,False,confirmed_static_data,"High Strike cell, damage=24, active=25-27"
028,Hilde,310,06F3,94,offensive_attack,23,25,True,False,False,confirmed_static_data,"High Strike cell, damage=20, active=23-25"
028,Hilde,327,0721,120,offensive_attack,19,20,True,False,False,confirmed_static_data,"Mid Strike cell, damage=18, active=19-20"
028,Hilde,342,071F,138,offensive_attack,21,23,True,False,False,confirmed_static_data,"Mid Strike cell, damage=25, active=21-23"
028,Hilde,452,0706,273,offensive_attack,29,31,True,False,False,confirmed_static_data,"Mid Strike cell, damage=22, active=29-31"
028,Hilde,419,06C6,243,offensive_attack,37,38,True,False,False,confirmed_static_data,"Mid Strike cell, damage=25, active=37-38"
028,Hilde,267,0703,31,offensive_attack,21,23,True,False,False,confirmed_static_data,"Mid Strike cell, damage=25, active=21-23"
028,Hilde,267,0703,32,offensive_attack,21,23,True,False,False,confirmed_static_data,"Mid Strike cell, damage=25, active=21-23"
028,Hilde,365,06BC,165,offensive_attack,19,20,True,False,False,confirmed_static_data,"Mid Strike cell, damage=25, active=19-20"
028,Hilde,365,06BC,166,offensive_attack,21,23,True,False,False,confirmed_static_data,"Mid Strike cell, damage=25, active=21-23"
028,Hilde,365,06BC,165,offensive_attack,19,20,True,False,False,confirmed_static_data,"Mid Strike cell, damage=25, active=19-20"
028,Hilde,365,06BC,166,offensive_attack,21,23,True,False,False,confirmed_static_data,"Mid Strike cell, damage=25, active=21-23"
028,Hilde,355,070C,154,offensive_attack,19,20,True,False,False,confirmed_static_data,"Mid Strike cell, damage=20, active=19-20"
028,Hilde,276,0717,49,offensive_attack,23,26,True,False,False,confirmed_static_data,"Mid Strike cell, damage=30, active=23-26"
028,Hilde,276,0717,50,offensive_attack,23,26,True,False,False,confirmed_static_data,"Mid Strike cell, damage=30, active=23-26"
028,Hilde,276,0717,51,offensive_attack,21,24,True,False,False,confirmed_static_data,"Mid Strike cell, damage=30, active=21-24"
028,Hilde,276,0717,52,offensive_attack,23,26,True,False,False,confirmed_static_data,"Mid Strike cell, damage=30, active=23-26"
028,Hilde,276,0717,53,offensive_attack,23,26,True,False,False,confirmed_static_data,"Mid Strike cell, damage=30, active=23-26"
028,Hilde,276,0717,54,offensive_attack,21,24,True,False,False,confirmed_static_data,"Mid Strike cell, damage=30, active=21-24"
028,Hilde,276,0717,49,offensive_attack,23,26,True,False,False,confirmed_static_data,"Mid Strike cell, damage=30, active=23-26"
028,Hilde,276,0717,50,offensive_attack,23,26,True,False,False,confirmed_static_data,"Mid Strike cell, damage=30, active=23-26"
028,Hilde,276,0717,51,offensive_attack,21,24,True,False,False,confirmed_static_data,"Mid Strike cell, damage=30, active=21-24"
028,Hilde,276,0717,52,offensive_attack,23,26,True,False,False,confirmed_static_data,"Mid Strike cell, damage=30, active=23-26"
028,Hilde,276,0717,53,offensive_attack,23,26,True,False,False,confirmed_static_data,"Mid Strike cell, damage=30, active=23-26"
028,Hilde,276,0717,54,offensive_attack,21,24,True,False,False,confirmed_static_data,"Mid Strike cell, damage=30, active=21-24"
028,Hilde,295,072C,73,offensive_cell_window_unknown,,,True,False,False,unresolved,offensive cell: damage-bearing Mid cell has invalid active window 999-999
028,Hilde,375,0719,177,offensive_attack,19,20,True,False,False,confirmed_static_data,"Mid Strike cell, damage=12, active=19-20"
028,Hilde,375,0719,178,offensive_attack,19,20,True,False,False,confirmed_static_data,"Mid Strike cell, damage=12, active=19-20"
028,Hilde,405,06A7,221,offensive_attack,26,28,True,False,False,confirmed_static_data,"Mid Strike cell, damage=22, active=26-28"
028,Hilde,405,06A7,222,offensive_attack,26,28,True,False,False,confirmed_static_data,"Mid Strike cell, damage=22, active=26-28"
028,Hilde,405,06A7,223,offensive_attack,26,28,True,False,False,confirmed_static_data,"Mid Strike cell, damage=22, active=26-28"
028,Hilde,405,06A7,224,offensive_attack,26,29,True,False,False,confirmed_static_data,"Mid Strike cell, damage=22, active=26-29"
028,Hilde,458,068A,279,offensive_attack,21,23,True,False,False,confirmed_static_data,"Mid Strike cell, damage=25, active=21-23"
028,Hilde,458,068A,280,offensive_attack,21,23,True,False,False,confirmed_static_data,"Mid Strike cell, damage=30, active=21-23"
028,Hilde,427,06CA,252,nondamaging,17,18,False,False,True,confirmed_static_data,NonDamaging cell is non-damage metadata/body data until a narrower role is proven
028,Hilde,312,069A,97,offensive_attack,19,20,True,False,False,confirmed_static_data,"Mid Strike cell, damage=20, active=19-20"
028,Hilde,312,069A,98,offensive_attack,19,20,True,False,False,confirmed_static_data,"Mid Strike cell, damage=20, active=19-20"
028,Hilde,357,070D,156,offensive_attack,21,22,True,False,False,confirmed_static_data,"Mid Strike cell, damage=45, active=21-22"
028,Hilde,357,070D,156,offensive_attack,21,22,True,False,False,confirmed_static_data,"Mid Strike cell, damage=45, active=21-22"
028,Hilde,376,0719,179,offensive_attack,23,25,True,False,False,confirmed_static_data,"Mid Strike cell, damage=18, active=23-25"
028,Hilde,376,0719,180,offensive_attack,23,25,True,False,False,confirmed_static_data,"Mid Strike cell, damage=18, active=23-25"
028,Hilde,377,071A,181,offensive_attack,21,31,True,False,False,confirmed_static_data,"High Strike cell, damage=28, active=21-31"
028,Hilde,334,0649,131,offensive_attack,18,19,True,False,False,confirmed_static_data,"High Grab cell, damage=24, active=18-19"
028,Hilde,380,06E9,185,offensive_attack,27,29,True,False,False,confirmed_static_data,"High Strike cell, damage=24, active=27-29"
028,Hilde,380,06E9,186,offensive_attack,27,29,True,False,False,confirmed_static_data,"High Strike cell, damage=24, active=27-29"
028,Hilde,381,06C4,187,offensive_attack,29,31,True,False,False,confirmed_static_data,"Mid Strike cell, damage=18, active=29-31"
028,Hilde,427,06CA,252,nondamaging,17,18,False,False,True,confirmed_static_data,NonDamaging cell is non-damage metadata/body data until a narrower role is proven
030,Amy,428,0557,4100,cross_bank_or_unknown,,,False,False,False,unresolved,cell index is outside this KHD bank; shared/common cell semantics are not resolved
030,Amy,258,042B,24,offensive_attack,15,17,True,False,False,confirmed_static_data,"High Strike cell, damage=8, active=15-17"
030,Amy,258,042B,25,offensive_attack,15,17,True,False,False,confirmed_static_data,"High Strike cell, damage=8, active=15-17"
030,Amy,273,0551,39,offensive_attack,31,33,True,False,False,confirmed_static_data,"Mid Strike cell, damage=10, active=31-33"
030,Amy,273,0551,40,offensive_attack,31,33,True,False,False,confirmed_static_data,"Mid Strike cell, damage=10, active=31-33"
030,Amy,275,0430,42,offensive_attack,25,27,True,False,False,confirmed_static_data,"High Strike cell, damage=22, active=25-27"
030,Amy,284,0519,58,offensive_attack,17,19,True,False,False,confirmed_static_data,"Mid Strike cell, damage=12, active=17-19"
030,Amy,284,0519,59,offensive_attack,17,19,True,False,False,confirmed_static_data,"Mid Strike cell, damage=12, active=17-19"
030,Amy,284,0519,60,offensive_attack,17,19,True,False,False,confirmed_static_data,"Mid Strike cell, damage=12, active=17-19"
030,Amy,293,01CE,70,offensive_attack,21,22,True,False,False,confirmed_static_data,"High Strike cell, damage=18, active=21-22"
030,Amy,303,0213,82,offensive_attack,18,19,True,False,False,confirmed_static_data,"Mid Strike cell, damage=22, active=18-19"
030,Amy,354,00BD,168,offensive_attack,19,21,True,False,False,confirmed_static_data,"Mid Strike cell, damage=12, active=19-21"
030,Amy,366,026B,186,offensive_attack,26,27,True,False,False,confirmed_static_data,"High Strike cell, damage=10, active=26-27"
030,Amy,487,0253,292,offensive_attack,19,20,True,False,False,confirmed_static_data,"Mid Strike cell, damage=16, active=19-20"
030,Amy,335,03A2,124,offensive_attack,12,14,True,False,False,confirmed_static_data,"Mid Strike cell, damage=22, active=12-14"
030,Amy,513,025A,311,offensive_attack,31,33,True,False,False,confirmed_static_data,"Mid Strike cell, damage=26, active=31-33"
030,Amy,486,01C7,291,offensive_attack,15,17,True,False,False,confirmed_static_data,"Mid Strike cell, damage=14, active=15-17"
030,Amy,505,0515,304,offensive_attack,19,21,True,False,False,confirmed_static_data,"Mid Strike cell, damage=26, active=19-21"
030,Amy,453,0259,259,offensive_attack,15,17,True,False,False,confirmed_static_data,"Mid Strike cell, damage=12, active=15-17"
030,Amy,292,024E,69,offensive_attack,21,23,True,False,False,confirmed_static_data,"Mid Strike cell, damage=22, active=21-23"
030,Amy,341,054C,137,offensive_attack,19,23,True,False,False,confirmed_static_data,"Mid Strike cell, damage=4, active=19-23"
030,Amy,341,054C,138,offensive_attack,19,23,True,False,False,confirmed_static_data,"Mid Strike cell, damage=4, active=19-23"
030,Amy,341,054C,139,offensive_attack,19,23,True,False,False,confirmed_static_data,"Mid Strike cell, damage=4, active=19-23"
030,Amy,341,054C,140,offensive_attack,19,23,True,False,False,confirmed_static_data,"Mid Strike cell, damage=4, active=19-23"
030,Amy,341,054C,137,offensive_attack,19,23,True,False,False,confirmed_static_data,"Mid Strike cell, damage=4, active=19-23"
030,Amy,341,054C,138,offensive_attack,19,23,True,False,False,confirmed_static_data,"Mid Strike cell, damage=4, active=19-23"
030,Amy,341,054C,139,offensive_attack,19,23,True,False,False,confirmed_static_data,"Mid Strike cell, damage=4, active=19-23"
030,Amy,341,054C,140,offensive_attack,19,23,True,False,False,confirmed_static_data,"Mid Strike cell, damage=4, active=19-23"
030,Amy,345,054D,156,offensive_attack,37,46,True,False,False,confirmed_static_data,"Mid Strike cell, damage=4, active=37-46"
030,Amy,345,054D,157,offensive_attack,37,46,True,False,False,confirmed_static_data,"Mid Strike cell, damage=4, active=37-46"
030,Amy,345,054D,158,offensive_attack,37,46,True,False,False,confirmed_static_data,"Mid Strike cell, damage=4, active=37-46"
030,Amy,345,054D,159,offensive_attack,37,46,True,False,False,confirmed_static_data,"Mid Strike cell, damage=4, active=37-46"
030,Amy,345,054D,160,offensive_attack,19,36,True,False,False,confirmed_static_data,"Mid Strike cell, damage=4, active=19-36"
030,Amy,345,054D,156,offensive_attack,37,46,True,False,False,confirmed_static_data,"Mid Strike cell, damage=4, active=37-46"
030,Amy,345,054D,157,offensive_attack,37,46,True,False,False,confirmed_static_data,"Mid Strike cell, damage=4, active=37-46"
030,Amy,345,054D,158,offensive_attack,37,46,True,False,False,confirmed_static_data,"Mid Strike cell, damage=4, active=37-46"
030,Amy,345,054D,159,offensive_attack,37,46,True,False,False,confirmed_static_data,"Mid Strike cell, damage=4, active=37-46"
030,Amy,345,054D,160,offensive_attack,19,36,True,False,False,confirmed_static_data,"Mid Strike cell, damage=4, active=19-36"
030,Amy,268,03B8,35,offensive_attack,15,16,True,False,False,confirmed_static_data,"Mid Strike cell, damage=10, active=15-16"
030,Amy,273,0551,39,offensive_attack,31,33,True,False,False,confirmed_static_data,"Mid Strike cell, damage=10, active=31-33"
030,Amy,273,0551,40,offensive_attack,31,33,True,False,False,confirmed_static_data,"Mid Strike cell, damage=10, active=31-33"
030,Amy,290,0222,67,offensive_attack,16,17,True,False,False,confirmed_static_data,"Mid Strike cell, damage=12, active=16-17"
030,Amy,364,054F,181,offensive_attack,19,29,True,False,False,confirmed_static_data,"High Strike cell, damage=4, active=19-29"
030,Amy,364,054F,182,offensive_attack,19,29,True,False,False,confirmed_static_data,"High Strike cell, damage=4, active=19-29"
030,Amy,364,054F,183,offensive_attack,19,29,True,False,False,confirmed_static_data,"High Strike cell, damage=4, active=19-29"
030,Amy,364,054F,184,offensive_attack,19,29,True,False,False,confirmed_static_data,"High Strike cell, damage=4, active=19-29"
030,Amy,340,0431,134,offensive_attack,19,29,True,False,False,confirmed_static_data,"High Strike cell, damage=4, active=19-29"
030,Amy,340,0431,135,offensive_attack,19,29,True,False,False,confirmed_static_data,"High Strike cell, damage=4, active=19-29"
030,Amy,340,0431,136,offensive_attack,19,29,True,False,False,confirmed_static_data,"High Strike cell, damage=4, active=19-29"
030,Amy,391,0552,213,offensive_attack,24,25,True,False,False,confirmed_static_data,"Mid Strike cell, damage=8, active=24-25"
030,Amy,391,0552,214,offensive_attack,24,25,True,False,False,confirmed_static_data,"Mid Strike cell, damage=8, active=24-25"
030,Amy,468,0560,279,offensive_attack,17,21,True,False,False,confirmed_static_data,"Mid Strike cell, damage=4, active=17-21"
030,Amy,468,0560,280,offensive_attack,17,21,True,False,False,confirmed_static_data,"Mid Strike cell, damage=4, active=17-21"
030,Amy,489,01E9,293,offensive_attack,32,33,True,False,False,confirmed_static_data,"Mid Strike cell, damage=22, active=32-33"
030,Amy,496,01B1,298,offensive_attack,15,16,True,False,False,confirmed_static_data,"Mid Strike cell, damage=18, active=15-16"
030,Amy,419,0206,240,nondamaging,17,18,False,False,True,confirmed_static_data,NonDamaging cell is non-damage metadata/body data until a narrower role is proven
030,Amy,277,054D,48,offensive_attack,37,46,True,False,False,confirmed_static_data,"Mid Strike cell, damage=4, active=37-46"
030,Amy,277,054D,49,offensive_attack,37,46,True,False,False,confirmed_static_data,"Mid Strike cell, damage=4, active=37-46"
030,Amy,277,054D,50,offensive_attack,37,46,True,False,False,confirmed_static_data,"Mid Strike cell, damage=4, active=37-46"
030,Amy,277,054D,51,offensive_attack,37,46,True,False,False,confirmed_static_data,"Mid Strike cell, damage=4, active=37-46"
030,Amy,277,054D,52,offensive_attack,19,36,True,False,False,confirmed_static_data,"Mid Strike cell, damage=4, active=19-36"
030,Amy,329,052D,116,offensive_attack,37,39,True,False,False,confirmed_static_data,"High Strike cell, damage=24, active=37-39"
030,Amy,331,052D,118,offensive_attack,37,39,True,False,False,confirmed_static_data,"High Strike cell, damage=24, active=37-39"
030,Amy,341,054C,137,offensive_attack,19,23,True,False,False,confirmed_static_data,"Mid Strike cell, damage=4, active=19-23"
030,Amy,341,054C,138,offensive_attack,19,23,True,False,False,confirmed_static_data,"Mid Strike cell, damage=4, active=19-23"
030,Amy,341,054C,139,offensive_attack,19,23,True,False,False,confirmed_static_data,"Mid Strike cell, damage=4, active=19-23"
030,Amy,341,054C,140,offensive_attack,19,23,True,False,False,confirmed_static_data,"Mid Strike cell, damage=4, active=19-23"
030,Amy,345,054D,156,offensive_attack,37,46,True,False,False,confirmed_static_data,"Mid Strike cell, damage=4, active=37-46"
030,Amy,345,054D,157,offensive_attack,37,46,True,False,False,confirmed_static_data,"Mid Strike cell, damage=4, active=37-46"
030,Amy,345,054D,158,offensive_attack,37,46,True,False,False,confirmed_static_data,"Mid Strike cell, damage=4, active=37-46"
030,Amy,345,054D,159,offensive_attack,37,46,True,False,False,confirmed_static_data,"Mid Strike cell, damage=4, active=37-46"
030,Amy,345,054D,160,offensive_attack,19,36,True,False,False,confirmed_static_data,"Mid Strike cell, damage=4, active=19-36"
030,Amy,340,0431,134,offensive_attack,19,29,True,False,False,confirmed_static_data,"High Strike cell, damage=4, active=19-29"
030,Amy,340,0431,135,offensive_attack,19,29,True,False,False,confirmed_static_data,"High Strike cell, damage=4, active=19-29"
030,Amy,340,0431,136,offensive_attack,19,29,True,False,False,confirmed_static_data,"High Strike cell, damage=4, active=19-29"
030,Amy,462,03CA,273,offensive_attack,28,30,True,False,False,confirmed_static_data,"Mid Strike cell, damage=22, active=28-30"
030,Amy,469,055F,281,offensive_attack,18,20,True,False,False,confirmed_static_data,"Mid Strike cell, damage=50, active=18-20"
030,Amy,497,0246,299,offensive_attack,34,35,True,False,False,confirmed_static_data,"Mid Strike cell, damage=24, active=34-35"
030,Amy,516,0562,313,offensive_attack,19,20,True,False,False,confirmed_static_data,"Mid Strike cell, damage=16, active=19-20"
030,Amy,494,055D,297,offensive_attack,11,12,True,False,False,confirmed_static_data,"High Strike cell, damage=16, active=11-12"
030,Amy,506,0516,305,offensive_attack,32,33,True,False,False,confirmed_static_data,"Mid Strike cell, damage=22, active=32-33"
030,Amy,541,041B,331,sentinel,15,17,False,False,True,confirmed_static_data,Sentinel cell is non-damage metadata/body data until a narrower role is proven
030,Amy,288,0536,64,offensive_attack,35,36,True,False,False,confirmed_static_data,"Mid Strike cell, damage=26, active=35-36"
030,Amy,313,0534,100,offensive_attack,13,14,True,False,False,confirmed_static_data,"Mid Strike cell, damage=18, active=13-14"
030,Amy,518,054E,315,offensive_attack,19,20,True,False,False,confirmed_static_data,"Mid Strike cell, damage=38, active=19-20"
030,Amy,509,054E,309,offensive_attack,19,20,True,False,False,confirmed_static_data,"Mid Strike cell, damage=38, active=19-20"
030,Amy,500,054E,302,offensive_attack,19,20,True,False,False,confirmed_static_data,"Mid Strike cell, damage=38, active=19-20"
030,Amy,473,0535,285,offensive_attack,21,22,True,False,False,confirmed_static_data,"Mid Strike cell, damage=32, active=21-22"
030,Amy,473,0535,285,offensive_attack,21,22,True,False,False,confirmed_static_data,"Mid Strike cell, damage=32, active=21-22"
030,Amy,269,01E8,36,offensive_attack,20,22,True,False,False,confirmed_static_data,"High Grab cell, damage=14, active=20-22"
030,Amy,325,0252,111,offensive_attack,20,21,True,False,False,confirmed_static_data,"Mid Grab cell, damage=16, active=20-21"
030,Amy,470,025E,282,offensive_attack,23,24,True,False,False,confirmed_static_data,"Mid Grab cell, damage=16, active=23-24"
030,Amy,492,022C,295,offensive_attack,17,19,True,False,False,confirmed_static_data,"Mid Grab cell, damage=10, active=17-19"
030,Amy,498,0554,300,offensive_attack,19,20,True,False,False,confirmed_static_data,"High Grab cell, damage=22, active=19-20"
030,Amy,421,0206,242,nondamaging,17,18,False,False,True,confirmed_static_data,NonDamaging cell is non-damage metadata/body data until a narrower role is proven
030,Amy,291,024D,68,offensive_attack,17,18,True,False,False,confirmed_static_data,"High Strike cell, damage=12, active=17-18"
030,Amy,517,01C0,314,offensive_attack,29,32,True,False,False,confirmed_static_data,"Mid Grab cell, damage=36, active=29-32"
030,Amy,499,01D0,301,offensive_attack,17,18,True,False,False,confirmed_static_data,"Mid Grab cell, damage=18, active=17-18"
030,Amy,508,051B,307,offensive_attack,17,25,True,False,False,confirmed_static_data,"Mid Grab cell, damage=26, active=17-25"
030,Amy,508,051B,308,offensive_attack,17,25,True,False,False,confirmed_static_data,"Mid Grab cell, damage=26, active=17-25"
030,Amy,464,025D,274,offensive_attack,16,18,True,False,False,confirmed_static_data,"Unblockable Grab cell, damage=10, active=16-18"
030,Amy,464,025D,275,offensive_attack,17,18,True,False,False,confirmed_static_data,"Mid Grab cell, damage=10, active=17-18"
060,2B,258,035E,24,offensive_attack,11,13,True,False,False,confirmed_static_data,"High Strike cell, damage=10, active=11-13"
060,2B,273,0394,48,offensive_attack,15,17,True,False,False,confirmed_static_data,"High Strike cell, damage=8, active=15-17"
060,2B,262,036F,28,offensive_attack,6,8,True,False,False,confirmed_static_data,"High Strike cell, damage=4, active=6-8"
060,2B,262,036F,29,offensive_attack,6,8,True,False,False,confirmed_static_data,"High Strike cell, damage=4, active=6-8"
060,2B,307,04C3,87,offensive_attack,29,32,True,False,False,confirmed_static_data,"Mid Strike cell, damage=8, active=29-32"
060,2B,307,04C3,88,offensive_attack,29,32,True,False,False,confirmed_static_data,"Mid Strike cell, damage=8, active=29-32"
060,2B,447,0342,250,offensive_attack,43,45,True,False,False,confirmed_static_data,"High Strike cell, damage=10, active=43-45"
060,2B,453,0477,258,offensive_attack,29,31,True,False,False,confirmed_static_data,"Mid Strike cell, damage=22, active=29-31"
060,2B,532,0384,324,offensive_attack,19,20,True,False,False,confirmed_static_data,"Mid Strike cell, damage=16, active=19-20"
060,2B,628,034B,431,offensive_attack,29,31,True,False,False,confirmed_static_data,"High Strike cell, damage=10, active=29-31"
060,2B,282,0370,56,offensive_attack,37,39,True,False,False,confirmed_static_data,"Mid Strike cell, damage=12, active=37-39"
060,2B,283,0489,57,offensive_attack,25,27,True,False,False,confirmed_static_data,"Mid Strike cell, damage=16, active=25-27"
060,2B,286,0439,60,offensive_attack,33,34,True,False,False,confirmed_static_data,"High Strike cell, damage=8, active=33-34"
060,2B,312,0361,95,offensive_attack,43,45,True,False,False,confirmed_static_data,"Mid Strike cell, damage=16, active=43-45"
060,2B,312,0361,96,offensive_attack,43,45,True,False,False,confirmed_static_data,"Mid Strike cell, damage=16, active=43-45"
060,2B,629,034B,432,offensive_attack,49,51,True,False,False,confirmed_static_data,"High Strike cell, damage=14, active=49-51"
060,2B,630,034C,433,offensive_attack,17,19,True,False,False,confirmed_static_data,"Mid Strike cell, damage=14, active=17-19"
060,2B,566,044F,351,offensive_attack,11,13,True,False,False,confirmed_static_data,"High Strike cell, damage=8, active=11-13"
060,2B,566,044F,352,offensive_attack,11,13,True,False,False,confirmed_static_data,"High Super_or_Other cell, damage=8, active=11-13"
060,2B,566,044F,351,offensive_attack,11,13,True,False,False,confirmed_static_data,"High Strike cell, damage=8, active=11-13"
060,2B,566,044F,352,offensive_attack,11,13,True,False,False,confirmed_static_data,"High Super_or_Other cell, damage=8, active=11-13"
060,2B,411,0378,225,offensive_attack,15,17,True,False,False,confirmed_static_data,"High Strike cell, damage=16, active=15-17"
060,2B,411,0378,225,offensive_attack,15,17,True,False,False,confirmed_static_data,"High Strike cell, damage=16, active=15-17"
060,2B,399,048B,214,offensive_attack,37,39,True,False,False,confirmed_static_data,"Mid Strike cell, damage=32, active=37-39"
060,2B,399,048B,215,offensive_attack,40,46,True,False,False,confirmed_static_data,"Mid Strike cell, damage=32, active=40-46"
060,2B,401,0374,217,offensive_attack,39,44,True,False,False,confirmed_static_data,"High Strike cell, damage=80, active=39-44"
060,2B,405,03B0,221,offensive_attack,23,27,True,False,False,confirmed_static_data,"High Super_or_Other cell, damage=36, active=23-27"
060,2B,405,03B0,222,offensive_attack,23,27,True,False,False,confirmed_static_data,"High Strike cell, damage=36, active=23-27"
060,2B,549,044E,341,offensive_attack,23,24,True,False,False,confirmed_static_data,"Mid Strike cell, damage=12, active=23-24"
060,2B,599,0485,400,offensive_attack,23,25,True,False,False,confirmed_static_data,"Mid Strike cell, damage=24, active=23-25"
060,2B,595,0485,393,offensive_attack,23,25,True,False,False,confirmed_static_data,"Mid Strike cell, damage=16, active=23-25"
060,2B,595,0485,393,offensive_attack,23,25,True,False,False,confirmed_static_data,"Mid Strike cell, damage=16, active=23-25"
060,2B,603,0494,407,offensive_attack,23,27,True,False,False,confirmed_static_data,"High Grab cell, damage=10, active=23-27"
060,2B,603,0494,408,offensive_attack,23,27,True,False,False,confirmed_static_data,"High Grab cell, damage=10, active=23-27"
060,2B,269,0438,40,offensive_attack,7,9,True,False,False,confirmed_static_data,"High Strike cell, damage=4, active=7-9"
060,2B,310,0344,92,offensive_attack,16,17,True,False,False,confirmed_static_data,"Mid Strike cell, damage=12, active=16-17"
060,2B,310,0344,93,offensive_attack,16,17,True,False,False,confirmed_static_data,"Mid Strike cell, damage=12, active=16-17"
060,2B,314,0373,98,offensive_attack,24,25,True,False,False,confirmed_static_data,"High Strike cell, damage=24, active=24-25"
060,2B,324,04D5,110,offensive_attack,21,22,True,False,False,confirmed_static_data,"Mid Super_or_Other cell, damage=10, active=21-22"
060,2B,324,04D5,111,offensive_attack,21,22,True,False,False,confirmed_static_data,"Mid Super_or_Other cell, damage=10, active=21-22"
060,2B,327,04D5,118,offensive_attack,21,22,True,False,False,confirmed_static_data,"Mid Super_or_Other cell, damage=10, active=21-22"
060,2B,327,04D5,119,offensive_attack,21,22,True,False,False,confirmed_static_data,"Mid Super_or_Other cell, damage=10, active=21-22"
060,2B,353,0488,158,offensive_attack,14,16,True,False,False,confirmed_static_data,"Mid Strike cell, damage=28, active=14-16"
060,2B,353,0488,159,offensive_attack,14,16,True,False,False,confirmed_static_data,"Mid Strike cell, damage=28, active=14-16"
060,2B,367,049B,174,offensive_attack,32,33,True,False,False,confirmed_static_data,"Mid Strike cell, damage=40, active=32-33"
060,2B,367,049B,175,offensive_attack,31,33,True,False,False,confirmed_static_data,"Mid Strike cell, damage=40, active=31-33"
060,2B,466,03AF,270,offensive_attack,31,33,True,False,False,confirmed_static_data,"Mid Strike cell, damage=50, active=31-33"
060,2B,466,03AF,271,offensive_attack,30,33,True,False,False,confirmed_static_data,"Mid Strike cell, damage=50, active=30-33"
060,2B,530,049E,320,offensive_attack,25,27,True,False,False,confirmed_static_data,"Mid Strike cell, damage=18, active=25-27"
060,2B,530,049E,321,offensive_attack,35,37,True,False,False,confirmed_static_data,"Mid Strike cell, damage=18, active=35-37"
060,2B,542,0386,332,offensive_attack,23,24,True,False,False,confirmed_static_data,"High Grab cell, damage=24, active=23-24"
060,2B,542,0386,333,offensive_attack,23,24,True,False,False,confirmed_static_data,"High Grab cell, damage=24, active=23-24"
060,2B,575,046B,369,offensive_attack,27,32,True,False,False,confirmed_static_data,"Mid Strike cell, damage=18, active=27-32"
060,2B,575,046B,370,offensive_attack,31,34,True,False,False,confirmed_static_data,"Mid Strike cell, damage=18, active=31-34"
060,2B,575,046B,371,offensive_attack,32,34,True,False,False,confirmed_static_data,"Mid Strike cell, damage=18, active=32-34"
060,2B,578,0470,374,offensive_attack,33,38,True,False,False,confirmed_static_data,"Mid Super_or_Other cell, damage=40, active=33-38"
060,2B,632,0476,435,offensive_attack,31,32,True,False,False,confirmed_static_data,"Mid Strike cell, damage=10, active=31-32"
060,2B,503,0389,305,nondamaging,17,18,False,False,True,confirmed_static_data,NonDamaging cell is non-damage metadata/body data until a narrower role is proven
060,2B,311,0361,94,offensive_attack,21,23,True,False,False,confirmed_static_data,"Mid Strike cell, damage=10, active=21-23"
060,2B,320,0346,105,offensive_attack,33,39,True,False,False,confirmed_static_data,"Mid Strike cell, damage=6, active=33-39"
060,2B,321,0346,106,offensive_attack,45,48,True,False,False,confirmed_static_data,"Mid Strike cell, damage=6, active=45-48"
060,2B,321,0346,107,offensive_attack,45,48,True,False,False,confirmed_static_data,"Mid Strike cell, damage=6, active=45-48"
060,2B,322,0347,108,offensive_attack,32,33,True,False,False,confirmed_static_data,"Mid Strike cell, damage=10, active=32-33"
060,2B,333,03C6,133,offensive_attack,18,20,True,False,False,confirmed_static_data,"Mid Strike cell, damage=16, active=18-20"
060,2B,333,03C6,134,offensive_attack,19,21,True,False,False,confirmed_static_data,"Mid Strike cell, damage=20, active=19-21"
060,2B,365,0316,172,offensive_attack,22,23,True,False,False,confirmed_static_data,"Mid Strike cell, damage=4, active=22-23"
060,2B,366,0316,173,offensive_attack,31,32,True,False,False,confirmed_static_data,"Mid Strike cell, damage=6, active=31-32"
060,2B,536,0385,328,offensive_attack,21,22,True,False,False,confirmed_static_data,"Mid Strike cell, damage=6, active=21-22"
060,2B,537,0385,329,offensive_attack,28,29,True,False,False,confirmed_static_data,"Mid Strike cell, damage=6, active=28-29"
060,2B,538,0385,330,offensive_attack,40,41,True,False,False,confirmed_static_data,"Mid Strike cell, damage=6, active=40-41"
060,2B,538,0385,331,offensive_attack,40,41,True,False,False,confirmed_static_data,"Mid Strike cell, damage=6, active=40-41"
060,2B,414,0379,227,offensive_attack,15,19,True,False,False,confirmed_static_data,"High Strike cell, damage=4, active=15-19"
060,2B,414,0379,227,offensive_attack,15,19,True,False,False,confirmed_static_data,"High Strike cell, damage=4, active=15-19"
060,2B,529,0480,318,offensive_attack,25,41,True,False,False,confirmed_static_data,"Mid Strike cell, damage=36, active=25-41"
060,2B,529,0480,319,offensive_attack,25,41,True,False,False,confirmed_static_data,"Mid Strike cell, damage=36, active=25-41"
060,2B,260,0315,26,offensive_attack,33,35,True,False,False,confirmed_static_data,"High Strike cell, damage=4, active=33-35"
060,2B,528,0382,317,offensive_attack,27,28,True,False,False,confirmed_static_data,"Mid Strike cell, damage=16, active=27-28"
060,2B,535,0385,327,offensive_attack,15,16,True,False,False,confirmed_static_data,"Mid Strike cell, damage=6, active=15-16"
060,2B,544,044E,335,offensive_attack,23,24,True,False,False,confirmed_static_data,"Mid Strike cell, damage=8, active=23-24"
060,2B,554,03B3,347,offensive_attack,30,42,True,False,False,confirmed_static_data,"Mid Strike cell, damage=20, active=30-42"
060,2B,595,0485,393,offensive_attack,23,25,True,False,False,confirmed_static_data,"Mid Strike cell, damage=16, active=23-25"
060,2B,595,0485,393,offensive_attack,23,25,True,False,False,confirmed_static_data,"Mid Strike cell, damage=16, active=23-25"
060,2B,595,0485,393,offensive_attack,23,25,True,False,False,confirmed_static_data,"Mid Strike cell, damage=16, active=23-25"
060,2B,603,0494,407,offensive_attack,23,27,True,False,False,confirmed_static_data,"High Grab cell, damage=10, active=23-27"
060,2B,603,0494,408,offensive_attack,23,27,True,False,False,confirmed_static_data,"High Grab cell, damage=10, active=23-27"
060,2B,603,0494,407,offensive_attack,23,27,True,False,False,confirmed_static_data,"High Grab cell, damage=10, active=23-27"
060,2B,603,0494,408,offensive_attack,23,27,True,False,False,confirmed_static_data,"High Grab cell, damage=10, active=23-27"
060,2B,544,044E,335,offensive_attack,23,24,True,False,False,confirmed_static_data,"Mid Strike cell, damage=8, active=23-24"
060,2B,544,044E,335,offensive_attack,23,24,True,False,False,confirmed_static_data,"Mid Strike cell, damage=8, active=23-24"
060,2B,554,03B3,347,offensive_attack,30,42,True,False,False,confirmed_static_data,"Mid Strike cell, damage=20, active=30-42"
060,2B,554,03B3,347,offensive_attack,30,42,True,False,False,confirmed_static_data,"Mid Strike cell, damage=20, active=30-42"
060,2B,319,0346,104,offensive_attack,22,24,True,False,False,confirmed_static_data,"Mid Strike cell, damage=6, active=22-24"
060,2B,354,0495,160,offensive_attack,15,18,True,False,False,confirmed_static_data,"Mid Grab cell, damage=20, active=15-18"
060,2B,368,049C,176,offensive_attack,18,20,True,False,False,confirmed_static_data,"High Grab cell, damage=6, active=18-20"
060,2B,370,04C9,178,offensive_attack,33,34,True,False,False,confirmed_static_data,"High Grab cell, damage=24, active=33-34"
060,2B,440,0341,246,offensive_attack,14,16,True,False,False,confirmed_static_data,"High Grab cell, damage=16, active=14-16"
060,2B,481,03B8,283,offensive_attack,19,21,True,False,False,confirmed_static_data,"High Grab cell, damage=15, active=19-21"
060,2B,577,0470,373,offensive_attack,33,38,True,False,False,confirmed_static_data,"Mid Super_or_Other cell, damage=40, active=33-38"
060,2B,507,0389,309,nondamaging,17,18,False,False,True,confirmed_static_data,NonDamaging cell is non-damage metadata/body data until a narrower role is proven
060,2B,287,0475,61,offensive_attack,13,15,True,False,False,confirmed_static_data,"Mid Strike cell, damage=16, active=13-15"
060,2B,287,0475,62,offensive_attack,13,15,True,False,False,confirmed_static_data,"Mid Super_or_Other cell, damage=16, active=13-15"
060,2B,326,04D5,116,offensive_attack,32,33,True,False,False,confirmed_static_data,"Mid Strike cell, damage=16, active=32-33"
060,2B,326,04D5,117,offensive_attack,32,33,True,False,False,confirmed_static_data,"Mid Strike cell, damage=16, active=32-33"
060,2B,326,04D5,116,offensive_attack,32,33,True,False,False,confirmed_static_data,"Mid Strike cell, damage=16, active=32-33"
060,2B,326,04D5,117,offensive_attack,32,33,True,False,False,confirmed_static_data,"Mid Strike cell, damage=16, active=32-33"
060,2B,383,043D,192,offensive_attack,27,28,True,False,False,confirmed_static_data,"Mid Strike cell, damage=16, active=27-28"
060,2B,383,043D,193,offensive_attack,27,28,True,False,False,confirmed_static_data,"Mid Strike cell, damage=16, active=27-28"
060,2B,383,043D,192,offensive_attack,27,28,True,False,False,confirmed_static_data,"Mid Strike cell, damage=16, active=27-28"
060,2B,383,043D,193,offensive_attack,27,28,True,False,False,confirmed_static_data,"Mid Strike cell, damage=16, active=27-28"
060,2B,442,0341,248,offensive_attack,45,46,True,False,False,confirmed_static_data,"Mid Strike cell, damage=24, active=45-46"
060,2B,473,03B6,275,offensive_attack,41,42,True,False,False,confirmed_static_data,"High Strike cell, damage=4, active=41-42"
060,2B,474,03B6,276,offensive_attack,47,48,True,False,False,confirmed_static_data,"High Strike cell, damage=4, active=47-48"
060,2B,475,03B6,277,offensive_attack,53,54,True,False,False,confirmed_static_data,"High Strike cell, damage=4, active=53-54"
060,2B,476,03B7,278,offensive_attack,25,26,True,False,False,confirmed_static_data,"Mid Strike cell, damage=24, active=25-26"
060,2B,477,03B7,279,offensive_attack,36,37,True,False,False,confirmed_static_data,"Mid Strike cell, damage=40, active=36-37"
060,2B,588,0349,386,offensive_attack,15,16,True,False,False,confirmed_static_data,"High Grab cell, damage=8, active=15-16"
060,2B,589,0349,387,offensive_attack,15,16,True,False,False,confirmed_static_data,"High Grab cell, damage=8, active=15-16"
061,Haohmaru,519,0025,353,offensive_attack,17,19,True,False,False,confirmed_static_data,"High Strike cell, damage=22, active=17-19"
061,Haohmaru,463,0026,330,nondamaging,17,18,False,False,True,confirmed_static_data,NonDamaging cell is non-damage metadata/body data until a narrower role is proven
061,Haohmaru,465,0026,332,nondamaging,17,18,False,False,True,confirmed_static_data,NonDamaging cell is non-damage metadata/body data until a narrower role is proven
061,Haohmaru,469,0625,336,nondamaging,19,20,False,False,True,confirmed_static_data,NonDamaging cell is non-damage metadata/body data until a narrower role is proven
061,Haohmaru,266,0010,29,offensive_attack,33,35,True,False,False,confirmed_static_data,"Mid Strike cell, damage=24, active=33-35"
061,Haohmaru,266,0010,30,offensive_attack,33,35,True,False,False,confirmed_static_data,"Mid Strike cell, damage=24, active=33-35"
061,Haohmaru,358,0611,179,offensive_attack,21,23,True,False,False,confirmed_static_data,"Mid Strike cell, damage=22, active=21-23"
061,Haohmaru,358,0611,180,offensive_attack,21,23,True,False,False,confirmed_static_data,"Mid Strike cell, damage=22, active=21-23"
061,Haohmaru,483,0025,341,offensive_attack,17,19,True,False,False,confirmed_static_data,"High Strike cell, damage=22, active=17-19"
061,Haohmaru,556,0114,395,offensive_attack,13,14,True,False,False,confirmed_static_data,"Mid Strike cell, damage=1, active=13-14"
061,Haohmaru,486,00F8,343,offensive_attack,22,24,True,False,False,confirmed_static_data,"Mid Strike cell, damage=24, active=22-24"
061,Haohmaru,516,0629,350,offensive_attack,15,16,True,False,False,confirmed_static_data,"Mid Super_or_Other cell, damage=8, active=15-16"
061,Haohmaru,518,05FF,352,offensive_attack,23,25,True,False,False,confirmed_static_data,"Mid Strike cell, damage=36, active=23-25"
061,Haohmaru,562,0017,401,offensive_attack,27,28,True,False,False,confirmed_static_data,"Mid Strike cell, damage=10, active=27-28"
061,Haohmaru,562,0017,402,offensive_attack,27,28,True,False,False,confirmed_static_data,"Mid Strike cell, damage=22, active=27-28"
061,Haohmaru,562,0017,403,offensive_attack,27,28,True,False,False,confirmed_static_data,"Mid Strike cell, damage=20, active=27-28"
061,Haohmaru,562,0017,404,offensive_attack,27,28,True,False,False,confirmed_static_data,"Mid Strike cell, damage=16, active=27-28"
061,Haohmaru,268,001E,31,offensive_attack,30,31,True,False,False,confirmed_static_data,"Mid Strike cell, damage=40, active=30-31"
061,Haohmaru,268,001E,32,offensive_attack,30,32,True,False,False,confirmed_static_data,"Mid Strike cell, damage=30, active=30-32"
061,Haohmaru,268,001E,33,offensive_attack,29,31,True,False,False,confirmed_static_data,"Mid Strike cell, damage=30, active=29-31"
061,Haohmaru,359,0612,181,offensive_attack,23,24,True,False,False,confirmed_static_data,"Mid Strike cell, damage=24, active=23-24"
061,Haohmaru,366,0640,192,offensive_attack,17,18,True,False,False,confirmed_static_data,"Mid Strike cell, damage=44, active=17-18"
061,Haohmaru,366,0640,193,offensive_attack,17,19,True,False,False,confirmed_static_data,"Mid Strike cell, damage=44, active=17-19"
061,Haohmaru,558,00EE,397,offensive_attack,21,22,True,False,False,confirmed_static_data,"Mid Strike cell, damage=2, active=21-22"
061,Haohmaru,559,001E,398,offensive_attack,21,22,True,False,False,confirmed_static_data,"Mid Strike cell, damage=2, active=21-22"
061,Haohmaru,560,0015,399,offensive_attack,17,18,True,False,False,confirmed_static_data,"Mid Strike cell, damage=2, active=17-18"
061,Haohmaru,561,0620,400,offensive_attack,19,20,True,False,False,confirmed_static_data,"Mid Grab cell, damage=2, active=19-20"
061,Haohmaru,496,0602,348,offensive_attack,17,21,True,False,False,confirmed_static_data,"Mid Grab cell, damage=26, active=17-21"
061,Haohmaru,461,0026,328,nondamaging,17,18,False,False,True,confirmed_static_data,NonDamaging cell is non-damage metadata/body data until a narrower role is proven
061,Haohmaru,279,0014,48,offensive_attack,29,30,True,False,False,confirmed_static_data,"Mid Strike cell, damage=32, active=29-30"
061,Haohmaru,279,0014,49,offensive_attack,29,30,True,False,False,confirmed_static_data,"Mid Strike cell, damage=32, active=29-30"
061,Haohmaru,430,0623,288,offensive_attack,25,26,True,False,False,confirmed_static_data,"Mid Strike cell, damage=14, active=25-26"
061,Haohmaru,431,0624,289,offensive_attack,29,30,True,False,False,confirmed_static_data,"Mid Strike cell, damage=50, active=29-30"
061,Haohmaru,554,00E9,393,offensive_attack,17,18,True,False,False,confirmed_static_data,"Mid Strike cell, damage=1, active=17-18"
061,Haohmaru,554,00E9,393,offensive_attack,17,18,True,False,False,confirmed_static_data,"Mid Strike cell, damage=1, active=17-18"
061,Haohmaru,555,0114,394,offensive_attack,13,14,True,False,False,confirmed_static_data,"Mid Strike cell, damage=1, active=13-14"
061,Haohmaru,555,0114,394,offensive_attack,13,14,True,False,False,confirmed_static_data,"Mid Strike cell, damage=1, active=13-14"
061,Haohmaru,557,00E9,396,offensive_attack,17,18,True,False,False,confirmed_static_data,"Mid Strike cell, damage=1, active=17-18"
061,Haohmaru,311,060E,117,sentinel,13,14,False,False,True,confirmed_static_data,Sentinel cell is non-damage metadata/body data until a narrower role is proven
061,Haohmaru,312,060E,118,sentinel,13,14,False,False,True,confirmed_static_data,Sentinel cell is non-damage metadata/body data until a narrower role is proven
061,Haohmaru,533,00E4,373,sentinel,19,20,False,False,True,confirmed_static_data,Sentinel cell is non-damage metadata/body data until a narrower role is proven
061,Haohmaru,311,060E,117,sentinel,13,14,False,False,True,confirmed_static_data,Sentinel cell is non-damage metadata/body data until a narrower role is proven
061,Haohmaru,311,060E,117,sentinel,13,14,False,False,True,confirmed_static_data,Sentinel cell is non-damage metadata/body data until a narrower role is proven
061,Haohmaru,312,060E,118,sentinel,13,14,False,False,True,confirmed_static_data,Sentinel cell is non-damage metadata/body data until a narrower role is proven
061,Haohmaru,480,0023,338,offensive_attack,13,15,True,False,False,confirmed_static_data,"High Strike cell, damage=12, active=13-15"
061,Haohmaru,482,0024,340,offensive_attack,17,18,True,False,False,confirmed_static_data,"Mid Strike cell, damage=22, active=17-18"
061,Haohmaru,485,00F7,342,offensive_attack,17,18,True,False,False,confirmed_static_data,"Mid Grab cell, damage=16, active=17-18"
061,Haohmaru,308,00E6,115,offensive_attack,13,15,True,False,False,confirmed_static_data,"Mid Strike cell, damage=22, active=13-15"
061,Haohmaru,308,00E6,116,offensive_attack,13,15,True,False,False,confirmed_static_data,"Mid Strike cell, damage=22, active=13-15"
061,Haohmaru,517,0629,351,offensive_attack,15,16,True,False,False,confirmed_static_data,"Mid Super_or_Other cell, damage=8, active=15-16"
061,Haohmaru,308,00E6,115,offensive_attack,13,15,True,False,False,confirmed_static_data,"Mid Strike cell, damage=22, active=13-15"
061,Haohmaru,308,00E6,116,offensive_attack,13,15,True,False,False,confirmed_static_data,"Mid Strike cell, damage=22, active=13-15"
061,Haohmaru,340,0638,154,offensive_attack,43,44,True,False,False,confirmed_static_data,"Mid Strike cell, damage=40, active=43-44"
061,Haohmaru,340,0638,155,offensive_attack,43,45,True,False,False,confirmed_static_data,"Mid Strike cell, damage=40, active=43-45"
061,Haohmaru,341,0638,156,offensive_attack,43,44,True,False,False,confirmed_static_data,"Mid Strike cell, damage=40, active=43-44"
061,Haohmaru,341,0638,157,offensive_attack,43,45,True,False,False,confirmed_static_data,"Mid Strike cell, damage=40, active=43-45"
061,Haohmaru,342,0638,158,offensive_attack,43,44,True,False,False,confirmed_static_data,"Mid Strike cell, damage=40, active=43-44"
061,Haohmaru,342,0638,159,offensive_attack,43,45,True,False,False,confirmed_static_data,"Mid Strike cell, damage=40, active=43-45"
061,Haohmaru,381,0011,215,offensive_attack,35,64,True,False,False,confirmed_static_data,"Mid Strike cell, damage=26, active=35-64"
061,Haohmaru,381,0011,216,offensive_attack,35,64,True,False,False,confirmed_static_data,"Mid Strike cell, damage=26, active=35-64"
061,Haohmaru,381,0011,217,offensive_attack,35,64,True,False,False,confirmed_static_data,"Mid Strike cell, damage=26, active=35-64"
061,Haohmaru,386,0629,225,offensive_attack,15,16,True,False,False,confirmed_static_data,"Mid Super_or_Other cell, damage=8, active=15-16"
061,Haohmaru,393,0637,232,offensive_attack,17,19,True,False,False,confirmed_static_data,"High Strike cell, damage=26, active=17-19"
061,Haohmaru,393,0637,233,offensive_attack,17,19,True,False,False,confirmed_static_data,"High Strike cell, damage=26, active=17-19"
061,Haohmaru,399,0018,244,offensive_attack,17,19,True,False,False,confirmed_static_data,"Mid Strike cell, damage=12, active=17-19"
061,Haohmaru,409,0018,257,offensive_attack,17,19,True,False,False,confirmed_static_data,"Mid Strike cell, damage=14, active=17-19"
061,Haohmaru,426,0620,279,offensive_attack,19,23,True,False,False,confirmed_static_data,"Mid Super_or_Other cell, damage=32, active=19-23"
061,Haohmaru,426,0620,280,offensive_attack,19,23,True,False,False,confirmed_static_data,"Mid Super_or_Other cell, damage=32, active=19-23"
061,Haohmaru,435,001D,296,offensive_attack,35,36,True,False,False,confirmed_static_data,"Mid Strike cell, damage=50, active=35-36"
061,Haohmaru,435,001D,297,offensive_attack,35,36,True,False,False,confirmed_static_data,"Mid Strike cell, damage=50, active=35-36"
061,Haohmaru,438,011B,302,offensive_attack,17,18,True,False,False,confirmed_static_data,"Mid Strike cell, damage=20, active=17-18"
061,Haohmaru,438,011B,303,offensive_attack,17,18,True,False,False,confirmed_static_data,"Mid Super_or_Other cell, damage=20, active=17-18"
061,Haohmaru,441,0618,308,offensive_attack,27,28,True,False,False,confirmed_static_data,"Mid Strike cell, damage=12, active=27-28"
061,Haohmaru,444,0618,312,offensive_attack,27,28,True,False,False,confirmed_static_data,"Mid Strike cell, damage=14, active=27-28"
061,Haohmaru,516,0629,350,offensive_attack,15,16,True,False,False,confirmed_static_data,"Mid Super_or_Other cell, damage=8, active=15-16"
061,Haohmaru,556,0114,395,offensive_attack,13,14,True,False,False,confirmed_static_data,"Mid Strike cell, damage=1, active=13-14"
061,Haohmaru,558,00EE,397,offensive_attack,21,22,True,False,False,confirmed_static_data,"Mid Strike cell, damage=2, active=21-22"
061,Haohmaru,559,001E,398,offensive_attack,21,22,True,False,False,confirmed_static_data,"Mid Strike cell, damage=2, active=21-22"
061,Haohmaru,560,0015,399,offensive_attack,17,18,True,False,False,confirmed_static_data,"Mid Strike cell, damage=2, active=17-18"
061,Haohmaru,561,0620,400,offensive_attack,19,20,True,False,False,confirmed_static_data,"Mid Grab cell, damage=2, active=19-20"
061,Haohmaru,563,0017,405,offensive_attack,27,28,True,False,False,confirmed_static_data,"Mid Strike cell, damage=10, active=27-28"
061,Haohmaru,492,011E,345,offensive_attack,13,15,True,False,False,confirmed_static_data,"Mid Super_or_Other cell, damage=14, active=13-15"
061,Haohmaru,492,011E,346,offensive_attack,13,15,True,False,False,confirmed_static_data,"Mid Super_or_Other cell, damage=14, active=13-15"
061,Haohmaru,494,062D,347,offensive_attack,9,10,True,False,False,confirmed_static_data,"High Super_or_Other cell, damage=16, active=9-10"
061,Haohmaru,461,0026,328,nondamaging,17,18,False,False,True,confirmed_static_data,NonDamaging cell is non-damage metadata/body data until a narrower role is proven
061,Haohmaru,487,0026,344,nondamaging,17,18,False,False,True,confirmed_static_data,NonDamaging cell is non-damage metadata/body data until a narrower role is proven
061,Haohmaru,487,0026,344,nondamaging,17,18,False,False,True,confirmed_static_data,NonDamaging cell is non-damage metadata/body data until a narrower role is proven
061,Haohmaru,428,0621,283,offensive_attack,21,22,True,False,False,confirmed_static_data,"Mid Super_or_Other cell, damage=36, active=21-22"
061,Haohmaru,428,0621,284,offensive_attack,21,22,True,False,False,confirmed_static_data,"Mid Super_or_Other cell, damage=36, active=21-22"
061,Haohmaru,428,0621,285,offensive_attack,21,22,True,False,False,confirmed_static_data,"Mid Super_or_Other cell, damage=36, active=21-22"
061,Haohmaru,428,0621,286,offensive_attack,21,22,True,False,False,confirmed_static_data,"Mid Super_or_Other cell, damage=36, active=21-22"
061,Haohmaru,428,0621,283,offensive_attack,21,22,True,False,False,confirmed_static_data,"Mid Super_or_Other cell, damage=36, active=21-22"
061,Haohmaru,428,0621,284,offensive_attack,21,22,True,False,False,confirmed_static_data,"Mid Super_or_Other cell, damage=36, active=21-22"
061,Haohmaru,428,0621,285,offensive_attack,21,22,True,False,False,confirmed_static_data,"Mid Super_or_Other cell, damage=36, active=21-22"
061,Haohmaru,428,0621,286,offensive_attack,21,22,True,False,False,confirmed_static_data,"Mid Super_or_Other cell, damage=36, active=21-22"
061,Haohmaru,550,00FB,389,offensive_attack,13,14,True,False,False,confirmed_static_data,"High Strike cell, damage=1, active=13-14"
061,Haohmaru,550,00FB,389,offensive_attack,13,14,True,False,False,confirmed_static_data,"High Strike cell, damage=1, active=13-14"
061,Haohmaru,551,00FB,390,offensive_attack,13,14,True,False,False,confirmed_static_data,"High Strike cell, damage=1, active=13-14"
061,Haohmaru,551,00FB,390,offensive_attack,13,14,True,False,False,confirmed_static_data,"High Strike cell, damage=1, active=13-14"
061,Haohmaru,552,000F,391,offensive_attack,15,17,True,False,False,confirmed_static_data,"High Strike cell, damage=1, active=15-17"
061,Haohmaru,552,000F,391,offensive_attack,15,17,True,False,False,confirmed_static_data,"High Strike cell, damage=1, active=15-17"
061,Haohmaru,553,001A,392,offensive_attack,17,18,True,False,False,confirmed_static_data,"Mid Strike cell, damage=1, active=17-18"
061,Haohmaru,553,001A,392,offensive_attack,17,18,True,False,False,confirmed_static_data,"Mid Strike cell, damage=1, active=17-18"
061,Haohmaru,557,00E9,396,offensive_attack,17,18,True,False,False,confirmed_static_data,"Mid Strike cell, damage=1, active=17-18"
062,Groh,261,0332,29,offensive_attack,33,35,True,False,False,confirmed_static_data,"Mid Strike cell, damage=22, active=33-35"
062,Groh,333,032D,87,offensive_attack,19,21,True,False,False,confirmed_static_data,"High Strike cell, damage=20, active=19-21"
062,Groh,310,0306,75,offensive_attack,23,25,True,False,False,confirmed_static_data,"Mid Strike cell, damage=12, active=23-25"
062,Groh,319,032F,84,offensive_attack,19,21,True,False,False,confirmed_static_data,"Mid Strike cell, damage=16, active=19-21"
062,Groh,373,032A,128,offensive_attack,22,24,True,False,False,confirmed_static_data,"High Strike cell, damage=40, active=22-24"
062,Groh,333,032D,87,offensive_attack,19,21,True,False,False,confirmed_static_data,"High Strike cell, damage=20, active=19-21"
062,Groh,333,032D,87,offensive_attack,19,21,True,False,False,confirmed_static_data,"High Strike cell, damage=20, active=19-21"
062,Groh,321,0319,85,offensive_attack,27,28,True,False,False,confirmed_static_data,"Mid Strike cell, damage=20, active=27-28"
062,Groh,316,0322,81,offensive_attack,17,19,True,False,False,confirmed_static_data,"Mid Strike cell, damage=10, active=17-19"
062,Groh,319,032F,84,offensive_attack,19,21,True,False,False,confirmed_static_data,"Mid Strike cell, damage=16, active=19-21"
062,Groh,336,0355,89,offensive_attack,23,25,True,False,False,confirmed_static_data,"Mid Strike cell, damage=20, active=23-25"
062,Groh,336,0355,90,offensive_attack,23,25,True,False,False,confirmed_static_data,"Mid Strike cell, damage=20, active=23-25"
062,Groh,275,02F1,44,offensive_attack,19,21,True,False,False,confirmed_static_data,"Mid Strike cell, damage=12, active=19-21"
062,Groh,319,032F,84,offensive_attack,19,21,True,False,False,confirmed_static_data,"Mid Strike cell, damage=16, active=19-21"
062,Groh,377,0314,132,offensive_attack,21,24,True,False,False,confirmed_static_data,"Mid Strike cell, damage=24, active=21-24"
062,Groh,396,02E6,153,nondamaging,17,18,False,False,True,confirmed_static_data,NonDamaging cell is non-damage metadata/body data until a narrower role is proven
062,Groh,336,0355,89,offensive_attack,23,25,True,False,False,confirmed_static_data,"Mid Strike cell, damage=20, active=23-25"
062,Groh,336,0355,90,offensive_attack,23,25,True,False,False,confirmed_static_data,"Mid Strike cell, damage=20, active=23-25"
062,Groh,321,0319,85,offensive_attack,27,28,True,False,False,confirmed_static_data,"Mid Strike cell, damage=20, active=27-28"
062,Groh,336,0355,89,offensive_attack,23,25,True,False,False,confirmed_static_data,"Mid Strike cell, damage=20, active=23-25"
062,Groh,336,0355,90,offensive_attack,23,25,True,False,False,confirmed_static_data,"Mid Strike cell, damage=20, active=23-25"
062,Groh,318,0328,83,offensive_attack,15,16,True,False,False,confirmed_static_data,"Mid Grab cell, damage=14, active=15-16"
062,Groh,340,0354,95,offensive_attack,17,21,True,False,False,confirmed_static_data,"Mid Grab cell, damage=35, active=17-21"
062,Groh,321,0319,85,offensive_attack,27,28,True,False,False,confirmed_static_data,"Mid Strike cell, damage=20, active=27-28"
062,Groh,340,0354,95,offensive_attack,17,21,True,False,False,confirmed_static_data,"Mid Grab cell, damage=35, active=17-21"
062,Groh,340,0354,95,offensive_attack,17,21,True,False,False,confirmed_static_data,"Mid Grab cell, damage=35, active=17-21"
062,Groh,306,0306,71,offensive_attack,23,25,True,False,False,confirmed_static_data,"Mid Strike cell, damage=10, active=23-25"
062,Groh,314,0321,79,offensive_attack,11,13,True,False,False,confirmed_static_data,"Mid Strike cell, damage=10, active=11-13"
064,Azwel,259,0338,26,offensive_attack,15,17,True,False,False,confirmed_static_data,"High Strike cell, damage=12, active=15-17"
064,Azwel,294,058E,66,offensive_attack,27,58,True,False,False,confirmed_static_data,"High Strike cell, damage=22, active=27-58"
064,Azwel,294,058E,67,offensive_attack,27,58,True,False,False,confirmed_static_data,"High Strike cell, damage=22, active=27-58"
064,Azwel,479,059E,260,offensive_attack,21,22,True,False,False,confirmed_static_data,"High Strike cell, damage=20, active=21-22"
064,Azwel,259,0338,26,offensive_attack,15,17,True,False,False,confirmed_static_data,"High Strike cell, damage=12, active=15-17"
064,Azwel,260,0358,27,offensive_attack,29,31,True,False,False,confirmed_static_data,"Mid Strike cell, damage=10, active=29-31"
064,Azwel,294,058E,66,offensive_attack,27,58,True,False,False,confirmed_static_data,"High Strike cell, damage=22, active=27-58"
064,Azwel,294,058E,67,offensive_attack,27,58,True,False,False,confirmed_static_data,"High Strike cell, damage=22, active=27-58"
064,Azwel,477,0533,257,offensive_attack,11,13,True,False,False,confirmed_static_data,"High Strike cell, damage=10, active=11-13"
064,Azwel,493,059F,266,offensive_attack,21,23,True,False,False,confirmed_static_data,"High Strike cell, damage=40, active=21-23"
064,Azwel,494,04EC,267,offensive_attack,27,29,True,False,False,confirmed_static_data,"Mid Strike cell, damage=38, active=27-29"
064,Azwel,505,0428,270,offensive_attack,23,25,True,False,False,confirmed_static_data,"High Strike cell, damage=18, active=23-25"
064,Azwel,483,053B,264,offensive_attack,19,25,True,False,False,confirmed_static_data,"Mid Strike cell, damage=26, active=19-25"
064,Azwel,507,0330,272,offensive_attack,25,27,True,False,False,confirmed_static_data,"Mid Strike cell, damage=24, active=25-27"
064,Azwel,272,04A4,39,offensive_attack,21,23,True,False,False,confirmed_static_data,"Mid Strike cell, damage=22, active=21-23"
064,Azwel,295,0368,68,offensive_attack,14,17,True,False,False,confirmed_static_data,"Mid Strike cell, damage=12, active=14-17"
064,Azwel,295,0368,69,offensive_attack,13,17,True,False,False,confirmed_static_data,"Mid Strike cell, damage=12, active=13-17"
064,Azwel,297,0359,72,offensive_attack,31,32,True,False,False,confirmed_static_data,"Mid Strike cell, damage=14, active=31-32"
064,Azwel,317,03D9,102,offensive_attack,15,16,True,False,False,confirmed_static_data,"Mid Strike cell, damage=14, active=15-16"
064,Azwel,321,0566,105,offensive_attack,21,23,True,False,False,confirmed_static_data,"High Strike cell, damage=24, active=21-23"
064,Azwel,381,0597,168,offensive_attack,27,28,True,False,False,confirmed_static_data,"Mid Strike cell, damage=26, active=27-28"
064,Azwel,389,0382,175,offensive_attack,19,20,True,False,False,confirmed_static_data,"Mid Strike cell, damage=20, active=19-20"
064,Azwel,413,034D,202,offensive_attack,35,57,True,False,False,confirmed_static_data,"Mid Strike cell, damage=30, active=35-57"
064,Azwel,413,034D,203,offensive_attack,35,57,True,False,False,confirmed_static_data,"Mid Strike cell, damage=40, active=35-57"
064,Azwel,480,034D,261,offensive_attack,23,45,True,False,False,confirmed_static_data,"Mid Strike cell, damage=30, active=23-45"
064,Azwel,508,0430,273,offensive_attack,25,45,True,False,False,confirmed_static_data,"Mid Strike cell, damage=30, active=25-45"
064,Azwel,508,0430,274,offensive_attack,25,30,True,False,False,confirmed_static_data,"Mid Strike cell, damage=30, active=25-30"
064,Azwel,432,034E,224,nondamaging,17,18,False,False,True,confirmed_static_data,NonDamaging cell is non-damage metadata/body data until a narrower role is proven
064,Azwel,272,04A4,39,offensive_attack,21,23,True,False,False,confirmed_static_data,"Mid Strike cell, damage=22, active=21-23"
064,Azwel,296,0368,70,offensive_attack,14,17,True,False,False,confirmed_static_data,"Mid Strike cell, damage=12, active=14-17"
064,Azwel,296,0368,71,offensive_attack,13,17,True,False,False,confirmed_static_data,"Mid Strike cell, damage=12, active=13-17"
064,Azwel,297,0359,72,offensive_attack,31,32,True,False,False,confirmed_static_data,"Mid Strike cell, damage=14, active=31-32"
064,Azwel,314,0340,96,offensive_attack,26,28,True,False,False,confirmed_static_data,"Mid Strike cell, damage=48, active=26-28"
064,Azwel,314,0340,97,offensive_attack,27,28,True,False,False,confirmed_static_data,"Mid Strike cell, damage=48, active=27-28"
064,Azwel,317,03D9,102,offensive_attack,15,16,True,False,False,confirmed_static_data,"Mid Strike cell, damage=14, active=15-16"
064,Azwel,321,0566,105,offensive_attack,21,23,True,False,False,confirmed_static_data,"High Strike cell, damage=24, active=21-23"
064,Azwel,381,0597,168,offensive_attack,27,28,True,False,False,confirmed_static_data,"Mid Strike cell, damage=26, active=27-28"
064,Azwel,389,0382,175,offensive_attack,19,20,True,False,False,confirmed_static_data,"Mid Strike cell, damage=20, active=19-20"
064,Azwel,415,034D,206,offensive_attack,27,49,True,False,False,confirmed_static_data,"Mid Strike cell, damage=30, active=27-49"
064,Azwel,415,034D,207,offensive_attack,27,49,True,False,False,confirmed_static_data,"Mid Strike cell, damage=40, active=27-49"
064,Azwel,481,0535,262,offensive_attack,9,10,True,False,False,confirmed_static_data,"Mid Strike cell, damage=8, active=9-10"
064,Azwel,506,0561,271,offensive_attack,21,22,True,False,False,confirmed_static_data,"Mid Strike cell, damage=24, active=21-22"
064,Azwel,344,0003,123,nondamaging,25,26,False,False,True,confirmed_static_data,NonDamaging cell is non-damage metadata/body data until a narrower role is proven
064,Azwel,326,0352,109,offensive_attack,33,36,True,False,False,confirmed_static_data,"Mid Strike cell, damage=32, active=33-36"
064,Azwel,326,0352,109,offensive_attack,33,36,True,False,False,confirmed_static_data,"Mid Strike cell, damage=32, active=33-36"
064,Azwel,327,0352,110,offensive_attack,41,45,True,False,False,confirmed_static_data,"Mid Strike cell, damage=40, active=41-45"
064,Azwel,327,0352,110,offensive_attack,41,45,True,False,False,confirmed_static_data,"Mid Strike cell, damage=40, active=41-45"
064,Azwel,328,0352,111,offensive_attack,41,43,True,False,False,confirmed_static_data,"Mid Strike cell, damage=24, active=41-43"
064,Azwel,328,0352,111,offensive_attack,41,43,True,False,False,confirmed_static_data,"Mid Strike cell, damage=24, active=41-43"
064,Azwel,329,0352,112,offensive_attack,41,45,True,False,False,confirmed_static_data,"Mid Strike cell, damage=32, active=41-45"
064,Azwel,329,0352,112,offensive_attack,41,45,True,False,False,confirmed_static_data,"Mid Strike cell, damage=32, active=41-45"
064,Azwel,334,0359,113,offensive_attack,31,32,True,False,False,confirmed_static_data,"Mid Strike cell, damage=14, active=31-32"
064,Azwel,345,0587,124,offensive_attack,17,18,True,False,False,confirmed_static_data,"Mid Super_or_Other cell, damage=20, active=17-18"
064,Azwel,346,03BE,125,offensive_attack,37,38,True,False,False,confirmed_static_data,"Mid Super_or_Other cell, damage=30, active=37-38"
064,Azwel,416,0358,208,offensive_attack,29,31,True,False,False,confirmed_static_data,"Mid Strike cell, damage=10, active=29-31"
064,Azwel,417,0358,209,offensive_attack,29,31,True,False,False,confirmed_static_data,"Mid Strike cell, damage=10, active=29-31"
064,Azwel,418,0358,210,offensive_attack,29,31,True,False,False,confirmed_static_data,"Mid Strike cell, damage=10, active=29-31"
064,Azwel,430,0358,222,offensive_attack,29,31,True,False,False,confirmed_static_data,"Mid Strike cell, damage=10, active=29-31"
064,Azwel,430,0358,222,offensive_attack,29,31,True,False,False,confirmed_static_data,"Mid Strike cell, damage=10, active=29-31"
064,Azwel,430,0358,222,offensive_attack,29,31,True,False,False,confirmed_static_data,"Mid Strike cell, damage=10, active=29-31"
064,Azwel,463,0390,256,offensive_attack,19,20,True,False,False,confirmed_static_data,"Mid Super_or_Other cell, damage=22, active=19-20"
064,Azwel,514,0357,278,offensive_attack,17,33,True,False,False,confirmed_static_data,"Mid Strike cell, damage=18, active=17-33"
064,Azwel,514,0357,279,offensive_attack,17,33,True,False,False,confirmed_static_data,"Mid Strike cell, damage=18, active=17-33"
064,Azwel,514,0357,278,offensive_attack,17,33,True,False,False,confirmed_static_data,"Mid Strike cell, damage=18, active=17-33"
064,Azwel,514,0357,279,offensive_attack,17,33,True,False,False,confirmed_static_data,"Mid Strike cell, damage=18, active=17-33"
064,Azwel,514,0357,278,offensive_attack,17,33,True,False,False,confirmed_static_data,"Mid Strike cell, damage=18, active=17-33"
064,Azwel,514,0357,279,offensive_attack,17,33,True,False,False,confirmed_static_data,"Mid Strike cell, damage=18, active=17-33"
064,Azwel,514,0357,278,offensive_attack,17,33,True,False,False,confirmed_static_data,"Mid Strike cell, damage=18, active=17-33"
064,Azwel,514,0357,279,offensive_attack,17,33,True,False,False,confirmed_static_data,"Mid Strike cell, damage=18, active=17-33"
064,Azwel,514,0357,278,offensive_attack,17,33,True,False,False,confirmed_static_data,"Mid Strike cell, damage=18, active=17-33"
064,Azwel,514,0357,279,offensive_attack,17,33,True,False,False,confirmed_static_data,"Mid Strike cell, damage=18, active=17-33"
064,Azwel,514,0357,278,offensive_attack,17,33,True,False,False,confirmed_static_data,"Mid Strike cell, damage=18, active=17-33"
064,Azwel,514,0357,279,offensive_attack,17,33,True,False,False,confirmed_static_data,"Mid Strike cell, damage=18, active=17-33"
064,Azwel,516,0357,281,offensive_attack,19,35,True,False,False,confirmed_static_data,"Mid Strike cell, damage=18, active=19-35"
064,Azwel,516,0357,282,offensive_attack,19,35,True,False,False,confirmed_static_data,"Mid Strike cell, damage=18, active=19-35"
064,Azwel,516,0357,281,offensive_attack,19,35,True,False,False,confirmed_static_data,"Mid Strike cell, damage=18, active=19-35"
064,Azwel,516,0357,282,offensive_attack,19,35,True,False,False,confirmed_static_data,"Mid Strike cell, damage=18, active=19-35"
064,Azwel,516,0357,281,offensive_attack,19,35,True,False,False,confirmed_static_data,"Mid Strike cell, damage=18, active=19-35"
064,Azwel,516,0357,282,offensive_attack,19,35,True,False,False,confirmed_static_data,"Mid Strike cell, damage=18, active=19-35"
064,Azwel,516,0357,281,offensive_attack,19,35,True,False,False,confirmed_static_data,"Mid Strike cell, damage=18, active=19-35"
064,Azwel,516,0357,282,offensive_attack,19,35,True,False,False,confirmed_static_data,"Mid Strike cell, damage=18, active=19-35"
064,Azwel,517,033B,283,offensive_attack,19,21,True,False,False,confirmed_static_data,"Mid Strike cell, damage=20, active=19-21"
064,Azwel,517,033B,284,offensive_attack,19,21,True,False,False,confirmed_static_data,"Mid Strike cell, damage=20, active=19-21"
064,Azwel,517,033B,283,offensive_attack,19,21,True,False,False,confirmed_static_data,"Mid Strike cell, damage=20, active=19-21"
064,Azwel,517,033B,284,offensive_attack,19,21,True,False,False,confirmed_static_data,"Mid Strike cell, damage=20, active=19-21"
064,Azwel,517,033B,283,offensive_attack,19,21,True,False,False,confirmed_static_data,"Mid Strike cell, damage=20, active=19-21"
064,Azwel,517,033B,284,offensive_attack,19,21,True,False,False,confirmed_static_data,"Mid Strike cell, damage=20, active=19-21"
064,Azwel,517,033B,283,offensive_attack,19,21,True,False,False,confirmed_static_data,"Mid Strike cell, damage=20, active=19-21"
064,Azwel,517,033B,284,offensive_attack,19,21,True,False,False,confirmed_static_data,"Mid Strike cell, damage=20, active=19-21"
064,Azwel,517,033B,283,offensive_attack,19,21,True,False,False,confirmed_static_data,"Mid Strike cell, damage=20, active=19-21"
064,Azwel,517,033B,284,offensive_attack,19,21,True,False,False,confirmed_static_data,"Mid Strike cell, damage=20, active=19-21"
064,Azwel,519,033B,285,offensive_attack,21,23,True,False,False,confirmed_static_data,"Mid Strike cell, damage=20, active=21-23"
064,Azwel,519,033B,286,offensive_attack,21,23,True,False,False,confirmed_static_data,"Mid Strike cell, damage=20, active=21-23"
064,Azwel,519,033B,285,offensive_attack,21,23,True,False,False,confirmed_static_data,"Mid Strike cell, damage=20, active=21-23"
064,Azwel,519,033B,286,offensive_attack,21,23,True,False,False,confirmed_static_data,"Mid Strike cell, damage=20, active=21-23"
064,Azwel,519,033B,285,offensive_attack,21,23,True,False,False,confirmed_static_data,"Mid Strike cell, damage=20, active=21-23"
064,Azwel,519,033B,286,offensive_attack,21,23,True,False,False,confirmed_static_data,"Mid Strike cell, damage=20, active=21-23"
064,Azwel,520,0351,287,offensive_attack,23,25,True,False,False,confirmed_static_data,"Mid Strike cell, damage=24, active=23-25"
064,Azwel,520,0351,287,offensive_attack,23,25,True,False,False,confirmed_static_data,"Mid Strike cell, damage=24, active=23-25"
064,Azwel,520,0351,287,offensive_attack,23,25,True,False,False,confirmed_static_data,"Mid Strike cell, damage=24, active=23-25"
064,Azwel,520,0351,287,offensive_attack,23,25,True,False,False,confirmed_static_data,"Mid Strike cell, damage=24, active=23-25"
064,Azwel,520,0351,287,offensive_attack,23,25,True,False,False,confirmed_static_data,"Mid Strike cell, damage=24, active=23-25"
064,Azwel,523,0351,290,offensive_attack,25,27,True,False,False,confirmed_static_data,"Mid Strike cell, damage=24, active=25-27"
064,Azwel,523,0351,290,offensive_attack,25,27,True,False,False,confirmed_static_data,"Mid Strike cell, damage=24, active=25-27"
064,Azwel,523,0351,290,offensive_attack,25,27,True,False,False,confirmed_static_data,"Mid Strike cell, damage=24, active=25-27"
064,Azwel,280,0365,47,offensive_attack,27,29,True,False,False,confirmed_static_data,"Mid Strike cell, damage=8, active=27-29"
064,Azwel,432,034E,224,nondamaging,17,18,False,False,True,confirmed_static_data,NonDamaging cell is non-damage metadata/body data until a narrower role is proven
064,Azwel,433,034E,225,nondamaging,17,18,False,False,True,confirmed_static_data,NonDamaging cell is non-damage metadata/body data until a narrower role is proven
064,Azwel,434,0361,226,nondamaging,19,20,False,False,True,confirmed_static_data,NonDamaging cell is non-damage metadata/body data until a narrower role is proven
064,Azwel,280,0365,47,offensive_attack,27,29,True,False,False,confirmed_static_data,"Mid Strike cell, damage=8, active=27-29"
064,Azwel,280,0365,47,offensive_attack,27,29,True,False,False,confirmed_static_data,"Mid Strike cell, damage=8, active=27-29"
064,Azwel,280,0365,47,offensive_attack,27,29,True,False,False,confirmed_static_data,"Mid Strike cell, damage=8, active=27-29"
065,Geralt,308,0420,90,offensive_attack,21,23,True,False,False,confirmed_static_data,"Mid Strike cell, damage=30, active=21-23"
065,Geralt,308,0420,90,offensive_attack,21,23,True,False,False,confirmed_static_data,"Mid Strike cell, damage=30, active=21-23"
065,Geralt,308,0420,90,offensive_attack,21,23,True,False,False,confirmed_static_data,"Mid Strike cell, damage=30, active=21-23"
065,Geralt,355,0426,141,offensive_attack,23,25,True,False,False,confirmed_static_data,"High Strike cell, damage=16, active=23-25"
065,Geralt,355,0426,142,offensive_attack,23,25,True,False,False,confirmed_static_data,"High Strike cell, damage=16, active=23-25"
065,Geralt,308,0420,90,offensive_attack,21,23,True,False,False,confirmed_static_data,"Mid Strike cell, damage=30, active=21-23"
065,Geralt,269,04A7,39,offensive_attack,45,47,True,False,False,confirmed_static_data,"Mid Strike cell, damage=10, active=45-47"
065,Geralt,278,04B0,53,offensive_attack,20,21,True,False,False,confirmed_static_data,"Mid Strike cell, damage=14, active=20-21"
065,Geralt,278,04B0,54,offensive_attack,20,21,True,False,False,confirmed_static_data,"Mid Strike cell, damage=20, active=20-21"
065,Geralt,279,04B1,55,offensive_attack,26,28,True,False,False,confirmed_static_data,"Mid Strike cell, damage=20, active=26-28"
065,Geralt,279,04B1,56,offensive_attack,26,28,True,False,False,confirmed_static_data,"Mid Strike cell, damage=30, active=26-28"
065,Geralt,308,0420,90,offensive_attack,21,23,True,False,False,confirmed_static_data,"Mid Strike cell, damage=30, active=21-23"
065,Geralt,419,0430,208,offensive_attack,28,31,True,False,False,confirmed_static_data,"High Strike cell, damage=12, active=28-31"
065,Geralt,294,033B,78,offensive_attack,21,23,True,False,False,confirmed_static_data,"Mid Strike cell, damage=30, active=21-23"
065,Geralt,294,033B,79,offensive_attack,21,23,True,False,False,confirmed_static_data,"Mid Strike cell, damage=40, active=21-23"
065,Geralt,309,049D,91,offensive_attack,29,30,True,False,False,confirmed_static_data,"Mid Strike cell, damage=44, active=29-30"
065,Geralt,309,049D,92,offensive_attack,29,30,True,False,False,confirmed_static_data,"Mid Strike cell, damage=54, active=29-30"
065,Geralt,309,049D,91,offensive_attack,29,30,True,False,False,confirmed_static_data,"Mid Strike cell, damage=44, active=29-30"
065,Geralt,309,049D,92,offensive_attack,29,30,True,False,False,confirmed_static_data,"Mid Strike cell, damage=54, active=29-30"
065,Geralt,309,049D,91,offensive_attack,29,30,True,False,False,confirmed_static_data,"Mid Strike cell, damage=44, active=29-30"
065,Geralt,309,049D,92,offensive_attack,29,30,True,False,False,confirmed_static_data,"Mid Strike cell, damage=54, active=29-30"
065,Geralt,309,049D,91,offensive_attack,29,30,True,False,False,confirmed_static_data,"Mid Strike cell, damage=44, active=29-30"
065,Geralt,309,049D,92,offensive_attack,29,30,True,False,False,confirmed_static_data,"Mid Strike cell, damage=54, active=29-30"
065,Geralt,371,0462,163,offensive_attack,23,24,True,False,False,confirmed_static_data,"Mid Strike cell, damage=18, active=23-24"
065,Geralt,371,0462,164,offensive_attack,23,24,True,False,False,confirmed_static_data,"Mid Strike cell, damage=28, active=23-24"
065,Geralt,371,0462,165,offensive_attack,23,24,True,False,False,confirmed_static_data,"Mid Strike cell, damage=18, active=23-24"
065,Geralt,371,0462,166,offensive_attack,23,24,True,False,False,confirmed_static_data,"Mid Strike cell, damage=28, active=23-24"
065,Geralt,381,0435,175,nondamaging,17,18,False,False,True,confirmed_static_data,NonDamaging cell is non-damage metadata/body data until a narrower role is proven
065,Geralt,309,049D,91,offensive_attack,29,30,True,False,False,confirmed_static_data,"Mid Strike cell, damage=44, active=29-30"
065,Geralt,309,049D,92,offensive_attack,29,30,True,False,False,confirmed_static_data,"Mid Strike cell, damage=54, active=29-30"
065,Geralt,298,0452,82,offensive_attack,17,18,True,False,False,confirmed_static_data,"Mid Grab cell, damage=36, active=17-18"
065,Geralt,356,049F,143,offensive_attack,26,28,True,False,False,confirmed_static_data,"Mid Grab cell, damage=20, active=26-28"
065,Geralt,357,049F,144,offensive_attack,26,28,True,False,False,confirmed_static_data,"Mid Grab cell, damage=24, active=26-28"
066,Unknown (cid 066),258,0185,24,offensive_attack,13,15,True,False,False,confirmed_static_data,"High Strike cell, damage=10, active=13-15"
066,Unknown (cid 066),266,0177,31,offensive_attack,37,40,True,False,False,confirmed_static_data,"Mid Strike cell, damage=15, active=37-40"
066,Unknown (cid 066),268,07FD,33,offensive_attack,37,41,True,False,False,confirmed_static_data,"Mid Strike cell, damage=30, active=37-41"
066,Unknown (cid 066),268,07FD,34,nondamaging,43,44,False,False,True,confirmed_static_data,NonDamaging cell is non-damage metadata/body data until a narrower role is proven
066,Unknown (cid 066),270,07F0,37,offensive_attack,17,18,True,False,False,confirmed_static_data,"Mid Strike cell, damage=14, active=17-18"
066,Unknown (cid 066),270,07F0,38,offensive_attack,15,17,True,False,False,confirmed_static_data,"Mid Strike cell, damage=14, active=15-17"
066,Unknown (cid 066),336,03FA,106,nondamaging,17,18,False,False,True,confirmed_static_data,NonDamaging cell is non-damage metadata/body data until a narrower role is proven
066,Unknown (cid 066),361,0227,124,offensive_attack,17,19,True,False,False,confirmed_static_data,"Mid Strike cell, damage=20, active=17-19"
066,Unknown (cid 066),364,07EE,127,offensive_attack,15,16,True,False,False,confirmed_static_data,"Mid Super_or_Other cell, damage=28, active=15-16"
066,Unknown (cid 066),367,0227,128,offensive_attack,17,19,True,False,False,confirmed_static_data,"Mid Strike cell, damage=20, active=17-19"
066,Unknown (cid 066),370,07EE,131,offensive_attack,15,16,True,False,False,confirmed_static_data,"Mid Super_or_Other cell, damage=28, active=15-16"
066,Unknown (cid 066),361,0227,124,offensive_attack,17,19,True,False,False,confirmed_static_data,"Mid Strike cell, damage=20, active=17-19"
066,Unknown (cid 066),363,0769,126,offensive_attack,17,19,True,False,False,confirmed_static_data,"Mid Super_or_Other cell, damage=21, active=17-19"
066,Unknown (cid 066),364,07EE,127,offensive_attack,15,16,True,False,False,confirmed_static_data,"Mid Super_or_Other cell, damage=28, active=15-16"
066,Unknown (cid 066),264,076C,29,offensive_attack,23,25,True,False,False,confirmed_static_data,"Mid Grab cell, damage=18, active=23-25"
066,Unknown (cid 066),267,076C,32,offensive_attack,24,26,True,False,False,confirmed_static_data,"Mid Grab cell, damage=18, active=24-26"
066,Unknown (cid 066),271,0206,39,offensive_attack,19,20,True,False,False,confirmed_static_data,"High Grab cell, damage=16, active=19-20"
066,Unknown (cid 066),276,07EE,44,offensive_attack,15,16,True,False,False,confirmed_static_data,"Mid Super_or_Other cell, damage=26, active=15-16"
066,Unknown (cid 066),276,07EE,44,offensive_attack,15,16,True,False,False,confirmed_static_data,"Mid Super_or_Other cell, damage=26, active=15-16"
066,Unknown (cid 066),276,07EE,44,offensive_attack,15,16,True,False,False,confirmed_static_data,"Mid Super_or_Other cell, damage=26, active=15-16"
066,Unknown (cid 066),363,0769,126,offensive_attack,17,19,True,False,False,confirmed_static_data,"Mid Super_or_Other cell, damage=21, active=17-19"
066,Unknown (cid 066),369,0769,130,offensive_attack,17,19,True,False,False,confirmed_static_data,"Mid Super_or_Other cell, damage=21, active=17-19"
